BUKRS,BELNR,GJAHR,BLART,BLDAT,BUDAT,WAERS,XBLNR
1000,1900000000,2024,RE,2025-12-21,2025-12-21,USD,4500091410
1000,1900000001,2025,RE,2025-03-15,2025-03-16,AED,4500090219
2000,1900000002,2024,RE,2024-03-07,2024-03-10,AED,4500091503
2000,1900000003,2024,RE,2025-03-05,2025-03-10,USD,4500090485
1000,1900000004,2024,RE,2025-11-25,2025-11-26,USD,4500091452
1000,1900000005,2024,RE,2024-03-05,2024-03-09,EUR,4500091056
2000,1900000006,2025,RE,2025-11-21,2025-11-24,USD,4500091934
3000,1900000007,2025,RE,2024-03-13,2024-03-14,EUR,4500091954
3000,1900000008,2025,RE,2025-05-24,2025-05-25,EUR,4500090500
1000,1900000009,2025,RE,2024-04-17,2024-04-17,AED,4500090488
2000,1900000010,2025,RE,2024-12-08,2024-12-12,AED,4500090110
3000,1900000011,2025,RE,2025-06-29,2025-06-29,AED,4500090481
2000,1900000012,2025,RE,2025-01-16,2025-01-21,USD,4500090609
1000,1900000013,2024,RE,2024-06-05,2024-06-07,AED,4500090264
1000,1900000014,2024,RE,2024-05-17,2024-05-21,AED,4500090178
1000,1900000015,2025,RE,2025-10-18,2025-10-23,EUR,4500090963
3000,1900000016,2025,RE,2024-01-12,2024-01-13,USD,4500091765
3000,1900000017,2024,RE,2025-05-22,2025-05-24,AED,4500091319
2000,1900000018,2024,RE,2025-02-25,2025-02-27,AED,4500090265
2000,1900000019,2025,RE,2024-01-02,2024-01-02,EUR,4500090602
2000,1900000020,2024,RE,2025-01-10,2025-01-12,EUR,4500090249
2000,1900000021,2025,RE,2024-05-30,2024-06-04,USD,4500090096
1000,1900000022,2025,RE,2025-12-10,2025-12-13,AED,4500091546
1000,1900000023,2025,RE,2025-12-28,2026-01-01,EUR,4500091627
3000,1900000024,2025,RE,2025-04-09,2025-04-12,USD,4500091855
1000,1900000025,2025,RE,2025-04-20,2025-04-25,AED,4500090445
2000,1900000026,2025,RE,2025-09-21,2025-09-24,AED,4500091988
2000,1900000027,2024,RE,2024-02-09,2024-02-11,USD,4500091037
1000,1900000028,2025,RE,2025-06-06,2025-06-06,EUR,4500091514
2000,1900000029,2025,RE,2025-12-03,2025-12-03,USD,4500090232
3000,1900000030,2025,RE,2024-09-10,2024-09-15,AED,4500091490
3000,1900000031,2024,RE,2024-12-05,2024-12-09,USD,4500091648
2000,1900000032,2024,RE,2024-05-23,2024-05-23,EUR,4500091355
2000,1900000033,2024,RE,2024-08-29,2024-09-02,USD,4500091230
2000,1900000034,2024,RE,2025-02-24,2025-02-25,USD,4500090515
2000,1900000035,2025,RE,2025-04-24,2025-04-29,EUR,4500090287
2000,1900000036,2024,RE,2024-02-26,2024-03-02,AED,4500091344
2000,1900000037,2024,RE,2024-11-23,2024-11-25,EUR,4500091547
2000,1900000038,2025,RE,2025-06-12,2025-06-17,USD,4500091554
1000,1900000039,2025,RE,2025-08-24,2025-08-25,USD,4500091791
1000,1900000040,2025,RE,2024-02-09,2024-02-12,AED,4500091561
1000,1900000041,2025,RE,2025-09-25,2025-09-27,AED,4500090044
1000,1900000042,2024,RE,2025-12-05,2025-12-08,AED,4500090604
3000,1900000043,2025,RE,2024-01-24,2024-01-29,AED,4500090194
2000,1900000044,2025,RE,2024-09-20,2024-09-22,AED,4500090167
2000,1900000045,2025,RE,2025-05-24,2025-05-24,USD,4500091686
3000,1900000046,2024,RE,2024-01-17,2024-01-17,USD,4500090168
3000,1900000047,2024,RE,2025-04-19,2025-04-19,USD,4500090496
2000,1900000048,2024,RE,2024-11-11,2024-11-14,USD,4500090949
2000,1900000049,2025,RE,2025-11-26,2025-11-26,USD,4500091230
3000,1900000050,2025,RE,2025-06-09,2025-06-09,USD,4500091634
1000,1900000051,2024,RE,2025-08-10,2025-08-11,AED,4500090534
1000,1900000052,2024,RE,2025-11-27,2025-11-28,AED,4500090248
2000,1900000053,2024,RE,2024-09-27,2024-09-29,AED,4500090278
1000,1900000054,2024,RE,2025-04-19,2025-04-21,USD,4500091612
1000,1900000055,2024,RE,2024-09-04,2024-09-07,AED,4500090044
1000,1900000056,2024,RE,2025-11-30,2025-12-03,AED,4500091819
1000,1900000057,2024,RE,2024-04-03,2024-04-08,EUR,4500090778
2000,1900000058,2024,RE,2024-04-21,2024-04-26,USD,4500091682
2000,1900000059,2024,RE,2025-05-15,2025-05-15,AED,4500090056
3000,1900000060,2024,RE,2024-05-11,2024-05-12,EUR,4500091605
1000,1900000061,2025,RE,2025-03-24,2025-03-29,AED,4500091324
3000,1900000062,2024,RE,2024-09-28,2024-10-03,AED,4500091671
3000,1900000063,2024,RE,2025-12-02,2025-12-04,EUR,4500091704
3000,1900000064,2024,RE,2025-12-19,2025-12-19,AED,4500091504
3000,1900000065,2024,RE,2024-11-20,2024-11-24,USD,4500090429
1000,1900000066,2025,RE,2024-10-03,2024-10-07,USD,4500090122
2000,1900000067,2025,RE,2024-05-16,2024-05-17,EUR,4500090374
1000,1900000068,2024,RE,2024-07-30,2024-08-04,USD,4500091046
3000,1900000069,2024,RE,2024-01-29,2024-02-01,EUR,4500091060
2000,1900000070,2025,RE,2025-10-07,2025-10-10,USD,4500091199
1000,1900000071,2024,RE,2025-12-21,2025-12-26,EUR,4500090733
2000,1900000072,2025,RE,2025-08-02,2025-08-05,AED,4500091594
2000,1900000073,2024,RE,2024-02-24,2024-02-24,AED,4500090874
3000,1900000074,2024,RE,2025-03-20,2025-03-21,USD,4500090799
2000,1900000075,2024,RE,2025-04-18,2025-04-22,AED,4500091643
1000,1900000076,2025,RE,2024-01-22,2024-01-26,EUR,4500091337
2000,1900000077,2024,RE,2025-01-04,2025-01-06,AED,4500090049
2000,1900000078,2024,RE,2025-03-20,2025-03-20,EUR,4500090089
2000,1900000079,2025,RE,2024-09-15,2024-09-18,AED,4500091725
2000,1900000080,2025,RE,2024-04-16,2024-04-21,EUR,4500090738
2000,1900000081,2024,RE,2024-05-14,2024-05-16,USD,4500091584
1000,1900000082,2025,RE,2025-06-04,2025-06-08,AED,4500091380
2000,1900000083,2025,RE,2025-01-01,2025-01-02,EUR,4500090941
3000,1900000084,2025,RE,2025-08-28,2025-08-30,AED,4500091610
3000,1900000085,2025,RE,2024-12-28,2025-01-02,EUR,4500091238
2000,1900000086,2024,RE,2024-07-16,2024-07-21,USD,4500090354
3000,1900000087,2025,RE,2025-06-25,2025-06-26,EUR,4500090899
1000,1900000088,2024,RE,2024-08-06,2024-08-10,AED,4500091847
2000,1900000089,2024,RE,2025-02-22,2025-02-24,AED,4500090793
2000,1900000090,2025,RE,2025-02-02,2025-02-04,AED,4500090569
2000,1900000091,2024,RE,2025-05-31,2025-05-31,EUR,4500091131
1000,1900000092,2024,RE,2024-05-14,2024-05-18,EUR,4500091920
3000,1900000093,2025,RE,2025-11-26,2025-12-01,USD,4500091587
1000,1900000094,2025,RE,2025-03-06,2025-03-09,AED,4500091597
1000,1900000095,2024,RE,2025-12-16,2025-12-18,AED,4500091279
1000,1900000096,2025,RE,2025-03-27,2025-03-31,EUR,4500091497
3000,1900000097,2025,RE,2024-05-02,2024-05-02,USD,4500091689
1000,1900000098,2024,RE,2024-09-20,2024-09-21,AED,4500091549
3000,1900000099,2025,RE,2024-12-17,2024-12-18,AED,4500091989
2000,1900000100,2024,RE,2024-01-27,2024-01-29,EUR,4500090975
1000,1900000101,2024,RE,2024-02-01,2024-02-06,AED,4500091138
3000,1900000102,2024,RE,2024-08-26,2024-08-29,USD,4500091275
1000,1900000103,2025,RE,2024-07-16,2024-07-18,AED,4500090266
2000,1900000104,2025,RE,2024-06-12,2024-06-17,USD,4500091830
3000,1900000105,2024,RE,2025-07-11,2025-07-16,USD,4500091076
1000,1900000106,2024,RE,2025-11-01,2025-11-06,USD,4500090353
1000,1900000107,2025,RE,2024-10-12,2024-10-14,EUR,4500091196
3000,1900000108,2024,RE,2024-08-28,2024-08-29,AED,4500091581
1000,1900000109,2024,RE,2024-12-25,2024-12-25,AED,4500091477
2000,1900000110,2024,RE,2025-07-18,2025-07-22,AED,4500090342
3000,1900000111,2024,RE,2024-12-10,2024-12-10,USD,4500091922
3000,1900000112,2024,RE,2024-01-25,2024-01-25,EUR,4500091939
3000,1900000113,2024,RE,2025-12-18,2025-12-21,EUR,4500091330
1000,1900000114,2024,RE,2024-04-09,2024-04-11,EUR,4500091203
3000,1900000115,2025,RE,2025-02-04,2025-02-07,EUR,4500090360
3000,1900000116,2025,RE,2024-12-13,2024-12-13,AED,4500090364
2000,1900000117,2024,RE,2024-08-19,2024-08-24,AED,4500090080
2000,1900000118,2025,RE,2024-09-22,2024-09-25,AED,4500091396
1000,1900000119,2024,RE,2024-10-29,2024-11-02,AED,4500091356
2000,1900000120,2025,RE,2025-01-21,2025-01-24,USD,4500090871
3000,1900000121,2025,RE,2025-11-19,2025-11-24,USD,4500091831
1000,1900000122,2024,RE,2025-09-27,2025-09-27,USD,4500090644
2000,1900000123,2025,RE,2025-03-23,2025-03-26,EUR,4500091322
2000,1900000124,2024,RE,2024-08-29,2024-09-03,USD,4500091032
2000,1900000125,2024,RE,2024-03-15,2024-03-16,USD,4500090930
2000,1900000126,2025,RE,2024-12-30,2025-01-04,USD,4500090883
2000,1900000127,2025,RE,2025-03-25,2025-03-29,EUR,4500090505
2000,1900000128,2025,RE,2024-07-24,2024-07-27,USD,4500090988
1000,1900000129,2025,RE,2024-07-01,2024-07-04,USD,4500090806
1000,1900000130,2025,RE,2024-08-13,2024-08-18,AED,4500091707
2000,1900000131,2024,RE,2025-05-23,2025-05-23,AED,4500091974
1000,1900000132,2024,RE,2024-09-12,2024-09-12,AED,4500090148
3000,1900000133,2025,RE,2025-08-24,2025-08-24,EUR,4500091766
1000,1900000134,2024,RE,2025-02-01,2025-02-04,USD,4500090371
3000,1900000135,2024,RE,2025-07-04,2025-07-05,AED,4500091877
2000,1900000136,2025,RE,2024-10-02,2024-10-02,USD,4500090414
1000,1900000137,2024,RE,2025-08-25,2025-08-29,AED,4500091339
2000,1900000138,2025,RE,2025-03-27,2025-03-27,USD,4500091773
3000,1900000139,2024,RE,2025-01-21,2025-01-21,EUR,4500090050
3000,1900000140,2025,RE,2024-10-11,2024-10-16,AED,4500090064
2000,1900000141,2025,RE,2024-07-20,2024-07-23,AED,4500091826
1000,1900000142,2025,RE,2025-12-20,2025-12-23,AED,4500090488
1000,1900000143,2024,RE,2024-11-04,2024-11-04,EUR,4500091449
3000,1900000144,2025,RE,2025-03-15,2025-03-15,EUR,4500091706
2000,1900000145,2024,RE,2024-03-09,2024-03-11,USD,4500091483
1000,1900000146,2024,RE,2025-09-10,2025-09-14,EUR,4500090513
2000,1900000147,2024,RE,2025-08-08,2025-08-09,USD,4500091451
1000,1900000148,2024,RE,2025-08-22,2025-08-26,AED,4500091461
2000,1900000149,2025,RE,2024-01-25,2024-01-25,EUR,4500090643
2000,1900000150,2025,RE,2024-10-23,2024-10-28,EUR,4500091355
2000,1900000151,2025,RE,2025-05-09,2025-05-09,USD,4500090928
2000,1900000152,2025,RE,2025-10-27,2025-11-01,AED,4500091503
2000,1900000153,2025,RE,2024-08-24,2024-08-28,USD,4500090855
1000,1900000154,2024,RE,2025-02-14,2025-02-17,AED,4500090758
3000,1900000155,2024,RE,2025-04-30,2025-05-05,EUR,4500091909
3000,1900000156,2024,RE,2025-07-29,2025-07-31,USD,4500091992
3000,1900000157,2024,RE,2024-12-03,2024-12-05,AED,4500091200
2000,1900000158,2024,RE,2025-09-30,2025-10-04,EUR,4500090127
1000,1900000159,2024,RE,2024-11-02,2024-11-07,EUR,4500090294
3000,1900000160,2025,RE,2025-07-21,2025-07-23,USD,4500090157
2000,1900000161,2025,RE,2024-08-25,2024-08-30,EUR,4500090957
2000,1900000162,2024,RE,2025-05-05,2025-05-06,EUR,4500090126
1000,1900000163,2024,RE,2024-06-15,2024-06-15,EUR,4500091196
2000,1900000164,2025,RE,2025-08-03,2025-08-04,USD,4500091114
3000,1900000165,2025,RE,2025-06-04,2025-06-06,AED,4500090222
3000,1900000166,2024,RE,2025-06-19,2025-06-22,USD,4500091089
3000,1900000167,2024,RE,2025-02-06,2025-02-06,AED,4500090728
3000,1900000168,2024,RE,2024-09-16,2024-09-18,USD,4500091246
2000,1900000169,2025,RE,2025-08-08,2025-08-12,EUR,4500090149
1000,1900000170,2024,RE,2025-02-10,2025-02-13,EUR,4500090672
2000,1900000171,2025,RE,2025-12-30,2026-01-03,AED,4500091654
2000,1900000172,2024,RE,2025-06-30,2025-07-01,AED,4500090139
2000,1900000173,2025,RE,2025-08-20,2025-08-20,USD,4500091228
1000,1900000174,2025,RE,2025-09-09,2025-09-11,USD,4500090540
2000,1900000175,2025,RE,2025-12-01,2025-12-05,USD,4500090805
1000,1900000176,2025,RE,2025-04-13,2025-04-14,USD,4500090993
1000,1900000177,2025,RE,2024-05-14,2024-05-19,USD,4500091664
1000,1900000178,2025,RE,2025-11-26,2025-11-30,USD,4500091242
1000,1900000179,2025,RE,2025-11-07,2025-11-10,EUR,4500090384
3000,1900000180,2024,RE,2024-02-12,2024-02-17,EUR,4500091304
1000,1900000181,2024,RE,2024-10-04,2024-10-07,EUR,4500091692
3000,1900000182,2024,RE,2025-02-21,2025-02-22,AED,4500090800
3000,1900000183,2024,RE,2025-06-18,2025-06-19,AED,4500091388
3000,1900000184,2024,RE,2025-07-05,2025-07-05,AED,4500090661
1000,1900000185,2024,RE,2024-11-16,2024-11-20,AED,4500091317
2000,1900000186,2024,RE,2024-05-24,2024-05-26,USD,4500091830
2000,1900000187,2024,RE,2025-01-12,2025-01-12,USD,4500090100
1000,1900000188,2024,RE,2024-02-25,2024-02-29,USD,4500091928
1000,1900000189,2024,RE,2024-01-05,2024-01-07,USD,4500090286
1000,1900000190,2025,RE,2025-04-24,2025-04-27,EUR,4500091858
1000,1900000191,2025,RE,2024-05-12,2024-05-15,AED,4500091438
2000,1900000192,2024,RE,2025-03-27,2025-03-30,AED,4500090726
3000,1900000193,2025,RE,2024-12-11,2024-12-13,USD,4500090974
1000,1900000194,2024,RE,2025-02-02,2025-02-05,EUR,4500091920
1000,1900000195,2024,RE,2025-08-13,2025-08-18,USD,4500091188
1000,1900000196,2024,RE,2024-05-22,2024-05-22,EUR,4500091449
3000,1900000197,2024,RE,2024-08-15,2024-08-20,USD,4500091811
1000,1900000198,2025,RE,2025-07-06,2025-07-10,EUR,4500090967
2000,1900000199,2024,RE,2025-04-02,2025-04-05,AED,4500091826
2000,1900000200,2025,RE,2024-02-14,2024-02-15,AED,4500091234
3000,1900000201,2025,RE,2024-12-20,2024-12-24,EUR,4500090303
2000,1900000202,2025,RE,2024-03-30,2024-04-01,AED,4500090946
3000,1900000203,2025,RE,2024-07-10,2024-07-11,EUR,4500090863
2000,1900000204,2024,RE,2024-01-04,2024-01-09,AED,4500091224
2000,1900000205,2025,RE,2025-02-05,2025-02-07,AED,4500090514
2000,1900000206,2025,RE,2025-03-04,2025-03-08,USD,4500091533
3000,1900000207,2024,RE,2025-10-06,2025-10-07,USD,4500091293
3000,1900000208,2025,RE,2024-11-22,2024-11-23,EUR,4500091470
1000,1900000209,2025,RE,2025-04-01,2025-04-05,USD,4500091848
3000,1900000210,2025,RE,2025-01-16,2025-01-17,AED,4500090385
3000,1900000211,2024,RE,2025-03-09,2025-03-10,EUR,4500091842
3000,1900000212,2025,RE,2025-10-22,2025-10-25,AED,4500091496
1000,1900000213,2025,RE,2024-05-03,2024-05-06,USD,4500090757
2000,1900000214,2024,RE,2025-03-07,2025-03-12,AED,4500090494
3000,1900000215,2024,RE,2025-10-26,2025-10-31,EUR,4500091679
2000,1900000216,2024,RE,2025-02-24,2025-03-01,USD,4500090684
1000,1900000217,2024,RE,2024-03-10,2024-03-14,USD,4500091013
2000,1900000218,2025,RE,2025-01-02,2025-01-07,EUR,4500091165
3000,1900000219,2024,RE,2024-02-12,2024-02-17,USD,4500091616
2000,1900000220,2025,RE,2024-06-06,2024-06-07,USD,4500090916
2000,1900000221,2025,RE,2024-03-31,2024-03-31,USD,4500090524
3000,1900000222,2024,RE,2024-09-28,2024-09-30,EUR,4500090667
2000,1900000223,2025,RE,2024-08-23,2024-08-26,USD,4500090928
1000,1900000224,2024,RE,2025-03-15,2025-03-17,EUR,4500090583
3000,1900000225,2025,RE,2024-08-13,2024-08-16,USD,4500090094
1000,1900000226,2025,RE,2024-07-24,2024-07-26,USD,4500090033
3000,1900000227,2024,RE,2025-09-13,2025-09-18,EUR,4500091241
1000,1900000228,2024,RE,2024-05-16,2024-05-20,EUR,4500091162
3000,1900000229,2025,RE,2025-07-12,2025-07-15,AED,4500090405
1000,1900000230,2024,RE,2025-04-13,2025-04-18,EUR,4500091539
2000,1900000231,2024,RE,2024-11-06,2024-11-09,USD,4500091035
2000,1900000232,2024,RE,2025-12-01,2025-12-01,USD,4500090454
3000,1900000233,2024,RE,2024-06-11,2024-06-16,EUR,4500091060
3000,1900000234,2024,RE,2024-07-04,2024-07-06,EUR,4500090669
2000,1900000235,2024,RE,2024-05-29,2024-05-30,AED,4500090772
3000,1900000236,2025,RE,2025-05-14,2025-05-15,AED,4500091504
3000,1900000237,2025,RE,2025-09-12,2025-09-17,AED,4500091887
1000,1900000238,2024,RE,2025-11-19,2025-11-24,AED,4500090362
3000,1900000239,2024,RE,2024-12-27,2024-12-27,AED,4500090814
1000,1900000240,2025,RE,2025-01-22,2025-01-26,AED,4500090178
1000,1900000241,2025,RE,2025-04-27,2025-05-01,EUR,4500091424
2000,1900000242,2025,RE,2024-09-17,2024-09-17,EUR,4500091237
1000,1900000243,2025,RE,2025-09-28,2025-10-03,AED,4500091065
1000,1900000244,2024,RE,2025-07-28,2025-08-01,USD,4500090559
2000,1900000245,2025,RE,2024-05-04,2024-05-07,USD,4500090507
2000,1900000246,2025,RE,2024-05-18,2024-05-23,USD,4500090861
2000,1900000247,2025,RE,2024-09-10,2024-09-15,AED,4500091233
2000,1900000248,2025,RE,2024-06-10,2024-06-11,EUR,4500091589
2000,1900000249,2024,RE,2025-01-10,2025-01-11,EUR,4500090440
3000,1900000250,2024,RE,2024-03-15,2024-03-16,AED,4500090745
3000,1900000251,2025,RE,2025-08-30,2025-09-03,EUR,4500090596
2000,1900000252,2024,RE,2025-07-16,2025-07-20,EUR,4500090375
2000,1900000253,2025,RE,2025-09-10,2025-09-10,EUR,4500090374
3000,1900000254,2025,RE,2025-02-12,2025-02-16,USD,4500090995
3000,1900000255,2024,RE,2025-08-18,2025-08-23,USD,4500091413
1000,1900000256,2024,RE,2024-08-05,2024-08-06,EUR,4500091779
3000,1900000257,2025,RE,2025-06-06,2025-06-09,EUR,4500090447
2000,1900000258,2024,RE,2025-03-21,2025-03-25,USD,4500091472
2000,1900000259,2024,RE,2025-05-09,2025-05-10,EUR,4500090926
3000,1900000260,2024,RE,2024-02-17,2024-02-21,USD,4500091728
1000,1900000261,2025,RE,2024-10-16,2024-10-21,USD,4500091910
3000,1900000262,2024,RE,2025-11-13,2025-11-18,EUR,4500090343
3000,1900000263,2025,RE,2025-07-13,2025-07-14,USD,4500090543
1000,1900000264,2024,RE,2024-06-13,2024-06-15,AED,4500091456
2000,1900000265,2024,RE,2025-03-23,2025-03-26,EUR,4500090451
3000,1900000266,2025,RE,2024-08-08,2024-08-09,EUR,4500091954
3000,1900000267,2025,RE,2025-02-14,2025-02-17,USD,4500091534
1000,1900000268,2024,RE,2025-07-03,2025-07-06,USD,4500091890
2000,1900000269,2024,RE,2024-07-12,2024-07-16,AED,4500090655
2000,1900000270,2024,RE,2024-01-17,2024-01-18,USD,4500090885
3000,1900000271,2025,RE,2024-12-12,2024-12-13,AED,4500090989
2000,1900000272,2025,RE,2024-03-20,2024-03-24,EUR,4500090739
2000,1900000273,2024,RE,2024-11-23,2024-11-23,AED,4500090056
3000,1900000274,2024,RE,2025-05-16,2025-05-19,EUR,4500090596
3000,1900000275,2024,RE,2025-05-18,2025-05-18,EUR,4500090893
1000,1900000276,2024,RE,2024-10-06,2024-10-11,EUR,4500091332
1000,1900000277,2024,RE,2024-01-08,2024-01-08,USD,4500090475
2000,1900000278,2025,RE,2025-03-29,2025-03-30,USD,4500090930
3000,1900000279,2024,RE,2025-12-07,2025-12-11,EUR,4500091156
1000,1900000280,2024,RE,2024-06-10,2024-06-10,USD,4500090221
3000,1900000281,2024,RE,2025-01-27,2025-01-31,USD,4500091833
2000,1900000282,2024,RE,2024-02-12,2024-02-15,USD,4500090060
3000,1900000283,2025,RE,2024-10-06,2024-10-09,AED,4500091306
3000,1900000284,2024,RE,2025-07-07,2025-07-09,EUR,4500091368
1000,1900000285,2024,RE,2024-07-18,2024-07-23,AED,4500091138
1000,1900000286,2024,RE,2025-11-07,2025-11-11,AED,4500091698
2000,1900000287,2025,RE,2025-06-17,2025-06-17,USD,4500091110
1000,1900000288,2025,RE,2025-12-16,2025-12-19,USD,4500091681
3000,1900000289,2025,RE,2025-08-21,2025-08-23,USD,4500090852
2000,1900000290,2024,RE,2024-06-05,2024-06-05,EUR,4500090991
3000,1900000291,2025,RE,2025-04-22,2025-04-22,USD,4500091908
3000,1900000292,2024,RE,2025-12-21,2025-12-23,EUR,4500091136
1000,1900000293,2024,RE,2025-04-16,2025-04-21,AED,4500091789
3000,1900000294,2025,RE,2025-10-13,2025-10-17,EUR,4500091264
3000,1900000295,2025,RE,2025-04-30,2025-05-01,EUR,4500091073
3000,1900000296,2024,RE,2025-09-14,2025-09-15,EUR,4500091960
3000,1900000297,2025,RE,2024-09-18,2024-09-18,USD,4500090334
2000,1900000298,2024,RE,2025-09-12,2025-09-16,EUR,4500091363
1000,1900000299,2025,RE,2024-09-11,2024-09-15,EUR,4500090277
2000,1900000300,2025,RE,2024-05-14,2024-05-19,AED,4500091630
3000,1900000301,2025,RE,2025-02-18,2025-02-19,USD,4500090852
2000,1900000302,2025,RE,2024-08-19,2024-08-20,USD,4500090682
1000,1900000303,2025,RE,2025-02-24,2025-02-27,EUR,4500090115
3000,1900000304,2024,RE,2024-05-16,2024-05-16,AED,4500090238
1000,1900000305,2025,RE,2025-03-01,2025-03-02,AED,4500090362
1000,1900000306,2024,RE,2025-01-08,2025-01-11,AED,4500091816
3000,1900000307,2025,RE,2024-04-30,2024-05-05,AED,4500090743
1000,1900000308,2025,RE,2024-05-30,2024-05-30,EUR,4500090554
3000,1900000309,2025,RE,2024-12-06,2024-12-09,USD,4500090600
3000,1900000310,2025,RE,2024-11-02,2024-11-03,USD,4500091293
2000,1900000311,2024,RE,2025-01-10,2025-01-10,USD,4500091035
1000,1900000312,2025,RE,2025-10-19,2025-10-23,USD,4500090559
2000,1900000313,2024,RE,2025-09-02,2025-09-06,EUR,4500090590
2000,1900000314,2024,RE,2024-08-07,2024-08-12,EUR,4500091491
3000,1900000315,2025,RE,2024-05-01,2024-05-03,AED,4500091566
1000,1900000316,2025,RE,2024-09-24,2024-09-26,AED,4500090647
1000,1900000317,2025,RE,2024-06-30,2024-07-05,USD,4500090983
1000,1900000318,2025,RE,2024-06-24,2024-06-26,USD,4500091664
2000,1900000319,2025,RE,2024-04-03,2024-04-04,AED,4500090052
1000,1900000320,2025,RE,2025-01-28,2025-01-29,AED,4500091095
3000,1900000321,2024,RE,2025-03-11,2025-03-14,USD,4500091294
1000,1900000322,2025,RE,2025-09-01,2025-09-06,EUR,4500090773
3000,1900000323,2025,RE,2024-03-06,2024-03-10,EUR,4500091804
2000,1900000324,2024,RE,2024-03-20,2024-03-22,EUR,4500090692
3000,1900000325,2024,RE,2024-06-17,2024-06-19,AED,4500090209
1000,1900000326,2024,RE,2024-09-17,2024-09-17,AED,4500090850
2000,1900000327,2025,RE,2025-07-08,2025-07-11,USD,4500091901
2000,1900000328,2024,RE,2024-06-25,2024-06-25,EUR,4500091308
1000,1900000329,2024,RE,2024-02-07,2024-02-10,AED,4500090604
3000,1900000330,2024,RE,2024-02-03,2024-02-03,USD,4500091792
3000,1900000331,2024,RE,2024-09-20,2024-09-23,USD,4500091716
2000,1900000332,2025,RE,2025-06-30,2025-07-03,EUR,4500090505
3000,1900000333,2025,RE,2024-11-25,2024-11-30,AED,4500091062
3000,1900000334,2024,RE,2025-04-26,2025-05-01,AED,4500091997
3000,1900000335,2025,RE,2024-01-30,2024-02-01,USD,4500090349
3000,1900000336,2025,RE,2025-02-03,2025-02-06,AED,4500091737
1000,1900000337,2025,RE,2025-09-11,2025-09-13,USD,4500090755
3000,1900000338,2024,RE,2024-08-23,2024-08-27,EUR,4500091580
2000,1900000339,2024,RE,2024-05-16,2024-05-20,USD,4500091519
2000,1900000340,2025,RE,2025-09-24,2025-09-27,USD,4500090871
1000,1900000341,2025,RE,2024-01-18,2024-01-21,USD,4500091857
1000,1900000342,2024,RE,2025-05-27,2025-05-29,AED,4500090178
1000,1900000343,2024,RE,2025-11-02,2025-11-04,AED,4500090777
3000,1900000344,2025,RE,2024-03-03,2024-03-07,EUR,4500090707
2000,1900000345,2024,RE,2024-12-10,2024-12-11,AED,4500090830
3000,1900000346,2025,RE,2025-08-27,2025-08-29,AED,4500091564
2000,1900000347,2025,RE,2025-04-14,2025-04-15,USD,4500091584
2000,1900000348,2024,RE,2024-06-23,2024-06-25,USD,4500090676
3000,1900000349,2025,RE,2025-10-17,2025-10-17,EUR,4500090937
3000,1900000350,2024,RE,2025-05-06,2025-05-10,USD,4500091745
1000,1900000351,2025,RE,2024-08-02,2024-08-06,USD,4500090671
2000,1900000352,2024,RE,2024-08-17,2024-08-22,USD,4500090291
1000,1900000353,2024,RE,2024-09-25,2024-09-25,USD,4500090001
1000,1900000354,2024,RE,2024-11-23,2024-11-26,USD,4500090293
3000,1900000355,2024,RE,2024-07-25,2024-07-30,USD,4500090697
2000,1900000356,2024,RE,2024-10-18,2024-10-21,EUR,4500090683
1000,1900000357,2024,RE,2024-10-04,2024-10-04,EUR,4500091531
2000,1900000358,2024,RE,2024-09-26,2024-09-29,AED,4500091619
3000,1900000359,2024,RE,2024-05-27,2024-05-31,AED,4500091015
3000,1900000360,2024,RE,2025-06-03,2025-06-03,AED,4500091349
2000,1900000361,2025,RE,2025-01-28,2025-01-28,EUR,4500090174
2000,1900000362,2025,RE,2025-01-17,2025-01-19,EUR,4500090125
2000,1900000363,2025,RE,2025-03-16,2025-03-16,AED,4500090859
2000,1900000364,2024,RE,2025-07-20,2025-07-24,EUR,4500090455
3000,1900000365,2025,RE,2025-03-01,2025-03-04,AED,4500090064
3000,1900000366,2024,RE,2025-04-19,2025-04-22,EUR,4500091924
2000,1900000367,2024,RE,2024-11-01,2024-11-03,AED,4500090637
3000,1900000368,2025,RE,2024-04-23,2024-04-27,EUR,4500091842
1000,1900000369,2025,RE,2024-04-23,2024-04-23,EUR,4500090733
1000,1900000370,2024,RE,2024-07-29,2024-07-30,USD,4500091175
2000,1900000371,2024,RE,2025-10-30,2025-10-30,EUR,4500091415
1000,1900000372,2025,RE,2024-11-18,2024-11-20,EUR,4500091994
1000,1900000373,2024,RE,2024-01-18,2024-01-21,USD,4500090293
1000,1900000374,2024,RE,2024-04-18,2024-04-20,USD,4500090901
1000,1900000375,2025,RE,2025-05-03,2025-05-06,AED,4500090626
3000,1900000376,2025,RE,2024-09-18,2024-09-23,EUR,4500091151
1000,1900000377,2024,RE,2024-10-15,2024-10-15,AED,4500090111
1000,1900000378,2024,RE,2024-06-20,2024-06-25,EUR,4500091880
2000,1900000379,2025,RE,2025-04-09,2025-04-12,USD,4500091038
1000,1900000380,2025,RE,2025-06-27,2025-07-01,EUR,4500090370
2000,1900000381,2025,RE,2024-03-25,2024-03-28,EUR,4500091700
3000,1900000382,2025,RE,2025-08-20,2025-08-22,USD,4500091534
2000,1900000383,2024,RE,2024-11-25,2024-11-26,USD,4500090885
1000,1900000384,2025,RE,2024-06-22,2024-06-24,AED,4500090148
3000,1900000385,2024,RE,2024-09-18,2024-09-21,USD,4500091102
1000,1900000386,2024,RE,2025-12-04,2025-12-06,EUR,4500091560
3000,1900000387,2024,RE,2024-02-14,2024-02-19,USD,4500090769
1000,1900000388,2024,RE,2025-10-19,2025-10-21,AED,4500091003
2000,1900000389,2025,RE,2024-11-13,2024-11-18,USD,4500090117
2000,1900000390,2024,RE,2025-03-09,2025-03-09,AED,4500090494
2000,1900000391,2025,RE,2024-01-13,2024-01-18,EUR,4500090453
3000,1900000392,2024,RE,2025-05-07,2025-05-09,EUR,4500091812
2000,1900000393,2025,RE,2025-11-13,2025-11-14,EUR,4500091469
1000,1900000394,2025,RE,2024-12-12,2024-12-12,AED,4500091407
2000,1900000395,2025,RE,2024-03-12,2024-03-14,AED,4500091067
1000,1900000396,2024,RE,2025-03-02,2025-03-02,USD,4500091711
2000,1900000397,2024,RE,2024-09-01,2024-09-04,EUR,4500091158
2000,1900000398,2024,RE,2025-02-27,2025-02-27,AED,4500090642
3000,1900000399,2024,RE,2024-07-11,2024-07-12,EUR,4500091202
2000,1900000400,2024,RE,2025-09-13,2025-09-16,USD,4500090304
3000,1900000401,2025,RE,2025-08-04,2025-08-07,AED,4500091313
3000,1900000402,2024,RE,2025-05-08,2025-05-12,AED,4500091133
2000,1900000403,2025,RE,2024-08-17,2024-08-17,EUR,4500090174
2000,1900000404,2024,RE,2025-08-07,2025-08-08,USD,4500091451
2000,1900000405,2024,RE,2024-08-28,2024-08-28,AED,4500090864
2000,1900000406,2025,RE,2024-01-11,2024-01-11,AED,4500090830
3000,1900000407,2025,RE,2025-08-07,2025-08-11,AED,4500091542
2000,1900000408,2025,RE,2025-11-14,2025-11-16,AED,4500091713
2000,1900000409,2024,RE,2025-02-27,2025-02-28,USD,4500090355
1000,1900000410,2024,RE,2025-09-27,2025-10-02,AED,4500090931
1000,1900000411,2025,RE,2024-01-09,2024-01-14,AED,4500090003
2000,1900000412,2024,RE,2024-05-10,2024-05-12,EUR,4500090416
3000,1900000413,2025,RE,2025-01-25,2025-01-26,AED,4500090623
3000,1900000414,2024,RE,2025-02-27,2025-02-27,EUR,4500091611
2000,1900000415,2024,RE,2025-07-07,2025-07-07,USD,4500091977
1000,1900000416,2025,RE,2024-05-22,2024-05-27,USD,4500091364
3000,1900000417,2024,RE,2025-11-02,2025-11-03,USD,4500091454
2000,1900000418,2025,RE,2024-08-02,2024-08-07,AED,4500091628
3000,1900000419,2025,RE,2025-09-23,2025-09-25,AED,4500091333
2000,1900000420,2025,RE,2024-11-30,2024-12-04,AED,4500090848
2000,1900000421,2025,RE,2025-05-18,2025-05-22,USD,4500090411
2000,1900000422,2025,RE,2025-05-17,2025-05-19,EUR,4500090063
3000,1900000423,2024,RE,2025-12-28,2025-12-30,USD,4500091351
1000,1900000424,2025,RE,2025-02-28,2025-03-03,EUR,4500091951
2000,1900000425,2025,RE,2024-09-12,2024-09-12,USD,4500091665
2000,1900000426,2024,RE,2025-12-18,2025-12-21,EUR,4500091617
2000,1900000427,2025,RE,2024-03-14,2024-03-18,AED,4500091629
1000,1900000428,2025,RE,2024-06-22,2024-06-22,USD,4500091039
3000,1900000429,2025,RE,2025-03-28,2025-03-31,USD,4500090566
2000,1900000430,2024,RE,2024-12-26,2024-12-29,AED,4500091486
1000,1900000431,2025,RE,2024-05-17,2024-05-22,AED,4500091847
2000,1900000432,2024,RE,2025-07-31,2025-08-05,AED,4500091344
2000,1900000433,2025,RE,2025-08-17,2025-08-19,EUR,4500091150
2000,1900000434,2024,RE,2025-02-23,2025-02-26,AED,4500090938
3000,1900000435,2024,RE,2024-02-04,2024-02-09,EUR,4500091280
1000,1900000436,2024,RE,2025-03-30,2025-04-03,AED,4500091475
1000,1900000437,2025,RE,2024-04-29,2024-05-03,AED,4500090785
3000,1900000438,2024,RE,2024-04-18,2024-04-22,USD,4500090062
1000,1900000439,2025,RE,2025-07-01,2025-07-01,AED,4500091444
3000,1900000440,2025,RE,2024-08-16,2024-08-21,USD,4500090059
2000,1900000441,2024,RE,2025-08-14,2025-08-18,AED,4500090323
3000,1900000442,2024,RE,2024-01-18,2024-01-19,EUR,4500090907
3000,1900000443,2024,RE,2025-01-19,2025-01-21,AED,4500091030
3000,1900000444,2025,RE,2024-01-03,2024-01-05,EUR,4500091186
1000,1900000445,2025,RE,2024-07-17,2024-07-21,EUR,4500091718
3000,1900000446,2025,RE,2024-07-25,2024-07-29,AED,4500090800
1000,1900000447,2025,RE,2025-07-16,2025-07-21,EUR,4500090554
1000,1900000448,2024,RE,2025-05-29,2025-06-01,AED,4500091546
2000,1900000449,2024,RE,2024-04-06,2024-04-07,USD,4500090676
1000,1900000450,2024,RE,2025-05-22,2025-05-26,EUR,4500090261
3000,1900000451,2024,RE,2024-04-02,2024-04-04,AED,4500090105
3000,1900000452,2024,RE,2025-08-16,2025-08-21,AED,4500090083
3000,1900000453,2025,RE,2024-11-23,2024-11-25,USD,4500090429
2000,1900000454,2024,RE,2024-09-06,2024-09-09,EUR,4500091491
1000,1900000455,2025,RE,2024-04-17,2024-04-18,EUR,4500091135
3000,1900000456,2025,RE,2024-05-26,2024-05-26,EUR,4500090138
2000,1900000457,2025,RE,2025-07-08,2025-07-13,AED,4500090257
2000,1900000458,2024,RE,2024-03-29,2024-04-02,EUR,4500091290
1000,1900000459,2024,RE,2024-01-15,2024-01-19,AED,4500091231
1000,1900000460,2024,RE,2025-08-01,2025-08-04,EUR,4500091691
3000,1900000461,2025,RE,2024-09-09,2024-09-13,USD,4500091557
1000,1900000462,2025,RE,2024-02-07,2024-02-12,USD,4500090797
1000,1900000463,2025,RE,2024-03-13,2024-03-14,USD,4500091182
2000,1900000464,2025,RE,2025-04-26,2025-04-30,USD,4500091155
1000,1900000465,2025,RE,2025-06-06,2025-06-07,USD,4500090043
3000,1900000466,2025,RE,2025-12-01,2025-12-04,EUR,4500091297
3000,1900000467,2025,RE,2024-01-05,2024-01-08,USD,4500090496
3000,1900000468,2024,RE,2024-08-16,2024-08-16,EUR,4500090667
1000,1900000469,2024,RE,2025-04-04,2025-04-07,AED,4500090698
2000,1900000470,2025,RE,2024-02-04,2024-02-05,EUR,4500091131
2000,1900000471,2025,RE,2024-10-03,2024-10-03,AED,4500090654
2000,1900000472,2025,RE,2024-08-02,2024-08-05,USD,4500091391
2000,1900000473,2025,RE,2024-06-22,2024-06-24,AED,4500091217
3000,1900000474,2024,RE,2025-04-21,2025-04-21,AED,4500090662
1000,1900000475,2024,RE,2025-01-07,2025-01-07,EUR,4500091941
2000,1900000476,2024,RE,2024-06-30,2024-07-02,EUR,4500090926
3000,1900000477,2025,RE,2025-06-14,2025-06-18,AED,4500091388
2000,1900000478,2025,RE,2025-09-10,2025-09-14,USD,4500091340
1000,1900000479,2025,RE,2024-04-24,2024-04-26,EUR,4500091560
3000,1900000480,2025,RE,2024-03-17,2024-03-19,USD,4500091112
3000,1900000481,2025,RE,2025-10-26,2025-10-28,USD,4500091012
2000,1900000482,2025,RE,2024-08-02,2024-08-02,USD,4500090414
3000,1900000483,2025,RE,2024-06-30,2024-07-03,AED,4500090662
3000,1900000484,2025,RE,2024-12-18,2024-12-21,AED,4500091887
1000,1900000485,2025,RE,2024-06-03,2024-06-04,AED,4500091592
3000,1900000486,2025,RE,2025-04-07,2025-04-07,AED,4500090571
3000,1900000487,2024,RE,2025-06-27,2025-07-02,EUR,4500091479
1000,1900000488,2025,RE,2024-07-26,2024-07-27,EUR,4500090015
2000,1900000489,2024,RE,2025-11-12,2025-11-16,AED,4500090181
2000,1900000490,2025,RE,2025-08-16,2025-08-19,AED,4500091862
2000,1900000491,2025,RE,2024-08-08,2024-08-13,AED,4500091481
3000,1900000492,2025,RE,2024-10-12,2024-10-15,AED,4500090705
3000,1900000493,2024,RE,2024-07-12,2024-07-12,EUR,4500091078
2000,1900000494,2025,RE,2025-12-30,2025-12-31,AED,4500090184
3000,1900000495,2025,RE,2025-02-05,2025-02-06,EUR,4500091543
3000,1900000496,2025,RE,2024-10-08,2024-10-10,USD,4500091866
3000,1900000497,2024,RE,2025-07-05,2025-07-09,USD,4500091255
2000,1900000498,2024,RE,2024-08-25,2024-08-27,EUR,4500091568
3000,1900000499,2024,RE,2025-05-01,2025-05-02,EUR,4500091034
1000,1900000500,2025,RE,2025-08-16,2025-08-20,AED,4500090631
2000,1900000501,2025,RE,2025-08-21,2025-08-26,USD,4500091696
2000,1900000502,2025,RE,2025-01-10,2025-01-10,USD,4500090302
2000,1900000503,2025,RE,2024-11-17,2024-11-20,USD,4500090835
1000,1900000504,2024,RE,2025-11-27,2025-12-01,AED,4500090791
3000,1900000505,2025,RE,2025-01-05,2025-01-09,USD,4500090041
3000,1900000506,2025,RE,2025-11-11,2025-11-12,AED,4500090956
3000,1900000507,2024,RE,2025-07-21,2025-07-23,AED,4500090499
2000,1900000508,2024,RE,2024-06-04,2024-06-08,AED,4500091524
1000,1900000509,2025,RE,2024-11-15,2024-11-19,AED,4500091435
2000,1900000510,2025,RE,2025-10-08,2025-10-08,AED,4500090576
3000,1900000511,2025,RE,2024-02-05,2024-02-06,USD,4500091758
1000,1900000512,2024,RE,2025-01-19,2025-01-22,AED,4500090795
3000,1900000513,2024,RE,2024-11-21,2024-11-23,USD,4500090561
2000,1900000514,2025,RE,2025-01-22,2025-01-23,USD,4500091260
3000,1900000515,2024,RE,2024-11-15,2024-11-19,EUR,4500091298
2000,1900000516,2024,RE,2025-11-06,2025-11-06,AED,4500091530
3000,1900000517,2025,RE,2025-10-14,2025-10-14,USD,4500090857
1000,1900000518,2025,RE,2025-10-01,2025-10-01,USD,4500091046
2000,1900000519,2024,RE,2024-01-25,2024-01-28,USD,4500090568
1000,1900000520,2025,RE,2024-08-14,2024-08-15,EUR,4500090963
3000,1900000521,2025,RE,2024-06-05,2024-06-06,USD,4500091866
1000,1900000522,2024,RE,2024-01-15,2024-01-18,EUR,4500091520
1000,1900000523,2024,RE,2024-06-24,2024-06-28,AED,4500091407
2000,1900000524,2025,RE,2024-12-20,2024-12-25,EUR,4500091354
2000,1900000525,2024,RE,2024-09-15,2024-09-19,USD,4500090888
3000,1900000526,2025,RE,2024-09-17,2024-09-20,EUR,4500091023
3000,1900000527,2025,RE,2024-06-23,2024-06-27,EUR,4500091506
3000,1900000528,2025,RE,2024-07-01,2024-07-02,EUR,4500091543
2000,1900000529,2024,RE,2025-10-31,2025-11-01,EUR,4500090147
3000,1900000530,2025,RE,2025-02-05,2025-02-09,EUR,4500090226
2000,1900000531,2024,RE,2024-12-08,2024-12-08,EUR,4500091243
1000,1900000532,2024,RE,2025-09-06,2025-09-06,EUR,4500091459
2000,1900000533,2025,RE,2025-12-05,2025-12-06,EUR,4500090505
1000,1900000534,2025,RE,2024-06-04,2024-06-05,EUR,4500090513
2000,1900000535,2025,RE,2025-11-26,2025-11-27,USD,4500090096
2000,1900000536,2025,RE,2024-09-29,2024-09-30,EUR,4500091220
1000,1900000537,2024,RE,2024-01-27,2024-01-31,EUR,4500090039
3000,1900000538,2025,RE,2025-11-02,2025-11-03,EUR,4500090588
1000,1900000539,2025,RE,2024-12-06,2024-12-06,AED,4500090653
1000,1900000540,2024,RE,2024-04-18,2024-04-20,AED,4500091750
2000,1900000541,2025,RE,2025-04-22,2025-04-25,EUR,4500090256
3000,1900000542,2024,RE,2024-09-20,2024-09-23,AED,4500090989
2000,1900000543,2024,RE,2024-05-07,2024-05-10,USD,4500091416
3000,1900000544,2025,RE,2024-12-31,2025-01-03,EUR,4500090410
2000,1900000545,2024,RE,2025-05-13,2025-05-14,USD,4500090811
2000,1900000546,2025,RE,2025-03-29,2025-03-30,AED,4500090772
2000,1900000547,2025,RE,2025-04-26,2025-04-28,EUR,4500091743
3000,1900000548,2024,RE,2025-03-22,2025-03-26,USD,4500091112
3000,1900000549,2025,RE,2025-06-30,2025-07-05,AED,4500091720
1000,1900000550,2025,RE,2025-01-08,2025-01-08,AED,4500090442
3000,1900000551,2025,RE,2025-01-17,2025-01-18,AED,4500090989
1000,1900000552,2024,RE,2025-11-13,2025-11-18,USD,4500091915
1000,1900000553,2024,RE,2024-11-18,2024-11-19,AED,4500091071
2000,1900000554,2024,RE,2025-01-29,2025-01-31,EUR,4500090692
2000,1900000555,2025,RE,2024-01-12,2024-01-13,AED,4500091548
2000,1900000556,2024,RE,2025-12-15,2025-12-18,EUR,4500091227
1000,1900000557,2025,RE,2025-07-26,2025-07-29,EUR,4500090370
3000,1900000558,2024,RE,2025-09-26,2025-09-30,AED,4500090190
3000,1900000559,2025,RE,2024-07-25,2024-07-30,USD,4500090557
1000,1900000560,2025,RE,2025-09-22,2025-09-22,AED,4500090564
2000,1900000561,2025,RE,2025-02-02,2025-02-04,AED,4500090746
2000,1900000562,2025,RE,2024-02-02,2024-02-07,EUR,4500090192
1000,1900000563,2024,RE,2025-02-15,2025-02-19,USD,4500090962
3000,1900000564,2025,RE,2024-01-21,2024-01-23,AED,4500091062
1000,1900000565,2025,RE,2024-10-11,2024-10-12,EUR,4500090879
3000,1900000566,2025,RE,2025-11-07,2025-11-11,AED,4500091838
1000,1900000567,2025,RE,2025-08-25,2025-08-25,EUR,4500091951
3000,1900000568,2024,RE,2024-03-12,2024-03-12,AED,4500090840
1000,1900000569,2025,RE,2025-03-05,2025-03-08,AED,4500091138
1000,1900000570,2024,RE,2025-05-03,2025-05-08,USD,4500090788
1000,1900000571,2025,RE,2025-07-29,2025-08-02,USD,4500090340
1000,1900000572,2025,RE,2025-11-20,2025-11-24,AED,4500090528
3000,1900000573,2024,RE,2025-12-13,2025-12-15,AED,4500090598
3000,1900000574,2024,RE,2024-08-20,2024-08-20,EUR,4500090395
2000,1900000575,2024,RE,2024-05-06,2024-05-10,USD,4500091841
2000,1900000576,2025,RE,2025-03-21,2025-03-25,AED,4500091009
1000,1900000577,2025,RE,2024-01-03,2024-01-03,EUR,4500090554
3000,1900000578,2024,RE,2024-06-01,2024-06-02,AED,4500090756
2000,1900000579,2025,RE,2024-02-11,2024-02-14,EUR,4500090639
3000,1900000580,2025,RE,2024-06-29,2024-07-04,EUR,4500091073
3000,1900000581,2024,RE,2024-07-30,2024-08-04,USD,4500090315
3000,1900000582,2025,RE,2024-04-27,2024-05-02,EUR,4500091835
2000,1900000583,2025,RE,2024-11-25,2024-11-27,USD,4500090835
2000,1900000584,2025,RE,2025-11-14,2025-11-19,AED,4500091712
3000,1900000585,2025,RE,2024-07-11,2024-07-15,AED,4500091719
2000,1900000586,2024,RE,2025-05-22,2025-05-25,AED,4500091630
1000,1900000587,2025,RE,2024-04-19,2024-04-22,EUR,4500090004
1000,1900000588,2024,RE,2024-06-10,2024-06-12,EUR,4500090526
2000,1900000589,2024,RE,2024-04-11,2024-04-14,USD,4500090247
2000,1900000590,2024,RE,2024-01-01,2024-01-04,USD,4500090302
3000,1900000591,2025,RE,2025-12-06,2025-12-09,USD,4500091178
3000,1900000592,2025,RE,2024-10-29,2024-10-30,AED,4500090840
1000,1900000593,2025,RE,2025-10-06,2025-10-06,EUR,4500090431
1000,1900000594,2025,RE,2024-06-20,2024-06-23,EUR,4500090277
3000,1900000595,2024,RE,2025-10-17,2025-10-18,USD,4500091947
1000,1900000596,2024,RE,2025-05-09,2025-05-10,AED,4500090862
3000,1900000597,2025,RE,2025-06-08,2025-06-09,AED,4500090786
3000,1900000598,2025,RE,2025-02-04,2025-02-09,USD,4500090892
1000,1900000599,2025,RE,2024-07-08,2024-07-11,USD,4500090067
2000,1900000600,2025,RE,2025-04-27,2025-04-28,USD,4500091436
1000,1900000601,2025,RE,2025-03-18,2025-03-21,USD,4500091670
3000,1900000602,2024,RE,2024-08-27,2024-09-01,EUR,4500091343
2000,1900000603,2025,RE,2025-08-01,2025-08-03,USD,4500091416
3000,1900000604,2025,RE,2025-03-20,2025-03-20,AED,4500091935
1000,1900000605,2024,RE,2025-06-15,2025-06-15,AED,4500091821
2000,1900000606,2024,RE,2025-03-30,2025-04-03,USD,4500090457
1000,1900000607,2024,RE,2025-01-16,2025-01-17,EUR,4500090730
2000,1900000608,2024,RE,2024-12-22,2024-12-27,AED,4500090902
3000,1900000609,2025,RE,2024-02-06,2024-02-10,USD,4500091275
2000,1900000610,2024,RE,2024-07-14,2024-07-16,AED,4500090189
1000,1900000611,2025,RE,2025-07-28,2025-07-31,USD,4500091910
1000,1900000612,2024,RE,2025-01-27,2025-02-01,USD,4500090882
1000,1900000613,2024,RE,2025-08-24,2025-08-27,AED,4500090178
2000,1900000614,2025,RE,2025-08-25,2025-08-27,EUR,4500091797
2000,1900000615,2024,RE,2024-09-14,2024-09-16,AED,4500091643
1000,1900000616,2025,RE,2025-03-09,2025-03-14,EUR,4500091278
2000,1900000617,2025,RE,2025-02-10,2025-02-12,EUR,4500090853
3000,1900000618,2025,RE,2025-03-17,2025-03-19,USD,4500091922
2000,1900000619,2025,RE,2025-04-05,2025-04-05,USD,4500091849
2000,1900000620,2025,RE,2024-04-20,2024-04-21,EUR,4500090552
1000,1900000621,2025,RE,2025-09-07,2025-09-12,AED,4500091585
1000,1900000622,2025,RE,2025-10-25,2025-10-30,USD,4500091364
1000,1900000623,2024,RE,2025-09-07,2025-09-08,USD,4500091055
3000,1900000624,2025,RE,2025-08-29,2025-09-02,AED,4500090662
1000,1900000625,2025,RE,2024-10-01,2024-10-01,EUR,4500090085
1000,1900000626,2025,RE,2025-07-20,2025-07-25,EUR,4500090696
3000,1900000627,2025,RE,2025-12-28,2025-12-29,AED,4500090771
2000,1900000628,2024,RE,2024-04-18,2024-04-19,EUR,4500091299
1000,1900000629,2024,RE,2024-01-23,2024-01-24,AED,4500091164
2000,1900000630,2024,RE,2025-04-03,2025-04-06,AED,4500091854
1000,1900000631,2025,RE,2024-12-21,2024-12-25,USD,4500090305
3000,1900000632,2024,RE,2024-09-30,2024-10-04,AED,4500090105
3000,1900000633,2024,RE,2024-06-25,2024-06-28,EUR,4500091226
1000,1900000634,2024,RE,2024-09-22,2024-09-27,EUR,4500090458
1000,1900000635,2025,RE,2024-05-02,2024-05-05,USD,4500091465
2000,1900000636,2024,RE,2025-08-11,2025-08-15,EUR,4500090432
3000,1900000637,2025,RE,2025-11-22,2025-11-25,AED,4500091898
2000,1900000638,2024,RE,2025-01-29,2025-01-30,USD,4500090720
2000,1900000639,2025,RE,2024-05-10,2024-05-11,USD,4500091626
1000,1900000640,2024,RE,2024-09-17,2024-09-17,USD,4500091878
2000,1900000641,2025,RE,2025-01-06,2025-01-09,AED,4500091668
3000,1900000642,2024,RE,2024-11-26,2024-11-30,EUR,4500091527
1000,1900000643,2024,RE,2024-10-04,2024-10-09,EUR,4500091061
1000,1900000644,2025,RE,2025-06-11,2025-06-15,AED,4500091383
3000,1900000645,2024,RE,2025-03-19,2025-03-23,AED,4500091207
1000,1900000646,2025,RE,2025-09-04,2025-09-07,AED,4500090758
3000,1900000647,2024,RE,2025-07-05,2025-07-06,AED,4500090284
2000,1900000648,2025,RE,2024-05-05,2024-05-09,EUR,4500090472
3000,1900000649,2025,RE,2025-07-28,2025-08-02,USD,4500091300
2000,1900000650,2025,RE,2024-03-31,2024-04-03,USD,4500091830
1000,1900000651,2025,RE,2025-01-06,2025-01-06,AED,4500090266
1000,1900000652,2024,RE,2025-01-08,2025-01-13,AED,4500090931
2000,1900000653,2024,RE,2024-03-15,2024-03-15,AED,4500091426
1000,1900000654,2025,RE,2025-06-25,2025-06-28,USD,4500091507
1000,1900000655,2024,RE,2025-10-17,2025-10-20,AED,4500091819
2000,1900000656,2025,RE,2024-02-22,2024-02-27,EUR,4500091322
1000,1900000657,2024,RE,2024-08-23,2024-08-27,AED,4500090604
3000,1900000658,2025,RE,2025-10-19,2025-10-23,EUR,4500090036
3000,1900000659,2025,RE,2024-10-16,2024-10-17,AED,4500090385
2000,1900000660,2025,RE,2024-05-17,2024-05-19,AED,4500091927
3000,1900000661,2025,RE,2025-04-11,2025-04-14,EUR,4500090923
1000,1900000662,2025,RE,2025-11-05,2025-11-09,AED,4500090337
1000,1900000663,2025,RE,2024-10-15,2024-10-19,AED,4500090204
3000,1900000664,2025,RE,2025-08-19,2025-08-22,AED,4500090388
3000,1900000665,2025,RE,2024-01-17,2024-01-22,AED,4500090361
1000,1900000666,2025,RE,2025-12-09,2025-12-13,USD,4500091843
2000,1900000667,2025,RE,2025-04-02,2025-04-05,EUR,4500091621
3000,1900000668,2024,RE,2024-05-13,2024-05-18,EUR,4500091077
3000,1900000669,2024,RE,2025-03-05,2025-03-10,AED,4500090635
1000,1900000670,2025,RE,2025-10-22,2025-10-25,USD,4500091528
2000,1900000671,2024,RE,2024-03-21,2024-03-22,EUR,4500091469
1000,1900000672,2025,RE,2025-08-22,2025-08-23,AED,4500091597
2000,1900000673,2025,RE,2024-06-26,2024-06-27,AED,4500090686
1000,1900000674,2025,RE,2025-04-16,2025-04-17,AED,4500090178
2000,1900000675,2024,RE,2025-08-20,2025-08-23,EUR,4500091381
3000,1900000676,2024,RE,2025-05-05,2025-05-09,EUR,4500091167
3000,1900000677,2024,RE,2025-10-22,2025-10-22,USD,4500090041
3000,1900000678,2025,RE,2025-02-21,2025-02-26,AED,4500090364
2000,1900000679,2024,RE,2025-05-15,2025-05-17,AED,4500090654
1000,1900000680,2025,RE,2025-03-31,2025-03-31,AED,4500091157
1000,1900000681,2024,RE,2024-09-28,2024-10-03,USD,4500090016
3000,1900000682,2024,RE,2024-06-27,2024-06-30,EUR,4500090558
3000,1900000683,2024,RE,2025-11-06,2025-11-07,USD,4500090867
1000,1900000684,2025,RE,2024-04-27,2024-04-30,AED,4500091945
3000,1900000685,2025,RE,2024-09-19,2024-09-20,AED,4500090368
2000,1900000686,2024,RE,2025-01-17,2025-01-22,USD,4500091934
1000,1900000687,2025,RE,2024-05-13,2024-05-16,EUR,4500090513
1000,1900000688,2024,RE,2024-03-12,2024-03-12,USD,4500090098
1000,1900000689,2024,RE,2025-05-03,2025-05-03,AED,4500090525
1000,1900000690,2025,RE,2025-02-26,2025-02-26,USD,4500090061
2000,1900000691,2024,RE,2025-02-07,2025-02-10,AED,4500091725
3000,1900000692,2024,RE,2024-04-02,2024-04-05,EUR,4500090971
1000,1900000693,2024,RE,2025-05-27,2025-06-01,EUR,4500090754
1000,1900000694,2024,RE,2024-07-20,2024-07-23,AED,4500090314
1000,1900000695,2024,RE,2025-06-28,2025-07-01,USD,4500091809
2000,1900000696,2025,RE,2025-04-30,2025-05-04,AED,4500090655
3000,1900000697,2025,RE,2025-10-30,2025-11-03,EUR,4500091070
1000,1900000698,2025,RE,2025-11-25,2025-11-25,AED,4500091940
2000,1900000699,2024,RE,2024-08-30,2024-08-30,AED,4500091344
3000,1900000700,2025,RE,2024-09-18,2024-09-19,AED,4500090807
2000,1900000701,2025,RE,2024-12-10,2024-12-13,USD,4500091289
1000,1900000702,2024,RE,2025-02-03,2025-02-04,EUR,4500091335
2000,1900000703,2025,RE,2025-02-02,2025-02-04,USD,4500090734
1000,1900000704,2025,RE,2024-04-20,2024-04-20,EUR,4500091718
2000,1900000705,2025,RE,2025-11-17,2025-11-22,USD,4500091533
2000,1900000706,2025,RE,2024-06-16,2024-06-20,AED,4500091888
1000,1900000707,2024,RE,2024-03-03,2024-03-05,EUR,4500090943
2000,1900000708,2025,RE,2025-12-11,2025-12-15,USD,4500090182
3000,1900000709,2025,RE,2024-07-06,2024-07-09,AED,4500090598
2000,1900000710,2025,RE,2024-04-17,2024-04-18,EUR,4500091589
2000,1900000711,2024,RE,2024-01-21,2024-01-22,EUR,4500091669
1000,1900000712,2024,RE,2024-03-26,2024-03-31,AED,4500090736
1000,1900000713,2024,RE,2025-10-02,2025-10-07,AED,4500090544
1000,1900000714,2024,RE,2025-03-22,2025-03-27,AED,4500091541
1000,1900000715,2025,RE,2025-01-05,2025-01-06,AED,4500090450
3000,1900000716,2024,RE,2025-03-23,2025-03-24,EUR,4500091368
2000,1900000717,2025,RE,2024-06-30,2024-07-04,EUR,4500091593
3000,1900000718,2025,RE,2025-06-23,2025-06-27,USD,4500091112
2000,1900000719,2025,RE,2025-10-26,2025-10-29,USD,4500091644
3000,1900000720,2024,RE,2025-05-25,2025-05-27,USD,4500091360
1000,1900000721,2025,RE,2025-06-16,2025-06-17,AED,4500090931
2000,1900000722,2025,RE,2025-12-01,2025-12-01,AED,4500091127
1000,1900000723,2024,RE,2024-11-13,2024-11-15,USD,4500090983
1000,1900000724,2025,RE,2024-11-23,2024-11-27,EUR,4500090227
3000,1900000725,2025,RE,2025-03-06,2025-03-09,EUR,4500091822
3000,1900000726,2024,RE,2025-08-25,2025-08-26,EUR,4500091023
1000,1900000727,2025,RE,2025-10-11,2025-10-13,USD,4500090397
2000,1900000728,2024,RE,2025-03-30,2025-04-02,EUR,4500090479
1000,1900000729,2024,RE,2024-05-31,2024-06-01,EUR,4500091951
3000,1900000730,2024,RE,2024-03-17,2024-03-19,EUR,4500091028
3000,1900000731,2025,RE,2025-10-16,2025-10-19,EUR,4500090423
1000,1900000732,2024,RE,2025-09-06,2025-09-08,USD,4500091973
1000,1900000733,2024,RE,2025-03-02,2025-03-02,EUR,4500090969
1000,1900000734,2024,RE,2024-12-29,2025-01-02,EUR,4500091218
1000,1900000735,2024,RE,2025-06-29,2025-07-04,EUR,4500090773
2000,1900000736,2024,RE,2024-08-25,2024-08-28,AED,4500091538
2000,1900000737,2025,RE,2024-12-24,2024-12-28,EUR,4500091322
2000,1900000738,2025,RE,2025-01-05,2025-01-08,USD,4500091849
1000,1900000739,2025,RE,2024-09-27,2024-10-02,AED,4500090518
2000,1900000740,2025,RE,2024-07-04,2024-07-06,AED,4500091729
2000,1900000741,2024,RE,2024-06-10,2024-06-10,USD,4500090485
3000,1900000742,2024,RE,2024-03-15,2024-03-19,AED,4500090910
2000,1900000743,2024,RE,2025-11-15,2025-11-19,AED,4500090764
1000,1900000744,2025,RE,2025-10-16,2025-10-16,EUR,4500091667
2000,1900000745,2024,RE,2024-04-26,2024-04-29,AED,4500090654
3000,1900000746,2024,RE,2025-08-03,2025-08-03,USD,4500090582
2000,1900000747,2024,RE,2025-11-04,2025-11-09,EUR,4500090594
3000,1900000748,2025,RE,2024-09-09,2024-09-09,AED,4500090385
2000,1900000749,2024,RE,2024-07-18,2024-07-23,USD,4500090414
3000,1900000750,2025,RE,2024-06-09,2024-06-13,USD,4500090041
2000,1900000751,2024,RE,2025-05-15,2025-05-20,EUR,4500091075
1000,1900000752,2024,RE,2025-03-11,2025-03-12,EUR,4500090389
3000,1900000753,2025,RE,2025-06-11,2025-06-16,AED,4500091189
3000,1900000754,2025,RE,2025-11-04,2025-11-08,USD,4500090055
1000,1900000755,2024,RE,2024-02-26,2024-03-02,USD,4500091999
2000,1900000756,2024,RE,2025-12-22,2025-12-23,EUR,4500091355
1000,1900000757,2024,RE,2025-03-28,2025-04-01,USD,4500091405
3000,1900000758,2024,RE,2025-04-04,2025-04-08,EUR,4500090828
2000,1900000759,2024,RE,2024-11-07,2024-11-12,AED,4500090032
3000,1900000760,2024,RE,2024-11-23,2024-11-24,EUR,4500090138
2000,1900000761,2025,RE,2024-11-19,2024-11-23,AED,4500090569
1000,1900000762,2025,RE,2024-11-07,2024-11-07,USD,4500091036
3000,1900000763,2024,RE,2024-07-19,2024-07-24,AED,4500091651
1000,1900000764,2025,RE,2025-09-26,2025-09-28,AED,4500090895
3000,1900000765,2025,RE,2024-02-16,2024-02-19,USD,4500090168
1000,1900000766,2024,RE,2025-02-01,2025-02-05,AED,4500091095
3000,1900000767,2025,RE,2025-06-17,2025-06-19,EUR,4500090990
1000,1900000768,2025,RE,2025-08-10,2025-08-11,EUR,4500090591
2000,1900000769,2024,RE,2025-03-12,2025-03-17,AED,4500090981
1000,1900000770,2025,RE,2024-02-04,2024-02-07,USD,4500090761
2000,1900000771,2024,RE,2025-06-12,2025-06-12,EUR,4500091762
2000,1900000772,2024,RE,2025-11-13,2025-11-16,EUR,4500090808
3000,1900000773,2024,RE,2024-12-30,2025-01-02,USD,4500091912
2000,1900000774,2025,RE,2024-11-22,2024-11-27,AED,4500090205
1000,1900000775,2025,RE,2024-12-28,2024-12-28,USD,4500091843
3000,1900000776,2025,RE,2025-05-29,2025-06-02,AED,4500091333
2000,1900000777,2024,RE,2024-08-04,2024-08-06,EUR,4500091082
1000,1900000778,2024,RE,2024-06-01,2024-06-01,EUR,4500091606
1000,1900000779,2025,RE,2024-03-28,2024-03-30,USD,4500090033
3000,1900000780,2024,RE,2024-01-15,2024-01-19,EUR,4500090239
1000,1900000781,2025,RE,2025-10-06,2025-10-09,USD,4500090703
2000,1900000782,2025,RE,2025-03-27,2025-04-01,AED,4500090034
2000,1900000783,2025,RE,2024-12-09,2024-12-13,EUR,4500091785
2000,1900000784,2024,RE,2025-02-19,2025-02-23,AED,4500091282
3000,1900000785,2025,RE,2024-11-11,2024-11-15,AED,4500090635
1000,1900000786,2024,RE,2025-11-25,2025-11-26,EUR,4500091936
3000,1900000787,2024,RE,2024-06-17,2024-06-19,USD,4500090599
3000,1900000788,2025,RE,2024-08-14,2024-08-15,USD,4500090078
1000,1900000789,2024,RE,2025-10-13,2025-10-17,USD,4500090533
3000,1900000790,2025,RE,2024-02-11,2024-02-16,AED,4500091374
2000,1900000791,2025,RE,2025-07-17,2025-07-21,USD,4500091436
3000,1900000792,2024,RE,2025-12-04,2025-12-08,EUR,4500090213
3000,1900000793,2024,RE,2024-03-16,2024-03-19,AED,4500091935
1000,1900000794,2024,RE,2025-02-20,2025-02-24,USD,4500091817
3000,1900000795,2025,RE,2025-07-12,2025-07-14,AED,4500090470
2000,1900000796,2024,RE,2024-02-25,2024-02-25,AED,4500091125
1000,1900000797,2025,RE,2025-01-13,2025-01-16,USD,4500090788
1000,1900000798,2024,RE,2024-05-10,2024-05-13,AED,4500090448
1000,1900000799,2025,RE,2025-08-21,2025-08-23,USD,4500091577
2000,1900000800,2024,RE,2025-07-22,2025-07-22,USD,4500090573
1000,1900000801,2025,RE,2025-10-29,2025-10-30,EUR,4500090954
2000,1900000802,2025,RE,2024-02-07,2024-02-09,EUR,4500090192
3000,1900000803,2025,RE,2024-09-15,2024-09-18,EUR,4500091708
3000,1900000804,2025,RE,2025-01-13,2025-01-14,USD,4500090537
3000,1900000805,2025,RE,2025-10-10,2025-10-11,EUR,4500091397
1000,1900000806,2024,RE,2025-11-20,2025-11-24,EUR,4500090526
3000,1900000807,2025,RE,2025-04-19,2025-04-23,USD,4500091908
1000,1900000808,2024,RE,2024-07-12,2024-07-16,EUR,4500090276
1000,1900000809,2024,RE,2024-06-26,2024-06-29,USD,4500091507
2000,1900000810,2025,RE,2024-05-03,2024-05-05,AED,4500090576
3000,1900000811,2024,RE,2025-12-11,2025-12-11,EUR,4500091631
3000,1900000812,2024,RE,2025-01-29,2025-01-29,USD,4500090666
1000,1900000813,2024,RE,2024-03-31,2024-04-01,EUR,4500091474
1000,1900000814,2025,RE,2025-08-12,2025-08-17,AED,4500090148
2000,1900000815,2024,RE,2024-01-07,2024-01-09,EUR,4500091774
3000,1900000816,2024,RE,2025-06-22,2025-06-23,AED,4500091852
1000,1900000817,2024,RE,2024-07-29,2024-07-31,EUR,4500090309
1000,1900000818,2025,RE,2024-09-11,2024-09-12,USD,4500091084
3000,1900000819,2024,RE,2025-02-23,2025-02-24,AED,4500090499
3000,1900000820,2024,RE,2025-09-21,2025-09-23,EUR,4500090596
1000,1900000821,2024,RE,2025-04-02,2025-04-07,AED,4500091561
1000,1900000822,2025,RE,2024-07-17,2024-07-17,EUR,4500090549
2000,1900000823,2025,RE,2025-02-16,2025-02-19,EUR,4500091774
3000,1900000824,2024,RE,2025-03-08,2025-03-11,AED,4500090470
3000,1900000825,2024,RE,2025-02-10,2025-02-10,EUR,4500090065
3000,1900000826,2024,RE,2024-01-16,2024-01-18,EUR,4500090990
1000,1900000827,2025,RE,2024-08-14,2024-08-15,EUR,4500091135
2000,1900000828,2024,RE,2025-02-16,2025-02-18,AED,4500090032
3000,1900000829,2024,RE,2024-02-29,2024-02-29,USD,4500090867
2000,1900000830,2025,RE,2025-09-21,2025-09-26,AED,4500091713
3000,1900000831,2024,RE,2025-11-15,2025-11-16,EUR,4500090724
2000,1900000832,2024,RE,2024-03-29,2024-03-31,AED,4500090992
1000,1900000833,2024,RE,2025-05-27,2025-05-30,AED,4500091586
1000,1900000834,2024,RE,2025-02-10,2025-02-10,AED,4500090723
1000,1900000835,2025,RE,2025-05-21,2025-05-25,USD,4500090636
1000,1900000836,2025,RE,2025-07-17,2025-07-22,EUR,4500090214
2000,1900000837,2025,RE,2024-09-07,2024-09-09,USD,4500091930
1000,1900000838,2024,RE,2024-03-20,2024-03-22,USD,4500091084
2000,1900000839,2024,RE,2025-09-21,2025-09-25,EUR,4500090808
2000,1900000840,2025,RE,2025-03-08,2025-03-12,AED,4500090376
2000,1900000841,2024,RE,2024-04-05,2024-04-08,USD,4500090439
2000,1900000842,2024,RE,2024-08-19,2024-08-22,EUR,4500090595
3000,1900000843,2025,RE,2024-07-21,2024-07-25,AED,4500090169
1000,1900000844,2024,RE,2025-11-11,2025-11-14,EUR,4500091870
2000,1900000845,2024,RE,2025-10-29,2025-10-31,EUR,4500091295
1000,1900000846,2025,RE,2025-07-01,2025-07-05,AED,4500091277
1000,1900000847,2024,RE,2024-04-30,2024-05-02,EUR,4500090945
2000,1900000848,2024,RE,2025-04-09,2025-04-14,USD,4500090354
2000,1900000849,2024,RE,2025-08-29,2025-09-03,AED,4500090076
2000,1900000850,2025,RE,2025-01-11,2025-01-13,AED,4500091002
1000,1900000851,2025,RE,2025-01-04,2025-01-08,EUR,4500090822
1000,1900000852,2025,RE,2025-08-10,2025-08-11,EUR,4500091667
2000,1900000853,2024,RE,2025-09-05,2025-09-09,AED,4500090443
2000,1900000854,2024,RE,2024-12-10,2024-12-14,USD,4500091327
1000,1900000855,2025,RE,2025-04-20,2025-04-20,AED,4500091790
1000,1900000856,2024,RE,2024-05-28,2024-05-28,USD,4500090236
2000,1900000857,2024,RE,2025-08-24,2025-08-29,EUR,4500091568
1000,1900000858,2024,RE,2025-01-18,2025-01-23,USD,4500090484
2000,1900000859,2024,RE,2025-02-19,2025-02-19,AED,4500090099
3000,1900000860,2024,RE,2025-03-21,2025-03-22,EUR,4500090669
1000,1900000861,2025,RE,2024-03-20,2024-03-23,EUR,4500091406
2000,1900000862,2025,RE,2024-08-20,2024-08-21,EUR,4500090816
1000,1900000863,2025,RE,2024-06-08,2024-06-09,AED,4500091851
2000,1900000864,2024,RE,2025-09-08,2025-09-12,EUR,4500091415
2000,1900000865,2025,RE,2025-09-10,2025-09-15,USD,4500090684
1000,1900000866,2025,RE,2024-12-06,2024-12-09,EUR,4500090011
1000,1900000867,2025,RE,2024-08-19,2024-08-21,EUR,4500090322
1000,1900000868,2024,RE,2024-09-27,2024-09-27,AED,4500090488
3000,1900000869,2025,RE,2025-06-23,2025-06-26,AED,4500091651
2000,1900000870,2024,RE,2025-03-09,2025-03-09,AED,4500090848
1000,1900000871,2024,RE,2025-03-30,2025-04-01,USD,4500091809
3000,1900000872,2024,RE,2025-05-25,2025-05-27,AED,4500090752
3000,1900000873,2025,RE,2025-09-24,2025-09-27,EUR,4500091768
1000,1900000874,2025,RE,2024-11-19,2024-11-23,USD,4500090806
1000,1900000875,2025,RE,2024-09-12,2024-09-12,USD,4500091670
2000,1900000876,2024,RE,2024-06-15,2024-06-20,AED,4500090191
2000,1900000877,2025,RE,2024-11-08,2024-11-11,EUR,4500090638
2000,1900000878,2024,RE,2025-04-26,2025-05-01,EUR,4500090908
1000,1900000879,2025,RE,2024-11-13,2024-11-15,USD,4500090823
1000,1900000880,2024,RE,2024-05-05,2024-05-10,EUR,4500090393
2000,1900000881,2025,RE,2024-04-01,2024-04-04,EUR,4500090825
2000,1900000882,2024,RE,2024-05-08,2024-05-11,USD,4500090232
1000,1900000883,2025,RE,2025-10-08,2025-10-13,EUR,4500091361
2000,1900000884,2024,RE,2025-08-24,2025-08-27,EUR,4500091975
3000,1900000885,2024,RE,2024-03-06,2024-03-11,USD,4500090062
1000,1900000886,2024,RE,2025-02-12,2025-02-17,USD,4500091752
3000,1900000887,2025,RE,2024-10-24,2024-10-24,EUR,4500091679
1000,1900000888,2025,RE,2024-11-06,2024-11-11,AED,4500091561
3000,1900000889,2025,RE,2024-11-20,2024-11-22,AED,4500091799
2000,1900000890,2025,RE,2024-05-29,2024-05-30,AED,4500091862
1000,1900000891,2025,RE,2024-03-22,2024-03-25,EUR,4500090258
2000,1900000892,2025,RE,2025-09-03,2025-09-05,EUR,4500090459
3000,1900000893,2025,RE,2025-03-08,2025-03-11,AED,4500090571
2000,1900000894,2024,RE,2024-11-28,2024-11-29,AED,4500090587
2000,1900000895,2025,RE,2025-08-17,2025-08-19,EUR,4500091540
2000,1900000896,2025,RE,2024-04-15,2024-04-15,EUR,4500091322
1000,1900000897,2024,RE,2025-11-21,2025-11-23,USD,4500091907
1000,1900000898,2025,RE,2025-05-23,2025-05-27,AED,4500091550
2000,1900000899,2025,RE,2025-12-01,2025-12-06,EUR,4500090877
3000,1900000900,2025,RE,2025-06-23,2025-06-24,USD,4500091141
3000,1900000901,2025,RE,2024-10-11,2024-10-16,EUR,4500091298
3000,1900000902,2024,RE,2025-12-19,2025-12-20,AED,4500090492
3000,1900000903,2025,RE,2025-05-04,2025-05-04,EUR,4500090884
2000,1900000904,2025,RE,2024-09-04,2024-09-04,AED,4500091712
2000,1900000905,2024,RE,2024-01-05,2024-01-09,AED,4500090099
1000,1900000906,2024,RE,2025-02-11,2025-02-15,EUR,4500091061
1000,1900000907,2025,RE,2024-12-01,2024-12-06,EUR,4500090346
3000,1900000908,2025,RE,2024-06-05,2024-06-09,AED,4500090989
3000,1900000909,2024,RE,2024-02-20,2024-02-23,USD,4500090799
3000,1900000910,2024,RE,2025-10-12,2025-10-12,USD,4500090157
3000,1900000911,2025,RE,2025-10-13,2025-10-16,AED,4500090072
1000,1900000912,2025,RE,2025-11-02,2025-11-02,AED,4500091091
3000,1900000913,2025,RE,2024-04-30,2024-05-03,EUR,4500090307
1000,1900000914,2025,RE,2024-06-13,2024-06-14,EUR,4500091798
3000,1900000915,2024,RE,2024-05-20,2024-05-22,USD,4500090799
2000,1900000916,2024,RE,2025-03-15,2025-03-15,EUR,4500091743
3000,1900000917,2024,RE,2024-06-27,2024-06-30,AED,4500090188
2000,1900000918,2025,RE,2024-08-26,2024-08-31,AED,4500090646
2000,1900000919,2025,RE,2024-06-03,2024-06-03,AED,4500091384
1000,1900000920,2024,RE,2025-05-07,2025-05-09,AED,4500091216
3000,1900000921,2025,RE,2024-10-21,2024-10-22,EUR,4500091264
2000,1900000922,2025,RE,2024-12-03,2024-12-04,USD,4500091358
2000,1900000923,2025,RE,2025-12-01,2025-12-05,AED,4500090735
1000,1900000924,2025,RE,2024-07-05,2024-07-08,AED,4500090604
2000,1900000925,2025,RE,2025-10-03,2025-10-03,EUR,4500090455
3000,1900000926,2024,RE,2024-09-02,2024-09-04,USD,4500091193
1000,1900000927,2024,RE,2024-04-19,2024-04-19,EUR,4500091342
3000,1900000928,2025,RE,2025-02-18,2025-02-22,AED,4500090364
3000,1900000929,2024,RE,2024-05-09,2024-05-10,USD,4500090349
3000,1900000930,2024,RE,2024-09-12,2024-09-16,AED,4500091142
2000,1900000931,2025,RE,2025-08-12,2025-08-14,AED,4500091927
1000,1900000932,2024,RE,2025-06-23,2025-06-25,USD,4500090983
2000,1900000933,2024,RE,2024-08-18,2024-08-18,AED,4500091265
3000,1900000934,2025,RE,2025-06-12,2025-06-12,USD,4500090769
3000,1900000935,2024,RE,2025-10-01,2025-10-02,EUR,4500090138
2000,1900000936,2025,RE,2025-07-26,2025-07-27,USD,4500091463
3000,1900000937,2024,RE,2024-08-24,2024-08-28,AED,4500091331
3000,1900000938,2024,RE,2024-09-13,2024-09-17,AED,4500090912
2000,1900000939,2024,RE,2025-03-26,2025-03-29,USD,4500090641
3000,1900000940,2024,RE,2024-12-30,2025-01-01,EUR,4500091871
1000,1900000941,2024,RE,2024-04-13,2024-04-18,USD,4500091878
1000,1900000942,2025,RE,2024-02-29,2024-03-01,AED,4500091059
3000,1900000943,2025,RE,2024-06-18,2024-06-20,USD,4500091211
1000,1900000944,2025,RE,2025-03-12,2025-03-14,EUR,4500090143
2000,1900000945,2024,RE,2024-01-17,2024-01-20,EUR,4500091522
1000,1900000946,2025,RE,2025-12-15,2025-12-18,USD,4500091320
1000,1900000947,2025,RE,2024-03-11,2024-03-16,USD,4500091173
2000,1900000948,2025,RE,2024-12-11,2024-12-16,EUR,4500091972
1000,1900000949,2024,RE,2024-07-13,2024-07-15,AED,4500091487
3000,1900000950,2024,RE,2025-04-22,2025-04-22,USD,4500091275
2000,1900000951,2024,RE,2025-07-05,2025-07-09,AED,4500090056
2000,1900000952,2025,RE,2025-01-14,2025-01-18,AED,4500090587
3000,1900000953,2025,RE,2025-04-04,2025-04-09,EUR,4500090373
2000,1900000954,2025,RE,2024-09-06,2024-09-07,EUR,4500090552
3000,1900000955,2024,RE,2024-12-02,2024-12-03,AED,4500091572
2000,1900000956,2025,RE,2025-03-27,2025-03-31,AED,4500090787
3000,1900000957,2025,RE,2024-02-05,2024-02-09,USD,4500090325
2000,1900000958,2025,RE,2025-12-19,2025-12-21,AED,4500090642
2000,1900000959,2025,RE,2024-09-26,2024-09-28,AED,4500091105
1000,1900000960,2025,RE,2025-07-05,2025-07-05,EUR,4500091523
2000,1900000961,2025,RE,2024-09-23,2024-09-23,USD,4500090068
1000,1900000962,2025,RE,2024-11-29,2024-12-02,USD,4500091890
2000,1900000963,2024,RE,2025-02-07,2025-02-12,AED,4500090099
3000,1900000964,2025,RE,2024-01-25,2024-01-25,AED,4500090072
2000,1900000965,2025,RE,2024-12-23,2024-12-28,EUR,4500090620
1000,1900000966,2025,RE,2024-09-17,2024-09-19,EUR,4500090039
1000,1900000967,2024,RE,2024-02-11,2024-02-13,USD,4500091999
2000,1900000968,2025,RE,2024-09-14,2024-09-18,USD,4500090521
3000,1900000969,2025,RE,2025-03-27,2025-03-29,EUR,4500091498
3000,1900000970,2025,RE,2024-10-15,2024-10-18,AED,4500091189
1000,1900000971,2024,RE,2024-07-16,2024-07-20,EUR,4500090123
2000,1900000972,2025,RE,2024-04-24,2024-04-25,USD,4500090182
1000,1900000973,2024,RE,2025-11-04,2025-11-06,USD,4500090722
3000,1900000974,2024,RE,2024-09-03,2024-09-03,USD,4500091232
2000,1900000975,2024,RE,2024-03-13,2024-03-18,EUR,4500091589
1000,1900000976,2025,RE,2025-11-08,2025-11-11,EUR,4500091754
2000,1900000977,2025,RE,2024-08-22,2024-08-23,AED,4500091414
1000,1900000978,2024,RE,2024-06-15,2024-06-17,USD,4500090823
2000,1900000979,2025,RE,2024-10-11,2024-10-14,USD,4500090520
2000,1900000980,2025,RE,2024-07-03,2024-07-05,EUR,4500091243
1000,1900000981,2024,RE,2024-03-09,2024-03-09,USD,4500090466
1000,1900000982,2025,RE,2025-11-30,2025-12-05,EUR,4500090556
1000,1900000983,2025,RE,2025-08-11,2025-08-11,EUR,4500091532
3000,1900000984,2025,RE,2025-08-12,2025-08-14,AED,4500091989
2000,1900000985,2024,RE,2025-07-11,2025-07-13,AED,4500090787
3000,1900000986,2025,RE,2025-07-27,2025-08-01,AED,4500091319
1000,1900000987,2024,RE,2025-02-10,2025-02-15,EUR,4500091539
2000,1900000988,2025,RE,2024-07-29,2024-08-01,USD,4500091748
1000,1900000989,2024,RE,2024-04-24,2024-04-28,EUR,4500091754
1000,1900000990,2025,RE,2025-08-08,2025-08-11,USD,4500090259
2000,1900000991,2025,RE,2025-02-13,2025-02-13,AED,4500090870
1000,1900000992,2024,RE,2025-01-08,2025-01-09,AED,4500091231
3000,1900000993,2025,RE,2025-09-17,2025-09-18,EUR,4500091181
1000,1900000994,2025,RE,2025-03-06,2025-03-09,AED,4500091087
1000,1900000995,2025,RE,2024-08-05,2024-08-10,AED,4500091732
1000,1900000996,2025,RE,2024-10-11,2024-10-14,AED,4500090095
2000,1900000997,2024,RE,2025-04-06,2025-04-09,AED,4500090069
2000,1900000998,2025,RE,2025-12-14,2025-12-14,AED,4500091948
3000,1900000999,2025,RE,2025-09-27,2025-10-02,USD,4500090073
2000,1900001000,2024,RE,2025-10-07,2025-10-08,EUR,4500090270
2000,1900001001,2024,RE,2024-12-10,2024-12-15,USD,4500090551
3000,1900001002,2025,RE,2025-12-07,2025-12-09,EUR,4500090495
3000,1900001003,2025,RE,2024-12-15,2024-12-16,EUR,4500090054
2000,1900001004,2025,RE,2024-05-13,2024-05-17,USD,4500091901
1000,1900001005,2025,RE,2025-11-19,2025-11-23,AED,4500090796
3000,1900001006,2025,RE,2025-03-12,2025-03-15,EUR,4500091506
2000,1900001007,2025,RE,2024-07-10,2024-07-13,EUR,4500090063
1000,1900001008,2025,RE,2025-09-06,2025-09-08,USD,4500090353
1000,1900001009,2025,RE,2024-04-15,2024-04-18,EUR,4500091235
2000,1900001010,2024,RE,2025-05-17,2025-05-17,USD,4500090524
3000,1900001011,2024,RE,2024-07-16,2024-07-21,AED,4500091200
2000,1900001012,2024,RE,2025-09-13,2025-09-14,USD,4500091644
1000,1900001013,2024,RE,2025-05-02,2025-05-06,EUR,4500090714
3000,1900001014,2024,RE,2024-02-17,2024-02-17,AED,4500090109
3000,1900001015,2025,RE,2024-01-19,2024-01-20,USD,4500091689
3000,1900001016,2025,RE,2025-03-18,2025-03-22,AED,4500090364
2000,1900001017,2024,RE,2025-07-19,2025-07-19,AED,4500091276
3000,1900001018,2025,RE,2024-06-27,2024-07-01,EUR,4500090241
3000,1900001019,2024,RE,2024-04-19,2024-04-23,EUR,4500090506
3000,1900001020,2025,RE,2025-08-27,2025-08-29,AED,4500090890
2000,1900001021,2025,RE,2024-08-24,2024-08-28,AED,4500090056
2000,1900001022,2025,RE,2025-03-18,2025-03-23,AED,4500091234
1000,1900001023,2025,RE,2024-10-24,2024-10-25,USD,4500091175
1000,1900001024,2025,RE,2025-11-23,2025-11-28,AED,4500090731
2000,1900001025,2025,RE,2025-01-29,2025-01-30,EUR,4500091085
2000,1900001026,2025,RE,2024-02-24,2024-02-29,EUR,4500091290
3000,1900001027,2025,RE,2025-12-01,2025-12-01,USD,4500090972
1000,1900001028,2024,RE,2024-12-03,2024-12-05,USD,4500090324
3000,1900001029,2025,RE,2025-10-10,2025-10-12,USD,4500091765
1000,1900001030,2024,RE,2025-07-25,2025-07-30,EUR,4500090294
2000,1900001031,2025,RE,2025-08-06,2025-08-08,USD,4500091801
3000,1900001032,2025,RE,2025-03-22,2025-03-25,AED,4500091751
3000,1900001033,2025,RE,2025-09-23,2025-09-23,AED,4500091614
1000,1900001034,2025,RE,2024-06-18,2024-06-22,USD,4500091443
2000,1900001035,2025,RE,2024-10-15,2024-10-15,EUR,4500090374
2000,1900001036,2024,RE,2024-10-19,2024-10-19,EUR,4500090102
1000,1900001037,2024,RE,2024-03-11,2024-03-12,AED,4500091650
1000,1900001038,2024,RE,2024-07-03,2024-07-06,USD,4500090934
1000,1900001039,2024,RE,2025-01-01,2025-01-03,EUR,4500091270
1000,1900001040,2024,RE,2024-03-22,2024-03-22,USD,4500091848
3000,1900001041,2024,RE,2024-08-18,2024-08-18,AED,4500090756
3000,1900001042,2025,RE,2024-10-08,2024-10-12,USD,4500091360
1000,1900001043,2025,RE,2025-05-26,2025-05-27,AED,4500090849
2000,1900001044,2024,RE,2025-09-01,2025-09-04,USD,4500090928
2000,1900001045,2025,RE,2024-10-23,2024-10-27,EUR,4500090200
2000,1900001046,2025,RE,2024-06-12,2024-06-17,AED,4500091262
3000,1900001047,2024,RE,2025-06-20,2025-06-23,AED,4500090851
3000,1900001048,2024,RE,2025-10-27,2025-10-29,USD,4500090108
1000,1900001049,2025,RE,2024-02-12,2024-02-14,AED,4500090699
1000,1900001050,2025,RE,2024-02-03,2024-02-05,AED,4500091456
1000,1900001051,2024,RE,2024-03-12,2024-03-17,USD,4500091528
2000,1900001052,2025,RE,2025-05-08,2025-05-11,EUR,4500091700
3000,1900001053,2025,RE,2025-05-21,2025-05-24,EUR,4500091631
1000,1900001054,2025,RE,2024-12-06,2024-12-09,USD,4500091869
1000,1900001055,2024,RE,2025-02-14,2025-02-16,EUR,4500090346
1000,1900001056,2025,RE,2025-05-18,2025-05-20,AED,4500090849
1000,1900001057,2024,RE,2024-04-28,2024-04-30,USD,4500091591
1000,1900001058,2024,RE,2025-07-23,2025-07-23,USD,4500090113
2000,1900001059,2024,RE,2025-07-24,2025-07-25,EUR,4500091864
1000,1900001060,2024,RE,2024-10-04,2024-10-09,USD,4500091817
1000,1900001061,2025,RE,2024-09-23,2024-09-24,EUR,4500091278
1000,1900001062,2024,RE,2024-12-20,2024-12-20,USD,4500091103
2000,1900001063,2025,RE,2025-03-01,2025-03-02,USD,4500091370
2000,1900001064,2024,RE,2024-09-17,2024-09-17,EUR,4500090088
2000,1900001065,2024,RE,2024-01-06,2024-01-09,USD,4500090603
1000,1900001066,2024,RE,2025-03-15,2025-03-19,EUR,4500091338
1000,1900001067,2025,RE,2024-06-06,2024-06-11,EUR,4500090737
1000,1900001068,2025,RE,2025-11-30,2025-11-30,USD,4500090841
1000,1900001069,2024,RE,2024-02-08,2024-02-08,AED,4500091604
1000,1900001070,2025,RE,2024-04-23,2024-04-28,AED,4500090712
2000,1900001071,2024,RE,2024-09-13,2024-09-14,EUR,4500091868
2000,1900001072,2024,RE,2025-10-02,2025-10-05,USD,4500090894
3000,1900001073,2024,RE,2025-12-05,2025-12-05,USD,4500090876
3000,1900001074,2025,RE,2024-11-02,2024-11-06,AED,4500091133
1000,1900001075,2025,RE,2024-06-03,2024-06-03,AED,4500091946
1000,1900001076,2024,RE,2024-08-15,2024-08-16,AED,4500091274
3000,1900001077,2025,RE,2025-08-13,2025-08-13,USD,4500091833
2000,1900001078,2024,RE,2025-04-21,2025-04-26,AED,4500091655
3000,1900001079,2025,RE,2024-06-18,2024-06-20,AED,4500090361
1000,1900001080,2024,RE,2024-01-15,2024-01-19,AED,4500090442
1000,1900001081,2025,RE,2024-03-12,2024-03-15,EUR,4500091687
1000,1900001082,2025,RE,2024-09-03,2024-09-06,EUR,4500091505
3000,1900001083,2025,RE,2024-04-18,2024-04-20,EUR,4500091812
3000,1900001084,2025,RE,2024-06-04,2024-06-08,USD,4500090892
2000,1900001085,2024,RE,2024-07-16,2024-07-19,USD,4500091760
2000,1900001086,2025,RE,2025-01-19,2025-01-23,USD,4500090498
3000,1900001087,2024,RE,2024-10-09,2024-10-11,AED,4500090364
3000,1900001088,2024,RE,2025-09-19,2025-09-22,EUR,4500091258
2000,1900001089,2025,RE,2025-07-02,2025-07-03,AED,4500091019
3000,1900001090,2024,RE,2024-02-22,2024-02-27,USD,4500091545
3000,1900001091,2025,RE,2024-09-03,2024-09-08,EUR,4500090588
1000,1900001092,2024,RE,2025-03-16,2025-03-16,AED,4500091549
2000,1900001093,2025,RE,2025-12-14,2025-12-19,USD,4500091451
1000,1900001094,2025,RE,2025-11-30,2025-12-01,AED,4500091157
3000,1900001095,2024,RE,2025-09-17,2025-09-17,USD,4500090578
2000,1900001096,2024,RE,2024-05-09,2024-05-12,USD,4500090538
2000,1900001097,2024,RE,2024-04-26,2024-04-27,USD,4500090871
2000,1900001098,2025,RE,2024-02-21,2024-02-21,AED,4500091886
1000,1900001099,2024,RE,2024-08-02,2024-08-06,EUR,4500090672
3000,1900001100,2024,RE,2024-01-25,2024-01-28,AED,4500090368
3000,1900001101,2024,RE,2024-06-16,2024-06-18,EUR,4500091605
1000,1900001102,2024,RE,2025-07-03,2025-07-05,EUR,4500091420
2000,1900001103,2024,RE,2024-09-15,2024-09-18,AED,4500090386
1000,1900001104,2025,RE,2024-12-19,2024-12-19,AED,4500091377
2000,1900001105,2025,RE,2024-09-30,2024-09-30,USD,4500091796
2000,1900001106,2024,RE,2025-12-31,2025-12-31,EUR,4500090208
1000,1900001107,2025,RE,2024-03-10,2024-03-12,EUR,4500091505
1000,1900001108,2025,RE,2025-04-29,2025-05-02,AED,4500091642
2000,1900001109,2025,RE,2025-08-20,2025-08-22,EUR,4500091150
1000,1900001110,2025,RE,2025-11-21,2025-11-23,EUR,4500091161
2000,1900001111,2025,RE,2025-01-10,2025-01-13,USD,4500090768
2000,1900001112,2024,RE,2024-05-06,2024-05-07,USD,4500090304
3000,1900001113,2025,RE,2025-07-02,2025-07-02,EUR,4500090280
3000,1900001114,2024,RE,2024-10-31,2024-11-01,EUR,4500091781
1000,1900001115,2025,RE,2024-11-18,2024-11-23,EUR,4500090172
3000,1900001116,2024,RE,2024-04-30,2024-05-02,USD,4500091950
1000,1900001117,2024,RE,2025-12-19,2025-12-20,AED,4500091876
2000,1900001118,2025,RE,2025-08-15,2025-08-18,USD,4500090916
1000,1900001119,2024,RE,2024-10-14,2024-10-15,EUR,4500090263
2000,1900001120,2025,RE,2025-10-08,2025-10-09,USD,4500091416
1000,1900001121,2024,RE,2025-12-31,2026-01-05,USD,4500090664
2000,1900001122,2025,RE,2024-09-08,2024-09-12,AED,4500090049
2000,1900001123,2024,RE,2025-05-26,2025-05-31,EUR,4500090620
2000,1900001124,2024,RE,2025-06-02,2025-06-06,USD,4500090950
3000,1900001125,2024,RE,2025-05-12,2025-05-13,USD,4500090059
3000,1900001126,2025,RE,2024-02-14,2024-02-18,AED,4500090388
2000,1900001127,2024,RE,2025-05-26,2025-05-26,AED,4500090347
2000,1900001128,2025,RE,2024-05-21,2024-05-21,EUR,4500091418
1000,1900001129,2024,RE,2025-12-03,2025-12-04,EUR,4500090826
1000,1900001130,2025,RE,2024-01-12,2024-01-12,AED,4500091940
2000,1900001131,2025,RE,2024-03-05,2024-03-06,USD,4500091394
3000,1900001132,2024,RE,2025-11-19,2025-11-21,AED,4500090756
2000,1900001133,2025,RE,2025-11-24,2025-11-27,AED,4500091118
1000,1900001134,2025,RE,2025-09-16,2025-09-19,USD,4500090206
2000,1900001135,2025,RE,2025-06-27,2025-06-28,EUR,4500090084
2000,1900001136,2025,RE,2025-04-11,2025-04-15,USD,4500090527
2000,1900001137,2024,RE,2025-03-02,2025-03-04,EUR,4500090505
2000,1900001138,2024,RE,2024-04-12,2024-04-13,EUR,4500090792
2000,1900001139,2024,RE,2025-02-28,2025-03-02,USD,4500091440
2000,1900001140,2025,RE,2025-06-27,2025-06-30,EUR,4500090455
1000,1900001141,2025,RE,2025-10-19,2025-10-21,USD,4500090911
1000,1900001142,2024,RE,2025-06-22,2025-06-26,USD,4500090259
2000,1900001143,2025,RE,2024-11-23,2024-11-26,EUR,4500090683
3000,1900001144,2025,RE,2024-10-17,2024-10-18,EUR,4500090410
1000,1900001145,2024,RE,2024-05-20,2024-05-22,EUR,4500091369
3000,1900001146,2025,RE,2025-05-23,2025-05-27,AED,4500090402
2000,1900001147,2025,RE,2025-09-23,2025-09-26,USD,4500090720
2000,1900001148,2025,RE,2025-03-27,2025-03-31,AED,4500090632
3000,1900001149,2024,RE,2025-03-28,2025-03-31,AED,4500091564
2000,1900001150,2025,RE,2025-05-12,2025-05-16,USD,4500091228
1000,1900001151,2025,RE,2025-11-10,2025-11-12,AED,4500090647
1000,1900001152,2024,RE,2025-09-16,2025-09-17,USD,4500090823
2000,1900001153,2024,RE,2025-03-06,2025-03-09,EUR,4500090331
3000,1900001154,2024,RE,2024-09-23,2024-09-23,AED,4500090202
1000,1900001155,2024,RE,2025-07-04,2025-07-08,USD,4500091140
1000,1900001156,2024,RE,2025-07-03,2025-07-08,AED,4500091645
1000,1900001157,2025,RE,2024-09-15,2024-09-18,EUR,4500090733
2000,1900001158,2024,RE,2024-03-29,2024-03-29,AED,4500091829
3000,1900001159,2025,RE,2025-07-26,2025-07-28,AED,4500091313
3000,1900001160,2025,RE,2024-06-13,2024-06-16,EUR,4500091704
2000,1900001161,2025,RE,2024-02-02,2024-02-02,EUR,4500090008
2000,1900001162,2025,RE,2025-02-03,2025-02-08,EUR,4500090844
1000,1900001163,2025,RE,2024-02-07,2024-02-11,EUR,4500090583
1000,1900001164,2024,RE,2025-02-05,2025-02-07,USD,4500091223
1000,1900001165,2025,RE,2024-09-11,2024-09-11,USD,4500090695
1000,1900001166,2025,RE,2025-05-17,2025-05-22,AED,4500090266
3000,1900001167,2025,RE,2024-07-04,2024-07-09,USD,4500091866
1000,1900001168,2025,RE,2024-07-21,2024-07-21,USD,4500091405
2000,1900001169,2025,RE,2025-01-17,2025-01-20,AED,4500090843
3000,1900001170,2025,RE,2025-11-26,2025-12-01,AED,4500090121
3000,1900001171,2024,RE,2024-09-15,2024-09-15,AED,4500090190
2000,1900001172,2024,RE,2025-04-14,2025-04-17,EUR,4500090552
3000,1900001173,2025,RE,2024-11-09,2024-11-14,EUR,4500091704
1000,1900001174,2025,RE,2024-12-30,2024-12-30,EUR,4500091379
1000,1900001175,2024,RE,2024-09-26,2024-09-26,EUR,4500091820
2000,1900001176,2025,RE,2024-12-26,2024-12-27,EUR,4500090765
2000,1900001177,2025,RE,2025-07-28,2025-07-31,AED,4500090735
1000,1900001178,2025,RE,2025-11-20,2025-11-22,USD,4500090533
2000,1900001179,2025,RE,2024-06-17,2024-06-18,USD,4500091510
3000,1900001180,2024,RE,2025-11-05,2025-11-06,AED,4500091492
1000,1900001181,2024,RE,2025-10-20,2025-10-22,USD,4500091443
3000,1900001182,2025,RE,2025-06-21,2025-06-24,USD,4500090706
1000,1900001183,2025,RE,2025-04-28,2025-05-01,AED,4500090604
1000,1900001184,2025,RE,2024-06-02,2024-06-07,EUR,4500091870
3000,1900001185,2025,RE,2024-01-11,2024-01-14,USD,4500090210
3000,1900001186,2025,RE,2025-03-28,2025-04-01,EUR,4500090065
2000,1900001187,2025,RE,2024-03-08,2024-03-11,EUR,4500091185
3000,1900001188,2024,RE,2024-12-30,2025-01-03,USD,4500091029
3000,1900001189,2025,RE,2024-03-14,2024-03-14,USD,4500090582
3000,1900001190,2025,RE,2025-06-25,2025-06-30,EUR,4500091570
3000,1900001191,2024,RE,2024-04-29,2024-05-04,USD,4500091827
2000,1900001192,2024,RE,2024-02-27,2024-03-03,AED,4500091882
2000,1900001193,2025,RE,2024-08-09,2024-08-09,AED,4500090848
3000,1900001194,2025,RE,2024-09-01,2024-09-03,USD,4500091249
2000,1900001195,2024,RE,2025-04-28,2025-04-29,EUR,4500091268
1000,1900001196,2024,RE,2025-10-14,2025-10-14,AED,4500091071
1000,1900001197,2024,RE,2025-11-06,2025-11-10,AED,4500091305
3000,1900001198,2025,RE,2025-08-20,2025-08-21,EUR,4500091996
1000,1900001199,2024,RE,2024-01-29,2024-02-01,USD,4500090998
1000,1900001200,2024,RE,2025-11-15,2025-11-16,USD,4500091910
1000,1900001201,2024,RE,2025-04-08,2025-04-09,AED,4500090266
1000,1900001202,2024,RE,2025-05-07,2025-05-11,USD,4500091512
2000,1900001203,2025,RE,2025-05-25,2025-05-28,EUR,4500091237
1000,1900001204,2025,RE,2025-03-21,2025-03-22,EUR,4500091270
2000,1900001205,2024,RE,2025-11-26,2025-11-30,EUR,4500090567
2000,1900001206,2024,RE,2025-08-05,2025-08-06,EUR,4500091872
1000,1900001207,2024,RE,2024-12-26,2024-12-26,USD,4500090206
1000,1900001208,2025,RE,2025-04-02,2025-04-06,EUR,4500090986
3000,1900001209,2024,RE,2024-08-17,2024-08-18,USD,4500091316
1000,1900001210,2025,RE,2024-08-21,2024-08-21,USD,4500091175
3000,1900001211,2024,RE,2025-01-27,2025-01-27,AED,4500091673
1000,1900001212,2024,RE,2024-02-21,2024-02-22,AED,4500090777
1000,1900001213,2024,RE,2025-05-25,2025-05-29,EUR,4500091609
2000,1900001214,2025,RE,2025-04-20,2025-04-20,EUR,4500091372
3000,1900001215,2025,RE,2025-10-29,2025-10-29,AED,4500090465
2000,1900001216,2025,RE,2024-12-04,2024-12-05,EUR,4500091257
3000,1900001217,2025,RE,2025-04-23,2025-04-28,USD,4500090349
2000,1900001218,2025,RE,2025-01-29,2025-01-30,AED,4500090587
1000,1900001219,2024,RE,2024-12-22,2024-12-23,EUR,4500090398
2000,1900001220,2024,RE,2025-11-03,2025-11-03,EUR,4500091007
3000,1900001221,2025,RE,2024-11-02,2024-11-04,AED,4500090635
1000,1900001222,2025,RE,2025-01-19,2025-01-24,EUR,4500091215
1000,1900001223,2024,RE,2024-07-26,2024-07-30,EUR,4500091296
1000,1900001224,2025,RE,2024-03-17,2024-03-19,AED,4500090914
3000,1900001225,2024,RE,2025-03-31,2025-03-31,USD,4500090678
2000,1900001226,2024,RE,2025-10-23,2025-10-23,EUR,4500090319
3000,1900001227,2024,RE,2024-01-20,2024-01-23,EUR,4500090889
3000,1900001228,2025,RE,2025-02-28,2025-03-03,AED,4500091697
1000,1900001229,2024,RE,2025-04-15,2025-04-20,AED,4500091650
1000,1900001230,2024,RE,2024-10-03,2024-10-04,EUR,4500091474
3000,1900001231,2025,RE,2025-02-05,2025-02-10,EUR,4500090002
1000,1900001232,2024,RE,2025-10-19,2025-10-22,AED,4500090758
1000,1900001233,2025,RE,2025-05-06,2025-05-08,AED,4500091204
1000,1900001234,2025,RE,2025-09-21,2025-09-21,EUR,4500090887
3000,1900001235,2024,RE,2024-10-31,2024-11-03,AED,4500090499
2000,1900001236,2024,RE,2024-01-24,2024-01-27,AED,4500091439
2000,1900001237,2025,RE,2025-04-18,2025-04-19,AED,4500091740
2000,1900001238,2025,RE,2024-10-30,2024-10-31,EUR,4500091589
1000,1900001239,2025,RE,2025-10-12,2025-10-15,USD,4500091452
2000,1900001240,2024,RE,2024-02-27,2024-03-01,AED,4500090228
2000,1900001241,2024,RE,2024-02-25,2024-02-26,EUR,4500090249
2000,1900001242,2024,RE,2024-05-01,2024-05-01,USD,4500091180
3000,1900001243,2024,RE,2024-07-26,2024-07-26,USD,4500091246
2000,1900001244,2025,RE,2025-09-28,2025-10-01,AED,4500090066
2000,1900001245,2024,RE,2024-06-01,2024-06-02,USD,4500091694
3000,1900001246,2025,RE,2025-05-16,2025-05-20,USD,4500091050
1000,1900001247,2025,RE,2024-06-05,2024-06-07,AED,4500091041
1000,1900001248,2024,RE,2025-12-04,2025-12-07,USD,4500091517
3000,1900001249,2025,RE,2024-08-27,2024-08-27,AED,4500090383
2000,1900001250,2024,RE,2025-05-14,2025-05-16,USD,4500091841
2000,1900001251,2025,RE,2024-08-09,2024-08-12,AED,4500091744
2000,1900001252,2025,RE,2025-01-26,2025-01-29,USD,4500090134
3000,1900001253,2025,RE,2025-07-01,2025-07-02,EUR,4500090036
1000,1900001254,2025,RE,2024-05-01,2024-05-06,USD,4500091921
2000,1900001255,2025,RE,2025-11-17,2025-11-22,AED,4500090114
2000,1900001256,2025,RE,2025-02-22,2025-02-27,EUR,4500090765
3000,1900001257,2025,RE,2025-09-17,2025-09-17,EUR,4500090241
2000,1900001258,2025,RE,2024-01-24,2024-01-24,USD,4500090780
2000,1900001259,2025,RE,2024-10-15,2024-10-19,USD,4500090885
1000,1900001260,2025,RE,2024-08-16,2024-08-20,AED,4500090201
3000,1900001261,2025,RE,2025-12-21,2025-12-26,EUR,4500091156
2000,1900001262,2025,RE,2025-09-02,2025-09-02,EUR,4500091617
2000,1900001263,2024,RE,2025-06-19,2025-06-19,AED,4500091311
3000,1900001264,2025,RE,2025-03-12,2025-03-17,AED,4500090878
1000,1900001265,2024,RE,2025-09-15,2025-09-17,AED,4500091402
2000,1900001266,2025,RE,2024-01-31,2024-02-02,EUR,4500090102
1000,1900001267,2024,RE,2025-11-25,2025-11-25,AED,4500090314
1000,1900001268,2024,RE,2024-10-18,2024-10-18,EUR,4500091437
3000,1900001269,2024,RE,2025-06-16,2025-06-19,AED,4500090748
3000,1900001270,2024,RE,2024-06-04,2024-06-09,USD,4500091246
2000,1900001271,2024,RE,2024-04-12,2024-04-16,USD,4500090858
3000,1900001272,2024,RE,2025-01-06,2025-01-06,EUR,4500091909
1000,1900001273,2025,RE,2025-02-17,2025-02-18,USD,4500090279
3000,1900001274,2025,RE,2025-05-12,2025-05-17,EUR,4500090907
1000,1900001275,2024,RE,2025-11-26,2025-11-27,USD,4500091182
2000,1900001276,2024,RE,2024-07-22,2024-07-27,EUR,4500091518
1000,1900001277,2025,RE,2024-01-05,2024-01-05,EUR,4500090493
2000,1900001278,2025,RE,2024-04-12,2024-04-17,AED,4500090830
3000,1900001279,2025,RE,2025-01-06,2025-01-08,USD,4500091275
1000,1900001280,2024,RE,2025-05-31,2025-06-01,EUR,4500090963
2000,1900001281,2025,RE,2024-11-23,2024-11-24,AED,4500090654
1000,1900001282,2024,RE,2024-05-28,2024-05-28,USD,4500090480
3000,1900001283,2025,RE,2024-06-18,2024-06-22,EUR,4500090667
2000,1900001284,2024,RE,2025-03-06,2025-03-11,EUR,4500090765
2000,1900001285,2025,RE,2024-11-08,2024-11-12,EUR,4500090090
2000,1900001286,2025,RE,2024-06-12,2024-06-16,USD,4500091757
2000,1900001287,2025,RE,2025-08-13,2025-08-14,AED,4500090902
3000,1900001288,2025,RE,2025-10-07,2025-10-12,AED,4500091795
3000,1900001289,2024,RE,2024-03-02,2024-03-04,AED,4500090779
2000,1900001290,2024,RE,2024-07-26,2024-07-31,USD,4500090856
1000,1900001291,2024,RE,2024-03-27,2024-03-29,AED,4500091739
2000,1900001292,2024,RE,2024-08-08,2024-08-10,AED,4500091530
1000,1900001293,2025,RE,2025-01-23,2025-01-28,AED,4500090976
1000,1900001294,2024,RE,2024-08-30,2024-09-02,USD,4500091507
2000,1900001295,2024,RE,2025-12-07,2025-12-09,EUR,4500091075
1000,1900001296,2025,RE,2024-06-29,2024-07-04,USD,4500091512
3000,1900001297,2025,RE,2025-04-08,2025-04-13,EUR,4500091640
2000,1900001298,2025,RE,2024-12-06,2024-12-06,EUR,4500090552
2000,1900001299,2025,RE,2024-06-05,2024-06-05,USD,4500090316
3000,1900001300,2024,RE,2024-09-19,2024-09-24,EUR,4500091580
3000,1900001301,2025,RE,2025-04-03,2025-04-03,USD,4500090429
2000,1900001302,2025,RE,2025-08-06,2025-08-10,AED,4500091875
1000,1900001303,2024,RE,2025-01-28,2025-02-02,EUR,4500090696
2000,1900001304,2024,RE,2025-01-25,2025-01-26,AED,4500091262
1000,1900001305,2025,RE,2025-05-11,2025-05-15,AED,4500090626
1000,1900001306,2024,RE,2024-07-14,2024-07-19,AED,4500090502
1000,1900001307,2024,RE,2025-10-03,2025-10-03,USD,4500091869
2000,1900001308,2024,RE,2024-06-21,2024-06-25,EUR,4500090287
1000,1900001309,2025,RE,2025-06-15,2025-06-18,AED,4500091821
2000,1900001310,2024,RE,2025-09-02,2025-09-07,AED,4500090942
3000,1900001311,2025,RE,2025-02-27,2025-03-03,EUR,4500090500
1000,1900001312,2025,RE,2024-10-05,2024-10-06,AED,4500090534
2000,1900001313,2024,RE,2025-12-28,2025-12-31,USD,4500090355
1000,1900001314,2025,RE,2024-03-15,2024-03-20,EUR,4500091600
3000,1900001315,2024,RE,2025-06-08,2025-06-10,EUR,4500091640
3000,1900001316,2025,RE,2024-12-03,2024-12-06,EUR,4500091167
3000,1900001317,2024,RE,2024-02-03,2024-02-03,AED,4500091137
3000,1900001318,2024,RE,2024-04-03,2024-04-08,AED,4500090947
2000,1900001319,2025,RE,2024-12-31,2025-01-04,EUR,4500090326
2000,1900001320,2024,RE,2025-12-03,2025-12-04,USD,4500090444
2000,1900001321,2024,RE,2024-01-18,2024-01-20,USD,4500090232
2000,1900001322,2025,RE,2025-06-22,2025-06-26,EUR,4500091011
2000,1900001323,2024,RE,2024-01-25,2024-01-27,AED,4500090049
2000,1900001324,2025,RE,2024-04-01,2024-04-05,AED,4500090342
3000,1900001325,2024,RE,2024-02-13,2024-02-13,EUR,4500090461
1000,1900001326,2024,RE,2024-08-18,2024-08-21,EUR,4500091551
3000,1900001327,2025,RE,2024-03-17,2024-03-18,USD,4500091112
2000,1900001328,2025,RE,2025-07-27,2025-07-27,AED,4500091741
2000,1900001329,2025,RE,2024-10-10,2024-10-13,AED,4500091772
3000,1900001330,2024,RE,2025-04-21,2025-04-24,AED,4500091671
2000,1900001331,2024,RE,2025-12-31,2026-01-04,AED,4500090746
2000,1900001332,2025,RE,2024-12-25,2024-12-26,EUR,4500091412
3000,1900001333,2025,RE,2025-12-28,2025-12-29,AED,4500090229
3000,1900001334,2024,RE,2025-08-13,2025-08-15,USD,4500090073
3000,1900001335,2025,RE,2025-01-06,2025-01-11,AED,4500090072
3000,1900001336,2024,RE,2024-05-08,2024-05-08,EUR,4500090423
3000,1900001337,2025,RE,2025-05-04,2025-05-06,USD,4500090600
1000,1900001338,2024,RE,2024-08-30,2024-09-03,AED,4500090849
2000,1900001339,2025,RE,2025-05-07,2025-05-09,EUR,4500091957
1000,1900001340,2025,RE,2024-01-29,2024-02-02,EUR,4500090039
2000,1900001341,2024,RE,2025-12-31,2026-01-02,EUR,4500090738
3000,1900001342,2024,RE,2024-01-06,2024-01-06,USD,4500090548
1000,1900001343,2025,RE,2025-06-07,2025-06-12,USD,4500091776
2000,1900001344,2025,RE,2025-10-20,2025-10-21,USD,4500091761
2000,1900001345,2024,RE,2024-04-07,2024-04-10,USD,4500090437
2000,1900001346,2025,RE,2024-01-08,2024-01-11,AED,4500091121
2000,1900001347,2024,RE,2025-04-12,2025-04-14,EUR,4500091568
2000,1900001348,2025,RE,2025-04-29,2025-05-04,AED,4500091668
2000,1900001349,2025,RE,2025-10-25,2025-10-26,EUR,4500090192
1000,1900001350,2025,RE,2025-11-21,2025-11-24,USD,4500090401
2000,1900001351,2024,RE,2024-01-04,2024-01-06,EUR,4500090020
3000,1900001352,2024,RE,2024-08-20,2024-08-23,EUR,4500091822
1000,1900001353,2024,RE,2024-10-29,2024-10-29,EUR,4500090999
1000,1900001354,2025,RE,2025-03-24,2025-03-26,USD,4500091405
1000,1900001355,2025,RE,2024-12-29,2024-12-29,EUR,4500090744
3000,1900001356,2025,RE,2024-01-19,2024-01-22,AED,4500091286
1000,1900001357,2024,RE,2024-09-17,2024-09-18,EUR,4500091994
2000,1900001358,2025,RE,2024-02-08,2024-02-12,USD,4500090845
3000,1900001359,2024,RE,2025-06-18,2025-06-18,AED,4500090662
2000,1900001360,2024,RE,2024-07-21,2024-07-24,EUR,4500090084
3000,1900001361,2025,RE,2024-01-14,2024-01-15,AED,4500090121
2000,1900001362,2025,RE,2025-11-07,2025-11-12,USD,4500091859
3000,1900001363,2024,RE,2024-07-10,2024-07-14,AED,4500090921
2000,1900001364,2024,RE,2025-11-26,2025-11-26,EUR,4500091007
2000,1900001365,2024,RE,2025-07-16,2025-07-18,EUR,4500091257
3000,1900001366,2024,RE,2025-09-17,2025-09-22,USD,4500091256
2000,1900001367,2025,RE,2025-07-10,2025-07-11,AED,4500091558
3000,1900001368,2024,RE,2024-03-03,2024-03-06,USD,4500091950
2000,1900001369,2025,RE,2025-05-06,2025-05-09,AED,4500091713
2000,1900001370,2024,RE,2024-02-18,2024-02-22,AED,4500090347
2000,1900001371,2025,RE,2025-08-10,2025-08-14,USD,4500090507
2000,1900001372,2024,RE,2024-01-09,2024-01-10,USD,4500091053
1000,1900001373,2025,RE,2024-06-05,2024-06-07,AED,4500090488
2000,1900001374,2025,RE,2025-11-19,2025-11-24,AED,4500090380
1000,1900001375,2025,RE,2025-07-30,2025-08-03,AED,4500091561
1000,1900001376,2024,RE,2025-09-11,2025-09-11,EUR,4500091753
2000,1900001377,2024,RE,2024-08-12,2024-08-12,AED,4500091988
3000,1900001378,2025,RE,2024-10-23,2024-10-23,EUR,4500091151
2000,1900001379,2024,RE,2024-05-25,2024-05-30,EUR,4500091621
3000,1900001380,2024,RE,2024-01-14,2024-01-17,AED,4500091504
1000,1900001381,2024,RE,2024-11-09,2024-11-11,USD,4500090993
1000,1900001382,2025,RE,2024-04-29,2024-05-01,USD,4500091210
3000,1900001383,2025,RE,2024-11-08,2024-11-09,AED,4500090424
3000,1900001384,2024,RE,2025-09-14,2025-09-16,EUR,4500090846
3000,1900001385,2025,RE,2024-08-20,2024-08-21,AED,4500090368
1000,1900001386,2024,RE,2024-02-13,2024-02-14,EUR,4500091941
1000,1900001387,2024,RE,2024-11-24,2024-11-29,EUR,4500090668
2000,1900001388,2025,RE,2024-11-11,2024-11-12,EUR,4500090128
3000,1900001389,2025,RE,2025-06-03,2025-06-06,EUR,4500091944
2000,1900001390,2025,RE,2025-10-04,2025-10-04,USD,4500090068
2000,1900001391,2024,RE,2024-08-31,2024-09-03,USD,4500091394
1000,1900001392,2025,RE,2024-03-09,2024-03-10,AED,4500090510
3000,1900001393,2024,RE,2024-12-18,2024-12-23,EUR,4500090588
3000,1900001394,2025,RE,2025-02-27,2025-02-27,AED,4500091535
1000,1900001395,2025,RE,2024-06-23,2024-06-23,AED,4500090781
1000,1900001396,2025,RE,2024-08-22,2024-08-27,EUR,4500090986
3000,1900001397,2024,RE,2025-03-03,2025-03-05,USD,4500091908
1000,1900001398,2024,RE,2025-02-09,2025-02-13,EUR,4500091335
2000,1900001399,2024,RE,2024-01-20,2024-01-20,AED,4500090473
1000,1900001400,2024,RE,2024-05-07,2024-05-09,AED,4500091123
3000,1900001401,2024,RE,2025-03-19,2025-03-19,EUR,4500090828
2000,1900001402,2025,RE,2024-02-08,2024-02-13,USD,4500091040
3000,1900001403,2025,RE,2025-07-23,2025-07-27,AED,4500091651
3000,1900001404,2025,RE,2024-02-04,2024-02-08,USD,4500090537
1000,1900001405,2024,RE,2024-07-18,2024-07-23,EUR,4500090160
1000,1900001406,2024,RE,2024-06-04,2024-06-08,USD,4500091865
1000,1900001407,2024,RE,2024-08-22,2024-08-22,USD,4500090695
1000,1900001408,2024,RE,2024-03-23,2024-03-26,EUR,4500091162
1000,1900001409,2025,RE,2025-02-20,2025-02-24,AED,4500090404
1000,1900001410,2025,RE,2025-10-26,2025-10-27,EUR,4500091896
2000,1900001411,2025,RE,2025-07-25,2025-07-25,AED,4500091658
2000,1900001412,2025,RE,2025-07-01,2025-07-02,USD,4500090747
3000,1900001413,2024,RE,2025-02-21,2025-02-21,AED,4500090814
1000,1900001414,2025,RE,2025-04-29,2025-05-03,AED,4500090148
2000,1900001415,2024,RE,2024-01-15,2024-01-18,AED,4500091009
1000,1900001416,2024,RE,2024-12-12,2024-12-17,EUR,4500091042
1000,1900001417,2024,RE,2025-06-27,2025-07-01,EUR,4500091099
1000,1900001418,2025,RE,2025-08-03,2025-08-04,EUR,4500090673
1000,1900001419,2024,RE,2025-06-13,2025-06-13,USD,4500091612
1000,1900001420,2025,RE,2025-03-07,2025-03-11,AED,4500090501
2000,1900001421,2024,RE,2025-10-09,2025-10-11,AED,4500090087
3000,1900001422,2025,RE,2025-11-19,2025-11-20,EUR,4500090884
3000,1900001423,2025,RE,2024-03-07,2024-03-12,EUR,4500091020
2000,1900001424,2025,RE,2024-03-20,2024-03-21,EUR,4500090567
1000,1900001425,2024,RE,2024-06-11,2024-06-11,EUR,4500090896
2000,1900001426,2024,RE,2025-04-02,2025-04-04,EUR,4500090262
2000,1900001427,2025,RE,2025-07-23,2025-07-26,USD,4500091115
2000,1900001428,2024,RE,2025-02-21,2025-02-21,EUR,4500091633
2000,1900001429,2024,RE,2024-09-02,2024-09-05,AED,4500091311
1000,1900001430,2025,RE,2024-10-25,2024-10-25,AED,4500090736
3000,1900001431,2025,RE,2025-02-18,2025-02-23,EUR,4500091962
3000,1900001432,2025,RE,2025-06-03,2025-06-05,USD,4500090852
1000,1900001433,2025,RE,2025-06-21,2025-06-23,EUR,4500090986
3000,1900001434,2024,RE,2024-03-16,2024-03-20,EUR,4500091034
3000,1900001435,2024,RE,2025-07-08,2025-07-12,USD,4500090900
2000,1900001436,2024,RE,2024-10-02,2024-10-04,AED,4500090076
3000,1900001437,2025,RE,2024-06-08,2024-06-08,USD,4500091016
3000,1900001438,2025,RE,2025-07-22,2025-07-26,USD,4500091616
1000,1900001439,2024,RE,2025-02-24,2025-02-25,AED,4500091971
3000,1900001440,2025,RE,2024-02-01,2024-02-03,EUR,4500091708
1000,1900001441,2025,RE,2025-07-16,2025-07-16,AED,4500090895
1000,1900001442,2025,RE,2024-04-14,2024-04-18,EUR,4500090031
1000,1900001443,2025,RE,2025-05-29,2025-05-30,AED,4500091736
3000,1900001444,2024,RE,2024-11-07,2024-11-07,AED,4500090481
1000,1900001445,2024,RE,2024-02-13,2024-02-13,USD,4500090371
2000,1900001446,2024,RE,2024-11-04,2024-11-08,USD,4500090747
2000,1900001447,2025,RE,2025-05-22,2025-05-27,USD,4500091403
3000,1900001448,2024,RE,2024-12-11,2024-12-13,AED,4500090807
3000,1900001449,2025,RE,2024-01-07,2024-01-07,AED,4500090104
3000,1900001450,2025,RE,2025-11-21,2025-11-21,AED,4500091799
2000,1900001451,2024,RE,2024-01-22,2024-01-27,AED,4500090902
3000,1900001452,2025,RE,2025-12-20,2025-12-24,AED,4500090771
3000,1900001453,2025,RE,2025-01-31,2025-02-04,EUR,4500090471
2000,1900001454,2025,RE,2024-09-26,2024-09-29,AED,4500091734
1000,1900001455,2025,RE,2025-03-03,2025-03-03,AED,4500091586
2000,1900001456,2024,RE,2025-10-06,2025-10-08,AED,4500091119
2000,1900001457,2025,RE,2025-07-13,2025-07-18,AED,4500090772
1000,1900001458,2025,RE,2025-06-13,2025-06-17,EUR,4500090954
3000,1900001459,2024,RE,2024-08-16,2024-08-18,EUR,4500090395
1000,1900001460,2025,RE,2025-02-03,2025-02-03,USD,4500090282
2000,1900001461,2024,RE,2025-11-01,2025-11-06,USD,4500091773
2000,1900001462,2025,RE,2024-10-25,2024-10-27,USD,4500091230
1000,1900001463,2024,RE,2025-12-31,2026-01-02,AED,4500091620
2000,1900001464,2024,RE,2025-02-14,2025-02-17,USD,4500090973
3000,1900001465,2024,RE,2025-01-25,2025-01-30,USD,4500091922
3000,1900001466,2024,RE,2025-12-15,2025-12-15,AED,4500091997
3000,1900001467,2024,RE,2025-05-12,2025-05-15,AED,4500090202
2000,1900001468,2025,RE,2025-12-10,2025-12-15,USD,4500091647
3000,1900001469,2025,RE,2025-01-27,2025-01-30,AED,4500090555
2000,1900001470,2024,RE,2025-04-07,2025-04-11,USD,4500090965
3000,1900001471,2024,RE,2024-01-25,2024-01-26,EUR,4500090685
2000,1900001472,2025,RE,2025-06-25,2025-06-26,EUR,4500090416
2000,1900001473,2024,RE,2025-11-22,2025-11-25,EUR,4500091957
1000,1900001474,2024,RE,2025-06-02,2025-06-06,AED,4500091066
2000,1900001475,2024,RE,2025-03-10,2025-03-11,EUR,4500091568
3000,1900001476,2025,RE,2024-09-02,2024-09-04,USD,4500090250
1000,1900001477,2024,RE,2024-10-25,2024-10-27,EUR,4500091406
1000,1900001478,2024,RE,2024-11-03,2024-11-05,USD,4500090927
2000,1900001479,2024,RE,2025-09-08,2025-09-10,AED,4500090843
2000,1900001480,2024,RE,2024-02-26,2024-02-29,USD,4500090973
3000,1900001481,2024,RE,2024-09-15,2024-09-18,USD,4500091251
2000,1900001482,2025,RE,2024-02-01,2024-02-02,USD,4500090344
3000,1900001483,2025,RE,2025-01-16,2025-01-20,EUR,4500091146
2000,1900001484,2024,RE,2025-08-12,2025-08-17,USD,4500090060
3000,1900001485,2024,RE,2025-04-07,2025-04-11,AED,4500090660
2000,1900001486,2025,RE,2025-02-07,2025-02-08,USD,4500091583
3000,1900001487,2024,RE,2025-02-20,2025-02-23,AED,4500091062
1000,1900001488,2025,RE,2024-08-19,2024-08-23,EUR,4500090826
1000,1900001489,2025,RE,2024-05-25,2024-05-30,EUR,4500090021
1000,1900001490,2024,RE,2025-09-16,2025-09-18,AED,4500090862
2000,1900001491,2024,RE,2024-11-16,2024-11-17,EUR,4500090926
3000,1900001492,2024,RE,2025-07-30,2025-08-04,AED,4500091673
3000,1900001493,2024,RE,2024-06-23,2024-06-23,EUR,4500091336
3000,1900001494,2025,RE,2024-09-12,2024-09-14,EUR,4500091769
1000,1900001495,2024,RE,2025-11-21,2025-11-25,USD,4500091878
3000,1900001496,2024,RE,2024-01-27,2024-01-29,USD,4500091758
3000,1900001497,2024,RE,2024-03-22,2024-03-26,EUR,4500091226
2000,1900001498,2025,RE,2024-05-16,2024-05-18,EUR,4500091608
3000,1900001499,2024,RE,2025-04-12,2025-04-14,USD,4500091900
2000,1900001500,2024,RE,2025-03-03,2025-03-03,AED,4500090946
1000,1900001501,2025,RE,2025-08-07,2025-08-12,EUR,4500091667
3000,1900001502,2024,RE,2025-09-22,2025-09-24,AED,4500091697
3000,1900001503,2024,RE,2024-11-24,2024-11-27,USD,4500090548
1000,1900001504,2025,RE,2025-01-07,2025-01-07,AED,4500091810
2000,1900001505,2024,RE,2024-11-10,2024-11-10,USD,4500090437
3000,1900001506,2024,RE,2025-02-21,2025-02-23,EUR,4500091368
3000,1900001507,2025,RE,2025-01-05,2025-01-07,AED,4500090756
2000,1900001508,2025,RE,2025-07-08,2025-07-10,EUR,4500090451
1000,1900001509,2024,RE,2024-02-23,2024-02-23,USD,4500090533
1000,1900001510,2025,RE,2025-09-08,2025-09-08,AED,4500091444
1000,1900001511,2025,RE,2025-10-17,2025-10-19,USD,4500090695
2000,1900001512,2025,RE,2025-06-29,2025-07-04,EUR,4500090256
1000,1900001513,2025,RE,2024-03-27,2024-03-28,EUR,4500091420
2000,1900001514,2024,RE,2024-03-15,2024-03-16,AED,4500091628
3000,1900001515,2025,RE,2025-09-25,2025-09-25,AED,4500090948
1000,1900001516,2025,RE,2024-05-21,2024-05-26,EUR,4500091431
2000,1900001517,2025,RE,2024-03-20,2024-03-21,USD,4500090855
3000,1900001518,2025,RE,2024-12-23,2024-12-27,USD,4500090196
1000,1900001519,2025,RE,2024-08-25,2024-08-25,AED,4500090488
1000,1900001520,2025,RE,2025-09-02,2025-09-04,USD,4500090466
1000,1900001521,2025,RE,2024-09-17,2024-09-22,USD,4500090033
3000,1900001522,2025,RE,2024-02-18,2024-02-21,EUR,4500090220
3000,1900001523,2024,RE,2024-01-28,2024-01-28,AED,4500091401
1000,1900001524,2024,RE,2025-09-29,2025-09-30,EUR,4500091936
3000,1900001525,2024,RE,2025-12-27,2025-12-29,EUR,4500091395
1000,1900001526,2025,RE,2025-09-13,2025-09-16,EUR,4500091818
2000,1900001527,2024,RE,2024-08-22,2024-08-26,USD,4500091416
3000,1900001528,2024,RE,2025-11-29,2025-12-01,EUR,4500090146
1000,1900001529,2024,RE,2025-03-26,2025-03-30,EUR,4500091560
2000,1900001530,2024,RE,2025-06-05,2025-06-06,EUR,4500090987
3000,1900001531,2025,RE,2025-03-18,2025-03-20,USD,4500091148
2000,1900001532,2025,RE,2025-12-09,2025-12-14,AED,4500091548
1000,1900001533,2024,RE,2025-11-16,2025-11-18,EUR,4500091779
3000,1900001534,2024,RE,2024-06-09,2024-06-12,EUR,4500091834
1000,1900001535,2025,RE,2024-12-02,2024-12-02,EUR,4500090730
3000,1900001536,2024,RE,2025-11-09,2025-11-10,AED,4500090070
3000,1900001537,2024,RE,2024-01-22,2024-01-27,EUR,4500090588
2000,1900001538,2024,RE,2025-05-21,2025-05-22,AED,4500090514
2000,1900001539,2025,RE,2024-10-02,2024-10-02,EUR,4500091288
1000,1900001540,2024,RE,2025-07-08,2025-07-13,USD,4500091175
1000,1900001541,2024,RE,2024-07-19,2024-07-22,EUR,4500090370
1000,1900001542,2024,RE,2025-10-07,2025-10-09,EUR,4500091505
1000,1900001543,2025,RE,2024-10-08,2024-10-11,AED,4500090850
3000,1900001544,2024,RE,2024-12-15,2024-12-18,EUR,4500090709
2000,1900001545,2024,RE,2025-12-02,2025-12-03,USD,4500090507
2000,1900001546,2025,RE,2025-06-21,2025-06-22,AED,4500090163
3000,1900001547,2025,RE,2025-05-19,2025-05-21,AED,4500090121
1000,1900001548,2025,RE,2025-07-17,2025-07-20,EUR,4500090431
3000,1900001549,2025,RE,2024-04-08,2024-04-11,EUR,4500091755
2000,1900001550,2025,RE,2024-09-15,2024-09-17,USD,4500090782
2000,1900001551,2024,RE,2025-03-16,2025-03-19,AED,4500091619
2000,1900001552,2025,RE,2025-09-25,2025-09-26,EUR,4500091082
2000,1900001553,2024,RE,2024-06-13,2024-06-17,AED,4500090080
1000,1900001554,2024,RE,2024-04-17,2024-04-22,EUR,4500091474
3000,1900001555,2024,RE,2025-04-21,2025-04-26,AED,4500091571
2000,1900001556,2024,RE,2025-01-08,2025-01-11,USD,4500091289
1000,1900001557,2024,RE,2024-11-23,2024-11-28,USD,4500091287
3000,1900001558,2025,RE,2024-03-26,2024-03-26,USD,4500091908
3000,1900001559,2024,RE,2025-02-15,2025-02-17,EUR,4500091083
2000,1900001560,2025,RE,2024-07-17,2024-07-19,AED,4500090646
3000,1900001561,2024,RE,2025-04-19,2025-04-19,USD,4500090356
2000,1900001562,2024,RE,2025-04-02,2025-04-04,USD,4500090715
2000,1900001563,2025,RE,2025-03-10,2025-03-11,EUR,4500091617
3000,1900001564,2025,RE,2024-05-24,2024-05-29,EUR,4500090964
2000,1900001565,2024,RE,2025-05-01,2025-05-02,USD,4500091038
2000,1900001566,2025,RE,2024-02-24,2024-02-29,USD,4500091114
1000,1900001567,2025,RE,2025-12-31,2026-01-03,EUR,4500091820
3000,1900001568,2024,RE,2024-01-22,2024-01-24,EUR,4500091580
1000,1900001569,2025,RE,2025-04-20,2025-04-23,USD,4500090652
1000,1900001570,2025,RE,2025-06-12,2025-06-12,AED,4500090219
3000,1900001571,2025,RE,2024-08-26,2024-08-28,AED,4500090851
2000,1900001572,2024,RE,2025-10-31,2025-11-03,EUR,4500090991
2000,1900001573,2024,RE,2025-02-24,2025-02-28,AED,4500091916
1000,1900001574,2024,RE,2024-08-28,2024-08-30,USD,4500090206
2000,1900001575,2024,RE,2025-10-13,2025-10-16,EUR,4500091165
1000,1900001576,2024,RE,2025-01-23,2025-01-27,USD,4500090650
2000,1900001577,2025,RE,2025-11-27,2025-12-01,AED,4500091661
2000,1900001578,2025,RE,2025-11-15,2025-11-20,EUR,4500090459
3000,1900001579,2025,RE,2024-01-18,2024-01-22,AED,4500090542
2000,1900001580,2025,RE,2024-03-19,2024-03-21,AED,4500091630
1000,1900001581,2024,RE,2025-10-28,2025-10-30,AED,4500090288
1000,1900001582,2025,RE,2025-01-05,2025-01-10,EUR,4500090154
3000,1900001583,2025,RE,2025-06-01,2025-06-03,EUR,4500090471
3000,1900001584,2024,RE,2025-06-05,2025-06-05,EUR,4500090889
3000,1900001585,2025,RE,2024-07-16,2024-07-16,AED,4500090109
1000,1900001586,2024,RE,2025-06-18,2025-06-19,USD,4500091928
2000,1900001587,2024,RE,2025-03-21,2025-03-25,USD,4500090834
2000,1900001588,2025,RE,2024-09-11,2024-09-13,USD,4500091260
2000,1900001589,2025,RE,2025-04-19,2025-04-22,EUR,4500090192
2000,1900001590,2024,RE,2025-02-20,2025-02-22,AED,4500090494
1000,1900001591,2024,RE,2024-08-29,2024-09-03,USD,4500090286
3000,1900001592,2024,RE,2024-06-21,2024-06-25,EUR,4500090213
3000,1900001593,2024,RE,2024-06-07,2024-06-10,AED,4500090713
3000,1900001594,2025,RE,2024-07-10,2024-07-12,AED,4500090209
3000,1900001595,2024,RE,2025-02-16,2025-02-17,USD,4500091866
3000,1900001596,2024,RE,2024-09-15,2024-09-17,USD,4500091275
2000,1900001597,2025,RE,2024-11-06,2024-11-09,AED,4500091740
2000,1900001598,2025,RE,2024-03-09,2024-03-12,EUR,4500090844
3000,1900001599,2025,RE,2025-10-06,2025-10-10,AED,4500091408
3000,1900001600,2025,RE,2024-11-30,2024-11-30,USD,4500090059
3000,1900001601,2024,RE,2025-06-23,2025-06-23,EUR,4500091398
2000,1900001602,2024,RE,2025-07-12,2025-07-17,AED,4500090610
1000,1900001603,2024,RE,2024-08-28,2024-08-29,AED,4500090095
3000,1900001604,2025,RE,2024-05-10,2024-05-12,EUR,4500091304
1000,1900001605,2024,RE,2024-01-16,2024-01-21,EUR,4500091099
3000,1900001606,2024,RE,2025-12-17,2025-12-19,EUR,4500090220
3000,1900001607,2024,RE,2025-08-15,2025-08-20,AED,4500090202
2000,1900001608,2024,RE,2025-10-18,2025-10-23,EUR,4500091770
2000,1900001609,2025,RE,2025-10-29,2025-10-30,USD,4500091696
2000,1900001610,2025,RE,2025-12-28,2025-12-28,AED,4500090576
2000,1900001611,2024,RE,2025-03-29,2025-04-01,AED,4500090150
2000,1900001612,2024,RE,2025-09-08,2025-09-08,EUR,4500090692
2000,1900001613,2024,RE,2025-08-06,2025-08-08,AED,4500090577
3000,1900001614,2025,RE,2025-07-04,2025-07-08,EUR,4500091624
3000,1900001615,2024,RE,2024-04-09,2024-04-13,USD,4500091765
2000,1900001616,2025,RE,2024-09-07,2024-09-10,USD,4500090316
3000,1900001617,2024,RE,2025-04-08,2025-04-09,EUR,4500091310
3000,1900001618,2024,RE,2025-03-05,2025-03-06,AED,4500091799
1000,1900001619,2024,RE,2025-08-16,2025-08-20,EUR,4500091135
2000,1900001620,2025,RE,2024-01-01,2024-01-01,USD,4500090014
1000,1900001621,2025,RE,2025-02-10,2025-02-14,AED,4500090314
3000,1900001622,2025,RE,2024-07-14,2024-07-14,USD,4500091860
2000,1900001623,2025,RE,2025-03-10,2025-03-14,EUR,4500090128
3000,1900001624,2025,RE,2025-02-04,2025-02-05,EUR,4500090775
2000,1900001625,2025,RE,2024-03-10,2024-03-14,EUR,4500091743
1000,1900001626,2025,RE,2024-05-09,2024-05-12,AED,4500091717
3000,1900001627,2025,RE,2024-06-07,2024-06-12,EUR,4500091738
1000,1900001628,2025,RE,2024-11-09,2024-11-13,AED,4500091574
3000,1900001629,2025,RE,2025-10-14,2025-10-18,USD,4500091193
3000,1900001630,2024,RE,2025-09-16,2025-09-17,EUR,4500091247
3000,1900001631,2025,RE,2025-05-31,2025-06-02,AED,4500090743
3000,1900001632,2024,RE,2024-08-08,2024-08-13,USD,4500090537
2000,1900001633,2025,RE,2024-12-24,2024-12-26,USD,4500091357
3000,1900001634,2025,RE,2024-06-02,2024-06-06,AED,4500090037
3000,1900001635,2025,RE,2025-09-16,2025-09-18,USD,4500091616
1000,1900001636,2024,RE,2025-04-20,2025-04-24,EUR,4500091335
1000,1900001637,2025,RE,2025-07-08,2025-07-08,EUR,4500090672
2000,1900001638,2024,RE,2024-10-13,2024-10-15,AED,4500091282
3000,1900001639,2025,RE,2024-02-13,2024-02-13,EUR,4500090553
2000,1900001640,2025,RE,2025-06-13,2025-06-16,EUR,4500091131
3000,1900001641,2024,RE,2024-01-22,2024-01-22,EUR,4500091345
1000,1900001642,2024,RE,2025-08-06,2025-08-09,AED,4500091642
1000,1900001643,2024,RE,2024-05-30,2024-06-04,AED,4500090914
3000,1900001644,2025,RE,2025-01-17,2025-01-22,AED,4500091677
1000,1900001645,2024,RE,2025-09-06,2025-09-11,EUR,4500090549
1000,1900001646,2024,RE,2024-08-04,2024-08-07,EUR,4500090227
3000,1900001647,2025,RE,2025-11-30,2025-12-02,USD,4500090600
3000,1900001648,2025,RE,2024-04-28,2024-05-02,USD,4500091992
1000,1900001649,2025,RE,2025-03-11,2025-03-11,AED,4500090631
3000,1900001650,2024,RE,2024-10-21,2024-10-25,AED,4500091838
2000,1900001651,2025,RE,2024-02-25,2024-03-01,USD,4500090497
2000,1900001652,2025,RE,2024-01-31,2024-02-04,USD,4500091370
2000,1900001653,2025,RE,2025-03-03,2025-03-04,AED,4500091466
2000,1900001654,2025,RE,2024-05-17,2024-05-17,AED,4500090029
1000,1900001655,2025,RE,2025-07-31,2025-08-03,AED,4500090647
3000,1900001656,2025,RE,2024-07-10,2024-07-14,AED,4500091137
3000,1900001657,2024,RE,2024-05-22,2024-05-24,AED,4500091490
1000,1900001658,2024,RE,2025-03-12,2025-03-15,EUR,4500090737
3000,1900001659,2025,RE,2024-11-13,2024-11-17,EUR,4500090343
2000,1900001660,2024,RE,2024-12-26,2024-12-28,AED,4500090110
1000,1900001661,2024,RE,2025-09-28,2025-10-02,AED,4500090488
3000,1900001662,2024,RE,2024-10-20,2024-10-20,AED,4500090589
1000,1900001663,2025,RE,2025-01-29,2025-01-30,EUR,4500090673
1000,1900001664,2024,RE,2024-03-08,2024-03-12,EUR,4500091328
1000,1900001665,2025,RE,2025-01-07,2025-01-12,AED,4500091095
3000,1900001666,2024,RE,2025-06-21,2025-06-21,USD,4500090334
1000,1900001667,2024,RE,2025-11-14,2025-11-18,EUR,4500090591
2000,1900001668,2025,RE,2024-04-20,2024-04-25,EUR,4500090165
2000,1900001669,2025,RE,2025-01-23,2025-01-23,AED,4500091926
2000,1900001670,2025,RE,2025-03-25,2025-03-25,USD,4500090679
2000,1900001671,2025,RE,2025-04-26,2025-04-28,EUR,4500091174
1000,1900001672,2024,RE,2025-12-14,2025-12-18,AED,4500091588
2000,1900001673,2024,RE,2025-10-09,2025-10-14,USD,4500090855
1000,1900001674,2024,RE,2024-11-19,2024-11-23,EUR,4500090784
3000,1900001675,2025,RE,2025-10-11,2025-10-13,USD,4500091616
2000,1900001676,2025,RE,2024-02-07,2024-02-12,USD,4500091714
1000,1900001677,2025,RE,2024-01-21,2024-01-23,EUR,4500090274
1000,1900001678,2025,RE,2025-06-28,2025-06-30,USD,4500090286
1000,1900001679,2024,RE,2025-08-01,2025-08-01,USD,4500091173
2000,1900001680,2024,RE,2024-09-04,2024-09-07,USD,4500090071
3000,1900001681,2025,RE,2024-12-22,2024-12-26,USD,4500091423
3000,1900001682,2025,RE,2024-09-24,2024-09-26,AED,4500091566
1000,1900001683,2024,RE,2025-06-12,2025-06-12,USD,4500091660
1000,1900001684,2025,RE,2024-03-20,2024-03-20,AED,4500090653
1000,1900001685,2024,RE,2024-04-15,2024-04-17,AED,4500091579
1000,1900001686,2024,RE,2024-02-26,2024-02-27,EUR,4500090274
1000,1900001687,2025,RE,2024-02-15,2024-02-18,USD,4500091074
1000,1900001688,2025,RE,2024-10-07,2024-10-08,USD,4500090475
3000,1900001689,2025,RE,2025-01-19,2025-01-20,EUR,4500091330
3000,1900001690,2024,RE,2024-07-02,2024-07-06,USD,4500091454
3000,1900001691,2024,RE,2024-06-03,2024-06-03,EUR,4500091662
3000,1900001692,2025,RE,2024-08-21,2024-08-23,AED,4500091388
3000,1900001693,2024,RE,2025-01-25,2025-01-29,EUR,4500091330
2000,1900001694,2024,RE,2025-02-01,2025-02-01,AED,4500091097
3000,1900001695,2025,RE,2024-06-06,2024-06-07,EUR,4500090588
2000,1900001696,2025,RE,2024-03-19,2024-03-19,AED,4500090093
3000,1900001697,2025,RE,2025-09-10,2025-09-11,AED,4500090748
3000,1900001698,2024,RE,2025-05-18,2025-05-18,USD,4500090548
2000,1900001699,2024,RE,2025-01-01,2025-01-04,USD,4500090684
1000,1900001700,2024,RE,2024-09-23,2024-09-24,USD,4500091577
3000,1900001701,2024,RE,2025-07-27,2025-07-27,USD,4500091618
3000,1900001702,2025,RE,2024-08-01,2024-08-02,USD,4500091000
2000,1900001703,2025,RE,2024-01-01,2024-01-05,USD,4500090831
3000,1900001704,2025,RE,2025-01-14,2025-01-14,USD,4500090933
2000,1900001705,2025,RE,2025-02-05,2025-02-07,EUR,4500090844
3000,1900001706,2025,RE,2025-02-10,2025-02-14,AED,4500090661
2000,1900001707,2024,RE,2024-07-05,2024-07-05,AED,4500090413
3000,1900001708,2025,RE,2025-08-10,2025-08-10,EUR,4500090489
2000,1900001709,2025,RE,2025-01-25,2025-01-26,USD,4500091513
2000,1900001710,2024,RE,2024-05-30,2024-05-30,AED,4500091730
3000,1900001711,2024,RE,2024-05-27,2024-05-28,AED,4500090222
1000,1900001712,2025,RE,2024-05-14,2024-05-19,EUR,4500090004
1000,1900001713,2024,RE,2025-08-31,2025-09-01,AED,4500090298
2000,1900001714,2025,RE,2025-12-20,2025-12-20,AED,4500090473
2000,1900001715,2025,RE,2025-09-10,2025-09-11,USD,4500090916
2000,1900001716,2024,RE,2025-08-23,2025-08-26,AED,4500090681
3000,1900001717,2025,RE,2025-09-10,2025-09-12,EUR,4500090471
1000,1900001718,2024,RE,2024-10-14,2024-10-19,USD,4500090841
3000,1900001719,2024,RE,2024-02-27,2024-03-02,AED,4500091638
1000,1900001720,2025,RE,2024-08-08,2024-08-11,AED,4500091187
2000,1900001721,2024,RE,2025-04-21,2025-04-21,AED,4500090387
3000,1900001722,2024,RE,2024-07-11,2024-07-11,EUR,4500090112
3000,1900001723,2025,RE,2025-03-07,2025-03-07,AED,4500091719
3000,1900001724,2025,RE,2024-10-25,2024-10-27,AED,4500090383
1000,1900001725,2024,RE,2025-07-10,2025-07-15,AED,4500091771
2000,1900001726,2024,RE,2025-03-18,2025-03-19,EUR,4500090319
1000,1900001727,2025,RE,2024-08-16,2024-08-17,EUR,4500091937
3000,1900001728,2025,RE,2024-06-29,2024-07-04,USD,4500091922
1000,1900001729,2024,RE,2025-11-28,2025-11-28,USD,4500090788
2000,1900001730,2025,RE,2024-04-08,2024-04-10,EUR,4500091797
3000,1900001731,2024,RE,2025-08-27,2025-08-28,EUR,4500091893
1000,1900001732,2025,RE,2025-10-22,2025-10-26,AED,4500091069
2000,1900001733,2024,RE,2024-06-09,2024-06-14,AED,4500090572
1000,1900001734,2024,RE,2024-07-20,2024-07-22,USD,4500090570
1000,1900001735,2025,RE,2025-06-04,2025-06-09,USD,4500091465
3000,1900001736,2024,RE,2024-02-03,2024-02-07,USD,4500090697
2000,1900001737,2024,RE,2024-12-19,2024-12-19,EUR,4500090987
1000,1900001738,2024,RE,2025-12-15,2025-12-20,AED,4500090264
2000,1900001739,2024,RE,2024-03-12,2024-03-16,EUR,4500091145
1000,1900001740,2025,RE,2024-10-18,2024-10-21,USD,4500090806
2000,1900001741,2025,RE,2025-01-10,2025-01-15,AED,4500090550
1000,1900001742,2025,RE,2025-04-14,2025-04-19,EUR,4500091361
1000,1900001743,2025,RE,2025-10-12,2025-10-17,EUR,4500091387
3000,1900001744,2025,RE,2025-01-11,2025-01-13,EUR,4500091527
3000,1900001745,2024,RE,2025-11-06,2025-11-09,EUR,4500090146
1000,1900001746,2025,RE,2025-08-06,2025-08-08,EUR,4500091609
3000,1900001747,2024,RE,2024-07-24,2024-07-27,EUR,4500090990
2000,1900001748,2025,RE,2024-07-22,2024-07-27,AED,4500091725
2000,1900001749,2025,RE,2025-10-11,2025-10-11,EUR,4500090287
1000,1900001750,2025,RE,2024-07-31,2024-08-03,EUR,4500091424
1000,1900001751,2025,RE,2024-02-14,2024-02-18,EUR,4500090389
3000,1900001752,2025,RE,2024-01-31,2024-02-04,EUR,4500090506
2000,1900001753,2025,RE,2024-06-16,2024-06-18,AED,4500091530
3000,1900001754,2024,RE,2025-03-24,2025-03-28,EUR,4500091201
2000,1900001755,2024,RE,2025-02-27,2025-03-04,AED,4500090577
3000,1900001756,2025,RE,2025-04-16,2025-04-20,AED,4500091349
3000,1900001757,2024,RE,2024-05-18,2024-05-20,USD,4500091501
1000,1900001758,2025,RE,2024-10-31,2024-11-01,EUR,4500090802
3000,1900001759,2025,RE,2024-01-21,2024-01-21,EUR,4500091467
3000,1900001760,2024,RE,2024-07-15,2024-07-20,EUR,4500090899
2000,1900001761,2024,RE,2025-09-07,2025-09-08,EUR,4500090063
1000,1900001762,2024,RE,2024-05-13,2024-05-13,EUR,4500091818
1000,1900001763,2025,RE,2024-03-17,2024-03-17,AED,4500091402
3000,1900001764,2024,RE,2025-06-18,2025-06-22,EUR,4500090180
1000,1900001765,2024,RE,2025-03-16,2025-03-19,AED,4500090850
3000,1900001766,2024,RE,2024-08-21,2024-08-23,USD,4500090237
1000,1900001767,2024,RE,2024-09-29,2024-10-04,EUR,4500091160
2000,1900001768,2024,RE,2024-08-23,2024-08-27,EUR,4500090133
3000,1900001769,2024,RE,2025-12-27,2025-12-30,USD,4500090250
1000,1900001770,2025,RE,2025-09-23,2025-09-24,USD,4500090425
2000,1900001771,2025,RE,2024-11-29,2024-11-29,EUR,4500091325
3000,1900001772,2024,RE,2024-08-08,2024-08-08,EUR,4500091939
2000,1900001773,2025,RE,2024-07-10,2024-07-11,EUR,4500091022
3000,1900001774,2025,RE,2024-11-09,2024-11-11,EUR,4500091117
1000,1900001775,2025,RE,2024-02-05,2024-02-10,AED,4500091123
2000,1900001776,2025,RE,2024-08-28,2024-08-31,EUR,4500091568
3000,1900001777,2025,RE,2024-04-10,2024-04-15,EUR,4500091706
2000,1900001778,2024,RE,2025-10-01,2025-10-04,USD,4500090234
2000,1900001779,2025,RE,2025-10-20,2025-10-21,EUR,4500091355
2000,1900001780,2025,RE,2024-09-20,2024-09-24,AED,4500090686
1000,1900001781,2024,RE,2024-02-15,2024-02-16,EUR,4500091449
2000,1900001782,2024,RE,2025-12-27,2025-12-30,AED,4500090981
1000,1900001783,2024,RE,2024-03-26,2024-03-26,AED,4500091123
1000,1900001784,2025,RE,2024-05-31,2024-06-02,EUR,4500091431
2000,1900001785,2025,RE,2024-08-27,2024-09-01,AED,4500091019
3000,1900001786,2024,RE,2025-12-08,2025-12-09,EUR,4500091010
1000,1900001787,2024,RE,2025-12-12,2025-12-13,EUR,4500091296
2000,1900001788,2024,RE,2025-07-29,2025-07-30,USD,4500091180
3000,1900001789,2025,RE,2025-10-20,2025-10-21,AED,4500091697
1000,1900001790,2024,RE,2024-05-23,2024-05-26,EUR,4500091502
1000,1900001791,2025,RE,2025-08-23,2025-08-26,AED,4500091876
1000,1900001792,2024,RE,2024-09-02,2024-09-06,EUR,4500090554
1000,1900001793,2024,RE,2025-02-25,2025-02-25,USD,4500091839
3000,1900001794,2025,RE,2025-10-25,2025-10-27,AED,4500091671
3000,1900001795,2024,RE,2024-12-14,2024-12-16,USD,4500090876
3000,1900001796,2025,RE,2025-11-26,2025-11-30,AED,4500091702
3000,1900001797,2025,RE,2025-01-04,2025-01-04,EUR,4500091281
1000,1900001798,2025,RE,2025-01-14,2025-01-17,EUR,4500090719
1000,1900001799,2025,RE,2024-10-21,2024-10-21,USD,4500091198
2000,1900001800,2024,RE,2025-01-15,2025-01-15,USD,4500090134
2000,1900001801,2024,RE,2024-04-30,2024-05-05,AED,4500090817
1000,1900001802,2024,RE,2025-06-18,2025-06-20,EUR,4500090431
3000,1900001803,2024,RE,2025-07-31,2025-08-05,AED,4500090921
3000,1900001804,2024,RE,2025-01-15,2025-01-15,USD,4500090891
3000,1900001805,2025,RE,2024-12-13,2024-12-18,AED,4500090385
3000,1900001806,2024,RE,2025-10-22,2025-10-27,EUR,4500091676
2000,1900001807,2025,RE,2025-07-26,2025-07-29,AED,4500091466
3000,1900001808,2024,RE,2024-10-25,2024-10-29,EUR,4500090436
2000,1900001809,2024,RE,2024-07-27,2024-07-29,AED,4500091948
2000,1900001810,2025,RE,2025-05-20,2025-05-22,EUR,4500091354
1000,1900001811,2024,RE,2024-02-28,2024-03-02,EUR,4500091061
3000,1900001812,2025,RE,2024-01-03,2024-01-03,EUR,4500091008
2000,1900001813,2025,RE,2024-09-20,2024-09-20,USD,4500090311
3000,1900001814,2024,RE,2025-06-16,2025-06-20,USD,4500090711
1000,1900001815,2025,RE,2025-05-25,2025-05-28,EUR,4500090172
2000,1900001816,2024,RE,2025-08-27,2025-08-29,USD,4500090574
3000,1900001817,2025,RE,2024-05-24,2024-05-25,EUR,4500090889
2000,1900001818,2024,RE,2024-12-14,2024-12-16,USD,4500090883
2000,1900001819,2024,RE,2024-07-03,2024-07-07,USD,4500091483
1000,1900001820,2024,RE,2024-05-25,2024-05-25,USD,4500091476
2000,1900001821,2025,RE,2024-09-13,2024-09-17,USD,4500091038
1000,1900001822,2025,RE,2024-10-08,2024-10-10,EUR,4500091369
2000,1900001823,2024,RE,2025-07-08,2025-07-10,AED,4500090087
3000,1900001824,2024,RE,2024-08-17,2024-08-22,USD,4500090522
1000,1900001825,2025,RE,2024-02-07,2024-02-11,AED,4500091579
2000,1900001826,2024,RE,2025-04-24,2025-04-28,AED,4500090897
2000,1900001827,2025,RE,2025-10-31,2025-11-02,EUR,4500091082
1000,1900001828,2025,RE,2024-06-18,2024-06-23,USD,4500090584
2000,1900001829,2024,RE,2025-02-13,2025-02-18,AED,4500091734
3000,1900001830,2025,RE,2024-06-12,2024-06-12,USD,4500091616
3000,1900001831,2025,RE,2025-09-15,2025-09-18,EUR,4500091680
1000,1900001832,2024,RE,2025-09-28,2025-10-01,AED,4500091789
2000,1900001833,2025,RE,2025-03-07,2025-03-09,AED,4500090265
3000,1900001834,2024,RE,2025-12-20,2025-12-25,AED,4500091675
2000,1900001835,2024,RE,2025-12-06,2025-12-07,AED,4500091282
1000,1900001836,2025,RE,2024-09-16,2024-09-19,USD,4500091809
1000,1900001837,2025,RE,2024-10-28,2024-11-01,AED,4500090245
1000,1900001838,2024,RE,2024-08-18,2024-08-19,AED,4500091625
3000,1900001839,2025,RE,2024-07-25,2024-07-25,AED,4500090705
2000,1900001840,2024,RE,2025-06-23,2025-06-28,AED,4500091630
2000,1900001841,2024,RE,2025-12-28,2026-01-02,AED,4500090735
1000,1900001842,2024,RE,2024-07-02,2024-07-06,AED,4500091657
1000,1900001843,2025,RE,2025-06-04,2025-06-05,USD,4500090559
1000,1900001844,2024,RE,2025-12-26,2025-12-28,EUR,4500091332
2000,1900001845,2025,RE,2024-05-16,2024-05-16,EUR,4500090455
3000,1900001846,2025,RE,2025-04-02,2025-04-05,EUR,4500090907
1000,1900001847,2024,RE,2024-11-22,2024-11-25,USD,4500091591
1000,1900001848,2024,RE,2025-04-08,2025-04-09,EUR,4500091335
3000,1900001849,2024,RE,2024-10-14,2024-10-14,USD,4500091990
3000,1900001850,2024,RE,2025-09-22,2025-09-24,AED,4500091504
3000,1900001851,2025,RE,2025-12-08,2025-12-09,EUR,4500091804
2000,1900001852,2024,RE,2024-12-16,2024-12-16,EUR,4500090853
3000,1900001853,2024,RE,2025-05-22,2025-05-25,EUR,4500091395
2000,1900001854,2025,RE,2024-01-31,2024-01-31,USD,4500091782
2000,1900001855,2024,RE,2024-01-27,2024-02-01,EUR,4500091219
2000,1900001856,2025,RE,2024-07-26,2024-07-31,EUR,4500090844
3000,1900001857,2025,RE,2025-10-02,2025-10-06,USD,4500090913
2000,1900001858,2024,RE,2024-10-31,2024-11-03,USD,4500090000
2000,1900001859,2024,RE,2024-10-06,2024-10-11,USD,4500091814
3000,1900001860,2024,RE,2025-10-22,2025-10-25,EUR,4500091676
1000,1900001861,2025,RE,2025-05-05,2025-05-07,EUR,4500091870
1000,1900001862,2025,RE,2024-01-15,2024-01-16,AED,4500091380
3000,1900001863,2024,RE,2025-09-27,2025-09-29,EUR,4500091239
1000,1900001864,2025,RE,2025-08-15,2025-08-17,USD,4500090371
1000,1900001865,2025,RE,2025-01-01,2025-01-05,USD,4500091013
3000,1900001866,2025,RE,2025-11-01,2025-11-04,AED,4500091935
2000,1900001867,2024,RE,2024-09-02,2024-09-06,EUR,4500090127
3000,1900001868,2024,RE,2024-12-27,2025-01-01,EUR,4500090923
2000,1900001869,2024,RE,2025-08-19,2025-08-23,EUR,4500090460
1000,1900001870,2024,RE,2024-06-29,2024-07-01,EUR,4500090651
3000,1900001871,2024,RE,2025-12-16,2025-12-19,AED,4500091566
3000,1900001872,2024,RE,2024-07-23,2024-07-25,AED,4500091458
1000,1900001873,2024,RE,2025-04-21,2025-04-21,EUR,4500090629
1000,1900001874,2025,RE,2025-07-03,2025-07-03,USD,4500090983
2000,1900001875,2025,RE,2024-08-04,2024-08-07,EUR,4500090133
3000,1900001876,2024,RE,2024-03-05,2024-03-07,EUR,4500091479
2000,1900001877,2025,RE,2024-04-30,2024-05-03,EUR,4500091165
2000,1900001878,2024,RE,2025-11-21,2025-11-26,AED,4500090347
1000,1900001879,2025,RE,2024-06-25,2024-06-30,AED,4500091802
2000,1900001880,2025,RE,2025-10-06,2025-10-11,EUR,4500090951
1000,1900001881,2025,RE,2025-07-19,2025-07-22,EUR,4500091335
2000,1900001882,2025,RE,2024-04-04,2024-04-09,USD,4500090803
1000,1900001883,2024,RE,2025-04-12,2025-04-16,USD,4500091248
1000,1900001884,2025,RE,2024-02-26,2024-02-26,EUR,4500090309
1000,1900001885,2025,RE,2024-09-01,2024-09-03,EUR,4500090456
2000,1900001886,2025,RE,2024-04-08,2024-04-08,USD,4500090979
3000,1900001887,2024,RE,2024-03-08,2024-03-12,USD,4500091756
3000,1900001888,2025,RE,2024-01-02,2024-01-05,AED,4500090188
3000,1900001889,2025,RE,2024-07-21,2024-07-21,AED,4500091997
3000,1900001890,2024,RE,2024-07-20,2024-07-21,EUR,4500090640
3000,1900001891,2025,RE,2024-08-16,2024-08-18,AED,4500090660
1000,1900001892,2024,RE,2024-12-11,2024-12-13,USD,4500090067
3000,1900001893,2025,RE,2025-09-11,2025-09-13,EUR,4500091186
1000,1900001894,2024,RE,2025-12-20,2025-12-23,AED,4500090086
3000,1900001895,2024,RE,2024-02-12,2024-02-12,EUR,4500091130
3000,1900001896,2024,RE,2024-07-16,2024-07-19,AED,4500090627
2000,1900001897,2025,RE,2024-08-28,2024-08-31,USD,4500090894
3000,1900001898,2025,RE,2024-04-29,2024-04-29,AED,4500091838
3000,1900001899,2024,RE,2025-04-04,2025-04-05,EUR,4500091605
2000,1900001900,2024,RE,2025-08-17,2025-08-19,USD,4500090562
1000,1900001901,2025,RE,2024-06-28,2024-06-30,USD,4500090183
1000,1900001902,2025,RE,2025-05-09,2025-05-13,USD,4500090882
3000,1900001903,2024,RE,2024-05-01,2024-05-01,USD,4500091029
1000,1900001904,2025,RE,2025-09-21,2025-09-25,EUR,4500090309
1000,1900001905,2025,RE,2025-11-13,2025-11-18,USD,4500090755
2000,1900001906,2024,RE,2025-07-26,2025-07-26,AED,4500090872
1000,1900001907,2024,RE,2024-11-13,2024-11-18,AED,4500091945
3000,1900001908,2025,RE,2024-10-03,2024-10-06,EUR,4500091397
2000,1900001909,2025,RE,2024-10-07,2024-10-08,AED,4500090242
1000,1900001910,2024,RE,2024-04-14,2024-04-19,USD,4500090536
1000,1900001911,2025,RE,2025-09-26,2025-10-01,AED,4500090544
2000,1900001912,2025,RE,2025-09-01,2025-09-06,USD,4500091553
3000,1900001913,2024,RE,2024-03-08,2024-03-11,AED,4500090481
3000,1900001914,2025,RE,2025-01-12,2025-01-16,AED,4500090037
3000,1900001915,2025,RE,2024-01-28,2024-01-28,USD,4500091845
1000,1900001916,2025,RE,2025-11-08,2025-11-09,EUR,4500090696
1000,1900001917,2025,RE,2025-01-07,2025-01-12,EUR,4500090430
1000,1900001918,2025,RE,2024-07-31,2024-08-01,AED,4500091832
1000,1900001919,2024,RE,2024-07-20,2024-07-22,EUR,4500091937
2000,1900001920,2024,RE,2024-12-18,2024-12-21,EUR,4500090451
2000,1900001921,2024,RE,2024-09-28,2024-10-01,EUR,4500091220
2000,1900001922,2025,RE,2024-04-09,2024-04-14,EUR,4500090729
3000,1900001923,2025,RE,2025-10-15,2025-10-18,AED,4500090064
2000,1900001924,2025,RE,2025-08-02,2025-08-03,USD,4500090164
3000,1900001925,2025,RE,2025-08-16,2025-08-16,USD,4500091050
2000,1900001926,2025,RE,2025-10-01,2025-10-06,AED,4500090902
3000,1900001927,2025,RE,2025-11-23,2025-11-27,EUR,4500091871
3000,1900001928,2025,RE,2025-09-12,2025-09-14,USD,4500091423
1000,1900001929,2025,RE,2025-08-24,2025-08-25,EUR,4500091386
3000,1900001930,2025,RE,2025-09-15,2025-09-20,USD,4500091052
3000,1900001931,2024,RE,2025-04-27,2025-04-28,USD,4500090048
3000,1900001932,2025,RE,2025-07-22,2025-07-25,AED,4500091980
1000,1900001933,2024,RE,2024-09-15,2024-09-19,EUR,4500091417
3000,1900001934,2024,RE,2025-08-29,2025-08-31,EUR,4500091996
2000,1900001935,2024,RE,2024-03-14,2024-03-18,AED,4500090029
3000,1900001936,2025,RE,2024-01-03,2024-01-03,USD,4500091012
2000,1900001937,2025,RE,2024-05-18,2024-05-23,EUR,4500091491
1000,1900001938,2025,RE,2025-08-19,2025-08-21,EUR,4500090017
1000,1900001939,2024,RE,2025-08-08,2025-08-11,AED,4500091810
1000,1900001940,2024,RE,2024-06-08,2024-06-13,EUR,4500090556
2000,1900001941,2025,RE,2024-02-29,2024-03-04,EUR,4500090128
1000,1900001942,2025,RE,2024-04-20,2024-04-23,AED,4500090298
3000,1900001943,2025,RE,2025-06-11,2025-06-12,EUR,4500091812
3000,1900001944,2024,RE,2024-05-18,2024-05-23,USD,4500091534
1000,1900001945,2025,RE,2025-02-26,2025-03-03,AED,4500090794
3000,1900001946,2024,RE,2025-12-27,2025-12-28,USD,4500090157
1000,1900001947,2025,RE,2025-01-25,2025-01-27,AED,4500090931
2000,1900001948,2024,RE,2024-08-14,2024-08-18,AED,4500091854
3000,1900001949,2024,RE,2024-10-27,2024-10-28,EUR,4500091034
1000,1900001950,2025,RE,2025-05-13,2025-05-15,AED,4500091642
2000,1900001951,2025,RE,2025-08-08,2025-08-13,AED,4500091049
1000,1900001952,2025,RE,2024-10-03,2024-10-04,EUR,4500091259
2000,1900001953,2024,RE,2024-12-05,2024-12-08,AED,4500090473
2000,1900001954,2024,RE,2024-10-20,2024-10-20,USD,4500091004
1000,1900001955,2025,RE,2024-12-24,2024-12-29,AED,4500091876
2000,1900001956,2024,RE,2024-04-03,2024-04-07,AED,4500090764
3000,1900001957,2024,RE,2024-09-09,2024-09-14,USD,4500091275
2000,1900001958,2024,RE,2024-11-08,2024-11-09,USD,4500090406
1000,1900001959,2025,RE,2024-01-24,2024-01-25,USD,4500090122
3000,1900001960,2024,RE,2024-04-18,2024-04-23,AED,4500090786
2000,1900001961,2025,RE,2025-05-17,2025-05-21,EUR,4500090639
2000,1900001962,2024,RE,2025-01-23,2025-01-24,EUR,4500090595
1000,1900001963,2025,RE,2024-10-14,2024-10-14,EUR,4500090123
1000,1900001964,2024,RE,2025-03-10,2025-03-12,EUR,4500090431
1000,1900001965,2024,RE,2025-05-04,2025-05-08,AED,4500090508
1000,1900001966,2025,RE,2024-05-21,2024-05-26,AED,4500091359
2000,1900001967,2025,RE,2025-03-13,2025-03-13,USD,4500091930
1000,1900001968,2025,RE,2025-06-14,2025-06-17,AED,4500091254
2000,1900001969,2024,RE,2024-12-22,2024-12-22,AED,4500090159
1000,1900001970,2024,RE,2025-04-02,2025-04-07,USD,4500090925
1000,1900001971,2024,RE,2024-02-11,2024-02-14,USD,4500091036
2000,1900001972,2024,RE,2025-11-04,2025-11-06,EUR,4500091022
1000,1900001973,2024,RE,2025-05-10,2025-05-10,AED,4500090135
3000,1900001974,2025,RE,2024-08-16,2024-08-17,USD,4500091908
1000,1900001975,2025,RE,2024-08-25,2024-08-26,EUR,4500090175
2000,1900001976,2025,RE,2025-09-28,2025-10-03,USD,4500090831
2000,1900001977,2024,RE,2024-04-24,2024-04-28,EUR,4500090081
2000,1900001978,2024,RE,2025-01-13,2025-01-16,EUR,4500091621
1000,1900001979,2024,RE,2024-04-30,2024-05-02,EUR,4500091870
1000,1900001980,2024,RE,2024-05-13,2024-05-14,AED,4500090372
3000,1900001981,2025,RE,2025-07-04,2025-07-09,AED,4500090694
3000,1900001982,2025,RE,2025-04-17,2025-04-22,EUR,4500090141
2000,1900001983,2025,RE,2024-12-31,2025-01-05,EUR,4500091063
2000,1900001984,2024,RE,2024-11-10,2024-11-12,EUR,4500091082
2000,1900001985,2024,RE,2025-06-05,2025-06-09,AED,4500091690
3000,1900001986,2025,RE,2024-07-28,2024-07-31,USD,4500090904
1000,1900001987,2025,RE,2025-04-14,2025-04-14,USD,4500091103
3000,1900001988,2024,RE,2025-05-16,2025-05-21,EUR,4500091077
2000,1900001989,2024,RE,2025-03-03,2025-03-06,USD,4500090949
3000,1900001990,2025,RE,2025-12-09,2025-12-10,AED,4500090947
1000,1900001991,2024,RE,2024-10-18,2024-10-18,AED,4500090850
1000,1900001992,2025,RE,2025-09-03,2025-09-06,USD,4500090703
1000,1900001993,2025,RE,2024-03-03,2024-03-06,AED,4500091231
3000,1900001994,2025,RE,2024-01-28,2024-01-28,AED,4500090690
3000,1900001995,2024,RE,2024-06-25,2024-06-27,EUR,4500090213
1000,1900001996,2025,RE,2024-12-31,2025-01-03,AED,4500091176
2000,1900001997,2024,RE,2025-10-23,2025-10-28,USD,4500090751
2000,1900001998,2024,RE,2025-06-28,2025-06-30,AED,4500090960
3000,1900001999,2025,RE,2024-10-03,2024-10-04,USD,4500090630
