BUKRS,BELNR,GJAHR,BUZEI,BSCHL,HKONT,LIFNR,DMBTR,WRBTR,SHKZG,ZFBDT,AUGDT
1000,1900000000,2024,001,31,200000,100006,842.56,842.56,H,2025-12-21,2026-02-03
1000,1900000000,2024,002,40,450000,,842.56,842.56,S,2025-12-21,2026-02-03
1000,1900000001,2025,001,31,200000,100005,10167.19,10167.19,H,2025-03-16,2025-03-22
1000,1900000001,2025,002,40,450000,,10167.19,10167.19,S,2025-03-16,2025-03-22
2000,1900000002,2024,001,31,200000,100050,6086.31,6086.31,H,2024-03-10,2024-04-02
2000,1900000002,2024,002,40,420000,,6086.31,6086.31,S,2024-03-10,2024-04-02
2000,1900000003,2024,001,31,200000,100016,12274.24,12274.24,H,2025-03-10,2025-05-13
2000,1900000003,2024,002,40,400000,,12274.24,12274.24,S,2025-03-10,2025-05-13
1000,1900000004,2024,001,31,200000,100003,5568.69,5568.69,H,2025-11-26,2025-12-15
1000,1900000004,2024,002,40,420000,,5568.69,5568.69,S,2025-11-26,2025-12-15
1000,1900000005,2024,001,31,200000,100023,20436.99,20436.99,H,2024-03-09,2024-04-12
1000,1900000005,2024,002,40,450000,,20436.99,20436.99,S,2024-03-09,2024-04-12
2000,1900000006,2025,001,31,200000,100042,18594.74,18594.74,H,2025-11-24,2026-01-08
2000,1900000006,2025,002,40,420000,,18594.74,18594.74,S,2025-11-24,2026-01-08
3000,1900000007,2025,001,31,200000,100011,11142.65,11142.65,H,2024-03-14,
3000,1900000007,2025,002,40,460000,,11142.65,11142.65,S,2024-03-14,
3000,1900000008,2025,001,31,200000,100030,1944.19,1944.19,H,2025-05-25,
3000,1900000008,2025,002,40,430000,,1944.19,1944.19,S,2025-05-25,
1000,1900000009,2025,001,31,200000,100046,24908.53,24908.53,H,2024-04-17,2024-05-12
1000,1900000009,2025,002,40,430000,,24908.53,24908.53,S,2024-04-17,2024-05-12
2000,1900000010,2025,001,31,200000,100033,22237.78,22237.78,H,2024-12-12,2024-12-20
2000,1900000010,2025,002,40,400000,,22237.78,22237.78,S,2024-12-12,2024-12-20
3000,1900000011,2025,001,31,200000,100040,12833.9,12833.9,H,2025-06-29,
3000,1900000011,2025,002,40,460000,,12833.9,12833.9,S,2025-06-29,
2000,1900000012,2025,001,31,200000,100052,2498.45,2498.45,H,2025-01-21,
2000,1900000012,2025,002,40,400000,,2498.45,2498.45,S,2025-01-21,
1000,1900000013,2024,001,31,200000,100034,2079.91,2079.91,H,2024-06-07,
1000,1900000013,2024,002,40,480000,,2079.91,2079.91,S,2024-06-07,
1000,1900000014,2024,001,31,200000,100026,6692.41,6692.41,H,2024-05-21,2024-07-19
1000,1900000014,2024,002,40,480000,,6692.41,6692.41,S,2024-05-21,2024-07-19
1000,1900000015,2025,001,31,200000,100024,4950.69,4950.69,H,2025-10-23,2025-12-03
1000,1900000015,2025,002,40,470000,,4950.69,4950.69,S,2025-10-23,2025-12-03
3000,1900000016,2025,001,31,200000,100010,16685.55,16685.55,H,2024-01-13,2024-02-22
3000,1900000016,2025,002,40,430000,,16685.55,16685.55,S,2024-01-13,2024-02-22
3000,1900000017,2024,001,31,200000,100024,5483.52,5483.52,H,2025-05-24,
3000,1900000017,2024,002,40,440000,,5483.52,5483.52,S,2025-05-24,
2000,1900000018,2024,001,31,200000,100046,1845.32,1845.32,H,2025-02-27,
2000,1900000018,2024,002,40,400000,,1845.32,1845.32,S,2025-02-27,
2000,1900000019,2025,001,31,200000,100000,497.28,497.28,H,2024-01-02,
2000,1900000019,2025,002,40,430000,,497.28,497.28,S,2024-01-02,
2000,1900000020,2024,001,31,200000,100026,24009.06,24009.06,H,2025-01-12,2025-02-24
2000,1900000020,2024,002,40,420000,,24009.06,24009.06,S,2025-01-12,2025-02-24
2000,1900000021,2025,001,31,200000,100021,17087.8,17087.8,H,2024-06-04,2024-07-24
2000,1900000021,2025,002,40,460000,,17087.8,17087.8,S,2024-06-04,2024-07-24
1000,1900000022,2025,001,31,200000,100013,3435.83,3435.83,H,2025-12-13,
1000,1900000022,2025,002,40,460000,,3435.83,3435.83,S,2025-12-13,
1000,1900000023,2025,001,31,200000,100009,20058.29,20058.29,H,2026-01-01,2026-03-10
1000,1900000023,2025,002,40,480000,,20058.29,20058.29,S,2026-01-01,2026-03-10
3000,1900000024,2025,001,31,200000,100032,10703.28,10703.28,H,2025-04-12,2025-06-03
3000,1900000024,2025,002,40,410000,,10703.28,10703.28,S,2025-04-12,2025-06-03
1000,1900000025,2025,001,31,200000,100015,2096.12,2096.12,H,2025-04-25,2025-05-10
1000,1900000025,2025,002,40,480000,,2096.12,2096.12,S,2025-04-25,2025-05-10
2000,1900000026,2025,001,31,200000,100013,16151.93,16151.93,H,2025-09-24,2025-10-04
2000,1900000026,2025,002,40,440000,,16151.93,16151.93,S,2025-09-24,2025-10-04
2000,1900000027,2024,001,31,200000,100042,9158.9,9158.9,H,2024-02-11,2024-03-27
2000,1900000027,2024,002,40,450000,,9158.9,9158.9,S,2024-02-11,2024-03-27
1000,1900000028,2025,001,31,200000,100024,16200.97,16200.97,H,2025-06-06,2025-07-09
1000,1900000028,2025,002,40,440000,,16200.97,16200.97,S,2025-06-06,2025-07-09
2000,1900000029,2025,001,31,200000,100010,12566.05,12566.05,H,2025-12-03,2026-01-28
2000,1900000029,2025,002,40,440000,,12566.05,12566.05,S,2025-12-03,2026-01-28
3000,1900000030,2025,001,31,200000,100018,15915.3,15915.3,H,2024-09-15,
3000,1900000030,2025,002,40,470000,,15915.3,15915.3,S,2024-09-15,
3000,1900000031,2024,001,31,200000,100045,4979.1,4979.1,H,2024-12-09,2025-01-24
3000,1900000031,2024,002,40,430000,,4979.1,4979.1,S,2024-12-09,2025-01-24
2000,1900000032,2024,001,31,200000,100038,9170.09,9170.09,H,2024-05-23,
2000,1900000032,2024,002,40,440000,,9170.09,9170.09,S,2024-05-23,
2000,1900000033,2024,001,31,200000,100053,4730.97,4730.97,H,2024-09-02,
2000,1900000033,2024,002,40,450000,,4730.97,4730.97,S,2024-09-02,
2000,1900000034,2024,001,31,200000,100026,13010.74,13010.74,H,2025-02-25,2025-04-29
2000,1900000034,2024,002,40,400000,,13010.74,13010.74,S,2025-02-25,2025-04-29
2000,1900000035,2025,001,31,200000,100045,2052.65,2052.65,H,2025-04-29,2025-07-01
2000,1900000035,2025,002,40,480000,,2052.65,2052.65,S,2025-04-29,2025-07-01
2000,1900000036,2024,001,31,200000,100033,22404.11,22404.11,H,2024-03-02,2024-04-20
2000,1900000036,2024,002,40,450000,,22404.11,22404.11,S,2024-03-02,2024-04-20
2000,1900000037,2024,001,31,200000,100053,7203.91,7203.91,H,2024-11-25,2024-12-04
2000,1900000037,2024,002,40,470000,,7203.91,7203.91,S,2024-11-25,2024-12-04
2000,1900000038,2025,001,31,200000,100027,14918.34,14918.34,H,2025-06-17,2025-08-20
2000,1900000038,2025,002,40,480000,,14918.34,14918.34,S,2025-06-17,2025-08-20
1000,1900000039,2025,001,31,200000,100008,16179.74,16179.74,H,2025-08-25,2025-09-16
1000,1900000039,2025,002,40,410000,,16179.74,16179.74,S,2025-08-25,2025-09-16
1000,1900000040,2025,001,31,200000,100041,19534.72,19534.72,H,2024-02-12,2024-02-18
1000,1900000040,2025,002,40,440000,,19534.72,19534.72,S,2024-02-12,2024-02-18
1000,1900000041,2025,001,31,200000,100006,12463.35,12463.35,H,2025-09-27,2025-10-17
1000,1900000041,2025,002,40,420000,,12463.35,12463.35,S,2025-09-27,2025-10-17
1000,1900000042,2024,001,31,200000,100054,9303.11,9303.11,H,2025-12-08,2025-12-14
1000,1900000042,2024,002,40,440000,,9303.11,9303.11,S,2025-12-08,2025-12-14
3000,1900000043,2025,001,31,200000,100043,24642.17,24642.17,H,2024-01-29,2024-03-26
3000,1900000043,2025,002,40,470000,,24642.17,24642.17,S,2024-01-29,2024-03-26
2000,1900000044,2025,001,31,200000,100054,3893.58,3893.58,H,2024-09-22,2024-11-03
2000,1900000044,2025,002,40,440000,,3893.58,3893.58,S,2024-09-22,2024-11-03
2000,1900000045,2025,001,31,200000,100051,17453.46,17453.46,H,2025-05-24,2025-07-21
2000,1900000045,2025,002,40,470000,,17453.46,17453.46,S,2025-05-24,2025-07-21
3000,1900000046,2024,001,31,200000,100003,12651.6,12651.6,H,2024-01-17,2024-01-23
3000,1900000046,2024,002,40,430000,,12651.6,12651.6,S,2024-01-17,2024-01-23
3000,1900000047,2024,001,31,200000,100044,17384.87,17384.87,H,2025-04-19,2025-05-22
3000,1900000047,2024,002,40,400000,,17384.87,17384.87,S,2025-04-19,2025-05-22
2000,1900000048,2024,001,31,200000,100059,16553.29,16553.29,H,2024-11-14,2025-01-19
2000,1900000048,2024,002,40,440000,,16553.29,16553.29,S,2024-11-14,2025-01-19
2000,1900000049,2025,001,31,200000,100053,18918.11,18918.11,H,2025-11-26,2025-12-08
2000,1900000049,2025,002,40,440000,,18918.11,18918.11,S,2025-11-26,2025-12-08
3000,1900000050,2025,001,31,200000,100032,20109.42,20109.42,H,2025-06-09,2025-08-17
3000,1900000050,2025,002,40,420000,,20109.42,20109.42,S,2025-06-09,2025-08-17
1000,1900000051,2024,001,31,200000,100039,7234.02,7234.02,H,2025-08-11,
1000,1900000051,2024,002,40,480000,,7234.02,7234.02,S,2025-08-11,
1000,1900000052,2024,001,31,200000,100020,1667.86,1667.86,H,2025-11-28,2026-01-08
1000,1900000052,2024,002,40,430000,,1667.86,1667.86,S,2025-11-28,2026-01-08
2000,1900000053,2024,001,31,200000,100039,17295.63,17295.63,H,2024-09-29,2024-10-16
2000,1900000053,2024,002,40,480000,,17295.63,17295.63,S,2024-09-29,2024-10-16
1000,1900000054,2024,001,31,200000,100029,14948.0,14948.0,H,2025-04-21,2025-06-25
1000,1900000054,2024,002,40,400000,,14948.0,14948.0,S,2025-04-21,2025-06-25
1000,1900000055,2024,001,31,200000,100006,6916.13,6916.13,H,2024-09-07,2024-10-01
1000,1900000055,2024,002,40,450000,,6916.13,6916.13,S,2024-09-07,2024-10-01
1000,1900000056,2024,001,31,200000,100041,7541.25,7541.25,H,2025-12-03,2026-01-19
1000,1900000056,2024,002,40,430000,,7541.25,7541.25,S,2025-12-03,2026-01-19
1000,1900000057,2024,001,31,200000,100059,16859.5,16859.5,H,2024-04-08,
1000,1900000057,2024,002,40,410000,,16859.5,16859.5,S,2024-04-08,
2000,1900000058,2024,001,31,200000,100041,1848.24,1848.24,H,2024-04-26,2024-05-04
2000,1900000058,2024,002,40,420000,,1848.24,1848.24,S,2024-04-26,2024-05-04
2000,1900000059,2024,001,31,200000,100026,6346.6,6346.6,H,2025-05-15,2025-06-15
2000,1900000059,2024,002,40,400000,,6346.6,6346.6,S,2025-05-15,2025-06-15
3000,1900000060,2024,001,31,200000,100016,2069.61,2069.61,H,2024-05-12,2024-06-19
3000,1900000060,2024,002,40,420000,,2069.61,2069.61,S,2024-05-12,2024-06-19
1000,1900000061,2025,001,31,200000,100059,24661.06,24661.06,H,2025-03-29,
1000,1900000061,2025,002,40,450000,,24661.06,24661.06,S,2025-03-29,
3000,1900000062,2024,001,31,200000,100020,3575.01,3575.01,H,2024-10-03,2024-10-23
3000,1900000062,2024,002,40,410000,,3575.01,3575.01,S,2024-10-03,2024-10-23
3000,1900000063,2024,001,31,200000,100009,16768.27,16768.27,H,2025-12-04,2026-01-17
3000,1900000063,2024,002,40,440000,,16768.27,16768.27,S,2025-12-04,2026-01-17
3000,1900000064,2024,001,31,200000,100045,13441.67,13441.67,H,2025-12-19,2026-02-04
3000,1900000064,2024,002,40,450000,,13441.67,13441.67,S,2025-12-19,2026-02-04
3000,1900000065,2024,001,31,200000,100034,24286.41,24286.41,H,2024-11-24,2024-12-15
3000,1900000065,2024,002,40,450000,,24286.41,24286.41,S,2024-11-24,2024-12-15
1000,1900000066,2025,001,31,200000,100027,14597.13,14597.13,H,2024-10-07,2024-11-20
1000,1900000066,2025,002,40,400000,,14597.13,14597.13,S,2024-10-07,2024-11-20
2000,1900000067,2025,001,31,200000,100034,8813.97,8813.97,H,2024-05-17,2024-06-20
2000,1900000067,2025,002,40,450000,,8813.97,8813.97,S,2024-05-17,2024-06-20
1000,1900000068,2024,001,31,200000,100049,18472.88,18472.88,H,2024-08-04,2024-08-30
1000,1900000068,2024,002,40,480000,,18472.88,18472.88,S,2024-08-04,2024-08-30
3000,1900000069,2024,001,31,200000,100047,8040.58,8040.58,H,2024-02-01,2024-04-11
3000,1900000069,2024,002,40,410000,,8040.58,8040.58,S,2024-02-01,2024-04-11
2000,1900000070,2025,001,31,200000,100008,20245.72,20245.72,H,2025-10-10,2025-11-21
2000,1900000070,2025,002,40,420000,,20245.72,20245.72,S,2025-10-10,2025-11-21
1000,1900000071,2024,001,31,200000,100055,11939.35,11939.35,H,2025-12-26,2026-02-01
1000,1900000071,2024,002,40,440000,,11939.35,11939.35,S,2025-12-26,2026-02-01
2000,1900000072,2025,001,31,200000,100053,6760.67,6760.67,H,2025-08-05,2025-08-14
2000,1900000072,2025,002,40,440000,,6760.67,6760.67,S,2025-08-05,2025-08-14
2000,1900000073,2024,001,31,200000,100006,10982.07,10982.07,H,2024-02-24,2024-05-04
2000,1900000073,2024,002,40,420000,,10982.07,10982.07,S,2024-02-24,2024-05-04
3000,1900000074,2024,001,31,200000,100028,24015.0,24015.0,H,2025-03-21,2025-05-11
3000,1900000074,2024,002,40,450000,,24015.0,24015.0,S,2025-03-21,2025-05-11
2000,1900000075,2024,001,31,200000,100036,5851.17,5851.17,H,2025-04-22,2025-06-11
2000,1900000075,2024,002,40,440000,,5851.17,5851.17,S,2025-04-22,2025-06-11
1000,1900000076,2025,001,31,200000,100035,2696.76,2696.76,H,2024-01-26,
1000,1900000076,2025,002,40,440000,,2696.76,2696.76,S,2024-01-26,
2000,1900000077,2024,001,31,200000,100001,20283.69,20283.69,H,2025-01-06,2025-02-05
2000,1900000077,2024,002,40,460000,,20283.69,20283.69,S,2025-01-06,2025-02-05
2000,1900000078,2024,001,31,200000,100048,14422.92,14422.92,H,2025-03-20,2025-04-22
2000,1900000078,2024,002,40,420000,,14422.92,14422.92,S,2025-03-20,2025-04-22
2000,1900000079,2025,001,31,200000,100014,970.83,970.83,H,2024-09-18,2024-11-12
2000,1900000079,2025,002,40,420000,,970.83,970.83,S,2024-09-18,2024-11-12
2000,1900000080,2025,001,31,200000,100020,12027.72,12027.72,H,2024-04-21,
2000,1900000080,2025,002,40,460000,,12027.72,12027.72,S,2024-04-21,
2000,1900000081,2024,001,31,200000,100046,1656.19,1656.19,H,2024-05-16,2024-06-28
2000,1900000081,2024,002,40,430000,,1656.19,1656.19,S,2024-05-16,2024-06-28
1000,1900000082,2025,001,31,200000,100050,6614.69,6614.69,H,2025-06-08,
1000,1900000082,2025,002,40,420000,,6614.69,6614.69,S,2025-06-08,
2000,1900000083,2025,001,31,200000,100014,17204.84,17204.84,H,2025-01-02,
2000,1900000083,2025,002,40,410000,,17204.84,17204.84,S,2025-01-02,
3000,1900000084,2025,001,31,200000,100029,14333.74,14333.74,H,2025-08-30,2025-10-17
3000,1900000084,2025,002,40,440000,,14333.74,14333.74,S,2025-08-30,2025-10-17
3000,1900000085,2025,001,31,200000,100030,15654.84,15654.84,H,2025-01-02,2025-03-12
3000,1900000085,2025,002,40,410000,,15654.84,15654.84,S,2025-01-02,2025-03-12
2000,1900000086,2024,001,31,200000,100051,2908.03,2908.03,H,2024-07-21,2024-08-31
2000,1900000086,2024,002,40,420000,,2908.03,2908.03,S,2024-07-21,2024-08-31
3000,1900000087,2025,001,31,200000,100015,3491.52,3491.52,H,2025-06-26,
3000,1900000087,2025,002,40,440000,,3491.52,3491.52,S,2025-06-26,
1000,1900000088,2024,001,31,200000,100027,24131.77,24131.77,H,2024-08-10,2024-08-31
1000,1900000088,2024,002,40,470000,,24131.77,24131.77,S,2024-08-10,2024-08-31
2000,1900000089,2024,001,31,200000,100023,17820.2,17820.2,H,2025-02-24,2025-04-05
2000,1900000089,2024,002,40,400000,,17820.2,17820.2,S,2025-02-24,2025-04-05
2000,1900000090,2025,001,31,200000,100007,16661.74,16661.74,H,2025-02-04,
2000,1900000090,2025,002,40,420000,,16661.74,16661.74,S,2025-02-04,
2000,1900000091,2024,001,31,200000,100012,23933.64,23933.64,H,2025-05-31,2025-07-19
2000,1900000091,2024,002,40,400000,,23933.64,23933.64,S,2025-05-31,2025-07-19
1000,1900000092,2024,001,31,200000,100024,18017.77,18017.77,H,2024-05-18,
1000,1900000092,2024,002,40,470000,,18017.77,18017.77,S,2024-05-18,
3000,1900000093,2025,001,31,200000,100046,8595.05,8595.05,H,2025-12-01,2025-12-23
3000,1900000093,2025,002,40,470000,,8595.05,8595.05,S,2025-12-01,2025-12-23
1000,1900000094,2025,001,31,200000,100040,12141.68,12141.68,H,2025-03-09,
1000,1900000094,2025,002,40,430000,,12141.68,12141.68,S,2025-03-09,
1000,1900000095,2024,001,31,200000,100036,5582.17,5582.17,H,2025-12-18,2026-02-19
1000,1900000095,2024,002,40,430000,,5582.17,5582.17,S,2025-12-18,2026-02-19
1000,1900000096,2025,001,31,200000,100002,24092.07,24092.07,H,2025-03-31,2025-04-28
1000,1900000096,2025,002,40,410000,,24092.07,24092.07,S,2025-03-31,2025-04-28
3000,1900000097,2025,001,31,200000,100026,495.6,495.6,H,2024-05-02,2024-07-08
3000,1900000097,2025,002,40,470000,,495.6,495.6,S,2024-05-02,2024-07-08
1000,1900000098,2024,001,31,200000,100028,22372.04,22372.04,H,2024-09-21,2024-11-14
1000,1900000098,2024,002,40,460000,,22372.04,22372.04,S,2024-09-21,2024-11-14
3000,1900000099,2025,001,31,200000,100057,21889.74,21889.74,H,2024-12-18,
3000,1900000099,2025,002,40,450000,,21889.74,21889.74,S,2024-12-18,
2000,1900000100,2024,001,31,200000,100013,4701.58,4701.58,H,2024-01-29,2024-02-27
2000,1900000100,2024,002,40,410000,,4701.58,4701.58,S,2024-01-29,2024-02-27
1000,1900000101,2024,001,31,200000,100053,20285.52,20285.52,H,2024-02-06,2024-02-17
1000,1900000101,2024,002,40,470000,,20285.52,20285.52,S,2024-02-06,2024-02-17
3000,1900000102,2024,001,31,200000,100022,11342.45,11342.45,H,2024-08-29,2024-10-02
3000,1900000102,2024,002,40,410000,,11342.45,11342.45,S,2024-08-29,2024-10-02
1000,1900000103,2025,001,31,200000,100034,23545.27,23545.27,H,2024-07-18,2024-09-04
1000,1900000103,2025,002,40,400000,,23545.27,23545.27,S,2024-07-18,2024-09-04
2000,1900000104,2025,001,31,200000,100046,17320.16,17320.16,H,2024-06-17,2024-08-08
2000,1900000104,2025,002,40,400000,,17320.16,17320.16,S,2024-06-17,2024-08-08
3000,1900000105,2024,001,31,200000,100005,659.73,659.73,H,2025-07-16,2025-09-19
3000,1900000105,2024,002,40,420000,,659.73,659.73,S,2025-07-16,2025-09-19
1000,1900000106,2024,001,31,200000,100038,12044.21,12044.21,H,2025-11-06,2025-11-26
1000,1900000106,2024,002,40,480000,,12044.21,12044.21,S,2025-11-06,2025-11-26
1000,1900000107,2025,001,31,200000,100031,4663.69,4663.69,H,2024-10-14,2024-11-29
1000,1900000107,2025,002,40,460000,,4663.69,4663.69,S,2024-10-14,2024-11-29
3000,1900000108,2024,001,31,200000,100001,2069.58,2069.58,H,2024-08-29,
3000,1900000108,2024,002,40,480000,,2069.58,2069.58,S,2024-08-29,
1000,1900000109,2024,001,31,200000,100037,11614.05,11614.05,H,2024-12-25,2025-01-02
1000,1900000109,2024,002,40,430000,,11614.05,11614.05,S,2024-12-25,2025-01-02
2000,1900000110,2024,001,31,200000,100002,13553.04,13553.04,H,2025-07-22,2025-07-27
2000,1900000110,2024,002,40,440000,,13553.04,13553.04,S,2025-07-22,2025-07-27
3000,1900000111,2024,001,31,200000,100034,4398.64,4398.64,H,2024-12-10,2025-01-19
3000,1900000111,2024,002,40,410000,,4398.64,4398.64,S,2024-12-10,2025-01-19
3000,1900000112,2024,001,31,200000,100033,11203.81,11203.81,H,2024-01-25,2024-03-24
3000,1900000112,2024,002,40,470000,,11203.81,11203.81,S,2024-01-25,2024-03-24
3000,1900000113,2024,001,31,200000,100013,8248.64,8248.64,H,2025-12-21,2026-02-07
3000,1900000113,2024,002,40,400000,,8248.64,8248.64,S,2025-12-21,2026-02-07
1000,1900000114,2024,001,31,200000,100047,8514.4,8514.4,H,2024-04-11,
1000,1900000114,2024,002,40,470000,,8514.4,8514.4,S,2024-04-11,
3000,1900000115,2025,001,31,200000,100013,15626.21,15626.21,H,2025-02-07,2025-02-28
3000,1900000115,2025,002,40,470000,,15626.21,15626.21,S,2025-02-07,2025-02-28
3000,1900000116,2025,001,31,200000,100050,13596.38,13596.38,H,2024-12-13,
3000,1900000116,2025,002,40,420000,,13596.38,13596.38,S,2024-12-13,
2000,1900000117,2024,001,31,200000,100023,13925.37,13925.37,H,2024-08-24,2024-10-09
2000,1900000117,2024,002,40,400000,,13925.37,13925.37,S,2024-08-24,2024-10-09
2000,1900000118,2025,001,31,200000,100032,3826.67,3826.67,H,2024-09-25,2024-11-18
2000,1900000118,2025,002,40,440000,,3826.67,3826.67,S,2024-09-25,2024-11-18
1000,1900000119,2024,001,31,200000,100042,21771.52,21771.52,H,2024-11-02,2024-12-13
1000,1900000119,2024,002,40,410000,,21771.52,21771.52,S,2024-11-02,2024-12-13
2000,1900000120,2025,001,31,200000,100035,6558.96,6558.96,H,2025-01-24,
2000,1900000120,2025,002,40,480000,,6558.96,6558.96,S,2025-01-24,
3000,1900000121,2025,001,31,200000,100005,10602.74,10602.74,H,2025-11-24,2026-01-14
3000,1900000121,2025,002,40,480000,,10602.74,10602.74,S,2025-11-24,2026-01-14
1000,1900000122,2024,001,31,200000,100014,23951.86,23951.86,H,2025-09-27,
1000,1900000122,2024,002,40,460000,,23951.86,23951.86,S,2025-09-27,
2000,1900000123,2025,001,31,200000,100001,16099.44,16099.44,H,2025-03-26,2025-05-07
2000,1900000123,2025,002,40,410000,,16099.44,16099.44,S,2025-03-26,2025-05-07
2000,1900000124,2024,001,31,200000,100047,14560.78,14560.78,H,2024-09-03,2024-10-18
2000,1900000124,2024,002,40,430000,,14560.78,14560.78,S,2024-09-03,2024-10-18
2000,1900000125,2024,001,31,200000,100003,7112.74,7112.74,H,2024-03-16,
2000,1900000125,2024,002,40,410000,,7112.74,7112.74,S,2024-03-16,
2000,1900000126,2025,001,31,200000,100043,16815.87,16815.87,H,2025-01-04,2025-01-27
2000,1900000126,2025,002,40,440000,,16815.87,16815.87,S,2025-01-04,2025-01-27
2000,1900000127,2025,001,31,200000,100016,561.83,561.83,H,2025-03-29,2025-05-10
2000,1900000127,2025,002,40,400000,,561.83,561.83,S,2025-03-29,2025-05-10
2000,1900000128,2025,001,31,200000,100031,8745.1,8745.1,H,2024-07-27,2024-09-27
2000,1900000128,2025,002,40,450000,,8745.1,8745.1,S,2024-07-27,2024-09-27
1000,1900000129,2025,001,31,200000,100018,22518.39,22518.39,H,2024-07-04,2024-07-26
1000,1900000129,2025,002,40,400000,,22518.39,22518.39,S,2024-07-04,2024-07-26
1000,1900000130,2025,001,31,200000,100047,24231.89,24231.89,H,2024-08-18,2024-10-22
1000,1900000130,2025,002,40,430000,,24231.89,24231.89,S,2024-08-18,2024-10-22
2000,1900000131,2024,001,31,200000,100036,3696.39,3696.39,H,2025-05-23,2025-07-28
2000,1900000131,2024,002,40,420000,,3696.39,3696.39,S,2025-05-23,2025-07-28
1000,1900000132,2024,001,31,200000,100020,866.23,866.23,H,2024-09-12,2024-11-14
1000,1900000132,2024,002,40,480000,,866.23,866.23,S,2024-09-12,2024-11-14
3000,1900000133,2025,001,31,200000,100044,9311.77,9311.77,H,2025-08-24,
3000,1900000133,2025,002,40,440000,,9311.77,9311.77,S,2025-08-24,
1000,1900000134,2024,001,31,200000,100031,689.08,689.08,H,2025-02-04,2025-02-09
1000,1900000134,2024,002,40,450000,,689.08,689.08,S,2025-02-04,2025-02-09
3000,1900000135,2024,001,31,200000,100017,10300.16,10300.16,H,2025-07-05,2025-08-05
3000,1900000135,2024,002,40,400000,,10300.16,10300.16,S,2025-07-05,2025-08-05
2000,1900000136,2025,001,31,200000,100035,20564.61,20564.61,H,2024-10-02,2024-11-27
2000,1900000136,2025,002,40,450000,,20564.61,20564.61,S,2024-10-02,2024-11-27
1000,1900000137,2024,001,31,200000,100032,8214.8,8214.8,H,2025-08-29,2025-10-07
1000,1900000137,2024,002,40,470000,,8214.8,8214.8,S,2025-08-29,2025-10-07
2000,1900000138,2025,001,31,200000,100016,18461.9,18461.9,H,2025-03-27,2025-05-25
2000,1900000138,2025,002,40,400000,,18461.9,18461.9,S,2025-03-27,2025-05-25
3000,1900000139,2024,001,31,200000,100006,20822.82,20822.82,H,2025-01-21,2025-02-26
3000,1900000139,2024,002,40,470000,,20822.82,20822.82,S,2025-01-21,2025-02-26
3000,1900000140,2025,001,31,200000,100055,14863.08,14863.08,H,2024-10-16,2024-12-22
3000,1900000140,2025,002,40,440000,,14863.08,14863.08,S,2024-10-16,2024-12-22
2000,1900000141,2025,001,31,200000,100019,14083.52,14083.52,H,2024-07-23,
2000,1900000141,2025,002,40,460000,,14083.52,14083.52,S,2024-07-23,
1000,1900000142,2025,001,31,200000,100046,11029.24,11029.24,H,2025-12-23,2026-02-11
1000,1900000142,2025,002,40,470000,,11029.24,11029.24,S,2025-12-23,2026-02-11
1000,1900000143,2024,001,31,200000,100026,18528.52,18528.52,H,2024-11-04,
1000,1900000143,2024,002,40,450000,,18528.52,18528.52,S,2024-11-04,
3000,1900000144,2025,001,31,200000,100034,13183.37,13183.37,H,2025-03-15,
3000,1900000144,2025,002,40,480000,,13183.37,13183.37,S,2025-03-15,
2000,1900000145,2024,001,31,200000,100028,4424.43,4424.43,H,2024-03-11,2024-04-14
2000,1900000145,2024,002,40,410000,,4424.43,4424.43,S,2024-03-11,2024-04-14
1000,1900000146,2024,001,31,200000,100021,12614.13,12614.13,H,2025-09-14,
1000,1900000146,2024,002,40,430000,,12614.13,12614.13,S,2025-09-14,
2000,1900000147,2024,001,31,200000,100055,2237.51,2237.51,H,2025-08-09,
2000,1900000147,2024,002,40,430000,,2237.51,2237.51,S,2025-08-09,
1000,1900000148,2024,001,31,200000,100013,22446.93,22446.93,H,2025-08-26,2025-09-20
1000,1900000148,2024,002,40,410000,,22446.93,22446.93,S,2025-08-26,2025-09-20
2000,1900000149,2025,001,31,200000,100039,11633.44,11633.44,H,2024-01-25,2024-02-26
2000,1900000149,2025,002,40,420000,,11633.44,11633.44,S,2024-01-25,2024-02-26
2000,1900000150,2025,001,31,200000,100038,6972.99,6972.99,H,2024-10-28,2024-12-16
2000,1900000150,2025,002,40,460000,,6972.99,6972.99,S,2024-10-28,2024-12-16
2000,1900000151,2025,001,31,200000,100024,9211.79,9211.79,H,2025-05-09,2025-06-17
2000,1900000151,2025,002,40,410000,,9211.79,9211.79,S,2025-05-09,2025-06-17
2000,1900000152,2025,001,31,200000,100050,9620.79,9620.79,H,2025-11-01,
2000,1900000152,2025,002,40,450000,,9620.79,9620.79,S,2025-11-01,
2000,1900000153,2025,001,31,200000,100020,2296.07,2296.07,H,2024-08-28,
2000,1900000153,2025,002,40,440000,,2296.07,2296.07,S,2024-08-28,
1000,1900000154,2024,001,31,200000,100016,23031.5,23031.5,H,2025-02-17,2025-04-20
1000,1900000154,2024,002,40,460000,,23031.5,23031.5,S,2025-02-17,2025-04-20
3000,1900000155,2024,001,31,200000,100012,10938.99,10938.99,H,2025-05-05,2025-06-11
3000,1900000155,2024,002,40,470000,,10938.99,10938.99,S,2025-05-05,2025-06-11
3000,1900000156,2024,001,31,200000,100053,3317.91,3317.91,H,2025-07-31,2025-09-17
3000,1900000156,2024,002,40,420000,,3317.91,3317.91,S,2025-07-31,2025-09-17
3000,1900000157,2024,001,31,200000,100020,23179.02,23179.02,H,2024-12-05,
3000,1900000157,2024,002,40,450000,,23179.02,23179.02,S,2024-12-05,
2000,1900000158,2024,001,31,200000,100024,13081.31,13081.31,H,2025-10-04,2025-12-12
2000,1900000158,2024,002,40,470000,,13081.31,13081.31,S,2025-10-04,2025-12-12
1000,1900000159,2024,001,31,200000,100038,7041.67,7041.67,H,2024-11-07,
1000,1900000159,2024,002,40,460000,,7041.67,7041.67,S,2024-11-07,
3000,1900000160,2025,001,31,200000,100020,17370.07,17370.07,H,2025-07-23,2025-08-18
3000,1900000160,2025,002,40,480000,,17370.07,17370.07,S,2025-07-23,2025-08-18
2000,1900000161,2025,001,31,200000,100032,13249.43,13249.43,H,2024-08-30,2024-10-09
2000,1900000161,2025,002,40,400000,,13249.43,13249.43,S,2024-08-30,2024-10-09
2000,1900000162,2024,001,31,200000,100004,7771.19,7771.19,H,2025-05-06,2025-07-05
2000,1900000162,2024,002,40,430000,,7771.19,7771.19,S,2025-05-06,2025-07-05
1000,1900000163,2024,001,31,200000,100031,6572.19,6572.19,H,2024-06-15,
1000,1900000163,2024,002,40,410000,,6572.19,6572.19,S,2024-06-15,
2000,1900000164,2025,001,31,200000,100046,6197.0,6197.0,H,2025-08-04,
2000,1900000164,2025,002,40,410000,,6197.0,6197.0,S,2025-08-04,
3000,1900000165,2025,001,31,200000,100025,16780.88,16780.88,H,2025-06-06,2025-07-13
3000,1900000165,2025,002,40,480000,,16780.88,16780.88,S,2025-06-06,2025-07-13
3000,1900000166,2024,001,31,200000,100041,8130.61,8130.61,H,2025-06-22,
3000,1900000166,2024,002,40,440000,,8130.61,8130.61,S,2025-06-22,
3000,1900000167,2024,001,31,200000,100055,8721.35,8721.35,H,2025-02-06,
3000,1900000167,2024,002,40,460000,,8721.35,8721.35,S,2025-02-06,
3000,1900000168,2024,001,31,200000,100025,11479.6,11479.6,H,2024-09-18,2024-10-20
3000,1900000168,2024,002,40,450000,,11479.6,11479.6,S,2024-09-18,2024-10-20
2000,1900000169,2025,001,31,200000,100047,5153.03,5153.03,H,2025-08-12,2025-08-28
2000,1900000169,2025,002,40,430000,,5153.03,5153.03,S,2025-08-12,2025-08-28
1000,1900000170,2024,001,31,200000,100010,22863.91,22863.91,H,2025-02-13,2025-03-21
1000,1900000170,2024,002,40,430000,,22863.91,22863.91,S,2025-02-13,2025-03-21
2000,1900000171,2025,001,31,200000,100030,9013.95,9013.95,H,2026-01-03,2026-03-04
2000,1900000171,2025,002,40,440000,,9013.95,9013.95,S,2026-01-03,2026-03-04
2000,1900000172,2024,001,31,200000,100049,8310.11,8310.11,H,2025-07-01,2025-07-11
2000,1900000172,2024,002,40,410000,,8310.11,8310.11,S,2025-07-01,2025-07-11
2000,1900000173,2025,001,31,200000,100046,19417.85,19417.85,H,2025-08-20,2025-10-19
2000,1900000173,2025,002,40,420000,,19417.85,19417.85,S,2025-08-20,2025-10-19
1000,1900000174,2025,001,31,200000,100009,15918.75,15918.75,H,2025-09-11,2025-10-07
1000,1900000174,2025,002,40,430000,,15918.75,15918.75,S,2025-09-11,2025-10-07
2000,1900000175,2025,001,31,200000,100001,7242.14,7242.14,H,2025-12-05,2026-01-25
2000,1900000175,2025,002,40,410000,,7242.14,7242.14,S,2025-12-05,2026-01-25
1000,1900000176,2025,001,31,200000,100052,10965.86,10965.86,H,2025-04-14,2025-04-25
1000,1900000176,2025,002,40,410000,,10965.86,10965.86,S,2025-04-14,2025-04-25
1000,1900000177,2025,001,31,200000,100017,24703.62,24703.62,H,2024-05-19,2024-07-26
1000,1900000177,2025,002,40,410000,,24703.62,24703.62,S,2024-05-19,2024-07-26
1000,1900000178,2025,001,31,200000,100000,7957.64,7957.64,H,2025-11-30,2025-12-21
1000,1900000178,2025,002,40,400000,,7957.64,7957.64,S,2025-11-30,2025-12-21
1000,1900000179,2025,001,31,200000,100016,4139.37,4139.37,H,2025-11-10,2025-11-30
1000,1900000179,2025,002,40,450000,,4139.37,4139.37,S,2025-11-10,2025-11-30
3000,1900000180,2024,001,31,200000,100005,6995.6,6995.6,H,2024-02-17,2024-04-10
3000,1900000180,2024,002,40,420000,,6995.6,6995.6,S,2024-02-17,2024-04-10
1000,1900000181,2024,001,31,200000,100013,17277.97,17277.97,H,2024-10-07,
1000,1900000181,2024,002,40,410000,,17277.97,17277.97,S,2024-10-07,
3000,1900000182,2024,001,31,200000,100012,15877.81,15877.81,H,2025-02-22,
3000,1900000182,2024,002,40,430000,,15877.81,15877.81,S,2025-02-22,
3000,1900000183,2024,001,31,200000,100051,7341.13,7341.13,H,2025-06-19,2025-08-12
3000,1900000183,2024,002,40,420000,,7341.13,7341.13,S,2025-06-19,2025-08-12
3000,1900000184,2024,001,31,200000,100028,23869.36,23869.36,H,2025-07-05,
3000,1900000184,2024,002,40,400000,,23869.36,23869.36,S,2025-07-05,
1000,1900000185,2024,001,31,200000,100010,18966.6,18966.6,H,2024-11-20,2024-12-03
1000,1900000185,2024,002,40,440000,,18966.6,18966.6,S,2024-11-20,2024-12-03
2000,1900000186,2024,001,31,200000,100046,13324.65,13324.65,H,2024-05-26,
2000,1900000186,2024,002,40,450000,,13324.65,13324.65,S,2024-05-26,
2000,1900000187,2024,001,31,200000,100053,19047.18,19047.18,H,2025-01-12,2025-02-13
2000,1900000187,2024,002,40,430000,,19047.18,19047.18,S,2025-01-12,2025-02-13
1000,1900000188,2024,001,31,200000,100023,16063.35,16063.35,H,2024-02-29,2024-05-03
1000,1900000188,2024,002,40,400000,,16063.35,16063.35,S,2024-02-29,2024-05-03
1000,1900000189,2024,001,31,200000,100059,23211.24,23211.24,H,2024-01-07,
1000,1900000189,2024,002,40,400000,,23211.24,23211.24,S,2024-01-07,
1000,1900000190,2025,001,31,200000,100051,2585.58,2585.58,H,2025-04-27,2025-06-01
1000,1900000190,2025,002,40,450000,,2585.58,2585.58,S,2025-04-27,2025-06-01
1000,1900000191,2025,001,31,200000,100000,11972.93,11972.93,H,2024-05-15,2024-07-21
1000,1900000191,2025,002,40,460000,,11972.93,11972.93,S,2024-05-15,2024-07-21
2000,1900000192,2024,001,31,200000,100048,1808.82,1808.82,H,2025-03-30,
2000,1900000192,2024,002,40,450000,,1808.82,1808.82,S,2025-03-30,
3000,1900000193,2025,001,31,200000,100007,7887.62,7887.62,H,2024-12-13,2025-01-23
3000,1900000193,2025,002,40,470000,,7887.62,7887.62,S,2024-12-13,2025-01-23
1000,1900000194,2024,001,31,200000,100024,10814.17,10814.17,H,2025-02-05,
1000,1900000194,2024,002,40,430000,,10814.17,10814.17,S,2025-02-05,
1000,1900000195,2024,001,31,200000,100004,21775.05,21775.05,H,2025-08-18,2025-09-14
1000,1900000195,2024,002,40,470000,,21775.05,21775.05,S,2025-08-18,2025-09-14
1000,1900000196,2024,001,31,200000,100026,8774.49,8774.49,H,2024-05-22,2024-06-08
1000,1900000196,2024,002,40,430000,,8774.49,8774.49,S,2024-05-22,2024-06-08
3000,1900000197,2024,001,31,200000,100041,6389.11,6389.11,H,2024-08-20,
3000,1900000197,2024,002,40,420000,,6389.11,6389.11,S,2024-08-20,
1000,1900000198,2025,001,31,200000,100054,16172.04,16172.04,H,2025-07-10,
1000,1900000198,2025,002,40,420000,,16172.04,16172.04,S,2025-07-10,
2000,1900000199,2024,001,31,200000,100019,4885.81,4885.81,H,2025-04-05,2025-04-18
2000,1900000199,2024,002,40,420000,,4885.81,4885.81,S,2025-04-05,2025-04-18
2000,1900000200,2025,001,31,200000,100058,11358.07,11358.07,H,2024-02-15,
2000,1900000200,2025,002,40,410000,,11358.07,11358.07,S,2024-02-15,
3000,1900000201,2025,001,31,200000,100055,6212.03,6212.03,H,2024-12-24,2025-02-13
3000,1900000201,2025,002,40,450000,,6212.03,6212.03,S,2024-12-24,2025-02-13
2000,1900000202,2025,001,31,200000,100059,20090.62,20090.62,H,2024-04-01,
2000,1900000202,2025,002,40,410000,,20090.62,20090.62,S,2024-04-01,
3000,1900000203,2025,001,31,200000,100058,1033.19,1033.19,H,2024-07-11,2024-09-04
3000,1900000203,2025,002,40,450000,,1033.19,1033.19,S,2024-07-11,2024-09-04
2000,1900000204,2024,001,31,200000,100056,7047.43,7047.43,H,2024-01-09,
2000,1900000204,2024,002,40,460000,,7047.43,7047.43,S,2024-01-09,
2000,1900000205,2025,001,31,200000,100057,7394.51,7394.51,H,2025-02-07,
2000,1900000205,2025,002,40,420000,,7394.51,7394.51,S,2025-02-07,
2000,1900000206,2025,001,31,200000,100009,2504.04,2504.04,H,2025-03-08,
2000,1900000206,2025,002,40,400000,,2504.04,2504.04,S,2025-03-08,
3000,1900000207,2024,001,31,200000,100047,4295.72,4295.72,H,2025-10-07,2025-12-07
3000,1900000207,2024,002,40,460000,,4295.72,4295.72,S,2025-10-07,2025-12-07
3000,1900000208,2025,001,31,200000,100001,11653.03,11653.03,H,2024-11-23,
3000,1900000208,2025,002,40,480000,,11653.03,11653.03,S,2024-11-23,
1000,1900000209,2025,001,31,200000,100036,8126.27,8126.27,H,2025-04-05,2025-04-17
1000,1900000209,2025,002,40,430000,,8126.27,8126.27,S,2025-04-05,2025-04-17
3000,1900000210,2025,001,31,200000,100003,1179.41,1179.41,H,2025-01-17,
3000,1900000210,2025,002,40,400000,,1179.41,1179.41,S,2025-01-17,
3000,1900000211,2024,001,31,200000,100034,15926.58,15926.58,H,2025-03-10,
3000,1900000211,2024,002,40,480000,,15926.58,15926.58,S,2025-03-10,
3000,1900000212,2025,001,31,200000,100058,23309.32,23309.32,H,2025-10-25,2025-12-05
3000,1900000212,2025,002,40,460000,,23309.32,23309.32,S,2025-10-25,2025-12-05
1000,1900000213,2025,001,31,200000,100040,4309.32,4309.32,H,2024-05-06,2024-07-09
1000,1900000213,2025,002,40,400000,,4309.32,4309.32,S,2024-05-06,2024-07-09
2000,1900000214,2024,001,31,200000,100031,5571.63,5571.63,H,2025-03-12,
2000,1900000214,2024,002,40,440000,,5571.63,5571.63,S,2025-03-12,
3000,1900000215,2024,001,31,200000,100030,10445.11,10445.11,H,2025-10-31,2025-12-11
3000,1900000215,2024,002,40,410000,,10445.11,10445.11,S,2025-10-31,2025-12-11
2000,1900000216,2024,001,31,200000,100005,5177.26,5177.26,H,2025-03-01,
2000,1900000216,2024,002,40,450000,,5177.26,5177.26,S,2025-03-01,
1000,1900000217,2024,001,31,200000,100038,9287.98,9287.98,H,2024-03-14,2024-05-21
1000,1900000217,2024,002,40,460000,,9287.98,9287.98,S,2024-03-14,2024-05-21
2000,1900000218,2025,001,31,200000,100011,20461.92,20461.92,H,2025-01-07,2025-03-05
2000,1900000218,2025,002,40,450000,,20461.92,20461.92,S,2025-01-07,2025-03-05
3000,1900000219,2024,001,31,200000,100004,23054.39,23054.39,H,2024-02-17,2024-03-22
3000,1900000219,2024,002,40,430000,,23054.39,23054.39,S,2024-02-17,2024-03-22
2000,1900000220,2025,001,31,200000,100037,14320.35,14320.35,H,2024-06-07,2024-07-16
2000,1900000220,2025,002,40,480000,,14320.35,14320.35,S,2024-06-07,2024-07-16
2000,1900000221,2025,001,31,200000,100022,14186.05,14186.05,H,2024-03-31,
2000,1900000221,2025,002,40,420000,,14186.05,14186.05,S,2024-03-31,
3000,1900000222,2024,001,31,200000,100033,8957.54,8957.54,H,2024-09-30,2024-11-21
3000,1900000222,2024,002,40,430000,,8957.54,8957.54,S,2024-09-30,2024-11-21
2000,1900000223,2025,001,31,200000,100024,10033.17,10033.17,H,2024-08-26,
2000,1900000223,2025,002,40,410000,,10033.17,10033.17,S,2024-08-26,
1000,1900000224,2024,001,31,200000,100022,5507.29,5507.29,H,2025-03-17,
1000,1900000224,2024,002,40,470000,,5507.29,5507.29,S,2025-03-17,
3000,1900000225,2025,001,31,200000,100050,4050.34,4050.34,H,2024-08-16,2024-09-08
3000,1900000225,2025,002,40,410000,,4050.34,4050.34,S,2024-08-16,2024-09-08
1000,1900000226,2025,001,31,200000,100035,16031.68,16031.68,H,2024-07-26,
1000,1900000226,2025,002,40,430000,,16031.68,16031.68,S,2024-07-26,
3000,1900000227,2024,001,31,200000,100008,9358.16,9358.16,H,2025-09-18,
3000,1900000227,2024,002,40,440000,,9358.16,9358.16,S,2025-09-18,
1000,1900000228,2024,001,31,200000,100033,6655.44,6655.44,H,2024-05-20,2024-07-19
1000,1900000228,2024,002,40,450000,,6655.44,6655.44,S,2024-05-20,2024-07-19
3000,1900000229,2025,001,31,200000,100022,13554.73,13554.73,H,2025-07-15,
3000,1900000229,2025,002,40,440000,,13554.73,13554.73,S,2025-07-15,
1000,1900000230,2024,001,31,200000,100044,15667.82,15667.82,H,2025-04-18,
1000,1900000230,2024,002,40,470000,,15667.82,15667.82,S,2025-04-18,
2000,1900000231,2024,001,31,200000,100011,10887.35,10887.35,H,2024-11-09,2024-12-23
2000,1900000231,2024,002,40,480000,,10887.35,10887.35,S,2024-11-09,2024-12-23
2000,1900000232,2024,001,31,200000,100018,17064.18,17064.18,H,2025-12-01,2026-01-14
2000,1900000232,2024,002,40,430000,,17064.18,17064.18,S,2025-12-01,2026-01-14
3000,1900000233,2024,001,31,200000,100047,18636.4,18636.4,H,2024-06-16,2024-06-23
3000,1900000233,2024,002,40,480000,,18636.4,18636.4,S,2024-06-16,2024-06-23
3000,1900000234,2024,001,31,200000,100044,19720.82,19720.82,H,2024-07-06,2024-09-10
3000,1900000234,2024,002,40,420000,,19720.82,19720.82,S,2024-07-06,2024-09-10
2000,1900000235,2024,001,31,200000,100012,20218.41,20218.41,H,2024-05-30,2024-07-15
2000,1900000235,2024,002,40,470000,,20218.41,20218.41,S,2024-05-30,2024-07-15
3000,1900000236,2025,001,31,200000,100045,15873.78,15873.78,H,2025-05-15,
3000,1900000236,2025,002,40,460000,,15873.78,15873.78,S,2025-05-15,
3000,1900000237,2025,001,31,200000,100058,4308.04,4308.04,H,2025-09-17,2025-10-26
3000,1900000237,2025,002,40,470000,,4308.04,4308.04,S,2025-09-17,2025-10-26
1000,1900000238,2024,001,31,200000,100019,6175.89,6175.89,H,2025-11-24,2026-01-23
1000,1900000238,2024,002,40,460000,,6175.89,6175.89,S,2025-11-24,2026-01-23
3000,1900000239,2024,001,31,200000,100030,23446.06,23446.06,H,2024-12-27,
3000,1900000239,2024,002,40,460000,,23446.06,23446.06,S,2024-12-27,
1000,1900000240,2025,001,31,200000,100026,10017.22,10017.22,H,2025-01-26,2025-03-21
1000,1900000240,2025,002,40,480000,,10017.22,10017.22,S,2025-01-26,2025-03-21
1000,1900000241,2025,001,31,200000,100059,24180.83,24180.83,H,2025-05-01,
1000,1900000241,2025,002,40,440000,,24180.83,24180.83,S,2025-05-01,
2000,1900000242,2025,001,31,200000,100001,18897.01,18897.01,H,2024-09-17,2024-11-07
2000,1900000242,2025,002,40,410000,,18897.01,18897.01,S,2024-09-17,2024-11-07
1000,1900000243,2025,001,31,200000,100045,8235.43,8235.43,H,2025-10-03,2025-11-06
1000,1900000243,2025,002,40,440000,,8235.43,8235.43,S,2025-10-03,2025-11-06
1000,1900000244,2024,001,31,200000,100005,5850.88,5850.88,H,2025-08-01,2025-08-18
1000,1900000244,2024,002,40,480000,,5850.88,5850.88,S,2025-08-01,2025-08-18
2000,1900000245,2025,001,31,200000,100000,14566.69,14566.69,H,2024-05-07,
2000,1900000245,2025,002,40,470000,,14566.69,14566.69,S,2024-05-07,
2000,1900000246,2025,001,31,200000,100026,20847.96,20847.96,H,2024-05-23,2024-07-30
2000,1900000246,2025,002,40,470000,,20847.96,20847.96,S,2024-05-23,2024-07-30
2000,1900000247,2025,001,31,200000,100044,24249.34,24249.34,H,2024-09-15,2024-09-20
2000,1900000247,2025,002,40,410000,,24249.34,24249.34,S,2024-09-15,2024-09-20
2000,1900000248,2025,001,31,200000,100033,23273.42,23273.42,H,2024-06-11,
2000,1900000248,2025,002,40,460000,,23273.42,23273.42,S,2024-06-11,
2000,1900000249,2024,001,31,200000,100014,970.77,970.77,H,2025-01-11,2025-02-15
2000,1900000249,2024,002,40,410000,,970.77,970.77,S,2025-01-11,2025-02-15
3000,1900000250,2024,001,31,200000,100016,6210.67,6210.67,H,2024-03-16,2024-04-17
3000,1900000250,2024,002,40,410000,,6210.67,6210.67,S,2024-03-16,2024-04-17
3000,1900000251,2025,001,31,200000,100059,4600.34,4600.34,H,2025-09-03,
3000,1900000251,2025,002,40,400000,,4600.34,4600.34,S,2025-09-03,
2000,1900000252,2024,001,31,200000,100024,22895.45,22895.45,H,2025-07-20,2025-07-29
2000,1900000252,2024,002,40,410000,,22895.45,22895.45,S,2025-07-20,2025-07-29
2000,1900000253,2025,001,31,200000,100034,22459.63,22459.63,H,2025-09-10,2025-09-27
2000,1900000253,2025,002,40,470000,,22459.63,22459.63,S,2025-09-10,2025-09-27
3000,1900000254,2025,001,31,200000,100023,17497.7,17497.7,H,2025-02-16,
3000,1900000254,2025,002,40,400000,,17497.7,17497.7,S,2025-02-16,
3000,1900000255,2024,001,31,200000,100006,24942.58,24942.58,H,2025-08-23,2025-10-26
3000,1900000255,2024,002,40,460000,,24942.58,24942.58,S,2025-08-23,2025-10-26
1000,1900000256,2024,001,31,200000,100016,23487.47,23487.47,H,2024-08-06,2024-09-10
1000,1900000256,2024,002,40,440000,,23487.47,23487.47,S,2024-08-06,2024-09-10
3000,1900000257,2025,001,31,200000,100043,3020.57,3020.57,H,2025-06-09,2025-07-24
3000,1900000257,2025,002,40,440000,,3020.57,3020.57,S,2025-06-09,2025-07-24
2000,1900000258,2024,001,31,200000,100042,3058.67,3058.67,H,2025-03-25,2025-04-06
2000,1900000258,2024,002,40,480000,,3058.67,3058.67,S,2025-03-25,2025-04-06
2000,1900000259,2024,001,31,200000,100030,13419.36,13419.36,H,2025-05-10,
2000,1900000259,2024,002,40,400000,,13419.36,13419.36,S,2025-05-10,
3000,1900000260,2024,001,31,200000,100039,6087.9,6087.9,H,2024-02-21,2024-02-27
3000,1900000260,2024,002,40,480000,,6087.9,6087.9,S,2024-02-21,2024-02-27
1000,1900000261,2025,001,31,200000,100056,17892.23,17892.23,H,2024-10-21,2024-11-17
1000,1900000261,2025,002,40,430000,,17892.23,17892.23,S,2024-10-21,2024-11-17
3000,1900000262,2024,001,31,200000,100029,512.95,512.95,H,2025-11-18,2025-12-20
3000,1900000262,2024,002,40,420000,,512.95,512.95,S,2025-11-18,2025-12-20
3000,1900000263,2025,001,31,200000,100030,3643.04,3643.04,H,2025-07-14,2025-09-01
3000,1900000263,2025,002,40,420000,,3643.04,3643.04,S,2025-07-14,2025-09-01
1000,1900000264,2024,001,31,200000,100007,3859.37,3859.37,H,2024-06-15,2024-07-10
1000,1900000264,2024,002,40,410000,,3859.37,3859.37,S,2024-06-15,2024-07-10
2000,1900000265,2024,001,31,200000,100044,14187.19,14187.19,H,2025-03-26,2025-04-21
2000,1900000265,2024,002,40,480000,,14187.19,14187.19,S,2025-03-26,2025-04-21
3000,1900000266,2025,001,31,200000,100011,22285.33,22285.33,H,2024-08-09,2024-08-17
3000,1900000266,2025,002,40,410000,,22285.33,22285.33,S,2024-08-09,2024-08-17
3000,1900000267,2025,001,31,200000,100057,12737.31,12737.31,H,2025-02-17,
3000,1900000267,2025,002,40,460000,,12737.31,12737.31,S,2025-02-17,
1000,1900000268,2024,001,31,200000,100026,18474.0,18474.0,H,2025-07-06,2025-07-11
1000,1900000268,2024,002,40,420000,,18474.0,18474.0,S,2025-07-06,2025-07-11
2000,1900000269,2024,001,31,200000,100046,10045.03,10045.03,H,2024-07-16,
2000,1900000269,2024,002,40,420000,,10045.03,10045.03,S,2024-07-16,
2000,1900000270,2024,001,31,200000,100012,4443.69,4443.69,H,2024-01-18,2024-03-01
2000,1900000270,2024,002,40,410000,,4443.69,4443.69,S,2024-01-18,2024-03-01
3000,1900000271,2025,001,31,200000,100044,16089.77,16089.77,H,2024-12-13,
3000,1900000271,2025,002,40,400000,,16089.77,16089.77,S,2024-12-13,
2000,1900000272,2025,001,31,200000,100040,13143.27,13143.27,H,2024-03-24,2024-04-05
2000,1900000272,2025,002,40,450000,,13143.27,13143.27,S,2024-03-24,2024-04-05
2000,1900000273,2024,001,31,200000,100026,13284.92,13284.92,H,2024-11-23,2024-12-18
2000,1900000273,2024,002,40,480000,,13284.92,13284.92,S,2024-11-23,2024-12-18
3000,1900000274,2024,001,31,200000,100059,1744.66,1744.66,H,2025-05-19,2025-07-27
3000,1900000274,2024,002,40,440000,,1744.66,1744.66,S,2025-05-19,2025-07-27
3000,1900000275,2024,001,31,200000,100002,18399.15,18399.15,H,2025-05-18,2025-06-21
3000,1900000275,2024,002,40,400000,,18399.15,18399.15,S,2025-05-18,2025-06-21
1000,1900000276,2024,001,31,200000,100043,7494.06,7494.06,H,2024-10-11,
1000,1900000276,2024,002,40,480000,,7494.06,7494.06,S,2024-10-11,
1000,1900000277,2024,001,31,200000,100018,12539.26,12539.26,H,2024-01-08,
1000,1900000277,2024,002,40,420000,,12539.26,12539.26,S,2024-01-08,
2000,1900000278,2025,001,31,200000,100003,23260.21,23260.21,H,2025-03-30,
2000,1900000278,2025,002,40,420000,,23260.21,23260.21,S,2025-03-30,
3000,1900000279,2024,001,31,200000,100008,22712.82,22712.82,H,2025-12-11,
3000,1900000279,2024,002,40,450000,,22712.82,22712.82,S,2025-12-11,
1000,1900000280,2024,001,31,200000,100052,20695.14,20695.14,H,2024-06-10,
1000,1900000280,2024,002,40,460000,,20695.14,20695.14,S,2024-06-10,
3000,1900000281,2024,001,31,200000,100030,969.65,969.65,H,2025-01-31,2025-02-10
3000,1900000281,2024,002,40,450000,,969.65,969.65,S,2025-01-31,2025-02-10
2000,1900000282,2024,001,31,200000,100053,8006.99,8006.99,H,2024-02-15,
2000,1900000282,2024,002,40,470000,,8006.99,8006.99,S,2024-02-15,
3000,1900000283,2025,001,31,200000,100053,20088.91,20088.91,H,2024-10-09,2024-12-11
3000,1900000283,2025,002,40,400000,,20088.91,20088.91,S,2024-10-09,2024-12-11
3000,1900000284,2024,001,31,200000,100026,23491.18,23491.18,H,2025-07-09,2025-09-07
3000,1900000284,2024,002,40,480000,,23491.18,23491.18,S,2025-07-09,2025-09-07
1000,1900000285,2024,001,31,200000,100053,16502.62,16502.62,H,2024-07-23,
1000,1900000285,2024,002,40,440000,,16502.62,16502.62,S,2024-07-23,
1000,1900000286,2024,001,31,200000,100028,825.95,825.95,H,2025-11-11,2025-11-26
1000,1900000286,2024,002,40,430000,,825.95,825.95,S,2025-11-11,2025-11-26
2000,1900000287,2025,001,31,200000,100054,14523.22,14523.22,H,2025-06-17,2025-07-04
2000,1900000287,2025,002,40,440000,,14523.22,14523.22,S,2025-06-17,2025-07-04
1000,1900000288,2025,001,31,200000,100015,12596.22,12596.22,H,2025-12-19,2026-02-21
1000,1900000288,2025,002,40,470000,,12596.22,12596.22,S,2025-12-19,2026-02-21
3000,1900000289,2025,001,31,200000,100042,3405.31,3405.31,H,2025-08-23,2025-08-31
3000,1900000289,2025,002,40,410000,,3405.31,3405.31,S,2025-08-23,2025-08-31
2000,1900000290,2024,001,31,200000,100006,11356.29,11356.29,H,2024-06-05,
2000,1900000290,2024,002,40,410000,,11356.29,11356.29,S,2024-06-05,
3000,1900000291,2025,001,31,200000,100026,3397.62,3397.62,H,2025-04-22,
3000,1900000291,2025,002,40,430000,,3397.62,3397.62,S,2025-04-22,
3000,1900000292,2024,001,31,200000,100006,23939.85,23939.85,H,2025-12-23,
3000,1900000292,2024,002,40,480000,,23939.85,23939.85,S,2025-12-23,
1000,1900000293,2024,001,31,200000,100024,3572.43,3572.43,H,2025-04-21,2025-05-15
1000,1900000293,2024,002,40,400000,,3572.43,3572.43,S,2025-04-21,2025-05-15
3000,1900000294,2025,001,31,200000,100049,16179.45,16179.45,H,2025-10-17,
3000,1900000294,2025,002,40,440000,,16179.45,16179.45,S,2025-10-17,
3000,1900000295,2025,001,31,200000,100056,9146.87,9146.87,H,2025-05-01,2025-05-28
3000,1900000295,2025,002,40,470000,,9146.87,9146.87,S,2025-05-01,2025-05-28
3000,1900000296,2024,001,31,200000,100055,5531.02,5531.02,H,2025-09-15,2025-11-19
3000,1900000296,2024,002,40,400000,,5531.02,5531.02,S,2025-09-15,2025-11-19
3000,1900000297,2025,001,31,200000,100027,22378.14,22378.14,H,2024-09-18,2024-11-26
3000,1900000297,2025,002,40,460000,,22378.14,22378.14,S,2024-09-18,2024-11-26
2000,1900000298,2024,001,31,200000,100004,7846.7,7846.7,H,2025-09-16,2025-10-27
2000,1900000298,2024,002,40,440000,,7846.7,7846.7,S,2025-09-16,2025-10-27
1000,1900000299,2025,001,31,200000,100043,14019.47,14019.47,H,2024-09-15,
1000,1900000299,2025,002,40,460000,,14019.47,14019.47,S,2024-09-15,
2000,1900000300,2025,001,31,200000,100000,6145.71,6145.71,H,2024-05-19,
2000,1900000300,2025,002,40,480000,,6145.71,6145.71,S,2024-05-19,
3000,1900000301,2025,001,31,200000,100042,19768.04,19768.04,H,2025-02-19,
3000,1900000301,2025,002,40,430000,,19768.04,19768.04,S,2025-02-19,
2000,1900000302,2025,001,31,200000,100038,21450.81,21450.81,H,2024-08-20,2024-10-13
2000,1900000302,2025,002,40,420000,,21450.81,21450.81,S,2024-08-20,2024-10-13
1000,1900000303,2025,001,31,200000,100024,5021.91,5021.91,H,2025-02-27,
1000,1900000303,2025,002,40,400000,,5021.91,5021.91,S,2025-02-27,
3000,1900000304,2024,001,31,200000,100016,9485.1,9485.1,H,2024-05-16,2024-06-22
3000,1900000304,2024,002,40,450000,,9485.1,9485.1,S,2024-05-16,2024-06-22
1000,1900000305,2025,001,31,200000,100019,10148.56,10148.56,H,2025-03-02,2025-04-29
1000,1900000305,2025,002,40,420000,,10148.56,10148.56,S,2025-03-02,2025-04-29
1000,1900000306,2024,001,31,200000,100032,997.43,997.43,H,2025-01-11,
1000,1900000306,2024,002,40,450000,,997.43,997.43,S,2025-01-11,
3000,1900000307,2025,001,31,200000,100015,22712.45,22712.45,H,2024-05-05,2024-06-18
3000,1900000307,2025,002,40,430000,,22712.45,22712.45,S,2024-05-05,2024-06-18
1000,1900000308,2025,001,31,200000,100057,2121.9,2121.9,H,2024-05-30,2024-07-07
1000,1900000308,2025,002,40,440000,,2121.9,2121.9,S,2024-05-30,2024-07-07
3000,1900000309,2025,001,31,200000,100000,16110.32,16110.32,H,2024-12-09,
3000,1900000309,2025,002,40,410000,,16110.32,16110.32,S,2024-12-09,
3000,1900000310,2025,001,31,200000,100047,21436.08,21436.08,H,2024-11-03,2024-12-26
3000,1900000310,2025,002,40,430000,,21436.08,21436.08,S,2024-11-03,2024-12-26
2000,1900000311,2024,001,31,200000,100011,4203.22,4203.22,H,2025-01-10,
2000,1900000311,2024,002,40,460000,,4203.22,4203.22,S,2025-01-10,
1000,1900000312,2025,001,31,200000,100005,4506.21,4506.21,H,2025-10-23,
1000,1900000312,2025,002,40,460000,,4506.21,4506.21,S,2025-10-23,
2000,1900000313,2024,001,31,200000,100044,24769.29,24769.29,H,2025-09-06,
2000,1900000313,2024,002,40,470000,,24769.29,24769.29,S,2025-09-06,
2000,1900000314,2024,001,31,200000,100050,22703.89,22703.89,H,2024-08-12,2024-10-19
2000,1900000314,2024,002,40,450000,,22703.89,22703.89,S,2024-08-12,2024-10-19
3000,1900000315,2025,001,31,200000,100023,6148.66,6148.66,H,2024-05-03,
3000,1900000315,2025,002,40,470000,,6148.66,6148.66,S,2024-05-03,
1000,1900000316,2025,001,31,200000,100026,24542.99,24542.99,H,2024-09-26,2024-10-29
1000,1900000316,2025,002,40,440000,,24542.99,24542.99,S,2024-09-26,2024-10-29
1000,1900000317,2025,001,31,200000,100035,22462.58,22462.58,H,2024-07-05,
1000,1900000317,2025,002,40,470000,,22462.58,22462.58,S,2024-07-05,
1000,1900000318,2025,001,31,200000,100017,8242.19,8242.19,H,2024-06-26,
1000,1900000318,2025,002,40,410000,,8242.19,8242.19,S,2024-06-26,
2000,1900000319,2025,001,31,200000,100045,6424.65,6424.65,H,2024-04-04,2024-05-09
2000,1900000319,2025,002,40,470000,,6424.65,6424.65,S,2024-04-04,2024-05-09
1000,1900000320,2025,001,31,200000,100044,7851.76,7851.76,H,2025-01-29,2025-02-12
1000,1900000320,2025,002,40,440000,,7851.76,7851.76,S,2025-01-29,2025-02-12
3000,1900000321,2024,001,31,200000,100035,18462.26,18462.26,H,2025-03-14,2025-04-02
3000,1900000321,2024,002,40,400000,,18462.26,18462.26,S,2025-03-14,2025-04-02
1000,1900000322,2025,001,31,200000,100023,10447.86,10447.86,H,2025-09-06,2025-10-20
1000,1900000322,2025,002,40,410000,,10447.86,10447.86,S,2025-09-06,2025-10-20
3000,1900000323,2025,001,31,200000,100020,22838.97,22838.97,H,2024-03-10,2024-03-19
3000,1900000323,2025,002,40,460000,,22838.97,22838.97,S,2024-03-10,2024-03-19
2000,1900000324,2024,001,31,200000,100058,11056.71,11056.71,H,2024-03-22,
2000,1900000324,2024,002,40,400000,,11056.71,11056.71,S,2024-03-22,
3000,1900000325,2024,001,31,200000,100045,255.19,255.19,H,2024-06-19,2024-07-18
3000,1900000325,2024,002,40,410000,,255.19,255.19,S,2024-06-19,2024-07-18
1000,1900000326,2024,001,31,200000,100026,4843.71,4843.71,H,2024-09-17,2024-10-13
1000,1900000326,2024,002,40,480000,,4843.71,4843.71,S,2024-09-17,2024-10-13
2000,1900000327,2025,001,31,200000,100054,19772.22,19772.22,H,2025-07-11,2025-09-19
2000,1900000327,2025,002,40,430000,,19772.22,19772.22,S,2025-07-11,2025-09-19
2000,1900000328,2024,001,31,200000,100049,13943.77,13943.77,H,2024-06-25,2024-08-02
2000,1900000328,2024,002,40,480000,,13943.77,13943.77,S,2024-06-25,2024-08-02
1000,1900000329,2024,001,31,200000,100054,15538.23,15538.23,H,2024-02-10,2024-04-12
1000,1900000329,2024,002,40,480000,,15538.23,15538.23,S,2024-02-10,2024-04-12
3000,1900000330,2024,001,31,200000,100027,16253.82,16253.82,H,2024-02-03,
3000,1900000330,2024,002,40,440000,,16253.82,16253.82,S,2024-02-03,
3000,1900000331,2024,001,31,200000,100025,543.24,543.24,H,2024-09-23,2024-11-29
3000,1900000331,2024,002,40,420000,,543.24,543.24,S,2024-09-23,2024-11-29
2000,1900000332,2025,001,31,200000,100016,1879.7,1879.7,H,2025-07-03,2025-08-24
2000,1900000332,2025,002,40,420000,,1879.7,1879.7,S,2025-07-03,2025-08-24
3000,1900000333,2025,001,31,200000,100021,15054.56,15054.56,H,2024-11-30,2025-01-08
3000,1900000333,2025,002,40,470000,,15054.56,15054.56,S,2024-11-30,2025-01-08
3000,1900000334,2024,001,31,200000,100027,11033.06,11033.06,H,2025-05-01,2025-07-07
3000,1900000334,2024,002,40,480000,,11033.06,11033.06,S,2025-05-01,2025-07-07
3000,1900000335,2025,001,31,200000,100011,7996.91,7996.91,H,2024-02-01,2024-04-06
3000,1900000335,2025,002,40,480000,,7996.91,7996.91,S,2024-02-01,2024-04-06
3000,1900000336,2025,001,31,200000,100013,10976.8,10976.8,H,2025-02-06,2025-02-23
3000,1900000336,2025,002,40,400000,,10976.8,10976.8,S,2025-02-06,2025-02-23
1000,1900000337,2025,001,31,200000,100002,18298.13,18298.13,H,2025-09-13,2025-10-28
1000,1900000337,2025,002,40,400000,,18298.13,18298.13,S,2025-09-13,2025-10-28
3000,1900000338,2024,001,31,200000,100031,1580.74,1580.74,H,2024-08-27,
3000,1900000338,2024,002,40,460000,,1580.74,1580.74,S,2024-08-27,
2000,1900000339,2024,001,31,200000,100034,9018.0,9018.0,H,2024-05-20,2024-07-16
2000,1900000339,2024,002,40,460000,,9018.0,9018.0,S,2024-05-20,2024-07-16
2000,1900000340,2025,001,31,200000,100035,5444.68,5444.68,H,2025-09-27,
2000,1900000340,2025,002,40,470000,,5444.68,5444.68,S,2025-09-27,
1000,1900000341,2025,001,31,200000,100024,8301.0,8301.0,H,2024-01-21,
1000,1900000341,2025,002,40,420000,,8301.0,8301.0,S,2024-01-21,
1000,1900000342,2024,001,31,200000,100026,3412.36,3412.36,H,2025-05-29,
1000,1900000342,2024,002,40,420000,,3412.36,3412.36,S,2025-05-29,
1000,1900000343,2024,001,31,200000,100055,22888.93,22888.93,H,2025-11-04,2025-11-25
1000,1900000343,2024,002,40,440000,,22888.93,22888.93,S,2025-11-04,2025-11-25
3000,1900000344,2025,001,31,200000,100055,8856.19,8856.19,H,2024-03-07,2024-04-10
3000,1900000344,2025,002,40,450000,,8856.19,8856.19,S,2024-03-07,2024-04-10
2000,1900000345,2024,001,31,200000,100015,20067.36,20067.36,H,2024-12-11,2025-02-14
2000,1900000345,2024,002,40,470000,,20067.36,20067.36,S,2024-12-11,2025-02-14
3000,1900000346,2025,001,31,200000,100005,1144.07,1144.07,H,2025-08-29,2025-10-26
3000,1900000346,2025,002,40,450000,,1144.07,1144.07,S,2025-08-29,2025-10-26
2000,1900000347,2025,001,31,200000,100046,12248.85,12248.85,H,2025-04-15,2025-06-04
2000,1900000347,2025,002,40,420000,,12248.85,12248.85,S,2025-04-15,2025-06-04
2000,1900000348,2024,001,31,200000,100027,23467.64,23467.64,H,2024-06-25,2024-08-06
2000,1900000348,2024,002,40,460000,,23467.64,23467.64,S,2024-06-25,2024-08-06
3000,1900000349,2025,001,31,200000,100028,2240.82,2240.82,H,2025-10-17,2025-12-02
3000,1900000349,2025,002,40,420000,,2240.82,2240.82,S,2025-10-17,2025-12-02
3000,1900000350,2024,001,31,200000,100016,18837.54,18837.54,H,2025-05-10,2025-06-19
3000,1900000350,2024,002,40,460000,,18837.54,18837.54,S,2025-05-10,2025-06-19
1000,1900000351,2025,001,31,200000,100029,10055.73,10055.73,H,2024-08-06,
1000,1900000351,2025,002,40,400000,,10055.73,10055.73,S,2024-08-06,
2000,1900000352,2024,001,31,200000,100034,13021.77,13021.77,H,2024-08-22,
2000,1900000352,2024,002,40,470000,,13021.77,13021.77,S,2024-08-22,
1000,1900000353,2024,001,31,200000,100059,8693.72,8693.72,H,2024-09-25,2024-10-16
1000,1900000353,2024,002,40,440000,,8693.72,8693.72,S,2024-09-25,2024-10-16
1000,1900000354,2024,001,31,200000,100018,22245.77,22245.77,H,2024-11-26,
1000,1900000354,2024,002,40,480000,,22245.77,22245.77,S,2024-11-26,
3000,1900000355,2024,001,31,200000,100011,23551.39,23551.39,H,2024-07-30,2024-09-21
3000,1900000355,2024,002,40,430000,,23551.39,23551.39,S,2024-07-30,2024-09-21
2000,1900000356,2024,001,31,200000,100034,1944.01,1944.01,H,2024-10-21,
2000,1900000356,2024,002,40,460000,,1944.01,1944.01,S,2024-10-21,
1000,1900000357,2024,001,31,200000,100026,12875.83,12875.83,H,2024-10-04,
1000,1900000357,2024,002,40,460000,,12875.83,12875.83,S,2024-10-04,
2000,1900000358,2024,001,31,200000,100049,2090.49,2090.49,H,2024-09-29,2024-12-06
2000,1900000358,2024,002,40,480000,,2090.49,2090.49,S,2024-09-29,2024-12-06
3000,1900000359,2024,001,31,200000,100034,4653.04,4653.04,H,2024-05-31,2024-07-19
3000,1900000359,2024,002,40,430000,,4653.04,4653.04,S,2024-05-31,2024-07-19
3000,1900000360,2024,001,31,200000,100003,7314.01,7314.01,H,2025-06-03,2025-06-16
3000,1900000360,2024,002,40,470000,,7314.01,7314.01,S,2025-06-03,2025-06-16
2000,1900000361,2025,001,31,200000,100021,24811.1,24811.1,H,2025-01-28,
2000,1900000361,2025,002,40,430000,,24811.1,24811.1,S,2025-01-28,
2000,1900000362,2025,001,31,200000,100038,7178.01,7178.01,H,2025-01-19,2025-03-03
2000,1900000362,2025,002,40,430000,,7178.01,7178.01,S,2025-01-19,2025-03-03
2000,1900000363,2025,001,31,200000,100046,16691.26,16691.26,H,2025-03-16,2025-04-15
2000,1900000363,2025,002,40,410000,,16691.26,16691.26,S,2025-03-16,2025-04-15
2000,1900000364,2024,001,31,200000,100048,1397.33,1397.33,H,2025-07-24,
2000,1900000364,2024,002,40,410000,,1397.33,1397.33,S,2025-07-24,
3000,1900000365,2025,001,31,200000,100055,18176.7,18176.7,H,2025-03-04,2025-04-30
3000,1900000365,2025,002,40,470000,,18176.7,18176.7,S,2025-03-04,2025-04-30
3000,1900000366,2024,001,31,200000,100031,6156.17,6156.17,H,2025-04-22,2025-06-24
3000,1900000366,2024,002,40,460000,,6156.17,6156.17,S,2025-04-22,2025-06-24
2000,1900000367,2024,001,31,200000,100023,15513.5,15513.5,H,2024-11-03,
2000,1900000367,2024,002,40,440000,,15513.5,15513.5,S,2024-11-03,
3000,1900000368,2025,001,31,200000,100034,8404.43,8404.43,H,2024-04-27,2024-06-03
3000,1900000368,2025,002,40,430000,,8404.43,8404.43,S,2024-04-27,2024-06-03
1000,1900000369,2025,001,31,200000,100055,22563.22,22563.22,H,2024-04-23,
1000,1900000369,2025,002,40,430000,,22563.22,22563.22,S,2024-04-23,
1000,1900000370,2024,001,31,200000,100047,20600.11,20600.11,H,2024-07-30,2024-08-21
1000,1900000370,2024,002,40,430000,,20600.11,20600.11,S,2024-07-30,2024-08-21
2000,1900000371,2024,001,31,200000,100030,5303.22,5303.22,H,2025-10-30,2025-11-12
2000,1900000371,2024,002,40,440000,,5303.22,5303.22,S,2025-10-30,2025-11-12
1000,1900000372,2025,001,31,200000,100002,18718.46,18718.46,H,2024-11-20,
1000,1900000372,2025,002,40,400000,,18718.46,18718.46,S,2024-11-20,
1000,1900000373,2024,001,31,200000,100018,3637.64,3637.64,H,2024-01-21,2024-01-27
1000,1900000373,2024,002,40,460000,,3637.64,3637.64,S,2024-01-21,2024-01-27
1000,1900000374,2024,001,31,200000,100037,15879.6,15879.6,H,2024-04-20,
1000,1900000374,2024,002,40,440000,,15879.6,15879.6,S,2024-04-20,
1000,1900000375,2025,001,31,200000,100024,4098.23,4098.23,H,2025-05-06,2025-07-03
1000,1900000375,2025,002,40,440000,,4098.23,4098.23,S,2025-05-06,2025-07-03
3000,1900000376,2025,001,31,200000,100010,3568.08,3568.08,H,2024-09-23,2024-11-25
3000,1900000376,2025,002,40,430000,,3568.08,3568.08,S,2024-09-23,2024-11-25
1000,1900000377,2024,001,31,200000,100009,11032.2,11032.2,H,2024-10-15,
1000,1900000377,2024,002,40,470000,,11032.2,11032.2,S,2024-10-15,
1000,1900000378,2024,001,31,200000,100018,1032.72,1032.72,H,2024-06-25,
1000,1900000378,2024,002,40,450000,,1032.72,1032.72,S,2024-06-25,
2000,1900000379,2025,001,31,200000,100038,19256.58,19256.58,H,2025-04-12,
2000,1900000379,2025,002,40,480000,,19256.58,19256.58,S,2025-04-12,
1000,1900000380,2025,001,31,200000,100054,15144.13,15144.13,H,2025-07-01,
1000,1900000380,2025,002,40,440000,,15144.13,15144.13,S,2025-07-01,
2000,1900000381,2025,001,31,200000,100005,17031.72,17031.72,H,2024-03-28,
2000,1900000381,2025,002,40,410000,,17031.72,17031.72,S,2024-03-28,
3000,1900000382,2025,001,31,200000,100057,7976.47,7976.47,H,2025-08-22,2025-10-03
3000,1900000382,2025,002,40,440000,,7976.47,7976.47,S,2025-08-22,2025-10-03
2000,1900000383,2024,001,31,200000,100012,6108.76,6108.76,H,2024-11-26,2024-12-04
2000,1900000383,2024,002,40,440000,,6108.76,6108.76,S,2024-11-26,2024-12-04
1000,1900000384,2025,001,31,200000,100020,21850.96,21850.96,H,2024-06-24,2024-08-16
1000,1900000384,2025,002,40,470000,,21850.96,21850.96,S,2024-06-24,2024-08-16
3000,1900000385,2024,001,31,200000,100025,22286.37,22286.37,H,2024-09-21,2024-11-29
3000,1900000385,2024,002,40,470000,,22286.37,22286.37,S,2024-09-21,2024-11-29
1000,1900000386,2024,001,31,200000,100029,19159.56,19159.56,H,2025-12-06,
1000,1900000386,2024,002,40,440000,,19159.56,19159.56,S,2025-12-06,
3000,1900000387,2024,001,31,200000,100030,23346.3,23346.3,H,2024-02-19,2024-03-24
3000,1900000387,2024,002,40,460000,,23346.3,23346.3,S,2024-02-19,2024-03-24
1000,1900000388,2024,001,31,200000,100021,22611.7,22611.7,H,2025-10-21,2025-12-29
1000,1900000388,2024,002,40,400000,,22611.7,22611.7,S,2025-10-21,2025-12-29
2000,1900000389,2025,001,31,200000,100017,2102.6,2102.6,H,2024-11-18,2024-11-27
2000,1900000389,2025,002,40,470000,,2102.6,2102.6,S,2024-11-18,2024-11-27
2000,1900000390,2024,001,31,200000,100031,16888.44,16888.44,H,2025-03-09,
2000,1900000390,2024,002,40,410000,,16888.44,16888.44,S,2025-03-09,
2000,1900000391,2025,001,31,200000,100021,12285.72,12285.72,H,2024-01-18,2024-02-03
2000,1900000391,2025,002,40,460000,,12285.72,12285.72,S,2024-01-18,2024-02-03
3000,1900000392,2024,001,31,200000,100035,21107.19,21107.19,H,2025-05-09,2025-06-19
3000,1900000392,2024,002,40,420000,,21107.19,21107.19,S,2025-05-09,2025-06-19
2000,1900000393,2025,001,31,200000,100008,21756.26,21756.26,H,2025-11-14,2026-01-09
2000,1900000393,2025,002,40,470000,,21756.26,21756.26,S,2025-11-14,2026-01-09
1000,1900000394,2025,001,31,200000,100022,23994.9,23994.9,H,2024-12-12,2025-02-09
1000,1900000394,2025,002,40,460000,,23994.9,23994.9,S,2024-12-12,2025-02-09
2000,1900000395,2025,001,31,200000,100013,9092.63,9092.63,H,2024-03-14,2024-04-29
2000,1900000395,2025,002,40,450000,,9092.63,9092.63,S,2024-03-14,2024-04-29
1000,1900000396,2024,001,31,200000,100035,21518.18,21518.18,H,2025-03-02,2025-04-14
1000,1900000396,2024,002,40,400000,,21518.18,21518.18,S,2025-03-02,2025-04-14
2000,1900000397,2024,001,31,200000,100018,6421.93,6421.93,H,2024-09-04,2024-10-22
2000,1900000397,2024,002,40,450000,,6421.93,6421.93,S,2024-09-04,2024-10-22
2000,1900000398,2024,001,31,200000,100032,21617.74,21617.74,H,2025-02-27,
2000,1900000398,2024,002,40,430000,,21617.74,21617.74,S,2025-02-27,
3000,1900000399,2024,001,31,200000,100035,3466.13,3466.13,H,2024-07-12,2024-07-26
3000,1900000399,2024,002,40,480000,,3466.13,3466.13,S,2024-07-12,2024-07-26
2000,1900000400,2024,001,31,200000,100009,1870.92,1870.92,H,2025-09-16,
2000,1900000400,2024,002,40,420000,,1870.92,1870.92,S,2025-09-16,
3000,1900000401,2025,001,31,200000,100035,21172.49,21172.49,H,2025-08-07,2025-09-30
3000,1900000401,2025,002,40,470000,,21172.49,21172.49,S,2025-08-07,2025-09-30
3000,1900000402,2024,001,31,200000,100008,18890.87,18890.87,H,2025-05-12,2025-07-08
3000,1900000402,2024,002,40,430000,,18890.87,18890.87,S,2025-05-12,2025-07-08
2000,1900000403,2025,001,31,200000,100021,8818.11,8818.11,H,2024-08-17,2024-08-28
2000,1900000403,2025,002,40,440000,,8818.11,8818.11,S,2024-08-17,2024-08-28
2000,1900000404,2024,001,31,200000,100055,4674.69,4674.69,H,2025-08-08,
2000,1900000404,2024,002,40,410000,,4674.69,4674.69,S,2025-08-08,
2000,1900000405,2024,001,31,200000,100025,23544.03,23544.03,H,2024-08-28,
2000,1900000405,2024,002,40,440000,,23544.03,23544.03,S,2024-08-28,
2000,1900000406,2025,001,31,200000,100015,12298.87,12298.87,H,2024-01-11,
2000,1900000406,2025,002,40,410000,,12298.87,12298.87,S,2024-01-11,
3000,1900000407,2025,001,31,200000,100027,21584.01,21584.01,H,2025-08-11,
3000,1900000407,2025,002,40,400000,,21584.01,21584.01,S,2025-08-11,
2000,1900000408,2025,001,31,200000,100051,5810.31,5810.31,H,2025-11-16,2026-01-13
2000,1900000408,2025,002,40,420000,,5810.31,5810.31,S,2025-11-16,2026-01-13
2000,1900000409,2024,001,31,200000,100005,8837.79,8837.79,H,2025-02-28,2025-04-19
2000,1900000409,2024,002,40,470000,,8837.79,8837.79,S,2025-02-28,2025-04-19
1000,1900000410,2024,001,31,200000,100029,7375.42,7375.42,H,2025-10-02,2025-11-15
1000,1900000410,2024,002,40,410000,,7375.42,7375.42,S,2025-10-02,2025-11-15
1000,1900000411,2025,001,31,200000,100000,1076.3,1076.3,H,2024-01-14,2024-02-08
1000,1900000411,2025,002,40,470000,,1076.3,1076.3,S,2024-01-14,2024-02-08
2000,1900000412,2024,001,31,200000,100041,19221.34,19221.34,H,2024-05-12,
2000,1900000412,2024,002,40,470000,,19221.34,19221.34,S,2024-05-12,
3000,1900000413,2025,001,31,200000,100055,18754.11,18754.11,H,2025-01-26,
3000,1900000413,2025,002,40,430000,,18754.11,18754.11,S,2025-01-26,
3000,1900000414,2024,001,31,200000,100051,3075.21,3075.21,H,2025-02-27,2025-03-23
3000,1900000414,2024,002,40,400000,,3075.21,3075.21,S,2025-02-27,2025-03-23
2000,1900000415,2024,001,31,200000,100028,17230.96,17230.96,H,2025-07-07,2025-08-23
2000,1900000415,2024,002,40,480000,,17230.96,17230.96,S,2025-07-07,2025-08-23
1000,1900000416,2025,001,31,200000,100001,1864.26,1864.26,H,2024-05-27,
1000,1900000416,2025,002,40,410000,,1864.26,1864.26,S,2024-05-27,
3000,1900000417,2024,001,31,200000,100052,12662.41,12662.41,H,2025-11-03,
3000,1900000417,2024,002,40,470000,,12662.41,12662.41,S,2025-11-03,
2000,1900000418,2025,001,31,200000,100029,9904.41,9904.41,H,2024-08-07,2024-09-10
2000,1900000418,2025,002,40,460000,,9904.41,9904.41,S,2024-08-07,2024-09-10
3000,1900000419,2025,001,31,200000,100044,12108.0,12108.0,H,2025-09-25,2025-10-31
3000,1900000419,2025,002,40,420000,,12108.0,12108.0,S,2025-09-25,2025-10-31
2000,1900000420,2025,001,31,200000,100001,12982.46,12982.46,H,2024-12-04,
2000,1900000420,2025,002,40,430000,,12982.46,12982.46,S,2024-12-04,
2000,1900000421,2025,001,31,200000,100041,1421.36,1421.36,H,2025-05-22,
2000,1900000421,2025,002,40,440000,,1421.36,1421.36,S,2025-05-22,
2000,1900000422,2025,001,31,200000,100037,5623.95,5623.95,H,2025-05-19,2025-06-18
2000,1900000422,2025,002,40,410000,,5623.95,5623.95,S,2025-05-19,2025-06-18
3000,1900000423,2024,001,31,200000,100058,18543.06,18543.06,H,2025-12-30,
3000,1900000423,2024,002,40,470000,,18543.06,18543.06,S,2025-12-30,
1000,1900000424,2025,001,31,200000,100002,20795.59,20795.59,H,2025-03-03,2025-04-20
1000,1900000424,2025,002,40,400000,,20795.59,20795.59,S,2025-03-03,2025-04-20
2000,1900000425,2025,001,31,200000,100020,9355.01,9355.01,H,2024-09-12,2024-09-24
2000,1900000425,2025,002,40,470000,,9355.01,9355.01,S,2024-09-12,2024-09-24
2000,1900000426,2024,001,31,200000,100036,8378.12,8378.12,H,2025-12-21,
2000,1900000426,2024,002,40,440000,,8378.12,8378.12,S,2025-12-21,
2000,1900000427,2025,001,31,200000,100024,9017.39,9017.39,H,2024-03-18,2024-05-26
2000,1900000427,2025,002,40,430000,,9017.39,9017.39,S,2024-03-18,2024-05-26
1000,1900000428,2025,001,31,200000,100054,22691.98,22691.98,H,2024-06-22,
1000,1900000428,2025,002,40,410000,,22691.98,22691.98,S,2024-06-22,
3000,1900000429,2025,001,31,200000,100049,10458.67,10458.67,H,2025-03-31,2025-05-06
3000,1900000429,2025,002,40,460000,,10458.67,10458.67,S,2025-03-31,2025-05-06
2000,1900000430,2024,001,31,200000,100034,10465.49,10465.49,H,2024-12-29,
2000,1900000430,2024,002,40,480000,,10465.49,10465.49,S,2024-12-29,
1000,1900000431,2025,001,31,200000,100027,23677.69,23677.69,H,2024-05-22,2024-06-09
1000,1900000431,2025,002,40,450000,,23677.69,23677.69,S,2024-05-22,2024-06-09
2000,1900000432,2024,001,31,200000,100033,20402.2,20402.2,H,2025-08-05,2025-08-26
2000,1900000432,2024,002,40,440000,,20402.2,20402.2,S,2025-08-05,2025-08-26
2000,1900000433,2025,001,31,200000,100033,4904.85,4904.85,H,2025-08-19,2025-09-25
2000,1900000433,2025,002,40,450000,,4904.85,4904.85,S,2025-08-19,2025-09-25
2000,1900000434,2024,001,31,200000,100040,2105.24,2105.24,H,2025-02-26,2025-04-27
2000,1900000434,2024,002,40,450000,,2105.24,2105.24,S,2025-02-26,2025-04-27
3000,1900000435,2024,001,31,200000,100044,22390.86,22390.86,H,2024-02-09,2024-04-01
3000,1900000435,2024,002,40,450000,,22390.86,22390.86,S,2024-02-09,2024-04-01
1000,1900000436,2024,001,31,200000,100017,4850.2,4850.2,H,2025-04-03,2025-05-24
1000,1900000436,2024,002,40,430000,,4850.2,4850.2,S,2025-04-03,2025-05-24
1000,1900000437,2025,001,31,200000,100003,19548.89,19548.89,H,2024-05-03,
1000,1900000437,2025,002,40,470000,,19548.89,19548.89,S,2024-05-03,
3000,1900000438,2024,001,31,200000,100043,19420.03,19420.03,H,2024-04-22,2024-06-18
3000,1900000438,2024,002,40,400000,,19420.03,19420.03,S,2024-04-22,2024-06-18
1000,1900000439,2025,001,31,200000,100037,24882.1,24882.1,H,2025-07-01,2025-07-06
1000,1900000439,2025,002,40,420000,,24882.1,24882.1,S,2025-07-01,2025-07-06
3000,1900000440,2025,001,31,200000,100036,17856.51,17856.51,H,2024-08-21,2024-09-07
3000,1900000440,2025,002,40,410000,,17856.51,17856.51,S,2024-08-21,2024-09-07
2000,1900000441,2024,001,31,200000,100037,10787.7,10787.7,H,2025-08-18,2025-10-16
2000,1900000441,2024,002,40,430000,,10787.7,10787.7,S,2025-08-18,2025-10-16
3000,1900000442,2024,001,31,200000,100018,16242.33,16242.33,H,2024-01-19,
3000,1900000442,2024,002,40,440000,,16242.33,16242.33,S,2024-01-19,
3000,1900000443,2024,001,31,200000,100018,10629.08,10629.08,H,2025-01-21,
3000,1900000443,2024,002,40,410000,,10629.08,10629.08,S,2025-01-21,
3000,1900000444,2025,001,31,200000,100041,10259.67,10259.67,H,2024-01-05,2024-03-12
3000,1900000444,2025,002,40,440000,,10259.67,10259.67,S,2024-01-05,2024-03-12
1000,1900000445,2025,001,31,200000,100059,10319.35,10319.35,H,2024-07-21,2024-09-04
1000,1900000445,2025,002,40,440000,,10319.35,10319.35,S,2024-07-21,2024-09-04
3000,1900000446,2025,001,31,200000,100012,6250.92,6250.92,H,2024-07-29,2024-08-03
3000,1900000446,2025,002,40,450000,,6250.92,6250.92,S,2024-07-29,2024-08-03
1000,1900000447,2025,001,31,200000,100057,13410.46,13410.46,H,2025-07-21,2025-08-25
1000,1900000447,2025,002,40,400000,,13410.46,13410.46,S,2025-07-21,2025-08-25
1000,1900000448,2024,001,31,200000,100013,13438.24,13438.24,H,2025-06-01,
1000,1900000448,2024,002,40,420000,,13438.24,13438.24,S,2025-06-01,
2000,1900000449,2024,001,31,200000,100027,24196.78,24196.78,H,2024-04-07,2024-06-05
2000,1900000449,2024,002,40,460000,,24196.78,24196.78,S,2024-04-07,2024-06-05
1000,1900000450,2024,001,31,200000,100024,22385.74,22385.74,H,2025-05-26,2025-07-11
1000,1900000450,2024,002,40,480000,,22385.74,22385.74,S,2025-05-26,2025-07-11
3000,1900000451,2024,001,31,200000,100048,9775.41,9775.41,H,2024-04-04,2024-06-07
3000,1900000451,2024,002,40,400000,,9775.41,9775.41,S,2024-04-04,2024-06-07
3000,1900000452,2024,001,31,200000,100001,1578.77,1578.77,H,2025-08-21,2025-08-30
3000,1900000452,2024,002,40,470000,,1578.77,1578.77,S,2025-08-21,2025-08-30
3000,1900000453,2025,001,31,200000,100034,9933.71,9933.71,H,2024-11-25,2024-12-29
3000,1900000453,2025,002,40,440000,,9933.71,9933.71,S,2024-11-25,2024-12-29
2000,1900000454,2024,001,31,200000,100050,18880.29,18880.29,H,2024-09-09,
2000,1900000454,2024,002,40,400000,,18880.29,18880.29,S,2024-09-09,
1000,1900000455,2025,001,31,200000,100042,2861.35,2861.35,H,2024-04-18,2024-06-10
1000,1900000455,2025,002,40,470000,,2861.35,2861.35,S,2024-04-18,2024-06-10
3000,1900000456,2025,001,31,200000,100035,5187.97,5187.97,H,2024-05-26,
3000,1900000456,2025,002,40,440000,,5187.97,5187.97,S,2024-05-26,
2000,1900000457,2025,001,31,200000,100049,6477.35,6477.35,H,2025-07-13,2025-08-09
2000,1900000457,2025,002,40,450000,,6477.35,6477.35,S,2025-07-13,2025-08-09
2000,1900000458,2024,001,31,200000,100010,16474.15,16474.15,H,2024-04-02,
2000,1900000458,2024,002,40,450000,,16474.15,16474.15,S,2024-04-02,
1000,1900000459,2024,001,31,200000,100033,7486.41,7486.41,H,2024-01-19,2024-02-29
1000,1900000459,2024,002,40,410000,,7486.41,7486.41,S,2024-01-19,2024-02-29
1000,1900000460,2024,001,31,200000,100023,15611.9,15611.9,H,2025-08-04,2025-08-13
1000,1900000460,2024,002,40,430000,,15611.9,15611.9,S,2025-08-04,2025-08-13
3000,1900000461,2025,001,31,200000,100014,13647.59,13647.59,H,2024-09-13,2024-11-10
3000,1900000461,2025,002,40,470000,,13647.59,13647.59,S,2024-09-13,2024-11-10
1000,1900000462,2025,001,31,200000,100004,9803.61,9803.61,H,2024-02-12,
1000,1900000462,2025,002,40,480000,,9803.61,9803.61,S,2024-02-12,
1000,1900000463,2025,001,31,200000,100035,19571.27,19571.27,H,2024-03-14,2024-03-21
1000,1900000463,2025,002,40,430000,,19571.27,19571.27,S,2024-03-14,2024-03-21
2000,1900000464,2025,001,31,200000,100007,5603.11,5603.11,H,2025-04-30,2025-06-11
2000,1900000464,2025,002,40,430000,,5603.11,5603.11,S,2025-04-30,2025-06-11
1000,1900000465,2025,001,31,200000,100047,10305.18,10305.18,H,2025-06-07,
1000,1900000465,2025,002,40,430000,,10305.18,10305.18,S,2025-06-07,
3000,1900000466,2025,001,31,200000,100011,17699.97,17699.97,H,2025-12-04,
3000,1900000466,2025,002,40,460000,,17699.97,17699.97,S,2025-12-04,
3000,1900000467,2025,001,31,200000,100044,3235.73,3235.73,H,2024-01-08,2024-01-23
3000,1900000467,2025,002,40,480000,,3235.73,3235.73,S,2024-01-08,2024-01-23
3000,1900000468,2024,001,31,200000,100033,2126.44,2126.44,H,2024-08-16,2024-10-13
3000,1900000468,2024,002,40,400000,,2126.44,2126.44,S,2024-08-16,2024-10-13
1000,1900000469,2024,001,31,200000,100030,21086.96,21086.96,H,2025-04-07,2025-04-29
1000,1900000469,2024,002,40,480000,,21086.96,21086.96,S,2025-04-07,2025-04-29
2000,1900000470,2025,001,31,200000,100012,1665.07,1665.07,H,2024-02-05,
2000,1900000470,2025,002,40,470000,,1665.07,1665.07,S,2024-02-05,
2000,1900000471,2025,001,31,200000,100004,9066.54,9066.54,H,2024-10-03,2024-10-31
2000,1900000471,2025,002,40,430000,,9066.54,9066.54,S,2024-10-03,2024-10-31
2000,1900000472,2025,001,31,200000,100041,521.4,521.4,H,2024-08-05,2024-10-10
2000,1900000472,2025,002,40,410000,,521.4,521.4,S,2024-08-05,2024-10-10
2000,1900000473,2025,001,31,200000,100056,19038.65,19038.65,H,2024-06-24,2024-07-21
2000,1900000473,2025,002,40,460000,,19038.65,19038.65,S,2024-06-24,2024-07-21
3000,1900000474,2024,001,31,200000,100046,4895.7,4895.7,H,2025-04-21,2025-06-18
3000,1900000474,2024,002,40,470000,,4895.7,4895.7,S,2025-04-21,2025-06-18
1000,1900000475,2024,001,31,200000,100011,17420.72,17420.72,H,2025-01-07,
1000,1900000475,2024,002,40,430000,,17420.72,17420.72,S,2025-01-07,
2000,1900000476,2024,001,31,200000,100030,11196.38,11196.38,H,2024-07-02,
2000,1900000476,2024,002,40,440000,,11196.38,11196.38,S,2024-07-02,
3000,1900000477,2025,001,31,200000,100051,3826.17,3826.17,H,2025-06-18,2025-07-10
3000,1900000477,2025,002,40,460000,,3826.17,3826.17,S,2025-06-18,2025-07-10
2000,1900000478,2025,001,31,200000,100059,24185.1,24185.1,H,2025-09-14,2025-11-04
2000,1900000478,2025,002,40,410000,,24185.1,24185.1,S,2025-09-14,2025-11-04
1000,1900000479,2025,001,31,200000,100029,18448.17,18448.17,H,2024-04-26,2024-06-01
1000,1900000479,2025,002,40,430000,,18448.17,18448.17,S,2024-04-26,2024-06-01
3000,1900000480,2025,001,31,200000,100008,11606.69,11606.69,H,2024-03-19,
3000,1900000480,2025,002,40,460000,,11606.69,11606.69,S,2024-03-19,
3000,1900000481,2025,001,31,200000,100014,1695.06,1695.06,H,2025-10-28,2025-11-03
3000,1900000481,2025,002,40,480000,,1695.06,1695.06,S,2025-10-28,2025-11-03
2000,1900000482,2025,001,31,200000,100035,21515.13,21515.13,H,2024-08-02,
2000,1900000482,2025,002,40,460000,,21515.13,21515.13,S,2024-08-02,
3000,1900000483,2025,001,31,200000,100046,8136.95,8136.95,H,2024-07-03,2024-07-14
3000,1900000483,2025,002,40,430000,,8136.95,8136.95,S,2024-07-03,2024-07-14
3000,1900000484,2025,001,31,200000,100058,5228.21,5228.21,H,2024-12-21,
3000,1900000484,2025,002,40,430000,,5228.21,5228.21,S,2024-12-21,
1000,1900000485,2025,001,31,200000,100005,7656.2,7656.2,H,2024-06-04,2024-07-25
1000,1900000485,2025,002,40,420000,,7656.2,7656.2,S,2024-06-04,2024-07-25
3000,1900000486,2025,001,31,200000,100022,8607.24,8607.24,H,2025-04-07,
3000,1900000486,2025,002,40,450000,,8607.24,8607.24,S,2025-04-07,
3000,1900000487,2024,001,31,200000,100019,3510.22,3510.22,H,2025-07-02,
3000,1900000487,2024,002,40,480000,,3510.22,3510.22,S,2025-07-02,
1000,1900000488,2025,001,31,200000,100008,24045.55,24045.55,H,2024-07-27,2024-08-19
1000,1900000488,2025,002,40,470000,,24045.55,24045.55,S,2024-07-27,2024-08-19
2000,1900000489,2024,001,31,200000,100055,18736.54,18736.54,H,2025-11-16,2025-12-11
2000,1900000489,2024,002,40,480000,,18736.54,18736.54,S,2025-11-16,2025-12-11
2000,1900000490,2025,001,31,200000,100023,23972.87,23972.87,H,2025-08-19,
2000,1900000490,2025,002,40,460000,,23972.87,23972.87,S,2025-08-19,
2000,1900000491,2025,001,31,200000,100048,11840.94,11840.94,H,2024-08-13,
2000,1900000491,2025,002,40,480000,,11840.94,11840.94,S,2024-08-13,
3000,1900000492,2025,001,31,200000,100020,14094.61,14094.61,H,2024-10-15,2024-11-12
3000,1900000492,2025,002,40,460000,,14094.61,14094.61,S,2024-10-15,2024-11-12
3000,1900000493,2024,001,31,200000,100050,19953.83,19953.83,H,2024-07-12,
3000,1900000493,2024,002,40,440000,,19953.83,19953.83,S,2024-07-12,
2000,1900000494,2025,001,31,200000,100045,23342.35,23342.35,H,2025-12-31,2026-01-22
2000,1900000494,2025,002,40,480000,,23342.35,23342.35,S,2025-12-31,2026-01-22
3000,1900000495,2025,001,31,200000,100050,8843.24,8843.24,H,2025-02-06,2025-03-15
3000,1900000495,2025,002,40,410000,,8843.24,8843.24,S,2025-02-06,2025-03-15
3000,1900000496,2025,001,31,200000,100008,9327.81,9327.81,H,2024-10-10,
3000,1900000496,2025,002,40,480000,,9327.81,9327.81,S,2024-10-10,
3000,1900000497,2024,001,31,200000,100052,22217.86,22217.86,H,2025-07-09,2025-07-24
3000,1900000497,2024,002,40,440000,,22217.86,22217.86,S,2025-07-09,2025-07-24
2000,1900000498,2024,001,31,200000,100034,10177.96,10177.96,H,2024-08-27,
2000,1900000498,2024,002,40,420000,,10177.96,10177.96,S,2024-08-27,
3000,1900000499,2024,001,31,200000,100029,8294.31,8294.31,H,2025-05-02,
3000,1900000499,2024,002,40,400000,,8294.31,8294.31,S,2025-05-02,
1000,1900000500,2025,001,31,200000,100047,23790.33,23790.33,H,2025-08-20,2025-09-06
1000,1900000500,2025,002,40,460000,,23790.33,23790.33,S,2025-08-20,2025-09-06
2000,1900000501,2025,001,31,200000,100021,11029.82,11029.82,H,2025-08-26,
2000,1900000501,2025,002,40,430000,,11029.82,11029.82,S,2025-08-26,
2000,1900000502,2025,001,31,200000,100003,13207.82,13207.82,H,2025-01-10,
2000,1900000502,2025,002,40,480000,,13207.82,13207.82,S,2025-01-10,
2000,1900000503,2025,001,31,200000,100014,7445.87,7445.87,H,2024-11-20,2025-01-02
2000,1900000503,2025,002,40,470000,,7445.87,7445.87,S,2024-11-20,2025-01-02
1000,1900000504,2024,001,31,200000,100016,20635.34,20635.34,H,2025-12-01,2025-12-28
1000,1900000504,2024,002,40,430000,,20635.34,20635.34,S,2025-12-01,2025-12-28
3000,1900000505,2025,001,31,200000,100049,11096.18,11096.18,H,2025-01-09,2025-02-20
3000,1900000505,2025,002,40,460000,,11096.18,11096.18,S,2025-01-09,2025-02-20
3000,1900000506,2025,001,31,200000,100007,9944.7,9944.7,H,2025-11-12,
3000,1900000506,2025,002,40,430000,,9944.7,9944.7,S,2025-11-12,
3000,1900000507,2024,001,31,200000,100041,9808.63,9808.63,H,2025-07-23,
3000,1900000507,2024,002,40,420000,,9808.63,9808.63,S,2025-07-23,
2000,1900000508,2024,001,31,200000,100004,19283.3,19283.3,H,2024-06-08,
2000,1900000508,2024,002,40,430000,,19283.3,19283.3,S,2024-06-08,
1000,1900000509,2025,001,31,200000,100003,1417.72,1417.72,H,2024-11-19,2024-12-30
1000,1900000509,2025,002,40,470000,,1417.72,1417.72,S,2024-11-19,2024-12-30
2000,1900000510,2025,001,31,200000,100000,10941.06,10941.06,H,2025-10-08,2025-11-14
2000,1900000510,2025,002,40,430000,,10941.06,10941.06,S,2025-10-08,2025-11-14
3000,1900000511,2025,001,31,200000,100043,23581.07,23581.07,H,2024-02-06,
3000,1900000511,2025,002,40,410000,,23581.07,23581.07,S,2024-02-06,
1000,1900000512,2024,001,31,200000,100025,4637.31,4637.31,H,2025-01-22,2025-02-14
1000,1900000512,2024,002,40,480000,,4637.31,4637.31,S,2025-01-22,2025-02-14
3000,1900000513,2024,001,31,200000,100019,1994.79,1994.79,H,2024-11-23,2025-01-09
3000,1900000513,2024,002,40,470000,,1994.79,1994.79,S,2024-11-23,2025-01-09
2000,1900000514,2025,001,31,200000,100042,4238.46,4238.46,H,2025-01-23,2025-02-06
2000,1900000514,2025,002,40,410000,,4238.46,4238.46,S,2025-01-23,2025-02-06
3000,1900000515,2024,001,31,200000,100059,10789.34,10789.34,H,2024-11-19,
3000,1900000515,2024,002,40,460000,,10789.34,10789.34,S,2024-11-19,
2000,1900000516,2024,001,31,200000,100031,4729.87,4729.87,H,2025-11-06,2025-11-11
2000,1900000516,2024,002,40,440000,,4729.87,4729.87,S,2025-11-06,2025-11-11
3000,1900000517,2025,001,31,200000,100006,11166.5,11166.5,H,2025-10-14,2025-11-30
3000,1900000517,2025,002,40,430000,,11166.5,11166.5,S,2025-10-14,2025-11-30
1000,1900000518,2025,001,31,200000,100049,22743.55,22743.55,H,2025-10-01,2025-10-23
1000,1900000518,2025,002,40,440000,,22743.55,22743.55,S,2025-10-01,2025-10-23
2000,1900000519,2024,001,31,200000,100043,9843.77,9843.77,H,2024-01-28,2024-03-09
2000,1900000519,2024,002,40,450000,,9843.77,9843.77,S,2024-01-28,2024-03-09
1000,1900000520,2025,001,31,200000,100024,22747.61,22747.61,H,2024-08-15,2024-08-27
1000,1900000520,2025,002,40,420000,,22747.61,22747.61,S,2024-08-15,2024-08-27
3000,1900000521,2025,001,31,200000,100008,19399.83,19399.83,H,2024-06-06,2024-07-25
3000,1900000521,2025,002,40,440000,,19399.83,19399.83,S,2024-06-06,2024-07-25
1000,1900000522,2024,001,31,200000,100031,2091.36,2091.36,H,2024-01-18,
1000,1900000522,2024,002,40,400000,,2091.36,2091.36,S,2024-01-18,
1000,1900000523,2024,001,31,200000,100022,12992.08,12992.08,H,2024-06-28,
1000,1900000523,2024,002,40,430000,,12992.08,12992.08,S,2024-06-28,
2000,1900000524,2025,001,31,200000,100008,23267.26,23267.26,H,2024-12-25,
2000,1900000524,2025,002,40,460000,,23267.26,23267.26,S,2024-12-25,
2000,1900000525,2024,001,31,200000,100009,8627.49,8627.49,H,2024-09-19,2024-10-19
2000,1900000525,2024,002,40,410000,,8627.49,8627.49,S,2024-09-19,2024-10-19
3000,1900000526,2025,001,31,200000,100050,14457.79,14457.79,H,2024-09-20,
3000,1900000526,2025,002,40,440000,,14457.79,14457.79,S,2024-09-20,
3000,1900000527,2025,001,31,200000,100011,22993.93,22993.93,H,2024-06-27,2024-07-23
3000,1900000527,2025,002,40,440000,,22993.93,22993.93,S,2024-06-27,2024-07-23
3000,1900000528,2025,001,31,200000,100050,343.51,343.51,H,2024-07-02,2024-09-09
3000,1900000528,2025,002,40,480000,,343.51,343.51,S,2024-07-02,2024-09-09
2000,1900000529,2024,001,31,200000,100041,1379.45,1379.45,H,2025-11-01,2025-12-21
2000,1900000529,2024,002,40,420000,,1379.45,1379.45,S,2025-11-01,2025-12-21
3000,1900000530,2025,001,31,200000,100013,288.92,288.92,H,2025-02-09,2025-03-06
3000,1900000530,2025,002,40,460000,,288.92,288.92,S,2025-02-09,2025-03-06
2000,1900000531,2024,001,31,200000,100049,21305.73,21305.73,H,2024-12-08,2025-02-12
2000,1900000531,2024,002,40,430000,,21305.73,21305.73,S,2024-12-08,2025-02-12
1000,1900000532,2024,001,31,200000,100035,5945.76,5945.76,H,2025-09-06,2025-10-11
1000,1900000532,2024,002,40,400000,,5945.76,5945.76,S,2025-09-06,2025-10-11
2000,1900000533,2025,001,31,200000,100016,9261.29,9261.29,H,2025-12-06,2026-01-01
2000,1900000533,2025,002,40,470000,,9261.29,9261.29,S,2025-12-06,2026-01-01
1000,1900000534,2025,001,31,200000,100021,14116.61,14116.61,H,2024-06-05,2024-07-16
1000,1900000534,2025,002,40,440000,,14116.61,14116.61,S,2024-06-05,2024-07-16
2000,1900000535,2025,001,31,200000,100021,12149.42,12149.42,H,2025-11-27,2026-01-03
2000,1900000535,2025,002,40,430000,,12149.42,12149.42,S,2025-11-27,2026-01-03
2000,1900000536,2025,001,31,200000,100054,21105.82,21105.82,H,2024-09-30,2024-11-19
2000,1900000536,2025,002,40,480000,,21105.82,21105.82,S,2024-09-30,2024-11-19
1000,1900000537,2024,001,31,200000,100031,10390.0,10390.0,H,2024-01-31,
1000,1900000537,2024,002,40,410000,,10390.0,10390.0,S,2024-01-31,
3000,1900000538,2025,001,31,200000,100031,20771.31,20771.31,H,2025-11-03,2025-11-13
3000,1900000538,2025,002,40,480000,,20771.31,20771.31,S,2025-11-03,2025-11-13
1000,1900000539,2025,001,31,200000,100036,18897.93,18897.93,H,2024-12-06,
1000,1900000539,2025,002,40,480000,,18897.93,18897.93,S,2024-12-06,
1000,1900000540,2024,001,31,200000,100021,14696.87,14696.87,H,2024-04-20,2024-05-10
1000,1900000540,2024,002,40,480000,,14696.87,14696.87,S,2024-04-20,2024-05-10
2000,1900000541,2025,001,31,200000,100051,4425.81,4425.81,H,2025-04-25,
2000,1900000541,2025,002,40,400000,,4425.81,4425.81,S,2025-04-25,
3000,1900000542,2024,001,31,200000,100044,14395.22,14395.22,H,2024-09-23,
3000,1900000542,2024,002,40,410000,,14395.22,14395.22,S,2024-09-23,
2000,1900000543,2024,001,31,200000,100058,23503.45,23503.45,H,2024-05-10,2024-05-16
2000,1900000543,2024,002,40,400000,,23503.45,23503.45,S,2024-05-10,2024-05-16
3000,1900000544,2025,001,31,200000,100037,13291.26,13291.26,H,2025-01-03,2025-02-12
3000,1900000544,2025,002,40,480000,,13291.26,13291.26,S,2025-01-03,2025-02-12
2000,1900000545,2024,001,31,200000,100019,12075.8,12075.8,H,2025-05-14,2025-07-06
2000,1900000545,2024,002,40,460000,,12075.8,12075.8,S,2025-05-14,2025-07-06
2000,1900000546,2025,001,31,200000,100012,5634.22,5634.22,H,2025-03-30,2025-04-11
2000,1900000546,2025,002,40,440000,,5634.22,5634.22,S,2025-03-30,2025-04-11
2000,1900000547,2025,001,31,200000,100059,2767.72,2767.72,H,2025-04-28,
2000,1900000547,2025,002,40,410000,,2767.72,2767.72,S,2025-04-28,
3000,1900000548,2024,001,31,200000,100008,14936.46,14936.46,H,2025-03-26,2025-04-19
3000,1900000548,2024,002,40,450000,,14936.46,14936.46,S,2025-03-26,2025-04-19
3000,1900000549,2025,001,31,200000,100028,23614.1,23614.1,H,2025-07-05,2025-07-10
3000,1900000549,2025,002,40,440000,,23614.1,23614.1,S,2025-07-05,2025-07-10
1000,1900000550,2025,001,31,200000,100046,10173.41,10173.41,H,2025-01-08,
1000,1900000550,2025,002,40,450000,,10173.41,10173.41,S,2025-01-08,
3000,1900000551,2025,001,31,200000,100044,17310.53,17310.53,H,2025-01-18,2025-03-01
3000,1900000551,2025,002,40,480000,,17310.53,17310.53,S,2025-01-18,2025-03-01
1000,1900000552,2024,001,31,200000,100031,2646.45,2646.45,H,2025-11-18,
1000,1900000552,2024,002,40,470000,,2646.45,2646.45,S,2025-11-18,
1000,1900000553,2024,001,31,200000,100017,6688.3,6688.3,H,2024-11-19,2024-12-02
1000,1900000553,2024,002,40,430000,,6688.3,6688.3,S,2024-11-19,2024-12-02
2000,1900000554,2024,001,31,200000,100058,4086.95,4086.95,H,2025-01-31,2025-04-11
2000,1900000554,2024,002,40,430000,,4086.95,4086.95,S,2025-01-31,2025-04-11
2000,1900000555,2025,001,31,200000,100013,23916.7,23916.7,H,2024-01-13,2024-03-03
2000,1900000555,2025,002,40,430000,,23916.7,23916.7,S,2024-01-13,2024-03-03
2000,1900000556,2024,001,31,200000,100012,1235.81,1235.81,H,2025-12-18,2026-02-05
2000,1900000556,2024,002,40,430000,,1235.81,1235.81,S,2025-12-18,2026-02-05
1000,1900000557,2025,001,31,200000,100054,22015.67,22015.67,H,2025-07-29,
1000,1900000557,2025,002,40,400000,,22015.67,22015.67,S,2025-07-29,
3000,1900000558,2024,001,31,200000,100040,12323.11,12323.11,H,2025-09-30,2025-12-02
3000,1900000558,2024,002,40,450000,,12323.11,12323.11,S,2025-09-30,2025-12-02
3000,1900000559,2025,001,31,200000,100053,21761.82,21761.82,H,2024-07-30,2024-10-02
3000,1900000559,2025,002,40,400000,,21761.82,21761.82,S,2024-07-30,2024-10-02
1000,1900000560,2025,001,31,200000,100013,14482.9,14482.9,H,2025-09-22,2025-10-05
1000,1900000560,2025,002,40,440000,,14482.9,14482.9,S,2025-09-22,2025-10-05
2000,1900000561,2025,001,31,200000,100003,14459.11,14459.11,H,2025-02-04,2025-03-10
2000,1900000561,2025,002,40,460000,,14459.11,14459.11,S,2025-02-04,2025-03-10
2000,1900000562,2025,001,31,200000,100008,5174.15,5174.15,H,2024-02-07,2024-02-14
2000,1900000562,2025,002,40,450000,,5174.15,5174.15,S,2024-02-07,2024-02-14
1000,1900000563,2024,001,31,200000,100033,22617.67,22617.67,H,2025-02-19,2025-03-08
1000,1900000563,2024,002,40,400000,,22617.67,22617.67,S,2025-02-19,2025-03-08
3000,1900000564,2025,001,31,200000,100021,20296.88,20296.88,H,2024-01-23,2024-03-31
3000,1900000564,2025,002,40,450000,,20296.88,20296.88,S,2024-01-23,2024-03-31
1000,1900000565,2025,001,31,200000,100018,986.09,986.09,H,2024-10-12,2024-11-06
1000,1900000565,2025,002,40,410000,,986.09,986.09,S,2024-10-12,2024-11-06
3000,1900000566,2025,001,31,200000,100012,11516.62,11516.62,H,2025-11-11,2025-11-24
3000,1900000566,2025,002,40,460000,,11516.62,11516.62,S,2025-11-11,2025-11-24
1000,1900000567,2025,001,31,200000,100002,9802.7,9802.7,H,2025-08-25,2025-09-22
1000,1900000567,2025,002,40,430000,,9802.7,9802.7,S,2025-08-25,2025-09-22
3000,1900000568,2024,001,31,200000,100014,994.83,994.83,H,2024-03-12,2024-04-28
3000,1900000568,2024,002,40,470000,,994.83,994.83,S,2024-03-12,2024-04-28
1000,1900000569,2025,001,31,200000,100053,23339.51,23339.51,H,2025-03-08,
1000,1900000569,2025,002,40,420000,,23339.51,23339.51,S,2025-03-08,
1000,1900000570,2024,001,31,200000,100036,4163.36,4163.36,H,2025-05-08,2025-05-31
1000,1900000570,2024,002,40,410000,,4163.36,4163.36,S,2025-05-08,2025-05-31
1000,1900000571,2025,001,31,200000,100012,16105.19,16105.19,H,2025-08-02,2025-09-22
1000,1900000571,2025,002,40,420000,,16105.19,16105.19,S,2025-08-02,2025-09-22
1000,1900000572,2025,001,31,200000,100011,1786.74,1786.74,H,2025-11-24,2025-12-02
1000,1900000572,2025,002,40,480000,,1786.74,1786.74,S,2025-11-24,2025-12-02
3000,1900000573,2024,001,31,200000,100006,16999.2,16999.2,H,2025-12-15,2026-01-31
3000,1900000573,2024,002,40,450000,,16999.2,16999.2,S,2025-12-15,2026-01-31
3000,1900000574,2024,001,31,200000,100005,17712.7,17712.7,H,2024-08-20,
3000,1900000574,2024,002,40,470000,,17712.7,17712.7,S,2024-08-20,
2000,1900000575,2024,001,31,200000,100013,8157.45,8157.45,H,2024-05-10,2024-07-17
2000,1900000575,2024,002,40,400000,,8157.45,8157.45,S,2024-05-10,2024-07-17
2000,1900000576,2025,001,31,200000,100003,20898.31,20898.31,H,2025-03-25,
2000,1900000576,2025,002,40,410000,,20898.31,20898.31,S,2025-03-25,
1000,1900000577,2025,001,31,200000,100057,1665.92,1665.92,H,2024-01-03,2024-01-12
1000,1900000577,2025,002,40,470000,,1665.92,1665.92,S,2024-01-03,2024-01-12
3000,1900000578,2024,001,31,200000,100043,19400.79,19400.79,H,2024-06-02,2024-06-13
3000,1900000578,2024,002,40,460000,,19400.79,19400.79,S,2024-06-02,2024-06-13
2000,1900000579,2025,001,31,200000,100008,19264.53,19264.53,H,2024-02-14,2024-03-10
2000,1900000579,2025,002,40,460000,,19264.53,19264.53,S,2024-02-14,2024-03-10
3000,1900000580,2025,001,31,200000,100056,14133.04,14133.04,H,2024-07-04,2024-08-20
3000,1900000580,2025,002,40,440000,,14133.04,14133.04,S,2024-07-04,2024-08-20
3000,1900000581,2024,001,31,200000,100009,6830.97,6830.97,H,2024-08-04,2024-10-10
3000,1900000581,2024,002,40,420000,,6830.97,6830.97,S,2024-08-04,2024-10-10
3000,1900000582,2025,001,31,200000,100017,23008.57,23008.57,H,2024-05-02,2024-05-31
3000,1900000582,2025,002,40,460000,,23008.57,23008.57,S,2024-05-02,2024-05-31
2000,1900000583,2025,001,31,200000,100014,11244.81,11244.81,H,2024-11-27,2025-02-05
2000,1900000583,2025,002,40,470000,,11244.81,11244.81,S,2024-11-27,2025-02-05
2000,1900000584,2025,001,31,200000,100038,6236.01,6236.01,H,2025-11-19,2025-12-02
2000,1900000584,2025,002,40,400000,,6236.01,6236.01,S,2025-11-19,2025-12-02
3000,1900000585,2025,001,31,200000,100044,18672.43,18672.43,H,2024-07-15,
3000,1900000585,2025,002,40,400000,,18672.43,18672.43,S,2024-07-15,
2000,1900000586,2024,001,31,200000,100000,3185.23,3185.23,H,2025-05-25,
2000,1900000586,2024,002,40,460000,,3185.23,3185.23,S,2025-05-25,
1000,1900000587,2025,001,31,200000,100057,7379.0,7379.0,H,2024-04-22,
1000,1900000587,2025,002,40,400000,,7379.0,7379.0,S,2024-04-22,
1000,1900000588,2024,001,31,200000,100035,9550.11,9550.11,H,2024-06-12,2024-06-22
1000,1900000588,2024,002,40,440000,,9550.11,9550.11,S,2024-06-12,2024-06-22
2000,1900000589,2024,001,31,200000,100039,17115.52,17115.52,H,2024-04-14,2024-06-17
2000,1900000589,2024,002,40,450000,,17115.52,17115.52,S,2024-04-14,2024-06-17
2000,1900000590,2024,001,31,200000,100003,2940.38,2940.38,H,2024-01-04,
2000,1900000590,2024,002,40,470000,,2940.38,2940.38,S,2024-01-04,
3000,1900000591,2025,001,31,200000,100038,2744.13,2744.13,H,2025-12-09,2026-01-24
3000,1900000591,2025,002,40,400000,,2744.13,2744.13,S,2025-12-09,2026-01-24
3000,1900000592,2025,001,31,200000,100014,24989.61,24989.61,H,2024-10-30,2024-11-07
3000,1900000592,2025,002,40,440000,,24989.61,24989.61,S,2024-10-30,2024-11-07
1000,1900000593,2025,001,31,200000,100021,12279.6,12279.6,H,2025-10-06,2025-12-09
1000,1900000593,2025,002,40,460000,,12279.6,12279.6,S,2025-10-06,2025-12-09
1000,1900000594,2025,001,31,200000,100043,1059.21,1059.21,H,2024-06-23,2024-08-06
1000,1900000594,2025,002,40,430000,,1059.21,1059.21,S,2024-06-23,2024-08-06
3000,1900000595,2024,001,31,200000,100042,14448.93,14448.93,H,2025-10-18,
3000,1900000595,2024,002,40,440000,,14448.93,14448.93,S,2025-10-18,
1000,1900000596,2024,001,31,200000,100012,8519.49,8519.49,H,2025-05-10,
1000,1900000596,2024,002,40,440000,,8519.49,8519.49,S,2025-05-10,
3000,1900000597,2025,001,31,200000,100010,24530.85,24530.85,H,2025-06-09,
3000,1900000597,2025,002,40,430000,,24530.85,24530.85,S,2025-06-09,
3000,1900000598,2025,001,31,200000,100007,22719.57,22719.57,H,2025-02-09,
3000,1900000598,2025,002,40,450000,,22719.57,22719.57,S,2025-02-09,
1000,1900000599,2025,001,31,200000,100021,22775.1,22775.1,H,2024-07-11,
1000,1900000599,2025,002,40,400000,,22775.1,22775.1,S,2024-07-11,
2000,1900000600,2025,001,31,200000,100038,2521.2,2521.2,H,2025-04-28,
2000,1900000600,2025,002,40,400000,,2521.2,2521.2,S,2025-04-28,
1000,1900000601,2025,001,31,200000,100007,11088.5,11088.5,H,2025-03-21,2025-05-06
1000,1900000601,2025,002,40,440000,,11088.5,11088.5,S,2025-03-21,2025-05-06
3000,1900000602,2024,001,31,200000,100035,15946.14,15946.14,H,2024-09-01,
3000,1900000602,2024,002,40,410000,,15946.14,15946.14,S,2024-09-01,
2000,1900000603,2025,001,31,200000,100058,5687.12,5687.12,H,2025-08-03,
2000,1900000603,2025,002,40,420000,,5687.12,5687.12,S,2025-08-03,
3000,1900000604,2025,001,31,200000,100002,11765.77,11765.77,H,2025-03-20,2025-05-10
3000,1900000604,2025,002,40,480000,,11765.77,11765.77,S,2025-03-20,2025-05-10
1000,1900000605,2024,001,31,200000,100050,23848.57,23848.57,H,2025-06-15,2025-07-13
1000,1900000605,2024,002,40,410000,,23848.57,23848.57,S,2025-06-15,2025-07-13
2000,1900000606,2024,001,31,200000,100051,18978.76,18978.76,H,2025-04-03,2025-05-27
2000,1900000606,2024,002,40,440000,,18978.76,18978.76,S,2025-04-03,2025-05-27
1000,1900000607,2024,001,31,200000,100030,10337.29,10337.29,H,2025-01-17,
1000,1900000607,2024,002,40,400000,,10337.29,10337.29,S,2025-01-17,
2000,1900000608,2024,001,31,200000,100041,9261.83,9261.83,H,2024-12-27,2025-02-16
2000,1900000608,2024,002,40,420000,,9261.83,9261.83,S,2024-12-27,2025-02-16
3000,1900000609,2025,001,31,200000,100022,10082.25,10082.25,H,2024-02-10,2024-03-20
3000,1900000609,2025,002,40,440000,,10082.25,10082.25,S,2024-02-10,2024-03-20
2000,1900000610,2024,001,31,200000,100025,23223.98,23223.98,H,2024-07-16,2024-09-14
2000,1900000610,2024,002,40,420000,,23223.98,23223.98,S,2024-07-16,2024-09-14
1000,1900000611,2025,001,31,200000,100056,14998.2,14998.2,H,2025-07-31,2025-09-05
1000,1900000611,2025,002,40,450000,,14998.2,14998.2,S,2025-07-31,2025-09-05
1000,1900000612,2024,001,31,200000,100053,4839.74,4839.74,H,2025-02-01,2025-02-14
1000,1900000612,2024,002,40,450000,,4839.74,4839.74,S,2025-02-01,2025-02-14
1000,1900000613,2024,001,31,200000,100026,17430.72,17430.72,H,2025-08-27,2025-09-26
1000,1900000613,2024,002,40,470000,,17430.72,17430.72,S,2025-08-27,2025-09-26
2000,1900000614,2025,001,31,200000,100056,5603.41,5603.41,H,2025-08-27,2025-09-23
2000,1900000614,2025,002,40,470000,,5603.41,5603.41,S,2025-08-27,2025-09-23
2000,1900000615,2024,001,31,200000,100036,13343.02,13343.02,H,2024-09-16,
2000,1900000615,2024,002,40,410000,,13343.02,13343.02,S,2024-09-16,
1000,1900000616,2025,001,31,200000,100046,4155.69,4155.69,H,2025-03-14,
1000,1900000616,2025,002,40,440000,,4155.69,4155.69,S,2025-03-14,
2000,1900000617,2025,001,31,200000,100056,17144.43,17144.43,H,2025-02-12,
2000,1900000617,2025,002,40,420000,,17144.43,17144.43,S,2025-02-12,
3000,1900000618,2025,001,31,200000,100034,6356.87,6356.87,H,2025-03-19,2025-04-09
3000,1900000618,2025,002,40,440000,,6356.87,6356.87,S,2025-03-19,2025-04-09
2000,1900000619,2025,001,31,200000,100020,18588.26,18588.26,H,2025-04-05,2025-04-10
2000,1900000619,2025,002,40,410000,,18588.26,18588.26,S,2025-04-05,2025-04-10
2000,1900000620,2025,001,31,200000,100021,14654.9,14654.9,H,2024-04-21,2024-05-30
2000,1900000620,2025,002,40,400000,,14654.9,14654.9,S,2024-04-21,2024-05-30
1000,1900000621,2025,001,31,200000,100053,6426.54,6426.54,H,2025-09-12,2025-10-25
1000,1900000621,2025,002,40,480000,,6426.54,6426.54,S,2025-09-12,2025-10-25
1000,1900000622,2025,001,31,200000,100001,20504.76,20504.76,H,2025-10-30,2025-11-21
1000,1900000622,2025,002,40,460000,,20504.76,20504.76,S,2025-10-30,2025-11-21
1000,1900000623,2024,001,31,200000,100048,405.49,405.49,H,2025-09-08,
1000,1900000623,2024,002,40,400000,,405.49,405.49,S,2025-09-08,
3000,1900000624,2025,001,31,200000,100046,21841.06,21841.06,H,2025-09-02,
3000,1900000624,2025,002,40,480000,,21841.06,21841.06,S,2025-09-02,
1000,1900000625,2025,001,31,200000,100059,4976.24,4976.24,H,2024-10-01,
1000,1900000625,2025,002,40,400000,,4976.24,4976.24,S,2024-10-01,
1000,1900000626,2025,001,31,200000,100036,2985.19,2985.19,H,2025-07-25,2025-08-05
1000,1900000626,2025,002,40,450000,,2985.19,2985.19,S,2025-07-25,2025-08-05
3000,1900000627,2025,001,31,200000,100010,8663.6,8663.6,H,2025-12-29,2026-02-27
3000,1900000627,2025,002,40,400000,,8663.6,8663.6,S,2025-12-29,2026-02-27
2000,1900000628,2024,001,31,200000,100047,24991.32,24991.32,H,2024-04-19,
2000,1900000628,2024,002,40,460000,,24991.32,24991.32,S,2024-04-19,
1000,1900000629,2024,001,31,200000,100026,24027.89,24027.89,H,2024-01-24,
1000,1900000629,2024,002,40,440000,,24027.89,24027.89,S,2024-01-24,
2000,1900000630,2024,001,31,200000,100042,19439.34,19439.34,H,2025-04-06,
2000,1900000630,2024,002,40,410000,,19439.34,19439.34,S,2025-04-06,
1000,1900000631,2025,001,31,200000,100043,13187.4,13187.4,H,2024-12-25,
1000,1900000631,2025,002,40,420000,,13187.4,13187.4,S,2024-12-25,
3000,1900000632,2024,001,31,200000,100048,12829.36,12829.36,H,2024-10-04,2024-11-11
3000,1900000632,2024,002,40,450000,,12829.36,12829.36,S,2024-10-04,2024-11-11
3000,1900000633,2024,001,31,200000,100048,311.6,311.6,H,2024-06-28,2024-07-03
3000,1900000633,2024,002,40,430000,,311.6,311.6,S,2024-06-28,2024-07-03
1000,1900000634,2024,001,31,200000,100005,10931.84,10931.84,H,2024-09-27,2024-11-16
1000,1900000634,2024,002,40,470000,,10931.84,10931.84,S,2024-09-27,2024-11-16
1000,1900000635,2025,001,31,200000,100019,9890.43,9890.43,H,2024-05-05,2024-07-14
1000,1900000635,2025,002,40,410000,,9890.43,9890.43,S,2024-05-05,2024-07-14
2000,1900000636,2024,001,31,200000,100009,8765.02,8765.02,H,2025-08-15,
2000,1900000636,2024,002,40,430000,,8765.02,8765.02,S,2025-08-15,
3000,1900000637,2025,001,31,200000,100016,7409.4,7409.4,H,2025-11-25,
3000,1900000637,2025,002,40,440000,,7409.4,7409.4,S,2025-11-25,
2000,1900000638,2024,001,31,200000,100047,21915.83,21915.83,H,2025-01-30,2025-03-17
2000,1900000638,2024,002,40,430000,,21915.83,21915.83,S,2025-01-30,2025-03-17
2000,1900000639,2025,001,31,200000,100000,769.58,769.58,H,2024-05-11,2024-06-19
2000,1900000639,2025,002,40,480000,,769.58,769.58,S,2024-05-11,2024-06-19
1000,1900000640,2024,001,31,200000,100057,22937.98,22937.98,H,2024-09-17,2024-10-19
1000,1900000640,2024,002,40,450000,,22937.98,22937.98,S,2024-09-17,2024-10-19
2000,1900000641,2025,001,31,200000,100057,6432.13,6432.13,H,2025-01-09,2025-01-29
2000,1900000641,2025,002,40,480000,,6432.13,6432.13,S,2025-01-09,2025-01-29
3000,1900000642,2024,001,31,200000,100033,5161.92,5161.92,H,2024-11-30,
3000,1900000642,2024,002,40,400000,,5161.92,5161.92,S,2024-11-30,
1000,1900000643,2024,001,31,200000,100015,20426.36,20426.36,H,2024-10-09,
1000,1900000643,2024,002,40,420000,,20426.36,20426.36,S,2024-10-09,
1000,1900000644,2025,001,31,200000,100027,8951.18,8951.18,H,2025-06-15,2025-08-24
1000,1900000644,2025,002,40,410000,,8951.18,8951.18,S,2025-06-15,2025-08-24
3000,1900000645,2024,001,31,200000,100000,9700.23,9700.23,H,2025-03-23,2025-04-22
3000,1900000645,2024,002,40,420000,,9700.23,9700.23,S,2025-03-23,2025-04-22
1000,1900000646,2025,001,31,200000,100016,20293.84,20293.84,H,2025-09-07,2025-11-06
1000,1900000646,2025,002,40,420000,,20293.84,20293.84,S,2025-09-07,2025-11-06
3000,1900000647,2024,001,31,200000,100039,2256.11,2256.11,H,2025-07-06,
3000,1900000647,2024,002,40,450000,,2256.11,2256.11,S,2025-07-06,
2000,1900000648,2025,001,31,200000,100025,5305.34,5305.34,H,2024-05-09,2024-06-27
2000,1900000648,2025,002,40,450000,,5305.34,5305.34,S,2024-05-09,2024-06-27
3000,1900000649,2025,001,31,200000,100038,19521.19,19521.19,H,2025-08-02,
3000,1900000649,2025,002,40,420000,,19521.19,19521.19,S,2025-08-02,
2000,1900000650,2025,001,31,200000,100046,12528.91,12528.91,H,2024-04-03,2024-04-11
2000,1900000650,2025,002,40,460000,,12528.91,12528.91,S,2024-04-03,2024-04-11
1000,1900000651,2025,001,31,200000,100034,3511.28,3511.28,H,2025-01-06,2025-02-16
1000,1900000651,2025,002,40,440000,,3511.28,3511.28,S,2025-01-06,2025-02-16
1000,1900000652,2024,001,31,200000,100029,5495.97,5495.97,H,2025-01-13,
1000,1900000652,2024,002,40,440000,,5495.97,5495.97,S,2025-01-13,
2000,1900000653,2024,001,31,200000,100058,18626.01,18626.01,H,2024-03-15,
2000,1900000653,2024,002,40,430000,,18626.01,18626.01,S,2024-03-15,
1000,1900000654,2025,001,31,200000,100043,20981.88,20981.88,H,2025-06-28,2025-08-31
1000,1900000654,2025,002,40,400000,,20981.88,20981.88,S,2025-06-28,2025-08-31
1000,1900000655,2024,001,31,200000,100041,24000.61,24000.61,H,2025-10-20,
1000,1900000655,2024,002,40,470000,,24000.61,24000.61,S,2025-10-20,
2000,1900000656,2025,001,31,200000,100001,23182.6,23182.6,H,2024-02-27,
2000,1900000656,2025,002,40,400000,,23182.6,23182.6,S,2024-02-27,
1000,1900000657,2024,001,31,200000,100054,6408.01,6408.01,H,2024-08-27,2024-09-23
1000,1900000657,2024,002,40,460000,,6408.01,6408.01,S,2024-08-27,2024-09-23
3000,1900000658,2025,001,31,200000,100009,11284.74,11284.74,H,2025-10-23,2025-12-11
3000,1900000658,2025,002,40,430000,,11284.74,11284.74,S,2025-10-23,2025-12-11
3000,1900000659,2025,001,31,200000,100003,3504.61,3504.61,H,2024-10-17,
3000,1900000659,2025,002,40,430000,,3504.61,3504.61,S,2024-10-17,
2000,1900000660,2025,001,31,200000,100051,3378.09,3378.09,H,2024-05-19,2024-07-26
2000,1900000660,2025,002,40,470000,,3378.09,3378.09,S,2024-05-19,2024-07-26
3000,1900000661,2025,001,31,200000,100052,6455.9,6455.9,H,2025-04-14,2025-06-01
3000,1900000661,2025,002,40,400000,,6455.9,6455.9,S,2025-04-14,2025-06-01
1000,1900000662,2025,001,31,200000,100013,13233.4,13233.4,H,2025-11-09,
1000,1900000662,2025,002,40,410000,,13233.4,13233.4,S,2025-11-09,
1000,1900000663,2025,001,31,200000,100035,7863.49,7863.49,H,2024-10-19,2024-11-22
1000,1900000663,2025,002,40,460000,,7863.49,7863.49,S,2024-10-19,2024-11-22
3000,1900000664,2025,001,31,200000,100048,17845.3,17845.3,H,2025-08-22,2025-10-30
3000,1900000664,2025,002,40,440000,,17845.3,17845.3,S,2025-08-22,2025-10-30
3000,1900000665,2025,001,31,200000,100022,19936.38,19936.38,H,2024-01-22,
3000,1900000665,2025,002,40,450000,,19936.38,19936.38,S,2024-01-22,
1000,1900000666,2025,001,31,200000,100001,19342.08,19342.08,H,2025-12-13,
1000,1900000666,2025,002,40,480000,,19342.08,19342.08,S,2025-12-13,
2000,1900000667,2025,001,31,200000,100049,1588.25,1588.25,H,2025-04-05,2025-05-11
2000,1900000667,2025,002,40,420000,,1588.25,1588.25,S,2025-04-05,2025-05-11
3000,1900000668,2024,001,31,200000,100000,16046.43,16046.43,H,2024-05-18,
3000,1900000668,2024,002,40,450000,,16046.43,16046.43,S,2024-05-18,
3000,1900000669,2024,001,31,200000,100009,16696.08,16696.08,H,2025-03-10,2025-04-21
3000,1900000669,2024,002,40,460000,,16696.08,16696.08,S,2025-03-10,2025-04-21
1000,1900000670,2025,001,31,200000,100047,13228.41,13228.41,H,2025-10-25,2025-12-24
1000,1900000670,2025,002,40,430000,,13228.41,13228.41,S,2025-10-25,2025-12-24
2000,1900000671,2024,001,31,200000,100008,21769.26,21769.26,H,2024-03-22,
2000,1900000671,2024,002,40,440000,,21769.26,21769.26,S,2024-03-22,
1000,1900000672,2025,001,31,200000,100040,17665.73,17665.73,H,2025-08-23,
1000,1900000672,2025,002,40,480000,,17665.73,17665.73,S,2025-08-23,
2000,1900000673,2025,001,31,200000,100026,23830.78,23830.78,H,2024-06-27,
2000,1900000673,2025,002,40,400000,,23830.78,23830.78,S,2024-06-27,
1000,1900000674,2025,001,31,200000,100026,12459.37,12459.37,H,2025-04-17,2025-05-09
1000,1900000674,2025,002,40,460000,,12459.37,12459.37,S,2025-04-17,2025-05-09
2000,1900000675,2024,001,31,200000,100014,22106.86,22106.86,H,2025-08-23,2025-10-30
2000,1900000675,2024,002,40,470000,,22106.86,22106.86,S,2025-08-23,2025-10-30
3000,1900000676,2024,001,31,200000,100037,15750.7,15750.7,H,2025-05-09,
3000,1900000676,2024,002,40,420000,,15750.7,15750.7,S,2025-05-09,
3000,1900000677,2024,001,31,200000,100049,776.39,776.39,H,2025-10-22,
3000,1900000677,2024,002,40,440000,,776.39,776.39,S,2025-10-22,
3000,1900000678,2025,001,31,200000,100050,10522.18,10522.18,H,2025-02-26,
3000,1900000678,2025,002,40,420000,,10522.18,10522.18,S,2025-02-26,
2000,1900000679,2024,001,31,200000,100004,14737.1,14737.1,H,2025-05-17,
2000,1900000679,2024,002,40,400000,,14737.1,14737.1,S,2025-05-17,
1000,1900000680,2025,001,31,200000,100059,15885.17,15885.17,H,2025-03-31,2025-04-06
1000,1900000680,2025,002,40,480000,,15885.17,15885.17,S,2025-03-31,2025-04-06
1000,1900000681,2024,001,31,200000,100015,23513.76,23513.76,H,2024-10-03,2024-12-08
1000,1900000681,2024,002,40,420000,,23513.76,23513.76,S,2024-10-03,2024-12-08
3000,1900000682,2024,001,31,200000,100044,21473.64,21473.64,H,2024-06-30,2024-08-11
3000,1900000682,2024,002,40,460000,,21473.64,21473.64,S,2024-06-30,2024-08-11
3000,1900000683,2024,001,31,200000,100019,15555.09,15555.09,H,2025-11-07,2025-12-07
3000,1900000683,2024,002,40,400000,,15555.09,15555.09,S,2025-11-07,2025-12-07
1000,1900000684,2025,001,31,200000,100011,3282.58,3282.58,H,2024-04-30,2024-06-16
1000,1900000684,2025,002,40,410000,,3282.58,3282.58,S,2024-04-30,2024-06-16
3000,1900000685,2025,001,31,200000,100029,19019.94,19019.94,H,2024-09-20,
3000,1900000685,2025,002,40,430000,,19019.94,19019.94,S,2024-09-20,
2000,1900000686,2024,001,31,200000,100042,11297.89,11297.89,H,2025-01-22,2025-03-24
2000,1900000686,2024,002,40,430000,,11297.89,11297.89,S,2025-01-22,2025-03-24
1000,1900000687,2025,001,31,200000,100021,20019.32,20019.32,H,2024-05-16,2024-07-21
1000,1900000687,2025,002,40,450000,,20019.32,20019.32,S,2024-05-16,2024-07-21
1000,1900000688,2024,001,31,200000,100044,7629.0,7629.0,H,2024-03-12,2024-05-12
1000,1900000688,2024,002,40,410000,,7629.0,7629.0,S,2024-03-12,2024-05-12
1000,1900000689,2024,001,31,200000,100034,15812.79,15812.79,H,2025-05-03,2025-05-31
1000,1900000689,2024,002,40,480000,,15812.79,15812.79,S,2025-05-03,2025-05-31
1000,1900000690,2025,001,31,200000,100052,23521.19,23521.19,H,2025-02-26,2025-03-07
1000,1900000690,2025,002,40,470000,,23521.19,23521.19,S,2025-02-26,2025-03-07
2000,1900000691,2024,001,31,200000,100014,22207.26,22207.26,H,2025-02-10,2025-04-19
2000,1900000691,2024,002,40,440000,,22207.26,22207.26,S,2025-02-10,2025-04-19
3000,1900000692,2024,001,31,200000,100059,3168.73,3168.73,H,2024-04-05,2024-05-17
3000,1900000692,2024,002,40,430000,,3168.73,3168.73,S,2024-04-05,2024-05-17
1000,1900000693,2024,001,31,200000,100034,20279.77,20279.77,H,2025-06-01,2025-06-12
1000,1900000693,2024,002,40,430000,,20279.77,20279.77,S,2025-06-01,2025-06-12
1000,1900000694,2024,001,31,200000,100055,23269.83,23269.83,H,2024-07-23,2024-09-13
1000,1900000694,2024,002,40,420000,,23269.83,23269.83,S,2024-07-23,2024-09-13
1000,1900000695,2024,001,31,200000,100055,18245.64,18245.64,H,2025-07-01,2025-09-06
1000,1900000695,2024,002,40,430000,,18245.64,18245.64,S,2025-07-01,2025-09-06
2000,1900000696,2025,001,31,200000,100046,19029.91,19029.91,H,2025-05-04,2025-07-11
2000,1900000696,2025,002,40,420000,,19029.91,19029.91,S,2025-05-04,2025-07-11
3000,1900000697,2025,001,31,200000,100041,7578.86,7578.86,H,2025-11-03,2025-12-27
3000,1900000697,2025,002,40,440000,,7578.86,7578.86,S,2025-11-03,2025-12-27
1000,1900000698,2025,001,31,200000,100050,4748.67,4748.67,H,2025-11-25,2026-01-02
1000,1900000698,2025,002,40,430000,,4748.67,4748.67,S,2025-11-25,2026-01-02
2000,1900000699,2024,001,31,200000,100033,19319.2,19319.2,H,2024-08-30,2024-10-30
2000,1900000699,2024,002,40,450000,,19319.2,19319.2,S,2024-08-30,2024-10-30
3000,1900000700,2025,001,31,200000,100042,14586.34,14586.34,H,2024-09-19,2024-11-03
3000,1900000700,2025,002,40,410000,,14586.34,14586.34,S,2024-09-19,2024-11-03
2000,1900000701,2025,001,31,200000,100032,22239.12,22239.12,H,2024-12-13,2024-12-20
2000,1900000701,2025,002,40,400000,,22239.12,22239.12,S,2024-12-13,2024-12-20
1000,1900000702,2024,001,31,200000,100001,17832.96,17832.96,H,2025-02-04,
1000,1900000702,2024,002,40,400000,,17832.96,17832.96,S,2025-02-04,
2000,1900000703,2025,001,31,200000,100040,1600.86,1600.86,H,2025-02-04,2025-02-16
2000,1900000703,2025,002,40,440000,,1600.86,1600.86,S,2025-02-04,2025-02-16
1000,1900000704,2025,001,31,200000,100059,5271.15,5271.15,H,2024-04-20,2024-05-20
1000,1900000704,2025,002,40,470000,,5271.15,5271.15,S,2024-04-20,2024-05-20
2000,1900000705,2025,001,31,200000,100009,6309.21,6309.21,H,2025-11-22,2025-12-17
2000,1900000705,2025,002,40,470000,,6309.21,6309.21,S,2025-11-22,2025-12-17
2000,1900000706,2025,001,31,200000,100000,8059.19,8059.19,H,2024-06-20,2024-08-14
2000,1900000706,2025,002,40,470000,,8059.19,8059.19,S,2024-06-20,2024-08-14
1000,1900000707,2024,001,31,200000,100048,9141.44,9141.44,H,2024-03-05,2024-03-14
1000,1900000707,2024,002,40,470000,,9141.44,9141.44,S,2024-03-05,2024-03-14
2000,1900000708,2025,001,31,200000,100019,23014.35,23014.35,H,2025-12-15,2026-01-01
2000,1900000708,2025,002,40,450000,,23014.35,23014.35,S,2025-12-15,2026-01-01
3000,1900000709,2025,001,31,200000,100006,434.75,434.75,H,2024-07-09,2024-08-14
3000,1900000709,2025,002,40,430000,,434.75,434.75,S,2024-07-09,2024-08-14
2000,1900000710,2025,001,31,200000,100033,24519.11,24519.11,H,2024-04-18,2024-05-17
2000,1900000710,2025,002,40,470000,,24519.11,24519.11,S,2024-04-18,2024-05-17
2000,1900000711,2024,001,31,200000,100044,1795.6,1795.6,H,2024-01-22,2024-03-03
2000,1900000711,2024,002,40,410000,,1795.6,1795.6,S,2024-01-22,2024-03-03
1000,1900000712,2024,001,31,200000,100006,3558.11,3558.11,H,2024-03-31,2024-04-13
1000,1900000712,2024,002,40,480000,,3558.11,3558.11,S,2024-03-31,2024-04-13
1000,1900000713,2024,001,31,200000,100013,9485.37,9485.37,H,2025-10-07,2025-11-26
1000,1900000713,2024,002,40,460000,,9485.37,9485.37,S,2025-10-07,2025-11-26
1000,1900000714,2024,001,31,200000,100001,24694.92,24694.92,H,2025-03-27,2025-04-21
1000,1900000714,2024,002,40,420000,,24694.92,24694.92,S,2025-03-27,2025-04-21
1000,1900000715,2025,001,31,200000,100040,17331.92,17331.92,H,2025-01-06,
1000,1900000715,2025,002,40,470000,,17331.92,17331.92,S,2025-01-06,
3000,1900000716,2024,001,31,200000,100026,342.4,342.4,H,2025-03-24,2025-04-16
3000,1900000716,2024,002,40,480000,,342.4,342.4,S,2025-03-24,2025-04-16
2000,1900000717,2025,001,31,200000,100049,23223.98,23223.98,H,2024-07-04,2024-08-23
2000,1900000717,2025,002,40,420000,,23223.98,23223.98,S,2024-07-04,2024-08-23
3000,1900000718,2025,001,31,200000,100008,12546.75,12546.75,H,2025-06-27,2025-07-26
3000,1900000718,2025,002,40,450000,,12546.75,12546.75,S,2025-06-27,2025-07-26
2000,1900000719,2025,001,31,200000,100011,7647.95,7647.95,H,2025-10-29,2025-12-25
2000,1900000719,2025,002,40,480000,,7647.95,7647.95,S,2025-10-29,2025-12-25
3000,1900000720,2024,001,31,200000,100008,10426.53,10426.53,H,2025-05-27,2025-07-12
3000,1900000720,2024,002,40,400000,,10426.53,10426.53,S,2025-05-27,2025-07-12
1000,1900000721,2025,001,31,200000,100029,2747.17,2747.17,H,2025-06-17,
1000,1900000721,2025,002,40,410000,,2747.17,2747.17,S,2025-06-17,
2000,1900000722,2025,001,31,200000,100007,13253.12,13253.12,H,2025-12-01,
2000,1900000722,2025,002,40,480000,,13253.12,13253.12,S,2025-12-01,
1000,1900000723,2024,001,31,200000,100035,18804.16,18804.16,H,2024-11-15,2025-01-02
1000,1900000723,2024,002,40,480000,,18804.16,18804.16,S,2024-11-15,2025-01-02
1000,1900000724,2025,001,31,200000,100000,461.33,461.33,H,2024-11-27,
1000,1900000724,2025,002,40,480000,,461.33,461.33,S,2024-11-27,
3000,1900000725,2025,001,31,200000,100021,14944.61,14944.61,H,2025-03-09,2025-04-16
3000,1900000725,2025,002,40,440000,,14944.61,14944.61,S,2025-03-09,2025-04-16
3000,1900000726,2024,001,31,200000,100050,11274.11,11274.11,H,2025-08-26,2025-10-24
3000,1900000726,2024,002,40,460000,,11274.11,11274.11,S,2025-08-26,2025-10-24
1000,1900000727,2025,001,31,200000,100030,9838.82,9838.82,H,2025-10-13,
1000,1900000727,2025,002,40,430000,,9838.82,9838.82,S,2025-10-13,
2000,1900000728,2024,001,31,200000,100011,7057.25,7057.25,H,2025-04-02,2025-05-06
2000,1900000728,2024,002,40,430000,,7057.25,7057.25,S,2025-04-02,2025-05-06
1000,1900000729,2024,001,31,200000,100002,19871.7,19871.7,H,2024-06-01,2024-07-31
1000,1900000729,2024,002,40,420000,,19871.7,19871.7,S,2024-06-01,2024-07-31
3000,1900000730,2024,001,31,200000,100001,212.86,212.86,H,2024-03-19,
3000,1900000730,2024,002,40,440000,,212.86,212.86,S,2024-03-19,
3000,1900000731,2025,001,31,200000,100043,6272.87,6272.87,H,2025-10-19,2025-10-30
3000,1900000731,2025,002,40,450000,,6272.87,6272.87,S,2025-10-19,2025-10-30
1000,1900000732,2024,001,31,200000,100047,415.09,415.09,H,2025-09-08,2025-09-13
1000,1900000732,2024,002,40,440000,,415.09,415.09,S,2025-09-08,2025-09-13
1000,1900000733,2024,001,31,200000,100015,15682.98,15682.98,H,2025-03-02,2025-04-30
1000,1900000733,2024,002,40,420000,,15682.98,15682.98,S,2025-03-02,2025-04-30
1000,1900000734,2024,001,31,200000,100009,12272.94,12272.94,H,2025-01-02,
1000,1900000734,2024,002,40,460000,,12272.94,12272.94,S,2025-01-02,
1000,1900000735,2024,001,31,200000,100023,23407.93,23407.93,H,2025-07-04,2025-07-20
1000,1900000735,2024,002,40,470000,,23407.93,23407.93,S,2025-07-04,2025-07-20
2000,1900000736,2024,001,31,200000,100014,11008.76,11008.76,H,2024-08-28,
2000,1900000736,2024,002,40,470000,,11008.76,11008.76,S,2024-08-28,
2000,1900000737,2025,001,31,200000,100001,11369.93,11369.93,H,2024-12-28,
2000,1900000737,2025,002,40,450000,,11369.93,11369.93,S,2024-12-28,
2000,1900000738,2025,001,31,200000,100020,3088.42,3088.42,H,2025-01-08,
2000,1900000738,2025,002,40,480000,,3088.42,3088.42,S,2025-01-08,
1000,1900000739,2025,001,31,200000,100018,15102.99,15102.99,H,2024-10-02,2024-12-01
1000,1900000739,2025,002,40,430000,,15102.99,15102.99,S,2024-10-02,2024-12-01
2000,1900000740,2025,001,31,200000,100059,12076.52,12076.52,H,2024-07-06,2024-09-10
2000,1900000740,2025,002,40,440000,,12076.52,12076.52,S,2024-07-06,2024-09-10
2000,1900000741,2024,001,31,200000,100016,3711.76,3711.76,H,2024-06-10,2024-08-19
2000,1900000741,2024,002,40,470000,,3711.76,3711.76,S,2024-06-10,2024-08-19
3000,1900000742,2024,001,31,200000,100044,2218.31,2218.31,H,2024-03-19,2024-05-23
3000,1900000742,2024,002,40,450000,,2218.31,2218.31,S,2024-03-19,2024-05-23
2000,1900000743,2024,001,31,200000,100029,21238.93,21238.93,H,2025-11-19,
2000,1900000743,2024,002,40,420000,,21238.93,21238.93,S,2025-11-19,
1000,1900000744,2025,001,31,200000,100054,22969.99,22969.99,H,2025-10-16,
1000,1900000744,2025,002,40,400000,,22969.99,22969.99,S,2025-10-16,
2000,1900000745,2024,001,31,200000,100004,5906.85,5906.85,H,2024-04-29,
2000,1900000745,2024,002,40,450000,,5906.85,5906.85,S,2024-04-29,
3000,1900000746,2024,001,31,200000,100055,14376.98,14376.98,H,2025-08-03,
3000,1900000746,2024,002,40,420000,,14376.98,14376.98,S,2025-08-03,
2000,1900000747,2024,001,31,200000,100037,21769.29,21769.29,H,2025-11-09,
2000,1900000747,2024,002,40,420000,,21769.29,21769.29,S,2025-11-09,
3000,1900000748,2025,001,31,200000,100003,19414.46,19414.46,H,2024-09-09,2024-10-27
3000,1900000748,2025,002,40,430000,,19414.46,19414.46,S,2024-09-09,2024-10-27
2000,1900000749,2024,001,31,200000,100035,9337.0,9337.0,H,2024-07-23,2024-09-06
2000,1900000749,2024,002,40,480000,,9337.0,9337.0,S,2024-07-23,2024-09-06
3000,1900000750,2025,001,31,200000,100049,4810.43,4810.43,H,2024-06-13,2024-08-08
3000,1900000750,2025,002,40,400000,,4810.43,4810.43,S,2024-06-13,2024-08-08
2000,1900000751,2024,001,31,200000,100032,8265.37,8265.37,H,2025-05-20,2025-06-12
2000,1900000751,2024,002,40,470000,,8265.37,8265.37,S,2025-05-20,2025-06-12
1000,1900000752,2024,001,31,200000,100005,1375.57,1375.57,H,2025-03-12,2025-05-14
1000,1900000752,2024,002,40,430000,,1375.57,1375.57,S,2025-03-12,2025-05-14
3000,1900000753,2025,001,31,200000,100019,6332.03,6332.03,H,2025-06-16,2025-08-09
3000,1900000753,2025,002,40,460000,,6332.03,6332.03,S,2025-06-16,2025-08-09
3000,1900000754,2025,001,31,200000,100051,24895.05,24895.05,H,2025-11-08,2025-12-24
3000,1900000754,2025,002,40,450000,,24895.05,24895.05,S,2025-11-08,2025-12-24
1000,1900000755,2024,001,31,200000,100047,16136.14,16136.14,H,2024-03-02,
1000,1900000755,2024,002,40,450000,,16136.14,16136.14,S,2024-03-02,
2000,1900000756,2024,001,31,200000,100038,15094.91,15094.91,H,2025-12-23,
2000,1900000756,2024,002,40,400000,,15094.91,15094.91,S,2025-12-23,
1000,1900000757,2024,001,31,200000,100006,5936.81,5936.81,H,2025-04-01,
1000,1900000757,2024,002,40,420000,,5936.81,5936.81,S,2025-04-01,
3000,1900000758,2024,001,31,200000,100012,4126.8,4126.8,H,2025-04-08,
3000,1900000758,2024,002,40,430000,,4126.8,4126.8,S,2025-04-08,
2000,1900000759,2024,001,31,200000,100042,2144.55,2144.55,H,2024-11-12,2025-01-19
2000,1900000759,2024,002,40,410000,,2144.55,2144.55,S,2024-11-12,2025-01-19
3000,1900000760,2024,001,31,200000,100035,14684.53,14684.53,H,2024-11-24,2025-01-24
3000,1900000760,2024,002,40,420000,,14684.53,14684.53,S,2024-11-24,2025-01-24
2000,1900000761,2025,001,31,200000,100007,2445.91,2445.91,H,2024-11-23,2025-01-25
2000,1900000761,2025,002,40,400000,,2445.91,2445.91,S,2024-11-23,2025-01-25
1000,1900000762,2025,001,31,200000,100036,12472.14,12472.14,H,2024-11-07,2024-12-07
1000,1900000762,2025,002,40,480000,,12472.14,12472.14,S,2024-11-07,2024-12-07
3000,1900000763,2024,001,31,200000,100037,9918.68,9918.68,H,2024-07-24,2024-09-28
3000,1900000763,2024,002,40,420000,,9918.68,9918.68,S,2024-07-24,2024-09-28
1000,1900000764,2025,001,31,200000,100008,1024.27,1024.27,H,2025-09-28,2025-10-06
1000,1900000764,2025,002,40,450000,,1024.27,1024.27,S,2025-09-28,2025-10-06
3000,1900000765,2025,001,31,200000,100003,15229.04,15229.04,H,2024-02-19,2024-03-03
3000,1900000765,2025,002,40,420000,,15229.04,15229.04,S,2024-02-19,2024-03-03
1000,1900000766,2024,001,31,200000,100044,6209.83,6209.83,H,2025-02-05,2025-02-13
1000,1900000766,2024,002,40,420000,,6209.83,6209.83,S,2025-02-05,2025-02-13
3000,1900000767,2025,001,31,200000,100033,5764.99,5764.99,H,2025-06-19,2025-07-13
3000,1900000767,2025,002,40,410000,,5764.99,5764.99,S,2025-06-19,2025-07-13
1000,1900000768,2025,001,31,200000,100019,7892.46,7892.46,H,2025-08-11,
1000,1900000768,2025,002,40,410000,,7892.46,7892.46,S,2025-08-11,
2000,1900000769,2024,001,31,200000,100036,4966.96,4966.96,H,2025-03-17,
2000,1900000769,2024,002,40,480000,,4966.96,4966.96,S,2025-03-17,
1000,1900000770,2025,001,31,200000,100035,14069.83,14069.83,H,2024-02-07,2024-04-16
1000,1900000770,2025,002,40,430000,,14069.83,14069.83,S,2024-02-07,2024-04-16
2000,1900000771,2024,001,31,200000,100010,10699.94,10699.94,H,2025-06-12,
2000,1900000771,2024,002,40,480000,,10699.94,10699.94,S,2025-06-12,
2000,1900000772,2024,001,31,200000,100041,1339.01,1339.01,H,2025-11-16,2026-01-21
2000,1900000772,2024,002,40,450000,,1339.01,1339.01,S,2025-11-16,2026-01-21
3000,1900000773,2024,001,31,200000,100045,19659.62,19659.62,H,2025-01-02,2025-02-17
3000,1900000773,2024,002,40,440000,,19659.62,19659.62,S,2025-01-02,2025-02-17
2000,1900000774,2025,001,31,200000,100014,18978.93,18978.93,H,2024-11-27,2025-01-27
2000,1900000774,2025,002,40,470000,,18978.93,18978.93,S,2024-11-27,2025-01-27
1000,1900000775,2025,001,31,200000,100001,7482.87,7482.87,H,2024-12-28,
1000,1900000775,2025,002,40,480000,,7482.87,7482.87,S,2024-12-28,
3000,1900000776,2025,001,31,200000,100044,1804.36,1804.36,H,2025-06-02,2025-07-17
3000,1900000776,2025,002,40,450000,,1804.36,1804.36,S,2025-06-02,2025-07-17
2000,1900000777,2024,001,31,200000,100046,12213.88,12213.88,H,2024-08-06,
2000,1900000777,2024,002,40,450000,,12213.88,12213.88,S,2024-08-06,
1000,1900000778,2024,001,31,200000,100009,13254.59,13254.59,H,2024-06-01,
1000,1900000778,2024,002,40,410000,,13254.59,13254.59,S,2024-06-01,
1000,1900000779,2025,001,31,200000,100035,1669.83,1669.83,H,2024-03-30,2024-05-12
1000,1900000779,2025,002,40,430000,,1669.83,1669.83,S,2024-03-30,2024-05-12
3000,1900000780,2024,001,31,200000,100039,16843.7,16843.7,H,2024-01-19,2024-02-07
3000,1900000780,2024,002,40,410000,,16843.7,16843.7,S,2024-01-19,2024-02-07
1000,1900000781,2025,001,31,200000,100009,24236.33,24236.33,H,2025-10-09,
1000,1900000781,2025,002,40,440000,,24236.33,24236.33,S,2025-10-09,
2000,1900000782,2025,001,31,200000,100021,16429.24,16429.24,H,2025-04-01,
2000,1900000782,2025,002,40,400000,,16429.24,16429.24,S,2025-04-01,
2000,1900000783,2025,001,31,200000,100000,7661.55,7661.55,H,2024-12-13,2025-01-04
2000,1900000783,2025,002,40,420000,,7661.55,7661.55,S,2024-12-13,2025-01-04
2000,1900000784,2024,001,31,200000,100026,15649.67,15649.67,H,2025-02-23,
2000,1900000784,2024,002,40,460000,,15649.67,15649.67,S,2025-02-23,
3000,1900000785,2025,001,31,200000,100009,6201.5,6201.5,H,2024-11-15,2025-01-03
3000,1900000785,2025,002,40,480000,,6201.5,6201.5,S,2024-11-15,2025-01-03
1000,1900000786,2024,001,31,200000,100010,19755.06,19755.06,H,2025-11-26,2025-12-28
1000,1900000786,2024,002,40,460000,,19755.06,19755.06,S,2025-11-26,2025-12-28
3000,1900000787,2024,001,31,200000,100045,9197.94,9197.94,H,2024-06-19,2024-07-06
3000,1900000787,2024,002,40,470000,,9197.94,9197.94,S,2024-06-19,2024-07-06
3000,1900000788,2025,001,31,200000,100056,8867.06,8867.06,H,2024-08-15,2024-09-26
3000,1900000788,2025,002,40,420000,,8867.06,8867.06,S,2024-08-15,2024-09-26
1000,1900000789,2024,001,31,200000,100058,15840.67,15840.67,H,2025-10-17,2025-12-12
1000,1900000789,2024,002,40,430000,,15840.67,15840.67,S,2025-10-17,2025-12-12
3000,1900000790,2025,001,31,200000,100042,1064.68,1064.68,H,2024-02-16,2024-02-23
3000,1900000790,2025,002,40,440000,,1064.68,1064.68,S,2024-02-16,2024-02-23
2000,1900000791,2025,001,31,200000,100038,20016.0,20016.0,H,2025-07-21,2025-08-16
2000,1900000791,2025,002,40,450000,,20016.0,20016.0,S,2025-07-21,2025-08-16
3000,1900000792,2024,001,31,200000,100023,9536.7,9536.7,H,2025-12-08,2025-12-19
3000,1900000792,2024,002,40,480000,,9536.7,9536.7,S,2025-12-08,2025-12-19
3000,1900000793,2024,001,31,200000,100002,20650.94,20650.94,H,2024-03-19,2024-05-27
3000,1900000793,2024,002,40,410000,,20650.94,20650.94,S,2024-03-19,2024-05-27
1000,1900000794,2024,001,31,200000,100019,22793.56,22793.56,H,2025-02-24,
1000,1900000794,2024,002,40,400000,,22793.56,22793.56,S,2025-02-24,
3000,1900000795,2025,001,31,200000,100051,9617.25,9617.25,H,2025-07-14,
3000,1900000795,2025,002,40,420000,,9617.25,9617.25,S,2025-07-14,
2000,1900000796,2024,001,31,200000,100050,9649.35,9649.35,H,2024-02-25,
2000,1900000796,2024,002,40,460000,,9649.35,9649.35,S,2024-02-25,
1000,1900000797,2025,001,31,200000,100036,5944.53,5944.53,H,2025-01-16,
1000,1900000797,2025,002,40,450000,,5944.53,5944.53,S,2025-01-16,
1000,1900000798,2024,001,31,200000,100006,10180.38,10180.38,H,2024-05-13,2024-07-07
1000,1900000798,2024,002,40,420000,,10180.38,10180.38,S,2024-05-13,2024-07-07
1000,1900000799,2025,001,31,200000,100056,23211.46,23211.46,H,2025-08-23,2025-10-06
1000,1900000799,2025,002,40,470000,,23211.46,23211.46,S,2025-08-23,2025-10-06
2000,1900000800,2024,001,31,200000,100051,15845.58,15845.58,H,2025-07-22,2025-09-22
2000,1900000800,2024,002,40,410000,,15845.58,15845.58,S,2025-07-22,2025-09-22
1000,1900000801,2025,001,31,200000,100053,2420.88,2420.88,H,2025-10-30,
1000,1900000801,2025,002,40,470000,,2420.88,2420.88,S,2025-10-30,
2000,1900000802,2025,001,31,200000,100008,4477.74,4477.74,H,2024-02-09,2024-02-24
2000,1900000802,2025,002,40,440000,,4477.74,4477.74,S,2024-02-09,2024-02-24
3000,1900000803,2025,001,31,200000,100026,2371.57,2371.57,H,2024-09-18,2024-09-27
3000,1900000803,2025,002,40,440000,,2371.57,2371.57,S,2024-09-18,2024-09-27
3000,1900000804,2025,001,31,200000,100034,10867.48,10867.48,H,2025-01-14,
3000,1900000804,2025,002,40,450000,,10867.48,10867.48,S,2025-01-14,
3000,1900000805,2025,001,31,200000,100023,15069.96,15069.96,H,2025-10-11,2025-11-21
3000,1900000805,2025,002,40,450000,,15069.96,15069.96,S,2025-10-11,2025-11-21
1000,1900000806,2024,001,31,200000,100035,19994.41,19994.41,H,2025-11-24,
1000,1900000806,2024,002,40,430000,,19994.41,19994.41,S,2025-11-24,
3000,1900000807,2025,001,31,200000,100026,1304.51,1304.51,H,2025-04-23,2025-06-29
3000,1900000807,2025,002,40,460000,,1304.51,1304.51,S,2025-04-23,2025-06-29
1000,1900000808,2024,001,31,200000,100049,20237.77,20237.77,H,2024-07-16,2024-09-09
1000,1900000808,2024,002,40,450000,,20237.77,20237.77,S,2024-07-16,2024-09-09
1000,1900000809,2024,001,31,200000,100043,16818.91,16818.91,H,2024-06-29,
1000,1900000809,2024,002,40,470000,,16818.91,16818.91,S,2024-06-29,
2000,1900000810,2025,001,31,200000,100000,11026.64,11026.64,H,2024-05-05,2024-06-13
2000,1900000810,2025,002,40,400000,,11026.64,11026.64,S,2024-05-05,2024-06-13
3000,1900000811,2024,001,31,200000,100050,4920.31,4920.31,H,2025-12-11,
3000,1900000811,2024,002,40,420000,,4920.31,4920.31,S,2025-12-11,
3000,1900000812,2024,001,31,200000,100053,14013.27,14013.27,H,2025-01-29,
3000,1900000812,2024,002,40,460000,,14013.27,14013.27,S,2025-01-29,
1000,1900000813,2024,001,31,200000,100009,13427.39,13427.39,H,2024-04-01,2024-05-22
1000,1900000813,2024,002,40,450000,,13427.39,13427.39,S,2024-04-01,2024-05-22
1000,1900000814,2025,001,31,200000,100020,8918.99,8918.99,H,2025-08-17,2025-10-07
1000,1900000814,2025,002,40,420000,,8918.99,8918.99,S,2025-08-17,2025-10-07
2000,1900000815,2024,001,31,200000,100054,10168.69,10168.69,H,2024-01-09,2024-01-21
2000,1900000815,2024,002,40,480000,,10168.69,10168.69,S,2024-01-09,2024-01-21
3000,1900000816,2024,001,31,200000,100049,17488.67,17488.67,H,2025-06-23,2025-08-27
3000,1900000816,2024,002,40,410000,,17488.67,17488.67,S,2025-06-23,2025-08-27
1000,1900000817,2024,001,31,200000,100030,1008.95,1008.95,H,2024-07-31,2024-09-01
1000,1900000817,2024,002,40,470000,,1008.95,1008.95,S,2024-07-31,2024-09-01
1000,1900000818,2025,001,31,200000,100023,10286.4,10286.4,H,2024-09-12,
1000,1900000818,2025,002,40,430000,,10286.4,10286.4,S,2024-09-12,
3000,1900000819,2024,001,31,200000,100041,11330.87,11330.87,H,2025-02-24,2025-04-24
3000,1900000819,2024,002,40,470000,,11330.87,11330.87,S,2025-02-24,2025-04-24
3000,1900000820,2024,001,31,200000,100059,22805.72,22805.72,H,2025-09-23,2025-10-13
3000,1900000820,2024,002,40,440000,,22805.72,22805.72,S,2025-09-23,2025-10-13
1000,1900000821,2024,001,31,200000,100041,17718.29,17718.29,H,2025-04-07,2025-05-01
1000,1900000821,2024,002,40,440000,,17718.29,17718.29,S,2025-04-07,2025-05-01
1000,1900000822,2025,001,31,200000,100005,5191.1,5191.1,H,2024-07-17,2024-09-23
1000,1900000822,2025,002,40,420000,,5191.1,5191.1,S,2024-07-17,2024-09-23
2000,1900000823,2025,001,31,200000,100054,12714.92,12714.92,H,2025-02-19,2025-02-24
2000,1900000823,2025,002,40,450000,,12714.92,12714.92,S,2025-02-19,2025-02-24
3000,1900000824,2024,001,31,200000,100051,16224.94,16224.94,H,2025-03-11,
3000,1900000824,2024,002,40,420000,,16224.94,16224.94,S,2025-03-11,
3000,1900000825,2024,001,31,200000,100033,22568.15,22568.15,H,2025-02-10,2025-03-13
3000,1900000825,2024,002,40,410000,,22568.15,22568.15,S,2025-02-10,2025-03-13
3000,1900000826,2024,001,31,200000,100033,6234.48,6234.48,H,2024-01-18,
3000,1900000826,2024,002,40,430000,,6234.48,6234.48,S,2024-01-18,
1000,1900000827,2025,001,31,200000,100042,5152.7,5152.7,H,2024-08-15,2024-09-01
1000,1900000827,2025,002,40,480000,,5152.7,5152.7,S,2024-08-15,2024-09-01
2000,1900000828,2024,001,31,200000,100042,13605.66,13605.66,H,2025-02-18,
2000,1900000828,2024,002,40,430000,,13605.66,13605.66,S,2025-02-18,
3000,1900000829,2024,001,31,200000,100019,21808.34,21808.34,H,2024-02-29,
3000,1900000829,2024,002,40,480000,,21808.34,21808.34,S,2024-02-29,
2000,1900000830,2025,001,31,200000,100051,21859.2,21859.2,H,2025-09-26,2025-10-10
2000,1900000830,2025,002,40,410000,,21859.2,21859.2,S,2025-09-26,2025-10-10
3000,1900000831,2024,001,31,200000,100000,14171.52,14171.52,H,2025-11-16,2025-12-03
3000,1900000831,2024,002,40,450000,,14171.52,14171.52,S,2025-11-16,2025-12-03
2000,1900000832,2024,001,31,200000,100053,14579.09,14579.09,H,2024-03-31,
2000,1900000832,2024,002,40,460000,,14579.09,14579.09,S,2024-03-31,
1000,1900000833,2024,001,31,200000,100048,21181.59,21181.59,H,2025-05-30,
1000,1900000833,2024,002,40,460000,,21181.59,21181.59,S,2025-05-30,
1000,1900000834,2024,001,31,200000,100014,23774.25,23774.25,H,2025-02-10,2025-03-09
1000,1900000834,2024,002,40,420000,,23774.25,23774.25,S,2025-02-10,2025-03-09
1000,1900000835,2025,001,31,200000,100048,16049.62,16049.62,H,2025-05-25,
1000,1900000835,2025,002,40,450000,,16049.62,16049.62,S,2025-05-25,
1000,1900000836,2025,001,31,200000,100016,3831.14,3831.14,H,2025-07-22,2025-09-19
1000,1900000836,2025,002,40,410000,,3831.14,3831.14,S,2025-07-22,2025-09-19
2000,1900000837,2025,001,31,200000,100039,1269.18,1269.18,H,2024-09-09,2024-09-22
2000,1900000837,2025,002,40,400000,,1269.18,1269.18,S,2024-09-09,2024-09-22
1000,1900000838,2024,001,31,200000,100023,21687.91,21687.91,H,2024-03-22,2024-05-29
1000,1900000838,2024,002,40,400000,,21687.91,21687.91,S,2024-03-22,2024-05-29
2000,1900000839,2024,001,31,200000,100041,1794.53,1794.53,H,2025-09-25,2025-11-30
2000,1900000839,2024,002,40,450000,,1794.53,1794.53,S,2025-09-25,2025-11-30
2000,1900000840,2025,001,31,200000,100001,10012.38,10012.38,H,2025-03-12,2025-03-23
2000,1900000840,2025,002,40,480000,,10012.38,10012.38,S,2025-03-12,2025-03-23
2000,1900000841,2024,001,31,200000,100052,14017.4,14017.4,H,2024-04-08,2024-05-03
2000,1900000841,2024,002,40,410000,,14017.4,14017.4,S,2024-04-08,2024-05-03
2000,1900000842,2024,001,31,200000,100019,24643.84,24643.84,H,2024-08-22,
2000,1900000842,2024,002,40,470000,,24643.84,24643.84,S,2024-08-22,
3000,1900000843,2025,001,31,200000,100049,643.68,643.68,H,2024-07-25,2024-08-18
3000,1900000843,2025,002,40,400000,,643.68,643.68,S,2024-07-25,2024-08-18
1000,1900000844,2024,001,31,200000,100021,4591.64,4591.64,H,2025-11-14,2026-01-19
1000,1900000844,2024,002,40,400000,,4591.64,4591.64,S,2025-11-14,2026-01-19
2000,1900000845,2024,001,31,200000,100034,12412.45,12412.45,H,2025-10-31,2025-12-16
2000,1900000845,2024,002,40,470000,,12412.45,12412.45,S,2025-10-31,2025-12-16
1000,1900000846,2025,001,31,200000,100025,15477.91,15477.91,H,2025-07-05,
1000,1900000846,2025,002,40,420000,,15477.91,15477.91,S,2025-07-05,
1000,1900000847,2024,001,31,200000,100032,23494.27,23494.27,H,2024-05-02,
1000,1900000847,2024,002,40,430000,,23494.27,23494.27,S,2024-05-02,
2000,1900000848,2024,001,31,200000,100051,17039.24,17039.24,H,2025-04-14,2025-05-30
2000,1900000848,2024,002,40,440000,,17039.24,17039.24,S,2025-04-14,2025-05-30
2000,1900000849,2024,001,31,200000,100022,21366.58,21366.58,H,2025-09-03,
2000,1900000849,2024,002,40,440000,,21366.58,21366.58,S,2025-09-03,
2000,1900000850,2025,001,31,200000,100057,6021.17,6021.17,H,2025-01-13,
2000,1900000850,2025,002,40,480000,,6021.17,6021.17,S,2025-01-13,
1000,1900000851,2025,001,31,200000,100055,6852.99,6852.99,H,2025-01-08,2025-01-20
1000,1900000851,2025,002,40,470000,,6852.99,6852.99,S,2025-01-08,2025-01-20
1000,1900000852,2025,001,31,200000,100054,18463.85,18463.85,H,2025-08-11,
1000,1900000852,2025,002,40,460000,,18463.85,18463.85,S,2025-08-11,
2000,1900000853,2024,001,31,200000,100054,6206.11,6206.11,H,2025-09-09,2025-10-30
2000,1900000853,2024,002,40,450000,,6206.11,6206.11,S,2025-09-09,2025-10-30
2000,1900000854,2024,001,31,200000,100023,6251.42,6251.42,H,2024-12-14,2024-12-23
2000,1900000854,2024,002,40,400000,,6251.42,6251.42,S,2024-12-14,2024-12-23
1000,1900000855,2025,001,31,200000,100057,15503.4,15503.4,H,2025-04-20,
1000,1900000855,2025,002,40,430000,,15503.4,15503.4,S,2025-04-20,
1000,1900000856,2024,001,31,200000,100049,15827.7,15827.7,H,2024-05-28,
1000,1900000856,2024,002,40,430000,,15827.7,15827.7,S,2024-05-28,
2000,1900000857,2024,001,31,200000,100034,12608.04,12608.04,H,2025-08-29,
2000,1900000857,2024,002,40,430000,,12608.04,12608.04,S,2025-08-29,
1000,1900000858,2024,001,31,200000,100027,10631.27,10631.27,H,2025-01-23,2025-01-30
1000,1900000858,2024,002,40,410000,,10631.27,10631.27,S,2025-01-23,2025-01-30
2000,1900000859,2024,001,31,200000,100059,2447.75,2447.75,H,2025-02-19,2025-03-21
2000,1900000859,2024,002,40,430000,,2447.75,2447.75,S,2025-02-19,2025-03-21
3000,1900000860,2024,001,31,200000,100044,24658.19,24658.19,H,2025-03-22,2025-05-15
3000,1900000860,2024,002,40,400000,,24658.19,24658.19,S,2025-03-22,2025-05-15
1000,1900000861,2025,001,31,200000,100028,18632.38,18632.38,H,2024-03-23,
1000,1900000861,2025,002,40,460000,,18632.38,18632.38,S,2024-03-23,
2000,1900000862,2025,001,31,200000,100059,3100.89,3100.89,H,2024-08-21,
2000,1900000862,2025,002,40,400000,,3100.89,3100.89,S,2024-08-21,
1000,1900000863,2025,001,31,200000,100042,2814.01,2814.01,H,2024-06-09,
1000,1900000863,2025,002,40,410000,,2814.01,2814.01,S,2024-06-09,
2000,1900000864,2024,001,31,200000,100030,7518.56,7518.56,H,2025-09-12,2025-10-19
2000,1900000864,2024,002,40,400000,,7518.56,7518.56,S,2025-09-12,2025-10-19
2000,1900000865,2025,001,31,200000,100005,15993.62,15993.62,H,2025-09-15,2025-09-29
2000,1900000865,2025,002,40,400000,,15993.62,15993.62,S,2025-09-15,2025-09-29
1000,1900000866,2025,001,31,200000,100033,19329.56,19329.56,H,2024-12-09,2025-01-12
1000,1900000866,2025,002,40,450000,,19329.56,19329.56,S,2024-12-09,2025-01-12
1000,1900000867,2025,001,31,200000,100030,15032.9,15032.9,H,2024-08-21,
1000,1900000867,2025,002,40,460000,,15032.9,15032.9,S,2024-08-21,
1000,1900000868,2024,001,31,200000,100046,6147.24,6147.24,H,2024-09-27,2024-10-21
1000,1900000868,2024,002,40,420000,,6147.24,6147.24,S,2024-09-27,2024-10-21
3000,1900000869,2025,001,31,200000,100037,12077.64,12077.64,H,2025-06-26,
3000,1900000869,2025,002,40,460000,,12077.64,12077.64,S,2025-06-26,
2000,1900000870,2024,001,31,200000,100001,4379.58,4379.58,H,2025-03-09,2025-04-07
2000,1900000870,2024,002,40,450000,,4379.58,4379.58,S,2025-03-09,2025-04-07
1000,1900000871,2024,001,31,200000,100055,2212.6,2212.6,H,2025-04-01,
1000,1900000871,2024,002,40,400000,,2212.6,2212.6,S,2025-04-01,
3000,1900000872,2024,001,31,200000,100051,4952.75,4952.75,H,2025-05-27,
3000,1900000872,2024,002,40,470000,,4952.75,4952.75,S,2025-05-27,
3000,1900000873,2025,001,31,200000,100015,17413.64,17413.64,H,2025-09-27,2025-11-15
3000,1900000873,2025,002,40,420000,,17413.64,17413.64,S,2025-09-27,2025-11-15
1000,1900000874,2025,001,31,200000,100018,11721.83,11721.83,H,2024-11-23,2024-12-12
1000,1900000874,2025,002,40,460000,,11721.83,11721.83,S,2024-11-23,2024-12-12
1000,1900000875,2025,001,31,200000,100007,12038.3,12038.3,H,2024-09-12,
1000,1900000875,2025,002,40,410000,,12038.3,12038.3,S,2024-09-12,
2000,1900000876,2024,001,31,200000,100047,6724.74,6724.74,H,2024-06-20,
2000,1900000876,2024,002,40,480000,,6724.74,6724.74,S,2024-06-20,
2000,1900000877,2025,001,31,200000,100046,11102.09,11102.09,H,2024-11-11,
2000,1900000877,2025,002,40,430000,,11102.09,11102.09,S,2024-11-11,
2000,1900000878,2024,001,31,200000,100023,6739.7,6739.7,H,2025-05-01,2025-05-06
2000,1900000878,2024,002,40,460000,,6739.7,6739.7,S,2025-05-01,2025-05-06
1000,1900000879,2025,001,31,200000,100054,16435.42,16435.42,H,2024-11-15,2025-01-19
1000,1900000879,2025,002,40,400000,,16435.42,16435.42,S,2024-11-15,2025-01-19
1000,1900000880,2024,001,31,200000,100041,24515.77,24515.77,H,2024-05-10,
1000,1900000880,2024,002,40,470000,,24515.77,24515.77,S,2024-05-10,
2000,1900000881,2025,001,31,200000,100046,917.39,917.39,H,2024-04-04,
2000,1900000881,2025,002,40,400000,,917.39,917.39,S,2024-04-04,
2000,1900000882,2024,001,31,200000,100010,5487.79,5487.79,H,2024-05-11,
2000,1900000882,2024,002,40,410000,,5487.79,5487.79,S,2024-05-11,
1000,1900000883,2025,001,31,200000,100052,2378.63,2378.63,H,2025-10-13,
1000,1900000883,2025,002,40,430000,,2378.63,2378.63,S,2025-10-13,
2000,1900000884,2024,001,31,200000,100019,9069.87,9069.87,H,2025-08-27,2025-10-04
2000,1900000884,2024,002,40,400000,,9069.87,9069.87,S,2025-08-27,2025-10-04
3000,1900000885,2024,001,31,200000,100043,19409.93,19409.93,H,2024-03-11,2024-04-25
3000,1900000885,2024,002,40,440000,,19409.93,19409.93,S,2024-03-11,2024-04-25
1000,1900000886,2024,001,31,200000,100039,1619.82,1619.82,H,2025-02-17,2025-04-19
1000,1900000886,2024,002,40,480000,,1619.82,1619.82,S,2025-02-17,2025-04-19
3000,1900000887,2025,001,31,200000,100030,3249.71,3249.71,H,2024-10-24,2024-11-24
3000,1900000887,2025,002,40,440000,,3249.71,3249.71,S,2024-10-24,2024-11-24
1000,1900000888,2025,001,31,200000,100041,17742.63,17742.63,H,2024-11-11,2024-12-01
1000,1900000888,2025,002,40,440000,,17742.63,17742.63,S,2024-11-11,2024-12-01
3000,1900000889,2025,001,31,200000,100036,16540.18,16540.18,H,2024-11-22,2024-12-15
3000,1900000889,2025,002,40,440000,,16540.18,16540.18,S,2024-11-22,2024-12-15
2000,1900000890,2025,001,31,200000,100023,5874.85,5874.85,H,2024-05-30,2024-07-28
2000,1900000890,2025,002,40,440000,,5874.85,5874.85,S,2024-05-30,2024-07-28
1000,1900000891,2025,001,31,200000,100014,23030.02,23030.02,H,2024-03-25,
1000,1900000891,2025,002,40,400000,,23030.02,23030.02,S,2024-03-25,
2000,1900000892,2025,001,31,200000,100054,2625.35,2625.35,H,2025-09-05,2025-09-29
2000,1900000892,2025,002,40,430000,,2625.35,2625.35,S,2025-09-05,2025-09-29
3000,1900000893,2025,001,31,200000,100022,8101.33,8101.33,H,2025-03-11,
3000,1900000893,2025,002,40,470000,,8101.33,8101.33,S,2025-03-11,
2000,1900000894,2024,001,31,200000,100055,19079.0,19079.0,H,2024-11-29,
2000,1900000894,2024,002,40,460000,,19079.0,19079.0,S,2024-11-29,
2000,1900000895,2025,001,31,200000,100019,436.82,436.82,H,2025-08-19,
2000,1900000895,2025,002,40,450000,,436.82,436.82,S,2025-08-19,
2000,1900000896,2025,001,31,200000,100001,17337.55,17337.55,H,2024-04-15,
2000,1900000896,2025,002,40,410000,,17337.55,17337.55,S,2024-04-15,
1000,1900000897,2024,001,31,200000,100005,16091.03,16091.03,H,2025-11-23,2025-12-28
1000,1900000897,2024,002,40,410000,,16091.03,16091.03,S,2025-11-23,2025-12-28
1000,1900000898,2025,001,31,200000,100027,15045.82,15045.82,H,2025-05-27,2025-08-01
1000,1900000898,2025,002,40,480000,,15045.82,15045.82,S,2025-05-27,2025-08-01
2000,1900000899,2025,001,31,200000,100034,8166.5,8166.5,H,2025-12-06,2025-12-17
2000,1900000899,2025,002,40,410000,,8166.5,8166.5,S,2025-12-06,2025-12-17
3000,1900000900,2025,001,31,200000,100026,24601.37,24601.37,H,2025-06-24,
3000,1900000900,2025,002,40,450000,,24601.37,24601.37,S,2025-06-24,
3000,1900000901,2025,001,31,200000,100059,7230.32,7230.32,H,2024-10-16,
3000,1900000901,2025,002,40,470000,,7230.32,7230.32,S,2024-10-16,
3000,1900000902,2024,001,31,200000,100059,9403.76,9403.76,H,2025-12-20,2026-02-23
3000,1900000902,2024,002,40,430000,,9403.76,9403.76,S,2025-12-20,2026-02-23
3000,1900000903,2025,001,31,200000,100003,2525.72,2525.72,H,2025-05-04,2025-06-24
3000,1900000903,2025,002,40,420000,,2525.72,2525.72,S,2025-05-04,2025-06-24
2000,1900000904,2025,001,31,200000,100038,16710.87,16710.87,H,2024-09-04,2024-11-09
2000,1900000904,2025,002,40,450000,,16710.87,16710.87,S,2024-09-04,2024-11-09
2000,1900000905,2024,001,31,200000,100059,5513.81,5513.81,H,2024-01-09,
2000,1900000905,2024,002,40,410000,,5513.81,5513.81,S,2024-01-09,
1000,1900000906,2024,001,31,200000,100015,14393.0,14393.0,H,2025-02-15,2025-02-22
1000,1900000906,2024,002,40,450000,,14393.0,14393.0,S,2025-02-15,2025-02-22
1000,1900000907,2025,001,31,200000,100051,19738.49,19738.49,H,2024-12-06,2024-12-15
1000,1900000907,2025,002,40,450000,,19738.49,19738.49,S,2024-12-06,2024-12-15
3000,1900000908,2025,001,31,200000,100044,1872.04,1872.04,H,2024-06-09,
3000,1900000908,2025,002,40,420000,,1872.04,1872.04,S,2024-06-09,
3000,1900000909,2024,001,31,200000,100028,23668.89,23668.89,H,2024-02-23,2024-03-21
3000,1900000909,2024,002,40,440000,,23668.89,23668.89,S,2024-02-23,2024-03-21
3000,1900000910,2024,001,31,200000,100020,2441.56,2441.56,H,2025-10-12,
3000,1900000910,2024,002,40,440000,,2441.56,2441.56,S,2025-10-12,
3000,1900000911,2025,001,31,200000,100058,4602.04,4602.04,H,2025-10-16,2025-10-24
3000,1900000911,2025,002,40,480000,,4602.04,4602.04,S,2025-10-16,2025-10-24
1000,1900000912,2025,001,31,200000,100040,9965.07,9965.07,H,2025-11-02,2025-11-18
1000,1900000912,2025,002,40,410000,,9965.07,9965.07,S,2025-11-02,2025-11-18
3000,1900000913,2025,001,31,200000,100051,23426.47,23426.47,H,2024-05-03,
3000,1900000913,2025,002,40,420000,,23426.47,23426.47,S,2024-05-03,
1000,1900000914,2025,001,31,200000,100056,6187.14,6187.14,H,2024-06-14,
1000,1900000914,2025,002,40,450000,,6187.14,6187.14,S,2024-06-14,
3000,1900000915,2024,001,31,200000,100028,257.27,257.27,H,2024-05-22,2024-06-23
3000,1900000915,2024,002,40,480000,,257.27,257.27,S,2024-05-22,2024-06-23
2000,1900000916,2024,001,31,200000,100059,10730.53,10730.53,H,2025-03-15,2025-04-03
2000,1900000916,2024,002,40,440000,,10730.53,10730.53,S,2025-03-15,2025-04-03
3000,1900000917,2024,001,31,200000,100035,16387.21,16387.21,H,2024-06-30,2024-07-23
3000,1900000917,2024,002,40,430000,,16387.21,16387.21,S,2024-06-30,2024-07-23
2000,1900000918,2025,001,31,200000,100017,12353.85,12353.85,H,2024-08-31,
2000,1900000918,2025,002,40,410000,,12353.85,12353.85,S,2024-08-31,
2000,1900000919,2025,001,31,200000,100057,15308.2,15308.2,H,2024-06-03,
2000,1900000919,2025,002,40,470000,,15308.2,15308.2,S,2024-06-03,
1000,1900000920,2024,001,31,200000,100026,2975.95,2975.95,H,2025-05-09,2025-07-11
1000,1900000920,2024,002,40,410000,,2975.95,2975.95,S,2025-05-09,2025-07-11
3000,1900000921,2025,001,31,200000,100049,8691.01,8691.01,H,2024-10-22,2024-12-08
3000,1900000921,2025,002,40,420000,,8691.01,8691.01,S,2024-10-22,2024-12-08
2000,1900000922,2025,001,31,200000,100010,23817.61,23817.61,H,2024-12-04,2024-12-09
2000,1900000922,2025,002,40,450000,,23817.61,23817.61,S,2024-12-04,2024-12-09
2000,1900000923,2025,001,31,200000,100027,12394.07,12394.07,H,2025-12-05,2026-01-07
2000,1900000923,2025,002,40,460000,,12394.07,12394.07,S,2025-12-05,2026-01-07
1000,1900000924,2025,001,31,200000,100054,5429.22,5429.22,H,2024-07-08,2024-09-09
1000,1900000924,2025,002,40,420000,,5429.22,5429.22,S,2024-07-08,2024-09-09
2000,1900000925,2025,001,31,200000,100048,10672.43,10672.43,H,2025-10-03,2025-10-17
2000,1900000925,2025,002,40,420000,,10672.43,10672.43,S,2025-10-03,2025-10-17
3000,1900000926,2024,001,31,200000,100057,2770.99,2770.99,H,2024-09-04,2024-09-18
3000,1900000926,2024,002,40,430000,,2770.99,2770.99,S,2024-09-04,2024-09-18
1000,1900000927,2024,001,31,200000,100051,11990.52,11990.52,H,2024-04-19,
1000,1900000927,2024,002,40,400000,,11990.52,11990.52,S,2024-04-19,
3000,1900000928,2025,001,31,200000,100050,7117.2,7117.2,H,2025-02-22,2025-04-04
3000,1900000928,2025,002,40,410000,,7117.2,7117.2,S,2025-02-22,2025-04-04
3000,1900000929,2024,001,31,200000,100011,5858.05,5858.05,H,2024-05-10,
3000,1900000929,2024,002,40,400000,,5858.05,5858.05,S,2024-05-10,
3000,1900000930,2024,001,31,200000,100017,18864.7,18864.7,H,2024-09-16,2024-11-20
3000,1900000930,2024,002,40,400000,,18864.7,18864.7,S,2024-09-16,2024-11-20
2000,1900000931,2025,001,31,200000,100051,5338.55,5338.55,H,2025-08-14,2025-09-01
2000,1900000931,2025,002,40,430000,,5338.55,5338.55,S,2025-08-14,2025-09-01
1000,1900000932,2024,001,31,200000,100035,14134.05,14134.05,H,2025-06-25,2025-07-26
1000,1900000932,2024,002,40,470000,,14134.05,14134.05,S,2025-06-25,2025-07-26
2000,1900000933,2024,001,31,200000,100037,10721.42,10721.42,H,2024-08-18,2024-09-15
2000,1900000933,2024,002,40,420000,,10721.42,10721.42,S,2024-08-18,2024-09-15
3000,1900000934,2025,001,31,200000,100030,15508.32,15508.32,H,2025-06-12,2025-07-13
3000,1900000934,2025,002,40,470000,,15508.32,15508.32,S,2025-06-12,2025-07-13
3000,1900000935,2024,001,31,200000,100035,2047.92,2047.92,H,2025-10-02,2025-11-14
3000,1900000935,2024,002,40,440000,,2047.92,2047.92,S,2025-10-02,2025-11-14
2000,1900000936,2025,001,31,200000,100027,13599.74,13599.74,H,2025-07-27,
2000,1900000936,2025,002,40,440000,,13599.74,13599.74,S,2025-07-27,
3000,1900000937,2024,001,31,200000,100059,3257.87,3257.87,H,2024-08-28,
3000,1900000937,2024,002,40,430000,,3257.87,3257.87,S,2024-08-28,
3000,1900000938,2024,001,31,200000,100034,6811.25,6811.25,H,2024-09-17,
3000,1900000938,2024,002,40,450000,,6811.25,6811.25,S,2024-09-17,
2000,1900000939,2024,001,31,200000,100026,22081.83,22081.83,H,2025-03-29,
2000,1900000939,2024,002,40,450000,,22081.83,22081.83,S,2025-03-29,
3000,1900000940,2024,001,31,200000,100001,16320.29,16320.29,H,2025-01-01,2025-01-22
3000,1900000940,2024,002,40,430000,,16320.29,16320.29,S,2025-01-01,2025-01-22
1000,1900000941,2024,001,31,200000,100057,3283.11,3283.11,H,2024-04-18,2024-05-15
1000,1900000941,2024,002,40,430000,,3283.11,3283.11,S,2024-04-18,2024-05-15
1000,1900000942,2025,001,31,200000,100011,18283.17,18283.17,H,2024-03-01,2024-05-07
1000,1900000942,2025,002,40,470000,,18283.17,18283.17,S,2024-03-01,2024-05-07
3000,1900000943,2025,001,31,200000,100014,12983.04,12983.04,H,2024-06-20,2024-07-23
3000,1900000943,2025,002,40,470000,,12983.04,12983.04,S,2024-06-20,2024-07-23
1000,1900000944,2025,001,31,200000,100013,2687.81,2687.81,H,2025-03-14,2025-04-18
1000,1900000944,2025,002,40,430000,,2687.81,2687.81,S,2025-03-14,2025-04-18
2000,1900000945,2024,001,31,200000,100013,10391.94,10391.94,H,2024-01-20,2024-03-28
2000,1900000945,2024,002,40,400000,,10391.94,10391.94,S,2024-01-20,2024-03-28
1000,1900000946,2025,001,31,200000,100019,5486.48,5486.48,H,2025-12-18,2026-01-03
1000,1900000946,2025,002,40,410000,,5486.48,5486.48,S,2025-12-18,2026-01-03
1000,1900000947,2025,001,31,200000,100053,10882.57,10882.57,H,2024-03-16,
1000,1900000947,2025,002,40,410000,,10882.57,10882.57,S,2024-03-16,
2000,1900000948,2025,001,31,200000,100046,5661.42,5661.42,H,2024-12-16,2025-02-21
2000,1900000948,2025,002,40,430000,,5661.42,5661.42,S,2024-12-16,2025-02-21
1000,1900000949,2024,001,31,200000,100000,17192.44,17192.44,H,2024-07-15,
1000,1900000949,2024,002,40,470000,,17192.44,17192.44,S,2024-07-15,
3000,1900000950,2024,001,31,200000,100022,19394.13,19394.13,H,2025-04-22,
3000,1900000950,2024,002,40,430000,,19394.13,19394.13,S,2025-04-22,
2000,1900000951,2024,001,31,200000,100026,3600.73,3600.73,H,2025-07-09,
2000,1900000951,2024,002,40,400000,,3600.73,3600.73,S,2025-07-09,
2000,1900000952,2025,001,31,200000,100055,3413.84,3413.84,H,2025-01-18,2025-02-04
2000,1900000952,2025,002,40,460000,,3413.84,3413.84,S,2025-01-18,2025-02-04
3000,1900000953,2025,001,31,200000,100002,7604.51,7604.51,H,2025-04-09,
3000,1900000953,2025,002,40,480000,,7604.51,7604.51,S,2025-04-09,
2000,1900000954,2025,001,31,200000,100021,9132.61,9132.61,H,2024-09-07,2024-10-23
2000,1900000954,2025,002,40,400000,,9132.61,9132.61,S,2024-09-07,2024-10-23
3000,1900000955,2024,001,31,200000,100033,14473.23,14473.23,H,2024-12-03,2025-01-19
3000,1900000955,2024,002,40,430000,,14473.23,14473.23,S,2024-12-03,2025-01-19
2000,1900000956,2025,001,31,200000,100044,15966.25,15966.25,H,2025-03-31,
2000,1900000956,2025,002,40,470000,,15966.25,15966.25,S,2025-03-31,
3000,1900000957,2025,001,31,200000,100057,8770.47,8770.47,H,2024-02-09,2024-02-16
3000,1900000957,2025,002,40,430000,,8770.47,8770.47,S,2024-02-09,2024-02-16
2000,1900000958,2025,001,31,200000,100032,477.12,477.12,H,2025-12-21,2026-01-07
2000,1900000958,2025,002,40,460000,,477.12,477.12,S,2025-12-21,2026-01-07
2000,1900000959,2025,001,31,200000,100049,8181.47,8181.47,H,2024-09-28,
2000,1900000959,2025,002,40,470000,,8181.47,8181.47,S,2024-09-28,
1000,1900000960,2025,001,31,200000,100058,20644.42,20644.42,H,2025-07-05,2025-08-16
1000,1900000960,2025,002,40,420000,,20644.42,20644.42,S,2025-07-05,2025-08-16
2000,1900000961,2025,001,31,200000,100002,23178.37,23178.37,H,2024-09-23,2024-10-08
2000,1900000961,2025,002,40,450000,,23178.37,23178.37,S,2024-09-23,2024-10-08
1000,1900000962,2025,001,31,200000,100026,12211.77,12211.77,H,2024-12-02,2024-12-08
1000,1900000962,2025,002,40,420000,,12211.77,12211.77,S,2024-12-02,2024-12-08
2000,1900000963,2024,001,31,200000,100059,12560.68,12560.68,H,2025-02-12,
2000,1900000963,2024,002,40,430000,,12560.68,12560.68,S,2025-02-12,
3000,1900000964,2025,001,31,200000,100058,5757.1,5757.1,H,2024-01-25,
3000,1900000964,2025,002,40,410000,,5757.1,5757.1,S,2024-01-25,
2000,1900000965,2025,001,31,200000,100018,15802.83,15802.83,H,2024-12-28,
2000,1900000965,2025,002,40,470000,,15802.83,15802.83,S,2024-12-28,
1000,1900000966,2025,001,31,200000,100031,23845.14,23845.14,H,2024-09-19,2024-10-26
1000,1900000966,2025,002,40,400000,,23845.14,23845.14,S,2024-09-19,2024-10-26
1000,1900000967,2024,001,31,200000,100047,1127.77,1127.77,H,2024-02-13,
1000,1900000967,2024,002,40,460000,,1127.77,1127.77,S,2024-02-13,
2000,1900000968,2025,001,31,200000,100013,11656.66,11656.66,H,2024-09-18,2024-10-20
2000,1900000968,2025,002,40,440000,,11656.66,11656.66,S,2024-09-18,2024-10-20
3000,1900000969,2025,001,31,200000,100049,4425.82,4425.82,H,2025-03-29,2025-05-09
3000,1900000969,2025,002,40,480000,,4425.82,4425.82,S,2025-03-29,2025-05-09
3000,1900000970,2025,001,31,200000,100019,10739.97,10739.97,H,2024-10-18,
3000,1900000970,2025,002,40,460000,,10739.97,10739.97,S,2024-10-18,
1000,1900000971,2024,001,31,200000,100050,1180.16,1180.16,H,2024-07-20,2024-09-05
1000,1900000971,2024,002,40,410000,,1180.16,1180.16,S,2024-07-20,2024-09-05
2000,1900000972,2025,001,31,200000,100019,16756.17,16756.17,H,2024-04-25,
2000,1900000972,2025,002,40,460000,,16756.17,16756.17,S,2024-04-25,
1000,1900000973,2024,001,31,200000,100012,1684.98,1684.98,H,2025-11-06,2025-12-28
1000,1900000973,2024,002,40,450000,,1684.98,1684.98,S,2025-11-06,2025-12-28
3000,1900000974,2024,001,31,200000,100047,8587.32,8587.32,H,2024-09-03,
3000,1900000974,2024,002,40,410000,,8587.32,8587.32,S,2024-09-03,
2000,1900000975,2024,001,31,200000,100033,10934.37,10934.37,H,2024-03-18,
2000,1900000975,2024,002,40,470000,,10934.37,10934.37,S,2024-03-18,
1000,1900000976,2025,001,31,200000,100056,21976.74,21976.74,H,2025-11-11,2025-11-28
1000,1900000976,2025,002,40,400000,,21976.74,21976.74,S,2025-11-11,2025-11-28
2000,1900000977,2025,001,31,200000,100008,17574.6,17574.6,H,2024-08-23,
2000,1900000977,2025,002,40,470000,,17574.6,17574.6,S,2024-08-23,
1000,1900000978,2024,001,31,200000,100054,7820.77,7820.77,H,2024-06-17,2024-08-13
1000,1900000978,2024,002,40,480000,,7820.77,7820.77,S,2024-06-17,2024-08-13
2000,1900000979,2025,001,31,200000,100055,14924.12,14924.12,H,2024-10-14,
2000,1900000979,2025,002,40,480000,,14924.12,14924.12,S,2024-10-14,
2000,1900000980,2025,001,31,200000,100049,17142.96,17142.96,H,2024-07-05,
2000,1900000980,2025,002,40,480000,,17142.96,17142.96,S,2024-07-05,
1000,1900000981,2024,001,31,200000,100044,21433.16,21433.16,H,2024-03-09,2024-05-09
1000,1900000981,2024,002,40,420000,,21433.16,21433.16,S,2024-03-09,2024-05-09
1000,1900000982,2025,001,31,200000,100047,7120.33,7120.33,H,2025-12-05,2025-12-30
1000,1900000982,2025,002,40,470000,,7120.33,7120.33,S,2025-12-05,2025-12-30
1000,1900000983,2025,001,31,200000,100030,17996.11,17996.11,H,2025-08-11,
1000,1900000983,2025,002,40,440000,,17996.11,17996.11,S,2025-08-11,
3000,1900000984,2025,001,31,200000,100057,696.38,696.38,H,2025-08-14,
3000,1900000984,2025,002,40,440000,,696.38,696.38,S,2025-08-14,
2000,1900000985,2024,001,31,200000,100044,22446.61,22446.61,H,2025-07-13,
2000,1900000985,2024,002,40,420000,,22446.61,22446.61,S,2025-07-13,
3000,1900000986,2025,001,31,200000,100024,21106.42,21106.42,H,2025-08-01,2025-08-08
3000,1900000986,2025,002,40,470000,,21106.42,21106.42,S,2025-08-01,2025-08-08
1000,1900000987,2024,001,31,200000,100044,16037.27,16037.27,H,2025-02-15,2025-04-14
1000,1900000987,2024,002,40,440000,,16037.27,16037.27,S,2025-02-15,2025-04-14
2000,1900000988,2025,001,31,200000,100027,13372.05,13372.05,H,2024-08-01,
2000,1900000988,2025,002,40,440000,,13372.05,13372.05,S,2024-08-01,
1000,1900000989,2024,001,31,200000,100056,2670.47,2670.47,H,2024-04-28,2024-05-18
1000,1900000989,2024,002,40,460000,,2670.47,2670.47,S,2024-04-28,2024-05-18
1000,1900000990,2025,001,31,200000,100018,7803.96,7803.96,H,2025-08-11,2025-10-13
1000,1900000990,2025,002,40,460000,,7803.96,7803.96,S,2025-08-11,2025-10-13
2000,1900000991,2025,001,31,200000,100006,17363.39,17363.39,H,2025-02-13,
2000,1900000991,2025,002,40,410000,,17363.39,17363.39,S,2025-02-13,
1000,1900000992,2024,001,31,200000,100033,9637.59,9637.59,H,2025-01-09,
1000,1900000992,2024,002,40,450000,,9637.59,9637.59,S,2025-01-09,
3000,1900000993,2025,001,31,200000,100029,3007.95,3007.95,H,2025-09-18,2025-11-25
3000,1900000993,2025,002,40,400000,,3007.95,3007.95,S,2025-09-18,2025-11-25
1000,1900000994,2025,001,31,200000,100017,8100.26,8100.26,H,2025-03-09,
1000,1900000994,2025,002,40,450000,,8100.26,8100.26,S,2025-03-09,
1000,1900000995,2025,001,31,200000,100004,14862.11,14862.11,H,2024-08-10,2024-10-07
1000,1900000995,2025,002,40,470000,,14862.11,14862.11,S,2024-08-10,2024-10-07
1000,1900000996,2025,001,31,200000,100026,12041.21,12041.21,H,2024-10-14,2024-11-02
1000,1900000996,2025,002,40,440000,,12041.21,12041.21,S,2024-10-14,2024-11-02
2000,1900000997,2024,001,31,200000,100028,23627.08,23627.08,H,2025-04-09,
2000,1900000997,2024,002,40,450000,,23627.08,23627.08,S,2025-04-09,
2000,1900000998,2025,001,31,200000,100002,9127.39,9127.39,H,2025-12-14,2026-01-20
2000,1900000998,2025,002,40,440000,,9127.39,9127.39,S,2025-12-14,2026-01-20
3000,1900000999,2025,001,31,200000,100046,15650.06,15650.06,H,2025-10-02,2025-12-04
3000,1900000999,2025,002,40,450000,,15650.06,15650.06,S,2025-10-02,2025-12-04
2000,1900001000,2024,001,31,200000,100028,12367.16,12367.16,H,2025-10-08,2025-11-16
2000,1900001000,2024,002,40,480000,,12367.16,12367.16,S,2025-10-08,2025-11-16
2000,1900001001,2024,001,31,200000,100054,16793.78,16793.78,H,2024-12-15,2025-02-10
2000,1900001001,2024,002,40,430000,,16793.78,16793.78,S,2024-12-15,2025-02-10
3000,1900001002,2025,001,31,200000,100009,24294.67,24294.67,H,2025-12-09,
3000,1900001002,2025,002,40,450000,,24294.67,24294.67,S,2025-12-09,
3000,1900001003,2025,001,31,200000,100035,19552.6,19552.6,H,2024-12-16,2025-01-10
3000,1900001003,2025,002,40,470000,,19552.6,19552.6,S,2024-12-16,2025-01-10
2000,1900001004,2025,001,31,200000,100054,15700.68,15700.68,H,2024-05-17,2024-06-09
2000,1900001004,2025,002,40,470000,,15700.68,15700.68,S,2024-05-17,2024-06-09
1000,1900001005,2025,001,31,200000,100014,22042.18,22042.18,H,2025-11-23,2026-01-01
1000,1900001005,2025,002,40,420000,,22042.18,22042.18,S,2025-11-23,2026-01-01
3000,1900001006,2025,001,31,200000,100011,766.7,766.7,H,2025-03-15,2025-05-13
3000,1900001006,2025,002,40,480000,,766.7,766.7,S,2025-03-15,2025-05-13
2000,1900001007,2025,001,31,200000,100037,10992.44,10992.44,H,2024-07-13,2024-08-20
2000,1900001007,2025,002,40,480000,,10992.44,10992.44,S,2024-07-13,2024-08-20
1000,1900001008,2025,001,31,200000,100038,5074.34,5074.34,H,2025-09-08,2025-09-20
1000,1900001008,2025,002,40,470000,,5074.34,5074.34,S,2025-09-08,2025-09-20
1000,1900001009,2025,001,31,200000,100047,9001.2,9001.2,H,2024-04-18,2024-06-21
1000,1900001009,2025,002,40,480000,,9001.2,9001.2,S,2024-04-18,2024-06-21
2000,1900001010,2024,001,31,200000,100022,10617.86,10617.86,H,2025-05-17,
2000,1900001010,2024,002,40,410000,,10617.86,10617.86,S,2025-05-17,
3000,1900001011,2024,001,31,200000,100020,10822.51,10822.51,H,2024-07-21,
3000,1900001011,2024,002,40,470000,,10822.51,10822.51,S,2024-07-21,
2000,1900001012,2024,001,31,200000,100011,8737.86,8737.86,H,2025-09-14,
2000,1900001012,2024,002,40,410000,,8737.86,8737.86,S,2025-09-14,
1000,1900001013,2024,001,31,200000,100020,1737.06,1737.06,H,2025-05-06,2025-05-29
1000,1900001013,2024,002,40,430000,,1737.06,1737.06,S,2025-05-06,2025-05-29
3000,1900001014,2024,001,31,200000,100002,13192.37,13192.37,H,2024-02-17,
3000,1900001014,2024,002,40,440000,,13192.37,13192.37,S,2024-02-17,
3000,1900001015,2025,001,31,200000,100026,5370.81,5370.81,H,2024-01-20,2024-03-03
3000,1900001015,2025,002,40,430000,,5370.81,5370.81,S,2024-01-20,2024-03-03
3000,1900001016,2025,001,31,200000,100050,21539.36,21539.36,H,2025-03-22,
3000,1900001016,2025,002,40,440000,,21539.36,21539.36,S,2025-03-22,
2000,1900001017,2024,001,31,200000,100027,2439.12,2439.12,H,2025-07-19,2025-09-07
2000,1900001017,2024,002,40,410000,,2439.12,2439.12,S,2025-07-19,2025-09-07
3000,1900001018,2025,001,31,200000,100032,21206.84,21206.84,H,2024-07-01,2024-08-08
3000,1900001018,2025,002,40,400000,,21206.84,21206.84,S,2024-07-01,2024-08-08
3000,1900001019,2024,001,31,200000,100052,4061.11,4061.11,H,2024-04-23,2024-05-10
3000,1900001019,2024,002,40,440000,,4061.11,4061.11,S,2024-04-23,2024-05-10
3000,1900001020,2025,001,31,200000,100014,2578.03,2578.03,H,2025-08-29,
3000,1900001020,2025,002,40,420000,,2578.03,2578.03,S,2025-08-29,
2000,1900001021,2025,001,31,200000,100026,20377.31,20377.31,H,2024-08-28,2024-09-09
2000,1900001021,2025,002,40,450000,,20377.31,20377.31,S,2024-08-28,2024-09-09
2000,1900001022,2025,001,31,200000,100058,10931.29,10931.29,H,2025-03-23,2025-04-16
2000,1900001022,2025,002,40,430000,,10931.29,10931.29,S,2025-03-23,2025-04-16
1000,1900001023,2025,001,31,200000,100047,14029.09,14029.09,H,2024-10-25,
1000,1900001023,2025,002,40,470000,,14029.09,14029.09,S,2024-10-25,
1000,1900001024,2025,001,31,200000,100037,22151.46,22151.46,H,2025-11-28,
1000,1900001024,2025,002,40,420000,,22151.46,22151.46,S,2025-11-28,
2000,1900001025,2025,001,31,200000,100050,11956.31,11956.31,H,2025-01-30,2025-03-15
2000,1900001025,2025,002,40,480000,,11956.31,11956.31,S,2025-01-30,2025-03-15
2000,1900001026,2025,001,31,200000,100010,6242.28,6242.28,H,2024-02-29,2024-03-27
2000,1900001026,2025,002,40,470000,,6242.28,6242.28,S,2024-02-29,2024-03-27
3000,1900001027,2025,001,31,200000,100047,24887.0,24887.0,H,2025-12-01,2025-12-15
3000,1900001027,2025,002,40,460000,,24887.0,24887.0,S,2025-12-01,2025-12-15
1000,1900001028,2024,001,31,200000,100028,5107.12,5107.12,H,2024-12-05,2024-12-28
1000,1900001028,2024,002,40,440000,,5107.12,5107.12,S,2024-12-05,2024-12-28
3000,1900001029,2025,001,31,200000,100010,16954.22,16954.22,H,2025-10-12,2025-11-17
3000,1900001029,2025,002,40,470000,,16954.22,16954.22,S,2025-10-12,2025-11-17
1000,1900001030,2024,001,31,200000,100038,11641.9,11641.9,H,2025-07-30,2025-09-03
1000,1900001030,2024,002,40,480000,,11641.9,11641.9,S,2025-07-30,2025-09-03
2000,1900001031,2025,001,31,200000,100027,21543.24,21543.24,H,2025-08-08,
2000,1900001031,2025,002,40,420000,,21543.24,21543.24,S,2025-08-08,
3000,1900001032,2025,001,31,200000,100024,4310.39,4310.39,H,2025-03-25,2025-05-01
3000,1900001032,2025,002,40,470000,,4310.39,4310.39,S,2025-03-25,2025-05-01
3000,1900001033,2025,001,31,200000,100044,1489.83,1489.83,H,2025-09-23,
3000,1900001033,2025,002,40,460000,,1489.83,1489.83,S,2025-09-23,
1000,1900001034,2025,001,31,200000,100004,9553.43,9553.43,H,2024-06-22,2024-08-14
1000,1900001034,2025,002,40,450000,,9553.43,9553.43,S,2024-06-22,2024-08-14
2000,1900001035,2025,001,31,200000,100034,18642.66,18642.66,H,2024-10-15,2024-10-29
2000,1900001035,2025,002,40,480000,,18642.66,18642.66,S,2024-10-15,2024-10-29
2000,1900001036,2024,001,31,200000,100054,6744.04,6744.04,H,2024-10-19,2024-10-25
2000,1900001036,2024,002,40,470000,,6744.04,6744.04,S,2024-10-19,2024-10-25
1000,1900001037,2024,001,31,200000,100046,14959.52,14959.52,H,2024-03-12,2024-04-17
1000,1900001037,2024,002,40,430000,,14959.52,14959.52,S,2024-03-12,2024-04-17
1000,1900001038,2024,001,31,200000,100058,9237.44,9237.44,H,2024-07-06,2024-07-23
1000,1900001038,2024,002,40,440000,,9237.44,9237.44,S,2024-07-06,2024-07-23
1000,1900001039,2024,001,31,200000,100047,943.11,943.11,H,2025-01-03,2025-02-24
1000,1900001039,2024,002,40,430000,,943.11,943.11,S,2025-01-03,2025-02-24
1000,1900001040,2024,001,31,200000,100036,22080.03,22080.03,H,2024-03-22,2024-05-31
1000,1900001040,2024,002,40,440000,,22080.03,22080.03,S,2024-03-22,2024-05-31
3000,1900001041,2024,001,31,200000,100043,20352.79,20352.79,H,2024-08-18,2024-08-28
3000,1900001041,2024,002,40,410000,,20352.79,20352.79,S,2024-08-18,2024-08-28
3000,1900001042,2025,001,31,200000,100008,4925.84,4925.84,H,2024-10-12,2024-12-13
3000,1900001042,2025,002,40,450000,,4925.84,4925.84,S,2024-10-12,2024-12-13
1000,1900001043,2025,001,31,200000,100036,368.93,368.93,H,2025-05-27,2025-07-27
1000,1900001043,2025,002,40,430000,,368.93,368.93,S,2025-05-27,2025-07-27
2000,1900001044,2024,001,31,200000,100024,20319.86,20319.86,H,2025-09-04,2025-09-19
2000,1900001044,2024,002,40,400000,,20319.86,20319.86,S,2025-09-04,2025-09-19
2000,1900001045,2025,001,31,200000,100017,4460.76,4460.76,H,2024-10-27,
2000,1900001045,2025,002,40,480000,,4460.76,4460.76,S,2024-10-27,
2000,1900001046,2025,001,31,200000,100040,16996.23,16996.23,H,2024-06-17,
2000,1900001046,2025,002,40,400000,,16996.23,16996.23,S,2024-06-17,
3000,1900001047,2024,001,31,200000,100029,8499.06,8499.06,H,2025-06-23,2025-08-21
3000,1900001047,2024,002,40,460000,,8499.06,8499.06,S,2025-06-23,2025-08-21
3000,1900001048,2024,001,31,200000,100034,21408.28,21408.28,H,2025-10-29,2025-12-07
3000,1900001048,2024,002,40,430000,,21408.28,21408.28,S,2025-10-29,2025-12-07
1000,1900001049,2025,001,31,200000,100019,20751.04,20751.04,H,2024-02-14,
1000,1900001049,2025,002,40,480000,,20751.04,20751.04,S,2024-02-14,
1000,1900001050,2025,001,31,200000,100007,8606.25,8606.25,H,2024-02-05,
1000,1900001050,2025,002,40,450000,,8606.25,8606.25,S,2024-02-05,
1000,1900001051,2024,001,31,200000,100047,2990.14,2990.14,H,2024-03-17,2024-05-13
1000,1900001051,2024,002,40,400000,,2990.14,2990.14,S,2024-03-17,2024-05-13
2000,1900001052,2025,001,31,200000,100005,15090.55,15090.55,H,2025-05-11,
2000,1900001052,2025,002,40,440000,,15090.55,15090.55,S,2025-05-11,
3000,1900001053,2025,001,31,200000,100050,15252.4,15252.4,H,2025-05-24,2025-07-09
3000,1900001053,2025,002,40,440000,,15252.4,15252.4,S,2025-05-24,2025-07-09
1000,1900001054,2025,001,31,200000,100056,3911.79,3911.79,H,2024-12-09,2024-12-15
1000,1900001054,2025,002,40,440000,,3911.79,3911.79,S,2024-12-09,2024-12-15
1000,1900001055,2024,001,31,200000,100051,18976.62,18976.62,H,2025-02-16,2025-03-26
1000,1900001055,2024,002,40,480000,,18976.62,18976.62,S,2025-02-16,2025-03-26
1000,1900001056,2025,001,31,200000,100036,21347.8,21347.8,H,2025-05-20,2025-06-14
1000,1900001056,2025,002,40,470000,,21347.8,21347.8,S,2025-05-20,2025-06-14
1000,1900001057,2024,001,31,200000,100021,14131.57,14131.57,H,2024-04-30,2024-05-17
1000,1900001057,2024,002,40,460000,,14131.57,14131.57,S,2024-04-30,2024-05-17
1000,1900001058,2024,001,31,200000,100047,23691.81,23691.81,H,2025-07-23,2025-09-08
1000,1900001058,2024,002,40,450000,,23691.81,23691.81,S,2025-07-23,2025-09-08
2000,1900001059,2024,001,31,200000,100002,10157.04,10157.04,H,2025-07-25,2025-09-16
2000,1900001059,2024,002,40,450000,,10157.04,10157.04,S,2025-07-25,2025-09-16
1000,1900001060,2024,001,31,200000,100019,7384.36,7384.36,H,2024-10-09,2024-11-18
1000,1900001060,2024,002,40,420000,,7384.36,7384.36,S,2024-10-09,2024-11-18
1000,1900001061,2025,001,31,200000,100046,18768.25,18768.25,H,2024-09-24,2024-10-01
1000,1900001061,2025,002,40,480000,,18768.25,18768.25,S,2024-09-24,2024-10-01
1000,1900001062,2024,001,31,200000,100026,1806.98,1806.98,H,2024-12-20,2025-01-23
1000,1900001062,2024,002,40,470000,,1806.98,1806.98,S,2024-12-20,2025-01-23
2000,1900001063,2025,001,31,200000,100016,10385.53,10385.53,H,2025-03-02,
2000,1900001063,2025,002,40,470000,,10385.53,10385.53,S,2025-03-02,
2000,1900001064,2024,001,31,200000,100046,10392.32,10392.32,H,2024-09-17,2024-11-25
2000,1900001064,2024,002,40,410000,,10392.32,10392.32,S,2024-09-17,2024-11-25
2000,1900001065,2024,001,31,200000,100029,24401.1,24401.1,H,2024-01-09,2024-01-24
2000,1900001065,2024,002,40,470000,,24401.1,24401.1,S,2024-01-09,2024-01-24
1000,1900001066,2024,001,31,200000,100029,2129.66,2129.66,H,2025-03-19,
1000,1900001066,2024,002,40,460000,,2129.66,2129.66,S,2025-03-19,
1000,1900001067,2025,001,31,200000,100018,23310.77,23310.77,H,2024-06-11,2024-08-14
1000,1900001067,2025,002,40,460000,,23310.77,23310.77,S,2024-06-11,2024-08-14
1000,1900001068,2025,001,31,200000,100009,7959.65,7959.65,H,2025-11-30,
1000,1900001068,2025,002,40,470000,,7959.65,7959.65,S,2025-11-30,
1000,1900001069,2024,001,31,200000,100015,19954.04,19954.04,H,2024-02-08,2024-02-23
1000,1900001069,2024,002,40,470000,,19954.04,19954.04,S,2024-02-08,2024-02-23
1000,1900001070,2025,001,31,200000,100047,18616.19,18616.19,H,2024-04-28,2024-05-03
1000,1900001070,2025,002,40,470000,,18616.19,18616.19,S,2024-04-28,2024-05-03
2000,1900001071,2024,001,31,200000,100006,12771.21,12771.21,H,2024-09-14,2024-11-04
2000,1900001071,2024,002,40,470000,,12771.21,12771.21,S,2024-09-14,2024-11-04
2000,1900001072,2024,001,31,200000,100001,23040.23,23040.23,H,2025-10-05,2025-10-15
2000,1900001072,2024,002,40,460000,,23040.23,23040.23,S,2025-10-05,2025-10-15
3000,1900001073,2024,001,31,200000,100021,15181.98,15181.98,H,2025-12-05,
3000,1900001073,2024,002,40,420000,,15181.98,15181.98,S,2025-12-05,
3000,1900001074,2025,001,31,200000,100008,21630.54,21630.54,H,2024-11-06,
3000,1900001074,2025,002,40,400000,,21630.54,21630.54,S,2024-11-06,
1000,1900001075,2025,001,31,200000,100006,9187.03,9187.03,H,2024-06-03,2024-06-30
1000,1900001075,2025,002,40,450000,,9187.03,9187.03,S,2024-06-03,2024-06-30
1000,1900001076,2024,001,31,200000,100019,10686.05,10686.05,H,2024-08-16,2024-09-25
1000,1900001076,2024,002,40,400000,,10686.05,10686.05,S,2024-08-16,2024-09-25
3000,1900001077,2025,001,31,200000,100030,4430.33,4430.33,H,2025-08-13,2025-10-01
3000,1900001077,2025,002,40,440000,,4430.33,4430.33,S,2025-08-13,2025-10-01
2000,1900001078,2024,001,31,200000,100018,21980.76,21980.76,H,2025-04-26,2025-05-04
2000,1900001078,2024,002,40,410000,,21980.76,21980.76,S,2025-04-26,2025-05-04
3000,1900001079,2025,001,31,200000,100022,18932.48,18932.48,H,2024-06-20,2024-07-02
3000,1900001079,2025,002,40,480000,,18932.48,18932.48,S,2024-06-20,2024-07-02
1000,1900001080,2024,001,31,200000,100046,13584.98,13584.98,H,2024-01-19,
1000,1900001080,2024,002,40,470000,,13584.98,13584.98,S,2024-01-19,
1000,1900001081,2025,001,31,200000,100014,21899.87,21899.87,H,2024-03-15,
1000,1900001081,2025,002,40,400000,,21899.87,21899.87,S,2024-03-15,
1000,1900001082,2025,001,31,200000,100041,1744.26,1744.26,H,2024-09-06,2024-10-24
1000,1900001082,2025,002,40,450000,,1744.26,1744.26,S,2024-09-06,2024-10-24
3000,1900001083,2025,001,31,200000,100035,3256.59,3256.59,H,2024-04-20,2024-06-12
3000,1900001083,2025,002,40,410000,,3256.59,3256.59,S,2024-04-20,2024-06-12
3000,1900001084,2025,001,31,200000,100007,10265.56,10265.56,H,2024-06-08,2024-07-27
3000,1900001084,2025,002,40,480000,,10265.56,10265.56,S,2024-06-08,2024-07-27
2000,1900001085,2024,001,31,200000,100025,21425.84,21425.84,H,2024-07-19,
2000,1900001085,2024,002,40,450000,,21425.84,21425.84,S,2024-07-19,
2000,1900001086,2025,001,31,200000,100050,12306.78,12306.78,H,2025-01-23,2025-02-04
2000,1900001086,2025,002,40,420000,,12306.78,12306.78,S,2025-01-23,2025-02-04
3000,1900001087,2024,001,31,200000,100050,1340.81,1340.81,H,2024-10-11,2024-10-18
3000,1900001087,2024,002,40,460000,,1340.81,1340.81,S,2024-10-11,2024-10-18
3000,1900001088,2024,001,31,200000,100039,14066.91,14066.91,H,2025-09-22,2025-10-23
3000,1900001088,2024,002,40,480000,,14066.91,14066.91,S,2025-09-22,2025-10-23
2000,1900001089,2025,001,31,200000,100019,15972.78,15972.78,H,2025-07-03,
2000,1900001089,2025,002,40,410000,,15972.78,15972.78,S,2025-07-03,
3000,1900001090,2024,001,31,200000,100046,310.75,310.75,H,2024-02-27,2024-04-09
3000,1900001090,2024,002,40,480000,,310.75,310.75,S,2024-02-27,2024-04-09
3000,1900001091,2025,001,31,200000,100031,18930.11,18930.11,H,2024-09-08,2024-10-12
3000,1900001091,2025,002,40,400000,,18930.11,18930.11,S,2024-09-08,2024-10-12
1000,1900001092,2024,001,31,200000,100028,5783.6,5783.6,H,2025-03-16,2025-05-13
1000,1900001092,2024,002,40,400000,,5783.6,5783.6,S,2025-03-16,2025-05-13
2000,1900001093,2025,001,31,200000,100055,12513.18,12513.18,H,2025-12-19,
2000,1900001093,2025,002,40,440000,,12513.18,12513.18,S,2025-12-19,
1000,1900001094,2025,001,31,200000,100059,11863.7,11863.7,H,2025-12-01,2025-12-06
1000,1900001094,2025,002,40,440000,,11863.7,11863.7,S,2025-12-01,2025-12-06
3000,1900001095,2024,001,31,200000,100057,15959.22,15959.22,H,2025-09-17,2025-10-23
3000,1900001095,2024,002,40,400000,,15959.22,15959.22,S,2025-09-17,2025-10-23
2000,1900001096,2024,001,31,200000,100003,16440.37,16440.37,H,2024-05-12,2024-06-06
2000,1900001096,2024,002,40,470000,,16440.37,16440.37,S,2024-05-12,2024-06-06
2000,1900001097,2024,001,31,200000,100035,308.7,308.7,H,2024-04-27,2024-05-08
2000,1900001097,2024,002,40,450000,,308.7,308.7,S,2024-04-27,2024-05-08
2000,1900001098,2025,001,31,200000,100014,22396.58,22396.58,H,2024-02-21,2024-04-07
2000,1900001098,2025,002,40,470000,,22396.58,22396.58,S,2024-02-21,2024-04-07
1000,1900001099,2024,001,31,200000,100010,12796.98,12796.98,H,2024-08-06,
1000,1900001099,2024,002,40,440000,,12796.98,12796.98,S,2024-08-06,
3000,1900001100,2024,001,31,200000,100029,4165.86,4165.86,H,2024-01-28,
3000,1900001100,2024,002,40,450000,,4165.86,4165.86,S,2024-01-28,
3000,1900001101,2024,001,31,200000,100016,8005.4,8005.4,H,2024-06-18,
3000,1900001101,2024,002,40,450000,,8005.4,8005.4,S,2024-06-18,
1000,1900001102,2024,001,31,200000,100007,2009.56,2009.56,H,2025-07-05,2025-07-17
1000,1900001102,2024,002,40,410000,,2009.56,2009.56,S,2025-07-05,2025-07-17
2000,1900001103,2024,001,31,200000,100016,2199.39,2199.39,H,2024-09-18,2024-11-27
2000,1900001103,2024,002,40,470000,,2199.39,2199.39,S,2024-09-18,2024-11-27
1000,1900001104,2025,001,31,200000,100000,18044.94,18044.94,H,2024-12-19,
1000,1900001104,2025,002,40,410000,,18044.94,18044.94,S,2024-12-19,
2000,1900001105,2025,001,31,200000,100025,12919.47,12919.47,H,2024-09-30,2024-10-16
2000,1900001105,2025,002,40,440000,,12919.47,12919.47,S,2024-09-30,2024-10-16
2000,1900001106,2024,001,31,200000,100032,12416.81,12416.81,H,2025-12-31,2026-01-10
2000,1900001106,2024,002,40,440000,,12416.81,12416.81,S,2025-12-31,2026-01-10
1000,1900001107,2025,001,31,200000,100041,10809.95,10809.95,H,2024-03-12,2024-04-13
1000,1900001107,2025,002,40,430000,,10809.95,10809.95,S,2024-03-12,2024-04-13
1000,1900001108,2025,001,31,200000,100025,17563.9,17563.9,H,2025-05-02,
1000,1900001108,2025,002,40,460000,,17563.9,17563.9,S,2025-05-02,
2000,1900001109,2025,001,31,200000,100033,11312.22,11312.22,H,2025-08-22,2025-09-21
2000,1900001109,2025,002,40,400000,,11312.22,11312.22,S,2025-08-22,2025-09-21
1000,1900001110,2025,001,31,200000,100045,4618.55,4618.55,H,2025-11-23,
1000,1900001110,2025,002,40,400000,,4618.55,4618.55,S,2025-11-23,
2000,1900001111,2025,001,31,200000,100054,5127.63,5127.63,H,2025-01-13,2025-03-15
2000,1900001111,2025,002,40,410000,,5127.63,5127.63,S,2025-01-13,2025-03-15
2000,1900001112,2024,001,31,200000,100009,12034.1,12034.1,H,2024-05-07,2024-06-19
2000,1900001112,2024,002,40,410000,,12034.1,12034.1,S,2024-05-07,2024-06-19
3000,1900001113,2025,001,31,200000,100044,14273.81,14273.81,H,2025-07-02,2025-08-25
3000,1900001113,2025,002,40,440000,,14273.81,14273.81,S,2025-07-02,2025-08-25
3000,1900001114,2024,001,31,200000,100000,24204.44,24204.44,H,2024-11-01,
3000,1900001114,2024,002,40,430000,,24204.44,24204.44,S,2024-11-01,
1000,1900001115,2025,001,31,200000,100022,24232.48,24232.48,H,2024-11-23,2025-01-02
1000,1900001115,2025,002,40,450000,,24232.48,24232.48,S,2024-11-23,2025-01-02
3000,1900001116,2024,001,31,200000,100030,986.84,986.84,H,2024-05-02,2024-06-16
3000,1900001116,2024,002,40,410000,,986.84,986.84,S,2024-05-02,2024-06-16
1000,1900001117,2024,001,31,200000,100000,19786.39,19786.39,H,2025-12-20,2026-01-07
1000,1900001117,2024,002,40,480000,,19786.39,19786.39,S,2025-12-20,2026-01-07
2000,1900001118,2025,001,31,200000,100037,21959.71,21959.71,H,2025-08-18,2025-09-22
2000,1900001118,2025,002,40,400000,,21959.71,21959.71,S,2025-08-18,2025-09-22
1000,1900001119,2024,001,31,200000,100050,20299.15,20299.15,H,2024-10-15,
1000,1900001119,2024,002,40,430000,,20299.15,20299.15,S,2024-10-15,
2000,1900001120,2025,001,31,200000,100058,2770.39,2770.39,H,2025-10-09,2025-10-14
2000,1900001120,2025,002,40,420000,,2770.39,2770.39,S,2025-10-09,2025-10-14
1000,1900001121,2024,001,31,200000,100046,4008.28,4008.28,H,2026-01-05,
1000,1900001121,2024,002,40,400000,,4008.28,4008.28,S,2026-01-05,
2000,1900001122,2025,001,31,200000,100001,22939.29,22939.29,H,2024-09-12,2024-11-10
2000,1900001122,2025,002,40,480000,,22939.29,22939.29,S,2024-09-12,2024-11-10
2000,1900001123,2024,001,31,200000,100018,3990.23,3990.23,H,2025-05-31,
2000,1900001123,2024,002,40,420000,,3990.23,3990.23,S,2025-05-31,
2000,1900001124,2024,001,31,200000,100059,10577.93,10577.93,H,2025-06-06,2025-08-02
2000,1900001124,2024,002,40,480000,,10577.93,10577.93,S,2025-06-06,2025-08-02
3000,1900001125,2024,001,31,200000,100036,13341.91,13341.91,H,2025-05-13,2025-06-05
3000,1900001125,2024,002,40,430000,,13341.91,13341.91,S,2025-05-13,2025-06-05
3000,1900001126,2025,001,31,200000,100048,11617.77,11617.77,H,2024-02-18,
3000,1900001126,2025,002,40,480000,,11617.77,11617.77,S,2024-02-18,
2000,1900001127,2024,001,31,200000,100059,15846.44,15846.44,H,2025-05-26,2025-06-12
2000,1900001127,2024,002,40,480000,,15846.44,15846.44,S,2025-05-26,2025-06-12
2000,1900001128,2025,001,31,200000,100059,278.89,278.89,H,2024-05-21,2024-07-17
2000,1900001128,2025,002,40,430000,,278.89,278.89,S,2024-05-21,2024-07-17
1000,1900001129,2024,001,31,200000,100005,12736.06,12736.06,H,2025-12-04,2026-02-01
1000,1900001129,2024,002,40,480000,,12736.06,12736.06,S,2025-12-04,2026-02-01
1000,1900001130,2025,001,31,200000,100050,9584.36,9584.36,H,2024-01-12,2024-03-08
1000,1900001130,2025,002,40,480000,,9584.36,9584.36,S,2024-01-12,2024-03-08
2000,1900001131,2025,001,31,200000,100048,12261.32,12261.32,H,2024-03-06,
2000,1900001131,2025,002,40,420000,,12261.32,12261.32,S,2024-03-06,
3000,1900001132,2024,001,31,200000,100043,9560.33,9560.33,H,2025-11-21,2025-11-28
3000,1900001132,2024,002,40,460000,,9560.33,9560.33,S,2025-11-21,2025-11-28
2000,1900001133,2025,001,31,200000,100019,15000.21,15000.21,H,2025-11-27,
2000,1900001133,2025,002,40,440000,,15000.21,15000.21,S,2025-11-27,
1000,1900001134,2025,001,31,200000,100046,24836.42,24836.42,H,2025-09-19,2025-10-21
1000,1900001134,2025,002,40,410000,,24836.42,24836.42,S,2025-09-19,2025-10-21
2000,1900001135,2025,001,31,200000,100030,6757.21,6757.21,H,2025-06-28,2025-08-16
2000,1900001135,2025,002,40,440000,,6757.21,6757.21,S,2025-06-28,2025-08-16
2000,1900001136,2025,001,31,200000,100000,14423.18,14423.18,H,2025-04-15,2025-05-24
2000,1900001136,2025,002,40,480000,,14423.18,14423.18,S,2025-04-15,2025-05-24
2000,1900001137,2024,001,31,200000,100016,13571.82,13571.82,H,2025-03-04,2025-05-06
2000,1900001137,2024,002,40,420000,,13571.82,13571.82,S,2025-03-04,2025-05-06
2000,1900001138,2024,001,31,200000,100028,1942.06,1942.06,H,2024-04-13,2024-04-21
2000,1900001138,2024,002,40,460000,,1942.06,1942.06,S,2024-04-13,2024-04-21
2000,1900001139,2024,001,31,200000,100041,1591.59,1591.59,H,2025-03-02,2025-05-06
2000,1900001139,2024,002,40,440000,,1591.59,1591.59,S,2025-03-02,2025-05-06
2000,1900001140,2025,001,31,200000,100048,18175.02,18175.02,H,2025-06-30,
2000,1900001140,2025,002,40,430000,,18175.02,18175.02,S,2025-06-30,
1000,1900001141,2025,001,31,200000,100020,17709.76,17709.76,H,2025-10-21,2025-12-21
1000,1900001141,2025,002,40,410000,,17709.76,17709.76,S,2025-10-21,2025-12-21
1000,1900001142,2024,001,31,200000,100018,12512.99,12512.99,H,2025-06-26,
1000,1900001142,2024,002,40,410000,,12512.99,12512.99,S,2025-06-26,
2000,1900001143,2025,001,31,200000,100034,13604.71,13604.71,H,2024-11-26,2024-12-31
2000,1900001143,2025,002,40,470000,,13604.71,13604.71,S,2024-11-26,2024-12-31
3000,1900001144,2025,001,31,200000,100037,24332.19,24332.19,H,2024-10-18,
3000,1900001144,2025,002,40,470000,,24332.19,24332.19,S,2024-10-18,
1000,1900001145,2024,001,31,200000,100053,12115.75,12115.75,H,2024-05-22,2024-06-28
1000,1900001145,2024,002,40,430000,,12115.75,12115.75,S,2024-05-22,2024-06-28
3000,1900001146,2025,001,31,200000,100047,4144.44,4144.44,H,2025-05-27,
3000,1900001146,2025,002,40,400000,,4144.44,4144.44,S,2025-05-27,
2000,1900001147,2025,001,31,200000,100047,10330.86,10330.86,H,2025-09-26,
2000,1900001147,2025,002,40,480000,,10330.86,10330.86,S,2025-09-26,
2000,1900001148,2025,001,31,200000,100057,7001.2,7001.2,H,2025-03-31,2025-05-07
2000,1900001148,2025,002,40,400000,,7001.2,7001.2,S,2025-03-31,2025-05-07
3000,1900001149,2024,001,31,200000,100005,7498.7,7498.7,H,2025-03-31,2025-04-22
3000,1900001149,2024,002,40,410000,,7498.7,7498.7,S,2025-03-31,2025-04-22
2000,1900001150,2025,001,31,200000,100046,16622.66,16622.66,H,2025-05-16,2025-07-03
2000,1900001150,2025,002,40,420000,,16622.66,16622.66,S,2025-05-16,2025-07-03
1000,1900001151,2025,001,31,200000,100026,3912.29,3912.29,H,2025-11-12,
1000,1900001151,2025,002,40,460000,,3912.29,3912.29,S,2025-11-12,
1000,1900001152,2024,001,31,200000,100054,14399.33,14399.33,H,2025-09-17,
1000,1900001152,2024,002,40,470000,,14399.33,14399.33,S,2025-09-17,
2000,1900001153,2024,001,31,200000,100037,15474.12,15474.12,H,2025-03-09,
2000,1900001153,2024,002,40,400000,,15474.12,15474.12,S,2025-03-09,
3000,1900001154,2024,001,31,200000,100000,5846.08,5846.08,H,2024-09-23,
3000,1900001154,2024,002,40,430000,,5846.08,5846.08,S,2024-09-23,
1000,1900001155,2024,001,31,200000,100049,5622.05,5622.05,H,2025-07-08,
1000,1900001155,2024,002,40,420000,,5622.05,5622.05,S,2025-07-08,
1000,1900001156,2024,001,31,200000,100023,18815.48,18815.48,H,2025-07-08,2025-07-30
1000,1900001156,2024,002,40,420000,,18815.48,18815.48,S,2025-07-08,2025-07-30
1000,1900001157,2025,001,31,200000,100055,16299.75,16299.75,H,2024-09-18,2024-10-16
1000,1900001157,2025,002,40,460000,,16299.75,16299.75,S,2024-09-18,2024-10-16
2000,1900001158,2024,001,31,200000,100016,5821.05,5821.05,H,2024-03-29,2024-06-05
2000,1900001158,2024,002,40,440000,,5821.05,5821.05,S,2024-03-29,2024-06-05
3000,1900001159,2025,001,31,200000,100035,5179.13,5179.13,H,2025-07-28,2025-08-12
3000,1900001159,2025,002,40,440000,,5179.13,5179.13,S,2025-07-28,2025-08-12
3000,1900001160,2025,001,31,200000,100009,3812.33,3812.33,H,2024-06-16,
3000,1900001160,2025,002,40,450000,,3812.33,3812.33,S,2024-06-16,
2000,1900001161,2025,001,31,200000,100025,18297.68,18297.68,H,2024-02-02,
2000,1900001161,2025,002,40,460000,,18297.68,18297.68,S,2024-02-02,
2000,1900001162,2025,001,31,200000,100038,20733.31,20733.31,H,2025-02-08,2025-04-09
2000,1900001162,2025,002,40,410000,,20733.31,20733.31,S,2025-02-08,2025-04-09
1000,1900001163,2025,001,31,200000,100022,22695.45,22695.45,H,2024-02-11,
1000,1900001163,2025,002,40,400000,,22695.45,22695.45,S,2024-02-11,
1000,1900001164,2024,001,31,200000,100058,20896.37,20896.37,H,2025-02-07,2025-03-25
1000,1900001164,2024,002,40,440000,,20896.37,20896.37,S,2025-02-07,2025-03-25
1000,1900001165,2025,001,31,200000,100057,1556.03,1556.03,H,2024-09-11,2024-10-20
1000,1900001165,2025,002,40,460000,,1556.03,1556.03,S,2024-09-11,2024-10-20
1000,1900001166,2025,001,31,200000,100034,7593.27,7593.27,H,2025-05-22,2025-06-16
1000,1900001166,2025,002,40,400000,,7593.27,7593.27,S,2025-05-22,2025-06-16
3000,1900001167,2025,001,31,200000,100008,3437.24,3437.24,H,2024-07-09,2024-09-16
3000,1900001167,2025,002,40,470000,,3437.24,3437.24,S,2024-07-09,2024-09-16
1000,1900001168,2025,001,31,200000,100006,12577.06,12577.06,H,2024-07-21,2024-08-15
1000,1900001168,2025,002,40,410000,,12577.06,12577.06,S,2024-07-21,2024-08-15
2000,1900001169,2025,001,31,200000,100029,14324.85,14324.85,H,2025-01-20,
2000,1900001169,2025,002,40,470000,,14324.85,14324.85,S,2025-01-20,
3000,1900001170,2025,001,31,200000,100053,10219.61,10219.61,H,2025-12-01,2025-12-21
3000,1900001170,2025,002,40,470000,,10219.61,10219.61,S,2025-12-01,2025-12-21
3000,1900001171,2024,001,31,200000,100040,16055.39,16055.39,H,2024-09-15,2024-09-22
3000,1900001171,2024,002,40,460000,,16055.39,16055.39,S,2024-09-15,2024-09-22
2000,1900001172,2024,001,31,200000,100021,22722.26,22722.26,H,2025-04-17,
2000,1900001172,2024,002,40,440000,,22722.26,22722.26,S,2025-04-17,
3000,1900001173,2025,001,31,200000,100009,10464.66,10464.66,H,2024-11-14,
3000,1900001173,2025,002,40,460000,,10464.66,10464.66,S,2024-11-14,
1000,1900001174,2025,001,31,200000,100045,21214.7,21214.7,H,2024-12-30,2025-02-09
1000,1900001174,2025,002,40,470000,,21214.7,21214.7,S,2024-12-30,2025-02-09
1000,1900001175,2024,001,31,200000,100001,2226.0,2226.0,H,2024-09-26,2024-10-21
1000,1900001175,2024,002,40,480000,,2226.0,2226.0,S,2024-09-26,2024-10-21
2000,1900001176,2025,001,31,200000,100023,17982.81,17982.81,H,2024-12-27,2025-03-05
2000,1900001176,2025,002,40,450000,,17982.81,17982.81,S,2024-12-27,2025-03-05
2000,1900001177,2025,001,31,200000,100027,23091.36,23091.36,H,2025-07-31,2025-08-28
2000,1900001177,2025,002,40,400000,,23091.36,23091.36,S,2025-07-31,2025-08-28
1000,1900001178,2025,001,31,200000,100058,22063.77,22063.77,H,2025-11-22,
1000,1900001178,2025,002,40,480000,,22063.77,22063.77,S,2025-11-22,
2000,1900001179,2025,001,31,200000,100003,1433.4,1433.4,H,2024-06-18,2024-08-13
2000,1900001179,2025,002,40,440000,,1433.4,1433.4,S,2024-06-18,2024-08-13
3000,1900001180,2024,001,31,200000,100042,15754.02,15754.02,H,2025-11-06,2026-01-13
3000,1900001180,2024,002,40,470000,,15754.02,15754.02,S,2025-11-06,2026-01-13
1000,1900001181,2024,001,31,200000,100004,5836.13,5836.13,H,2025-10-22,2025-11-14
1000,1900001181,2024,002,40,440000,,5836.13,5836.13,S,2025-10-22,2025-11-14
3000,1900001182,2025,001,31,200000,100015,23727.76,23727.76,H,2025-06-24,2025-08-04
3000,1900001182,2025,002,40,400000,,23727.76,23727.76,S,2025-06-24,2025-08-04
1000,1900001183,2025,001,31,200000,100054,3411.07,3411.07,H,2025-05-01,2025-06-25
1000,1900001183,2025,002,40,440000,,3411.07,3411.07,S,2025-05-01,2025-06-25
1000,1900001184,2025,001,31,200000,100021,20175.67,20175.67,H,2024-06-07,
1000,1900001184,2025,002,40,440000,,20175.67,20175.67,S,2024-06-07,
3000,1900001185,2025,001,31,200000,100045,11376.92,11376.92,H,2024-01-14,2024-01-28
3000,1900001185,2025,002,40,400000,,11376.92,11376.92,S,2024-01-14,2024-01-28
3000,1900001186,2025,001,31,200000,100033,7431.06,7431.06,H,2025-04-01,2025-06-10
3000,1900001186,2025,002,40,420000,,7431.06,7431.06,S,2025-04-01,2025-06-10
2000,1900001187,2025,001,31,200000,100050,15974.16,15974.16,H,2024-03-11,
2000,1900001187,2025,002,40,420000,,15974.16,15974.16,S,2024-03-11,
3000,1900001188,2024,001,31,200000,100038,8846.61,8846.61,H,2025-01-03,2025-01-14
3000,1900001188,2024,002,40,420000,,8846.61,8846.61,S,2025-01-03,2025-01-14
3000,1900001189,2025,001,31,200000,100055,8691.21,8691.21,H,2024-03-14,2024-03-30
3000,1900001189,2025,002,40,450000,,8691.21,8691.21,S,2024-03-14,2024-03-30
3000,1900001190,2025,001,31,200000,100034,6673.85,6673.85,H,2025-06-30,
3000,1900001190,2025,002,40,450000,,6673.85,6673.85,S,2025-06-30,
3000,1900001191,2024,001,31,200000,100042,3855.2,3855.2,H,2024-05-04,2024-06-14
3000,1900001191,2024,002,40,430000,,3855.2,3855.2,S,2024-05-04,2024-06-14
2000,1900001192,2024,001,31,200000,100030,21755.33,21755.33,H,2024-03-03,2024-05-12
2000,1900001192,2024,002,40,400000,,21755.33,21755.33,S,2024-03-03,2024-05-12
2000,1900001193,2025,001,31,200000,100001,23511.74,23511.74,H,2024-08-09,
2000,1900001193,2025,002,40,450000,,23511.74,23511.74,S,2024-08-09,
3000,1900001194,2025,001,31,200000,100036,23337.33,23337.33,H,2024-09-03,2024-10-12
3000,1900001194,2025,002,40,450000,,23337.33,23337.33,S,2024-09-03,2024-10-12
2000,1900001195,2024,001,31,200000,100002,24921.02,24921.02,H,2025-04-29,2025-05-19
2000,1900001195,2024,002,40,420000,,24921.02,24921.02,S,2025-04-29,2025-05-19
1000,1900001196,2024,001,31,200000,100017,19894.87,19894.87,H,2025-10-14,
1000,1900001196,2024,002,40,440000,,19894.87,19894.87,S,2025-10-14,
1000,1900001197,2024,001,31,200000,100020,2152.47,2152.47,H,2025-11-10,
1000,1900001197,2024,002,40,470000,,2152.47,2152.47,S,2025-11-10,
3000,1900001198,2025,001,31,200000,100010,19226.93,19226.93,H,2025-08-21,2025-10-23
3000,1900001198,2025,002,40,400000,,19226.93,19226.93,S,2025-08-21,2025-10-23
1000,1900001199,2024,001,31,200000,100037,823.43,823.43,H,2024-02-01,2024-02-08
1000,1900001199,2024,002,40,460000,,823.43,823.43,S,2024-02-01,2024-02-08
1000,1900001200,2024,001,31,200000,100056,4800.46,4800.46,H,2025-11-16,2025-12-23
1000,1900001200,2024,002,40,430000,,4800.46,4800.46,S,2025-11-16,2025-12-23
1000,1900001201,2024,001,31,200000,100034,282.25,282.25,H,2025-04-09,2025-04-20
1000,1900001201,2024,002,40,440000,,282.25,282.25,S,2025-04-09,2025-04-20
1000,1900001202,2024,001,31,200000,100046,15613.49,15613.49,H,2025-05-11,2025-06-15
1000,1900001202,2024,002,40,470000,,15613.49,15613.49,S,2025-05-11,2025-06-15
2000,1900001203,2025,001,31,200000,100001,16656.29,16656.29,H,2025-05-28,
2000,1900001203,2025,002,40,430000,,16656.29,16656.29,S,2025-05-28,
1000,1900001204,2025,001,31,200000,100047,9842.32,9842.32,H,2025-03-22,2025-05-04
1000,1900001204,2025,002,40,450000,,9842.32,9842.32,S,2025-03-22,2025-05-04
2000,1900001205,2024,001,31,200000,100009,13724.61,13724.61,H,2025-11-30,
2000,1900001205,2024,002,40,480000,,13724.61,13724.61,S,2025-11-30,
2000,1900001206,2024,001,31,200000,100025,13277.24,13277.24,H,2025-08-06,2025-08-29
2000,1900001206,2024,002,40,400000,,13277.24,13277.24,S,2025-08-06,2025-08-29
1000,1900001207,2024,001,31,200000,100046,8028.85,8028.85,H,2024-12-26,2025-02-09
1000,1900001207,2024,002,40,420000,,8028.85,8028.85,S,2024-12-26,2025-02-09
1000,1900001208,2025,001,31,200000,100038,20813.13,20813.13,H,2025-04-06,2025-04-23
1000,1900001208,2025,002,40,450000,,20813.13,20813.13,S,2025-04-06,2025-04-23
3000,1900001209,2024,001,31,200000,100053,24037.38,24037.38,H,2024-08-18,
3000,1900001209,2024,002,40,470000,,24037.38,24037.38,S,2024-08-18,
1000,1900001210,2025,001,31,200000,100047,19865.88,19865.88,H,2024-08-21,
1000,1900001210,2025,002,40,440000,,19865.88,19865.88,S,2024-08-21,
3000,1900001211,2024,001,31,200000,100007,15483.27,15483.27,H,2025-01-27,2025-02-13
3000,1900001211,2024,002,40,470000,,15483.27,15483.27,S,2025-01-27,2025-02-13
1000,1900001212,2024,001,31,200000,100055,2991.48,2991.48,H,2024-02-22,
1000,1900001212,2024,002,40,400000,,2991.48,2991.48,S,2024-02-22,
1000,1900001213,2024,001,31,200000,100038,10718.94,10718.94,H,2025-05-29,2025-07-18
1000,1900001213,2024,002,40,480000,,10718.94,10718.94,S,2025-05-29,2025-07-18
2000,1900001214,2025,001,31,200000,100014,19257.56,19257.56,H,2025-04-20,2025-05-11
2000,1900001214,2025,002,40,450000,,19257.56,19257.56,S,2025-04-20,2025-05-11
3000,1900001215,2025,001,31,200000,100029,21889.76,21889.76,H,2025-10-29,2025-11-27
3000,1900001215,2025,002,40,410000,,21889.76,21889.76,S,2025-10-29,2025-11-27
2000,1900001216,2025,001,31,200000,100009,22200.64,22200.64,H,2024-12-05,2025-01-28
2000,1900001216,2025,002,40,430000,,22200.64,22200.64,S,2024-12-05,2025-01-28
3000,1900001217,2025,001,31,200000,100011,14473.53,14473.53,H,2025-04-28,2025-05-24
3000,1900001217,2025,002,40,470000,,14473.53,14473.53,S,2025-04-28,2025-05-24
2000,1900001218,2025,001,31,200000,100055,4638.85,4638.85,H,2025-01-30,2025-04-05
2000,1900001218,2025,002,40,450000,,4638.85,4638.85,S,2025-01-30,2025-04-05
1000,1900001219,2024,001,31,200000,100029,16774.68,16774.68,H,2024-12-23,2025-01-23
1000,1900001219,2024,002,40,480000,,16774.68,16774.68,S,2024-12-23,2025-01-23
2000,1900001220,2024,001,31,200000,100049,11222.93,11222.93,H,2025-11-03,2025-12-02
2000,1900001220,2024,002,40,410000,,11222.93,11222.93,S,2025-11-03,2025-12-02
3000,1900001221,2025,001,31,200000,100009,16422.66,16422.66,H,2024-11-04,
3000,1900001221,2025,002,40,410000,,16422.66,16422.66,S,2024-11-04,
1000,1900001222,2025,001,31,200000,100006,6900.12,6900.12,H,2025-01-24,2025-03-19
1000,1900001222,2025,002,40,420000,,6900.12,6900.12,S,2025-01-24,2025-03-19
1000,1900001223,2024,001,31,200000,100025,7093.25,7093.25,H,2024-07-30,2024-08-22
1000,1900001223,2024,002,40,470000,,7093.25,7093.25,S,2024-07-30,2024-08-22
1000,1900001224,2025,001,31,200000,100007,11371.58,11371.58,H,2024-03-19,2024-05-15
1000,1900001224,2025,002,40,480000,,11371.58,11371.58,S,2024-03-19,2024-05-15
3000,1900001225,2024,001,31,200000,100046,8148.25,8148.25,H,2025-03-31,
3000,1900001225,2024,002,40,480000,,8148.25,8148.25,S,2025-03-31,
2000,1900001226,2024,001,31,200000,100032,19799.63,19799.63,H,2025-10-23,2025-11-08
2000,1900001226,2024,002,40,480000,,19799.63,19799.63,S,2025-10-23,2025-11-08
3000,1900001227,2024,001,31,200000,100040,9007.18,9007.18,H,2024-01-23,
3000,1900001227,2024,002,40,440000,,9007.18,9007.18,S,2024-01-23,
3000,1900001228,2025,001,31,200000,100028,23791.36,23791.36,H,2025-03-03,
3000,1900001228,2025,002,40,460000,,23791.36,23791.36,S,2025-03-03,
1000,1900001229,2024,001,31,200000,100046,9535.66,9535.66,H,2025-04-20,
1000,1900001229,2024,002,40,410000,,9535.66,9535.66,S,2025-04-20,
1000,1900001230,2024,001,31,200000,100009,6948.35,6948.35,H,2024-10-04,
1000,1900001230,2024,002,40,410000,,6948.35,6948.35,S,2024-10-04,
3000,1900001231,2025,001,31,200000,100056,9426.58,9426.58,H,2025-02-10,2025-03-25
3000,1900001231,2025,002,40,470000,,9426.58,9426.58,S,2025-02-10,2025-03-25
1000,1900001232,2024,001,31,200000,100016,9196.29,9196.29,H,2025-10-22,2025-11-20
1000,1900001232,2024,002,40,420000,,9196.29,9196.29,S,2025-10-22,2025-11-20
1000,1900001233,2025,001,31,200000,100009,2273.01,2273.01,H,2025-05-08,
1000,1900001233,2025,002,40,400000,,2273.01,2273.01,S,2025-05-08,
1000,1900001234,2025,001,31,200000,100047,19848.37,19848.37,H,2025-09-21,2025-10-15
1000,1900001234,2025,002,40,430000,,19848.37,19848.37,S,2025-09-21,2025-10-15
3000,1900001235,2024,001,31,200000,100041,19066.77,19066.77,H,2024-11-03,
3000,1900001235,2024,002,40,440000,,19066.77,19066.77,S,2024-11-03,
2000,1900001236,2024,001,31,200000,100039,20978.86,20978.86,H,2024-01-27,2024-03-14
2000,1900001236,2024,002,40,430000,,20978.86,20978.86,S,2024-01-27,2024-03-14
2000,1900001237,2025,001,31,200000,100045,20941.74,20941.74,H,2025-04-19,2025-06-04
2000,1900001237,2025,002,40,430000,,20941.74,20941.74,S,2025-04-19,2025-06-04
2000,1900001238,2025,001,31,200000,100033,13670.67,13670.67,H,2024-10-31,
2000,1900001238,2025,002,40,470000,,13670.67,13670.67,S,2024-10-31,
1000,1900001239,2025,001,31,200000,100003,3893.54,3893.54,H,2025-10-15,
1000,1900001239,2025,002,40,460000,,3893.54,3893.54,S,2025-10-15,
2000,1900001240,2024,001,31,200000,100014,2966.52,2966.52,H,2024-03-01,2024-04-30
2000,1900001240,2024,002,40,460000,,2966.52,2966.52,S,2024-03-01,2024-04-30
2000,1900001241,2024,001,31,200000,100026,10949.94,10949.94,H,2024-02-26,2024-03-09
2000,1900001241,2024,002,40,450000,,10949.94,10949.94,S,2024-02-26,2024-03-09
2000,1900001242,2024,001,31,200000,100058,11611.0,11611.0,H,2024-05-01,2024-07-05
2000,1900001242,2024,002,40,470000,,11611.0,11611.0,S,2024-05-01,2024-07-05
3000,1900001243,2024,001,31,200000,100025,14941.67,14941.67,H,2024-07-26,2024-09-21
3000,1900001243,2024,002,40,470000,,14941.67,14941.67,S,2024-07-26,2024-09-21
2000,1900001244,2025,001,31,200000,100042,16892.87,16892.87,H,2025-10-01,2025-11-09
2000,1900001244,2025,002,40,460000,,16892.87,16892.87,S,2025-10-01,2025-11-09
2000,1900001245,2024,001,31,200000,100045,15206.14,15206.14,H,2024-06-02,2024-07-05
2000,1900001245,2024,002,40,400000,,15206.14,15206.14,S,2024-06-02,2024-07-05
3000,1900001246,2025,001,31,200000,100006,13023.49,13023.49,H,2025-05-20,2025-07-21
3000,1900001246,2025,002,40,480000,,13023.49,13023.49,S,2025-05-20,2025-07-21
1000,1900001247,2025,001,31,200000,100056,19486.56,19486.56,H,2024-06-07,2024-08-02
1000,1900001247,2025,002,40,480000,,19486.56,19486.56,S,2024-06-07,2024-08-02
1000,1900001248,2024,001,31,200000,100013,24906.57,24906.57,H,2025-12-07,2026-01-13
1000,1900001248,2024,002,40,480000,,24906.57,24906.57,S,2025-12-07,2026-01-13
3000,1900001249,2025,001,31,200000,100057,21843.18,21843.18,H,2024-08-27,2024-10-27
3000,1900001249,2025,002,40,410000,,21843.18,21843.18,S,2024-08-27,2024-10-27
2000,1900001250,2024,001,31,200000,100013,14842.16,14842.16,H,2025-05-16,2025-06-04
2000,1900001250,2024,002,40,430000,,14842.16,14842.16,S,2025-05-16,2025-06-04
2000,1900001251,2025,001,31,200000,100031,11417.73,11417.73,H,2024-08-12,
2000,1900001251,2025,002,40,410000,,11417.73,11417.73,S,2024-08-12,
2000,1900001252,2025,001,31,200000,100035,19165.0,19165.0,H,2025-01-29,2025-02-11
2000,1900001252,2025,002,40,440000,,19165.0,19165.0,S,2025-01-29,2025-02-11
3000,1900001253,2025,001,31,200000,100009,23696.73,23696.73,H,2025-07-02,2025-08-27
3000,1900001253,2025,002,40,440000,,23696.73,23696.73,S,2025-07-02,2025-08-27
1000,1900001254,2025,001,31,200000,100043,6151.4,6151.4,H,2024-05-06,
1000,1900001254,2025,002,40,450000,,6151.4,6151.4,S,2024-05-06,
2000,1900001255,2025,001,31,200000,100058,4358.23,4358.23,H,2025-11-22,2025-12-24
2000,1900001255,2025,002,40,410000,,4358.23,4358.23,S,2025-11-22,2025-12-24
2000,1900001256,2025,001,31,200000,100023,6048.08,6048.08,H,2025-02-27,2025-03-14
2000,1900001256,2025,002,40,430000,,6048.08,6048.08,S,2025-02-27,2025-03-14
3000,1900001257,2025,001,31,200000,100032,9241.54,9241.54,H,2025-09-17,2025-10-01
3000,1900001257,2025,002,40,430000,,9241.54,9241.54,S,2025-09-17,2025-10-01
2000,1900001258,2025,001,31,200000,100040,7039.05,7039.05,H,2024-01-24,2024-02-04
2000,1900001258,2025,002,40,440000,,7039.05,7039.05,S,2024-01-24,2024-02-04
2000,1900001259,2025,001,31,200000,100012,6690.64,6690.64,H,2024-10-19,2024-11-01
2000,1900001259,2025,002,40,450000,,6690.64,6690.64,S,2024-10-19,2024-11-01
1000,1900001260,2025,001,31,200000,100043,6522.99,6522.99,H,2024-08-20,
1000,1900001260,2025,002,40,480000,,6522.99,6522.99,S,2024-08-20,
3000,1900001261,2025,001,31,200000,100008,24430.34,24430.34,H,2025-12-26,2026-01-20
3000,1900001261,2025,002,40,460000,,24430.34,24430.34,S,2025-12-26,2026-01-20
2000,1900001262,2025,001,31,200000,100036,723.5,723.5,H,2025-09-02,2025-10-31
2000,1900001262,2025,002,40,400000,,723.5,723.5,S,2025-09-02,2025-10-31
2000,1900001263,2024,001,31,200000,100045,22334.97,22334.97,H,2025-06-19,2025-08-02
2000,1900001263,2024,002,40,410000,,22334.97,22334.97,S,2025-06-19,2025-08-02
3000,1900001264,2025,001,31,200000,100047,9840.73,9840.73,H,2025-03-17,
3000,1900001264,2025,002,40,470000,,9840.73,9840.73,S,2025-03-17,
1000,1900001265,2024,001,31,200000,100043,4247.17,4247.17,H,2025-09-17,
1000,1900001265,2024,002,40,470000,,4247.17,4247.17,S,2025-09-17,
2000,1900001266,2025,001,31,200000,100054,18561.41,18561.41,H,2024-02-02,2024-03-22
2000,1900001266,2025,002,40,480000,,18561.41,18561.41,S,2024-02-02,2024-03-22
1000,1900001267,2024,001,31,200000,100055,6522.64,6522.64,H,2025-11-25,2026-01-31
1000,1900001267,2024,002,40,450000,,6522.64,6522.64,S,2025-11-25,2026-01-31
1000,1900001268,2024,001,31,200000,100013,1030.35,1030.35,H,2024-10-18,
1000,1900001268,2024,002,40,410000,,1030.35,1030.35,S,2024-10-18,
3000,1900001269,2024,001,31,200000,100028,2490.63,2490.63,H,2025-06-19,
3000,1900001269,2024,002,40,480000,,2490.63,2490.63,S,2025-06-19,
3000,1900001270,2024,001,31,200000,100025,7890.87,7890.87,H,2024-06-09,
3000,1900001270,2024,002,40,470000,,7890.87,7890.87,S,2024-06-09,
2000,1900001271,2024,001,31,200000,100032,6907.92,6907.92,H,2024-04-16,2024-06-04
2000,1900001271,2024,002,40,480000,,6907.92,6907.92,S,2024-04-16,2024-06-04
3000,1900001272,2024,001,31,200000,100012,15057.28,15057.28,H,2025-01-06,
3000,1900001272,2024,002,40,400000,,15057.28,15057.28,S,2025-01-06,
1000,1900001273,2025,001,31,200000,100021,5463.84,5463.84,H,2025-02-18,2025-03-12
1000,1900001273,2025,002,40,420000,,5463.84,5463.84,S,2025-02-18,2025-03-12
3000,1900001274,2025,001,31,200000,100018,19042.82,19042.82,H,2025-05-17,
3000,1900001274,2025,002,40,450000,,19042.82,19042.82,S,2025-05-17,
1000,1900001275,2024,001,31,200000,100035,10681.58,10681.58,H,2025-11-27,
1000,1900001275,2024,002,40,450000,,10681.58,10681.58,S,2025-11-27,
2000,1900001276,2024,001,31,200000,100029,7100.79,7100.79,H,2024-07-27,2024-08-24
2000,1900001276,2024,002,40,410000,,7100.79,7100.79,S,2024-07-27,2024-08-24
1000,1900001277,2025,001,31,200000,100037,3193.73,3193.73,H,2024-01-05,2024-02-22
1000,1900001277,2025,002,40,470000,,3193.73,3193.73,S,2024-01-05,2024-02-22
2000,1900001278,2025,001,31,200000,100015,24147.38,24147.38,H,2024-04-17,2024-05-05
2000,1900001278,2025,002,40,430000,,24147.38,24147.38,S,2024-04-17,2024-05-05
3000,1900001279,2025,001,31,200000,100022,20188.42,20188.42,H,2025-01-08,
3000,1900001279,2025,002,40,430000,,20188.42,20188.42,S,2025-01-08,
1000,1900001280,2024,001,31,200000,100024,15322.88,15322.88,H,2025-06-01,
1000,1900001280,2024,002,40,470000,,15322.88,15322.88,S,2025-06-01,
2000,1900001281,2025,001,31,200000,100004,17099.41,17099.41,H,2024-11-24,2024-12-17
2000,1900001281,2025,002,40,440000,,17099.41,17099.41,S,2024-11-24,2024-12-17
1000,1900001282,2024,001,31,200000,100004,18521.31,18521.31,H,2024-05-28,2024-08-02
1000,1900001282,2024,002,40,460000,,18521.31,18521.31,S,2024-05-28,2024-08-02
3000,1900001283,2025,001,31,200000,100033,360.89,360.89,H,2024-06-22,
3000,1900001283,2025,002,40,430000,,360.89,360.89,S,2024-06-22,
2000,1900001284,2024,001,31,200000,100023,6623.91,6623.91,H,2025-03-11,2025-04-26
2000,1900001284,2024,002,40,480000,,6623.91,6623.91,S,2025-03-11,2025-04-26
2000,1900001285,2025,001,31,200000,100013,4433.14,4433.14,H,2024-11-12,2024-11-22
2000,1900001285,2025,002,40,470000,,4433.14,4433.14,S,2024-11-12,2024-11-22
2000,1900001286,2025,001,31,200000,100029,9600.25,9600.25,H,2024-06-16,2024-08-04
2000,1900001286,2025,002,40,480000,,9600.25,9600.25,S,2024-06-16,2024-08-04
2000,1900001287,2025,001,31,200000,100041,21708.81,21708.81,H,2025-08-14,2025-08-21
2000,1900001287,2025,002,40,460000,,21708.81,21708.81,S,2025-08-14,2025-08-21
3000,1900001288,2025,001,31,200000,100057,9157.8,9157.8,H,2025-10-12,2025-12-15
3000,1900001288,2025,002,40,430000,,9157.8,9157.8,S,2025-10-12,2025-12-15
3000,1900001289,2024,001,31,200000,100031,8931.09,8931.09,H,2024-03-04,
3000,1900001289,2024,002,40,420000,,8931.09,8931.09,S,2024-03-04,
2000,1900001290,2024,001,31,200000,100002,16676.94,16676.94,H,2024-07-31,2024-10-02
2000,1900001290,2024,002,40,450000,,16676.94,16676.94,S,2024-07-31,2024-10-02
1000,1900001291,2024,001,31,200000,100018,5109.57,5109.57,H,2024-03-29,
1000,1900001291,2024,002,40,470000,,5109.57,5109.57,S,2024-03-29,
2000,1900001292,2024,001,31,200000,100031,19221.04,19221.04,H,2024-08-10,2024-09-20
2000,1900001292,2024,002,40,470000,,19221.04,19221.04,S,2024-08-10,2024-09-20
1000,1900001293,2025,001,31,200000,100011,13711.54,13711.54,H,2025-01-28,2025-03-27
1000,1900001293,2025,002,40,430000,,13711.54,13711.54,S,2025-01-28,2025-03-27
1000,1900001294,2024,001,31,200000,100043,24692.47,24692.47,H,2024-09-02,2024-11-06
1000,1900001294,2024,002,40,400000,,24692.47,24692.47,S,2024-09-02,2024-11-06
2000,1900001295,2024,001,31,200000,100032,6354.69,6354.69,H,2025-12-09,
2000,1900001295,2024,002,40,480000,,6354.69,6354.69,S,2025-12-09,
1000,1900001296,2025,001,31,200000,100046,3920.87,3920.87,H,2024-07-04,2024-08-06
1000,1900001296,2025,002,40,460000,,3920.87,3920.87,S,2024-07-04,2024-08-06
3000,1900001297,2025,001,31,200000,100057,18744.29,18744.29,H,2025-04-13,2025-06-19
3000,1900001297,2025,002,40,460000,,18744.29,18744.29,S,2025-04-13,2025-06-19
2000,1900001298,2025,001,31,200000,100021,4131.6,4131.6,H,2024-12-06,
2000,1900001298,2025,002,40,460000,,4131.6,4131.6,S,2024-12-06,
2000,1900001299,2025,001,31,200000,100032,13632.98,13632.98,H,2024-06-05,2024-07-06
2000,1900001299,2025,002,40,440000,,13632.98,13632.98,S,2024-06-05,2024-07-06
3000,1900001300,2024,001,31,200000,100031,6866.92,6866.92,H,2024-09-24,2024-11-17
3000,1900001300,2024,002,40,410000,,6866.92,6866.92,S,2024-09-24,2024-11-17
3000,1900001301,2025,001,31,200000,100034,14063.22,14063.22,H,2025-04-03,2025-05-26
3000,1900001301,2025,002,40,400000,,14063.22,14063.22,S,2025-04-03,2025-05-26
2000,1900001302,2025,001,31,200000,100058,19976.66,19976.66,H,2025-08-10,
2000,1900001302,2025,002,40,440000,,19976.66,19976.66,S,2025-08-10,
1000,1900001303,2024,001,31,200000,100036,21252.99,21252.99,H,2025-02-02,
1000,1900001303,2024,002,40,420000,,21252.99,21252.99,S,2025-02-02,
2000,1900001304,2024,001,31,200000,100040,24364.06,24364.06,H,2025-01-26,2025-03-20
2000,1900001304,2024,002,40,400000,,24364.06,24364.06,S,2025-01-26,2025-03-20
1000,1900001305,2025,001,31,200000,100024,9456.78,9456.78,H,2025-05-15,2025-06-02
1000,1900001305,2025,002,40,400000,,9456.78,9456.78,S,2025-05-15,2025-06-02
1000,1900001306,2024,001,31,200000,100008,509.18,509.18,H,2024-07-19,2024-09-04
1000,1900001306,2024,002,40,460000,,509.18,509.18,S,2024-07-19,2024-09-04
1000,1900001307,2024,001,31,200000,100056,17227.2,17227.2,H,2025-10-03,2025-11-15
1000,1900001307,2024,002,40,410000,,17227.2,17227.2,S,2025-10-03,2025-11-15
2000,1900001308,2024,001,31,200000,100045,13311.71,13311.71,H,2024-06-25,2024-06-30
2000,1900001308,2024,002,40,480000,,13311.71,13311.71,S,2024-06-25,2024-06-30
1000,1900001309,2025,001,31,200000,100050,19110.66,19110.66,H,2025-06-18,2025-07-04
1000,1900001309,2025,002,40,400000,,19110.66,19110.66,S,2025-06-18,2025-07-04
2000,1900001310,2024,001,31,200000,100043,4525.61,4525.61,H,2025-09-07,2025-11-02
2000,1900001310,2024,002,40,400000,,4525.61,4525.61,S,2025-09-07,2025-11-02
3000,1900001311,2025,001,31,200000,100030,927.77,927.77,H,2025-03-03,2025-05-11
3000,1900001311,2025,002,40,440000,,927.77,927.77,S,2025-03-03,2025-05-11
1000,1900001312,2025,001,31,200000,100039,20095.01,20095.01,H,2024-10-06,2024-10-25
1000,1900001312,2025,002,40,430000,,20095.01,20095.01,S,2024-10-06,2024-10-25
2000,1900001313,2024,001,31,200000,100005,24840.79,24840.79,H,2025-12-31,2026-02-01
2000,1900001313,2024,002,40,480000,,24840.79,24840.79,S,2025-12-31,2026-02-01
1000,1900001314,2025,001,31,200000,100047,14766.03,14766.03,H,2024-03-20,2024-05-28
1000,1900001314,2025,002,40,400000,,14766.03,14766.03,S,2024-03-20,2024-05-28
3000,1900001315,2024,001,31,200000,100057,17521.03,17521.03,H,2025-06-10,
3000,1900001315,2024,002,40,470000,,17521.03,17521.03,S,2025-06-10,
3000,1900001316,2025,001,31,200000,100037,12912.82,12912.82,H,2024-12-06,2025-01-02
3000,1900001316,2025,002,40,410000,,12912.82,12912.82,S,2024-12-06,2025-01-02
3000,1900001317,2024,001,31,200000,100023,20306.23,20306.23,H,2024-02-03,2024-04-08
3000,1900001317,2024,002,40,440000,,20306.23,20306.23,S,2024-02-03,2024-04-08
3000,1900001318,2024,001,31,200000,100002,23850.91,23850.91,H,2024-04-08,2024-04-26
3000,1900001318,2024,002,40,410000,,23850.91,23850.91,S,2024-04-08,2024-04-26
2000,1900001319,2025,001,31,200000,100049,17355.47,17355.47,H,2025-01-04,
2000,1900001319,2025,002,40,400000,,17355.47,17355.47,S,2025-01-04,
2000,1900001320,2024,001,31,200000,100014,2850.83,2850.83,H,2025-12-04,
2000,1900001320,2024,002,40,480000,,2850.83,2850.83,S,2025-12-04,
2000,1900001321,2024,001,31,200000,100010,4607.8,4607.8,H,2024-01-20,
2000,1900001321,2024,002,40,420000,,4607.8,4607.8,S,2024-01-20,
2000,1900001322,2025,001,31,200000,100052,13874.88,13874.88,H,2025-06-26,2025-08-10
2000,1900001322,2025,002,40,420000,,13874.88,13874.88,S,2025-06-26,2025-08-10
2000,1900001323,2024,001,31,200000,100001,3085.44,3085.44,H,2024-01-27,
2000,1900001323,2024,002,40,470000,,3085.44,3085.44,S,2024-01-27,
2000,1900001324,2025,001,31,200000,100002,22227.18,22227.18,H,2024-04-05,
2000,1900001324,2025,002,40,450000,,22227.18,22227.18,S,2024-04-05,
3000,1900001325,2024,001,31,200000,100000,24344.6,24344.6,H,2024-02-13,2024-04-16
3000,1900001325,2024,002,40,420000,,24344.6,24344.6,S,2024-02-13,2024-04-16
1000,1900001326,2024,001,31,200000,100036,21712.54,21712.54,H,2024-08-21,
1000,1900001326,2024,002,40,430000,,21712.54,21712.54,S,2024-08-21,
3000,1900001327,2025,001,31,200000,100008,16630.11,16630.11,H,2024-03-18,2024-04-14
3000,1900001327,2025,002,40,400000,,16630.11,16630.11,S,2024-03-18,2024-04-14
2000,1900001328,2025,001,31,200000,100006,20846.51,20846.51,H,2025-07-27,
2000,1900001328,2025,002,40,410000,,20846.51,20846.51,S,2025-07-27,
2000,1900001329,2025,001,31,200000,100052,15480.04,15480.04,H,2024-10-13,
2000,1900001329,2025,002,40,430000,,15480.04,15480.04,S,2024-10-13,
3000,1900001330,2024,001,31,200000,100020,3742.08,3742.08,H,2025-04-24,2025-05-03
3000,1900001330,2024,002,40,440000,,3742.08,3742.08,S,2025-04-24,2025-05-03
2000,1900001331,2024,001,31,200000,100003,23906.93,23906.93,H,2026-01-04,
2000,1900001331,2024,002,40,430000,,23906.93,23906.93,S,2026-01-04,
2000,1900001332,2025,001,31,200000,100019,6176.24,6176.24,H,2024-12-26,
2000,1900001332,2025,002,40,400000,,6176.24,6176.24,S,2024-12-26,
3000,1900001333,2025,001,31,200000,100016,10646.08,10646.08,H,2025-12-29,
3000,1900001333,2025,002,40,410000,,10646.08,10646.08,S,2025-12-29,
3000,1900001334,2024,001,31,200000,100046,9571.08,9571.08,H,2025-08-15,
3000,1900001334,2024,002,40,430000,,9571.08,9571.08,S,2025-08-15,
3000,1900001335,2025,001,31,200000,100058,2050.53,2050.53,H,2025-01-11,2025-02-28
3000,1900001335,2025,002,40,410000,,2050.53,2050.53,S,2025-01-11,2025-02-28
3000,1900001336,2024,001,31,200000,100043,14873.72,14873.72,H,2024-05-08,2024-05-20
3000,1900001336,2024,002,40,420000,,14873.72,14873.72,S,2024-05-08,2024-05-20
3000,1900001337,2025,001,31,200000,100000,2515.41,2515.41,H,2025-05-06,2025-06-23
3000,1900001337,2025,002,40,460000,,2515.41,2515.41,S,2025-05-06,2025-06-23
1000,1900001338,2024,001,31,200000,100036,1437.22,1437.22,H,2024-09-03,2024-10-06
1000,1900001338,2024,002,40,480000,,1437.22,1437.22,S,2024-09-03,2024-10-06
2000,1900001339,2025,001,31,200000,100057,5175.19,5175.19,H,2025-05-09,2025-06-23
2000,1900001339,2025,002,40,480000,,5175.19,5175.19,S,2025-05-09,2025-06-23
1000,1900001340,2025,001,31,200000,100031,7601.42,7601.42,H,2024-02-02,2024-03-26
1000,1900001340,2025,002,40,470000,,7601.42,7601.42,S,2024-02-02,2024-03-26
2000,1900001341,2024,001,31,200000,100020,10877.01,10877.01,H,2026-01-02,
2000,1900001341,2024,002,40,410000,,10877.01,10877.01,S,2026-01-02,
3000,1900001342,2024,001,31,200000,100004,5783.69,5783.69,H,2024-01-06,
3000,1900001342,2024,002,40,450000,,5783.69,5783.69,S,2024-01-06,
1000,1900001343,2025,001,31,200000,100048,16952.87,16952.87,H,2025-06-12,2025-07-24
1000,1900001343,2025,002,40,460000,,16952.87,16952.87,S,2025-06-12,2025-07-24
2000,1900001344,2025,001,31,200000,100043,1654.63,1654.63,H,2025-10-21,2025-10-28
2000,1900001344,2025,002,40,420000,,1654.63,1654.63,S,2025-10-21,2025-10-28
2000,1900001345,2024,001,31,200000,100021,24442.94,24442.94,H,2024-04-10,
2000,1900001345,2024,002,40,480000,,24442.94,24442.94,S,2024-04-10,
2000,1900001346,2025,001,31,200000,100023,18654.41,18654.41,H,2024-01-11,2024-01-30
2000,1900001346,2025,002,40,470000,,18654.41,18654.41,S,2024-01-11,2024-01-30
2000,1900001347,2024,001,31,200000,100034,3175.61,3175.61,H,2025-04-14,2025-05-09
2000,1900001347,2024,002,40,460000,,3175.61,3175.61,S,2025-04-14,2025-05-09
2000,1900001348,2025,001,31,200000,100057,8987.12,8987.12,H,2025-05-04,
2000,1900001348,2025,002,40,460000,,8987.12,8987.12,S,2025-05-04,
2000,1900001349,2025,001,31,200000,100008,16614.54,16614.54,H,2025-10-26,2026-01-04
2000,1900001349,2025,002,40,440000,,16614.54,16614.54,S,2025-10-26,2026-01-04
1000,1900001350,2025,001,31,200000,100025,8775.26,8775.26,H,2025-11-24,2026-01-31
1000,1900001350,2025,002,40,420000,,8775.26,8775.26,S,2025-11-24,2026-01-31
2000,1900001351,2024,001,31,200000,100045,21163.85,21163.85,H,2024-01-06,2024-03-13
2000,1900001351,2024,002,40,410000,,21163.85,21163.85,S,2024-01-06,2024-03-13
3000,1900001352,2024,001,31,200000,100021,19618.27,19618.27,H,2024-08-23,
3000,1900001352,2024,002,40,440000,,19618.27,19618.27,S,2024-08-23,
1000,1900001353,2024,001,31,200000,100041,6462.53,6462.53,H,2024-10-29,2025-01-02
1000,1900001353,2024,002,40,410000,,6462.53,6462.53,S,2024-10-29,2025-01-02
1000,1900001354,2025,001,31,200000,100006,8560.47,8560.47,H,2025-03-26,
1000,1900001354,2025,002,40,440000,,8560.47,8560.47,S,2025-03-26,
1000,1900001355,2025,001,31,200000,100041,23938.35,23938.35,H,2024-12-29,2025-01-09
1000,1900001355,2025,002,40,420000,,23938.35,23938.35,S,2024-12-29,2025-01-09
3000,1900001356,2025,001,31,200000,100001,18028.7,18028.7,H,2024-01-22,2024-03-27
3000,1900001356,2025,002,40,430000,,18028.7,18028.7,S,2024-01-22,2024-03-27
1000,1900001357,2024,001,31,200000,100002,20323.97,20323.97,H,2024-09-18,2024-10-25
1000,1900001357,2024,002,40,430000,,20323.97,20323.97,S,2024-09-18,2024-10-25
2000,1900001358,2025,001,31,200000,100008,815.16,815.16,H,2024-02-12,2024-03-08
2000,1900001358,2025,002,40,440000,,815.16,815.16,S,2024-02-12,2024-03-08
3000,1900001359,2024,001,31,200000,100046,6750.09,6750.09,H,2025-06-18,2025-07-31
3000,1900001359,2024,002,40,470000,,6750.09,6750.09,S,2025-06-18,2025-07-31
2000,1900001360,2024,001,31,200000,100030,349.56,349.56,H,2024-07-24,
2000,1900001360,2024,002,40,470000,,349.56,349.56,S,2024-07-24,
3000,1900001361,2025,001,31,200000,100053,4501.82,4501.82,H,2024-01-15,
3000,1900001361,2025,002,40,450000,,4501.82,4501.82,S,2024-01-15,
2000,1900001362,2025,001,31,200000,100022,2190.48,2190.48,H,2025-11-12,
2000,1900001362,2025,002,40,410000,,2190.48,2190.48,S,2025-11-12,
3000,1900001363,2024,001,31,200000,100006,898.49,898.49,H,2024-07-14,2024-08-26
3000,1900001363,2024,002,40,410000,,898.49,898.49,S,2024-07-14,2024-08-26
2000,1900001364,2024,001,31,200000,100049,2586.12,2586.12,H,2025-11-26,
2000,1900001364,2024,002,40,470000,,2586.12,2586.12,S,2025-11-26,
2000,1900001365,2024,001,31,200000,100009,13950.79,13950.79,H,2025-07-18,2025-09-18
2000,1900001365,2024,002,40,430000,,13950.79,13950.79,S,2025-07-18,2025-09-18
3000,1900001366,2024,001,31,200000,100001,10271.36,10271.36,H,2025-09-22,2025-10-10
3000,1900001366,2024,002,40,400000,,10271.36,10271.36,S,2025-09-22,2025-10-10
2000,1900001367,2025,001,31,200000,100056,20073.55,20073.55,H,2025-07-11,2025-08-30
2000,1900001367,2025,002,40,460000,,20073.55,20073.55,S,2025-07-11,2025-08-30
3000,1900001368,2024,001,31,200000,100030,7265.31,7265.31,H,2024-03-06,
3000,1900001368,2024,002,40,460000,,7265.31,7265.31,S,2024-03-06,
2000,1900001369,2025,001,31,200000,100051,6640.89,6640.89,H,2025-05-09,2025-06-28
2000,1900001369,2025,002,40,460000,,6640.89,6640.89,S,2025-05-09,2025-06-28
2000,1900001370,2024,001,31,200000,100059,6684.79,6684.79,H,2024-02-22,2024-03-07
2000,1900001370,2024,002,40,440000,,6684.79,6684.79,S,2024-02-22,2024-03-07
2000,1900001371,2025,001,31,200000,100000,14206.68,14206.68,H,2025-08-14,2025-08-20
2000,1900001371,2025,002,40,420000,,14206.68,14206.68,S,2025-08-14,2025-08-20
2000,1900001372,2024,001,31,200000,100021,13119.98,13119.98,H,2024-01-10,2024-01-28
2000,1900001372,2024,002,40,440000,,13119.98,13119.98,S,2024-01-10,2024-01-28
1000,1900001373,2025,001,31,200000,100046,17150.26,17150.26,H,2024-06-07,
1000,1900001373,2025,002,40,430000,,17150.26,17150.26,S,2024-06-07,
2000,1900001374,2025,001,31,200000,100042,13629.31,13629.31,H,2025-11-24,2025-12-14
2000,1900001374,2025,002,40,480000,,13629.31,13629.31,S,2025-11-24,2025-12-14
1000,1900001375,2025,001,31,200000,100041,1076.02,1076.02,H,2025-08-03,
1000,1900001375,2025,002,40,480000,,1076.02,1076.02,S,2025-08-03,
1000,1900001376,2024,001,31,200000,100057,21284.98,21284.98,H,2025-09-11,
1000,1900001376,2024,002,40,400000,,21284.98,21284.98,S,2025-09-11,
2000,1900001377,2024,001,31,200000,100013,18402.01,18402.01,H,2024-08-12,2024-08-23
2000,1900001377,2024,002,40,430000,,18402.01,18402.01,S,2024-08-12,2024-08-23
3000,1900001378,2025,001,31,200000,100010,2794.17,2794.17,H,2024-10-23,2024-12-27
3000,1900001378,2025,002,40,470000,,2794.17,2794.17,S,2024-10-23,2024-12-27
2000,1900001379,2024,001,31,200000,100049,17278.04,17278.04,H,2024-05-30,
2000,1900001379,2024,002,40,410000,,17278.04,17278.04,S,2024-05-30,
3000,1900001380,2024,001,31,200000,100045,22052.54,22052.54,H,2024-01-17,2024-01-26
3000,1900001380,2024,002,40,450000,,22052.54,22052.54,S,2024-01-17,2024-01-26
1000,1900001381,2024,001,31,200000,100052,23417.93,23417.93,H,2024-11-11,
1000,1900001381,2024,002,40,460000,,23417.93,23417.93,S,2024-11-11,
1000,1900001382,2025,001,31,200000,100046,6331.4,6331.4,H,2024-05-01,2024-06-30
1000,1900001382,2025,002,40,470000,,6331.4,6331.4,S,2024-05-01,2024-06-30
3000,1900001383,2025,001,31,200000,100033,3087.87,3087.87,H,2024-11-09,2024-12-24
3000,1900001383,2025,002,40,450000,,3087.87,3087.87,S,2024-11-09,2024-12-24
3000,1900001384,2024,001,31,200000,100058,15066.7,15066.7,H,2025-09-16,2025-10-11
3000,1900001384,2024,002,40,460000,,15066.7,15066.7,S,2025-09-16,2025-10-11
3000,1900001385,2025,001,31,200000,100029,17956.72,17956.72,H,2024-08-21,
3000,1900001385,2025,002,40,440000,,17956.72,17956.72,S,2024-08-21,
1000,1900001386,2024,001,31,200000,100011,16974.46,16974.46,H,2024-02-14,2024-02-29
1000,1900001386,2024,002,40,400000,,16974.46,16974.46,S,2024-02-14,2024-02-29
1000,1900001387,2024,001,31,200000,100057,20182.74,20182.74,H,2024-11-29,
1000,1900001387,2024,002,40,440000,,20182.74,20182.74,S,2024-11-29,
2000,1900001388,2025,001,31,200000,100050,722.22,722.22,H,2024-11-12,2024-12-16
2000,1900001388,2025,002,40,420000,,722.22,722.22,S,2024-11-12,2024-12-16
3000,1900001389,2025,001,31,200000,100008,9739.33,9739.33,H,2025-06-06,2025-06-21
3000,1900001389,2025,002,40,460000,,9739.33,9739.33,S,2025-06-06,2025-06-21
2000,1900001390,2025,001,31,200000,100002,14658.73,14658.73,H,2025-10-04,2025-10-09
2000,1900001390,2025,002,40,420000,,14658.73,14658.73,S,2025-10-04,2025-10-09
2000,1900001391,2024,001,31,200000,100048,18783.95,18783.95,H,2024-09-03,2024-10-05
2000,1900001391,2024,002,40,470000,,18783.95,18783.95,S,2024-09-03,2024-10-05
1000,1900001392,2025,001,31,200000,100026,24255.71,24255.71,H,2024-03-10,2024-04-17
1000,1900001392,2025,002,40,430000,,24255.71,24255.71,S,2024-03-10,2024-04-17
3000,1900001393,2024,001,31,200000,100031,12142.35,12142.35,H,2024-12-23,
3000,1900001393,2024,002,40,460000,,12142.35,12142.35,S,2024-12-23,
3000,1900001394,2025,001,31,200000,100057,1821.41,1821.41,H,2025-02-27,2025-04-09
3000,1900001394,2025,002,40,470000,,1821.41,1821.41,S,2025-02-27,2025-04-09
1000,1900001395,2025,001,31,200000,100039,11241.81,11241.81,H,2024-06-23,
1000,1900001395,2025,002,40,480000,,11241.81,11241.81,S,2024-06-23,
1000,1900001396,2025,001,31,200000,100038,8726.48,8726.48,H,2024-08-27,
1000,1900001396,2025,002,40,450000,,8726.48,8726.48,S,2024-08-27,
3000,1900001397,2024,001,31,200000,100026,11411.2,11411.2,H,2025-03-05,2025-04-03
3000,1900001397,2024,002,40,410000,,11411.2,11411.2,S,2025-03-05,2025-04-03
1000,1900001398,2024,001,31,200000,100001,13438.04,13438.04,H,2025-02-13,2025-04-10
1000,1900001398,2024,002,40,460000,,13438.04,13438.04,S,2025-02-13,2025-04-10
2000,1900001399,2024,001,31,200000,100056,13726.85,13726.85,H,2024-01-20,2024-02-28
2000,1900001399,2024,002,40,430000,,13726.85,13726.85,S,2024-01-20,2024-02-28
1000,1900001400,2024,001,31,200000,100051,13765.8,13765.8,H,2024-05-09,2024-07-17
1000,1900001400,2024,002,40,410000,,13765.8,13765.8,S,2024-05-09,2024-07-17
3000,1900001401,2024,001,31,200000,100012,13073.24,13073.24,H,2025-03-19,2025-04-26
3000,1900001401,2024,002,40,410000,,13073.24,13073.24,S,2025-03-19,2025-04-26
2000,1900001402,2025,001,31,200000,100057,3420.51,3420.51,H,2024-02-13,
2000,1900001402,2025,002,40,460000,,3420.51,3420.51,S,2024-02-13,
3000,1900001403,2025,001,31,200000,100037,19587.36,19587.36,H,2025-07-27,2025-09-29
3000,1900001403,2025,002,40,430000,,19587.36,19587.36,S,2025-07-27,2025-09-29
3000,1900001404,2025,001,31,200000,100034,11546.29,11546.29,H,2024-02-08,2024-04-08
3000,1900001404,2025,002,40,430000,,11546.29,11546.29,S,2024-02-08,2024-04-08
1000,1900001405,2024,001,31,200000,100008,2523.48,2523.48,H,2024-07-23,
1000,1900001405,2024,002,40,470000,,2523.48,2523.48,S,2024-07-23,
1000,1900001406,2024,001,31,200000,100002,18505.76,18505.76,H,2024-06-08,2024-06-13
1000,1900001406,2024,002,40,440000,,18505.76,18505.76,S,2024-06-08,2024-06-13
1000,1900001407,2024,001,31,200000,100057,19450.53,19450.53,H,2024-08-22,2024-09-25
1000,1900001407,2024,002,40,440000,,19450.53,19450.53,S,2024-08-22,2024-09-25
1000,1900001408,2024,001,31,200000,100033,7298.46,7298.46,H,2024-03-26,2024-04-23
1000,1900001408,2024,002,40,470000,,7298.46,7298.46,S,2024-03-26,2024-04-23
1000,1900001409,2025,001,31,200000,100019,20285.28,20285.28,H,2025-02-24,
1000,1900001409,2025,002,40,430000,,20285.28,20285.28,S,2025-02-24,
1000,1900001410,2025,001,31,200000,100014,22223.68,22223.68,H,2025-10-27,
1000,1900001410,2025,002,40,470000,,22223.68,22223.68,S,2025-10-27,
2000,1900001411,2025,001,31,200000,100058,14044.99,14044.99,H,2025-07-25,2025-08-25
2000,1900001411,2025,002,40,420000,,14044.99,14044.99,S,2025-07-25,2025-08-25
2000,1900001412,2025,001,31,200000,100024,1047.62,1047.62,H,2025-07-02,
2000,1900001412,2025,002,40,430000,,1047.62,1047.62,S,2025-07-02,
3000,1900001413,2024,001,31,200000,100030,16361.26,16361.26,H,2025-02-21,
3000,1900001413,2024,002,40,440000,,16361.26,16361.26,S,2025-02-21,
1000,1900001414,2025,001,31,200000,100020,11485.9,11485.9,H,2025-05-03,
1000,1900001414,2025,002,40,480000,,11485.9,11485.9,S,2025-05-03,
2000,1900001415,2024,001,31,200000,100003,4164.63,4164.63,H,2024-01-18,2024-02-24
2000,1900001415,2024,002,40,480000,,4164.63,4164.63,S,2024-01-18,2024-02-24
1000,1900001416,2024,001,31,200000,100059,951.0,951.0,H,2024-12-17,2025-02-13
1000,1900001416,2024,002,40,470000,,951.0,951.0,S,2024-12-17,2025-02-13
1000,1900001417,2024,001,31,200000,100017,16796.16,16796.16,H,2025-07-01,2025-08-03
1000,1900001417,2024,002,40,480000,,16796.16,16796.16,S,2025-07-01,2025-08-03
1000,1900001418,2025,001,31,200000,100042,23555.84,23555.84,H,2025-08-04,2025-08-28
1000,1900001418,2025,002,40,420000,,23555.84,23555.84,S,2025-08-04,2025-08-28
1000,1900001419,2024,001,31,200000,100029,6992.59,6992.59,H,2025-06-13,2025-07-19
1000,1900001419,2024,002,40,450000,,6992.59,6992.59,S,2025-06-13,2025-07-19
1000,1900001420,2025,001,31,200000,100045,13011.25,13011.25,H,2025-03-11,
1000,1900001420,2025,002,40,420000,,13011.25,13011.25,S,2025-03-11,
2000,1900001421,2024,001,31,200000,100015,20392.65,20392.65,H,2025-10-11,2025-10-26
2000,1900001421,2024,002,40,450000,,20392.65,20392.65,S,2025-10-11,2025-10-26
3000,1900001422,2025,001,31,200000,100003,5933.73,5933.73,H,2025-11-20,
3000,1900001422,2025,002,40,460000,,5933.73,5933.73,S,2025-11-20,
3000,1900001423,2025,001,31,200000,100046,14484.89,14484.89,H,2024-03-12,2024-03-21
3000,1900001423,2025,002,40,410000,,14484.89,14484.89,S,2024-03-12,2024-03-21
2000,1900001424,2025,001,31,200000,100009,14121.72,14121.72,H,2024-03-21,2024-04-27
2000,1900001424,2025,002,40,440000,,14121.72,14121.72,S,2024-03-21,2024-04-27
1000,1900001425,2024,001,31,200000,100009,24682.98,24682.98,H,2024-06-11,
1000,1900001425,2024,002,40,460000,,24682.98,24682.98,S,2024-06-11,
2000,1900001426,2024,001,31,200000,100033,12694.01,12694.01,H,2025-04-04,2025-05-06
2000,1900001426,2024,002,40,470000,,12694.01,12694.01,S,2025-04-04,2025-05-06
2000,1900001427,2025,001,31,200000,100016,17625.36,17625.36,H,2025-07-26,2025-08-28
2000,1900001427,2025,002,40,420000,,17625.36,17625.36,S,2025-07-26,2025-08-28
2000,1900001428,2024,001,31,200000,100025,17646.73,17646.73,H,2025-02-21,2025-03-22
2000,1900001428,2024,002,40,450000,,17646.73,17646.73,S,2025-02-21,2025-03-22
2000,1900001429,2024,001,31,200000,100045,14021.83,14021.83,H,2024-09-05,2024-09-16
2000,1900001429,2024,002,40,460000,,14021.83,14021.83,S,2024-09-05,2024-09-16
1000,1900001430,2025,001,31,200000,100006,17511.34,17511.34,H,2024-10-25,2024-12-01
1000,1900001430,2025,002,40,430000,,17511.34,17511.34,S,2024-10-25,2024-12-01
3000,1900001431,2025,001,31,200000,100045,6243.35,6243.35,H,2025-02-23,
3000,1900001431,2025,002,40,450000,,6243.35,6243.35,S,2025-02-23,
3000,1900001432,2025,001,31,200000,100042,8967.93,8967.93,H,2025-06-05,
3000,1900001432,2025,002,40,470000,,8967.93,8967.93,S,2025-06-05,
1000,1900001433,2025,001,31,200000,100038,14158.89,14158.89,H,2025-06-23,2025-08-02
1000,1900001433,2025,002,40,450000,,14158.89,14158.89,S,2025-06-23,2025-08-02
3000,1900001434,2024,001,31,200000,100029,24329.38,24329.38,H,2024-03-20,2024-05-29
3000,1900001434,2024,002,40,430000,,24329.38,24329.38,S,2024-03-20,2024-05-29
3000,1900001435,2024,001,31,200000,100027,22618.51,22618.51,H,2025-07-12,
3000,1900001435,2024,002,40,460000,,22618.51,22618.51,S,2025-07-12,
2000,1900001436,2024,001,31,200000,100022,8244.98,8244.98,H,2024-10-04,
2000,1900001436,2024,002,40,460000,,8244.98,8244.98,S,2024-10-04,
3000,1900001437,2025,001,31,200000,100045,24655.14,24655.14,H,2024-06-08,2024-07-05
3000,1900001437,2025,002,40,450000,,24655.14,24655.14,S,2024-06-08,2024-07-05
3000,1900001438,2025,001,31,200000,100004,22842.05,22842.05,H,2025-07-26,2025-08-13
3000,1900001438,2025,002,40,400000,,22842.05,22842.05,S,2025-07-26,2025-08-13
1000,1900001439,2024,001,31,200000,100013,19148.6,19148.6,H,2025-02-25,2025-03-02
1000,1900001439,2024,002,40,430000,,19148.6,19148.6,S,2025-02-25,2025-03-02
3000,1900001440,2025,001,31,200000,100026,5504.0,5504.0,H,2024-02-03,
3000,1900001440,2025,002,40,420000,,5504.0,5504.0,S,2024-02-03,
1000,1900001441,2025,001,31,200000,100008,12910.19,12910.19,H,2025-07-16,2025-08-30
1000,1900001441,2025,002,40,410000,,12910.19,12910.19,S,2025-07-16,2025-08-30
1000,1900001442,2025,001,31,200000,100025,20672.99,20672.99,H,2024-04-18,2024-04-23
1000,1900001442,2025,002,40,470000,,20672.99,20672.99,S,2024-04-18,2024-04-23
1000,1900001443,2025,001,31,200000,100017,15691.21,15691.21,H,2025-05-30,
1000,1900001443,2025,002,40,410000,,15691.21,15691.21,S,2025-05-30,
3000,1900001444,2024,001,31,200000,100040,4328.41,4328.41,H,2024-11-07,2024-12-28
3000,1900001444,2024,002,40,440000,,4328.41,4328.41,S,2024-11-07,2024-12-28
1000,1900001445,2024,001,31,200000,100031,22206.3,22206.3,H,2024-02-13,2024-04-15
1000,1900001445,2024,002,40,450000,,22206.3,22206.3,S,2024-02-13,2024-04-15
2000,1900001446,2024,001,31,200000,100024,9575.06,9575.06,H,2024-11-08,2024-11-22
2000,1900001446,2024,002,40,400000,,9575.06,9575.06,S,2024-11-08,2024-11-22
2000,1900001447,2025,001,31,200000,100030,18755.74,18755.74,H,2025-05-27,
2000,1900001447,2025,002,40,450000,,18755.74,18755.74,S,2025-05-27,
3000,1900001448,2024,001,31,200000,100042,12075.36,12075.36,H,2024-12-13,2025-01-23
3000,1900001448,2024,002,40,410000,,12075.36,12075.36,S,2024-12-13,2025-01-23
3000,1900001449,2025,001,31,200000,100049,18709.93,18709.93,H,2024-01-07,2024-01-26
3000,1900001449,2025,002,40,460000,,18709.93,18709.93,S,2024-01-07,2024-01-26
3000,1900001450,2025,001,31,200000,100036,16567.79,16567.79,H,2025-11-21,
3000,1900001450,2025,002,40,410000,,16567.79,16567.79,S,2025-11-21,
2000,1900001451,2024,001,31,200000,100041,4280.19,4280.19,H,2024-01-27,
2000,1900001451,2024,002,40,450000,,4280.19,4280.19,S,2024-01-27,
3000,1900001452,2025,001,31,200000,100010,2466.79,2466.79,H,2025-12-24,
3000,1900001452,2025,002,40,430000,,2466.79,2466.79,S,2025-12-24,
3000,1900001453,2025,001,31,200000,100014,24382.86,24382.86,H,2025-02-04,
3000,1900001453,2025,002,40,450000,,24382.86,24382.86,S,2025-02-04,
2000,1900001454,2025,001,31,200000,100033,19675.68,19675.68,H,2024-09-29,2024-10-28
2000,1900001454,2025,002,40,440000,,19675.68,19675.68,S,2024-09-29,2024-10-28
1000,1900001455,2025,001,31,200000,100048,9443.5,9443.5,H,2025-03-03,
1000,1900001455,2025,002,40,480000,,9443.5,9443.5,S,2025-03-03,
2000,1900001456,2024,001,31,200000,100027,15278.41,15278.41,H,2025-10-08,2025-12-07
2000,1900001456,2024,002,40,460000,,15278.41,15278.41,S,2025-10-08,2025-12-07
2000,1900001457,2025,001,31,200000,100012,19578.57,19578.57,H,2025-07-18,2025-08-06
2000,1900001457,2025,002,40,480000,,19578.57,19578.57,S,2025-07-18,2025-08-06
1000,1900001458,2025,001,31,200000,100053,1097.69,1097.69,H,2025-06-17,
1000,1900001458,2025,002,40,400000,,1097.69,1097.69,S,2025-06-17,
3000,1900001459,2024,001,31,200000,100005,13255.78,13255.78,H,2024-08-18,
3000,1900001459,2024,002,40,410000,,13255.78,13255.78,S,2024-08-18,
1000,1900001460,2025,001,31,200000,100034,22714.04,22714.04,H,2025-02-03,2025-04-06
1000,1900001460,2025,002,40,400000,,22714.04,22714.04,S,2025-02-03,2025-04-06
2000,1900001461,2024,001,31,200000,100016,22367.38,22367.38,H,2025-11-06,
2000,1900001461,2024,002,40,400000,,22367.38,22367.38,S,2025-11-06,
2000,1900001462,2025,001,31,200000,100053,5543.13,5543.13,H,2024-10-27,2024-11-21
2000,1900001462,2025,002,40,410000,,5543.13,5543.13,S,2024-10-27,2024-11-21
1000,1900001463,2024,001,31,200000,100057,8392.9,8392.9,H,2026-01-02,2026-01-10
1000,1900001463,2024,002,40,400000,,8392.9,8392.9,S,2026-01-02,2026-01-10
2000,1900001464,2024,001,31,200000,100007,19584.72,19584.72,H,2025-02-17,2025-04-25
2000,1900001464,2024,002,40,420000,,19584.72,19584.72,S,2025-02-17,2025-04-25
3000,1900001465,2024,001,31,200000,100034,5401.56,5401.56,H,2025-01-30,2025-04-02
3000,1900001465,2024,002,40,480000,,5401.56,5401.56,S,2025-01-30,2025-04-02
3000,1900001466,2024,001,31,200000,100027,16254.3,16254.3,H,2025-12-15,2025-12-26
3000,1900001466,2024,002,40,440000,,16254.3,16254.3,S,2025-12-15,2025-12-26
3000,1900001467,2024,001,31,200000,100000,12185.23,12185.23,H,2025-05-15,2025-07-21
3000,1900001467,2024,002,40,450000,,12185.23,12185.23,S,2025-05-15,2025-07-21
2000,1900001468,2025,001,31,200000,100000,5202.83,5202.83,H,2025-12-15,
2000,1900001468,2025,002,40,420000,,5202.83,5202.83,S,2025-12-15,
3000,1900001469,2025,001,31,200000,100027,5609.42,5609.42,H,2025-01-30,
3000,1900001469,2025,002,40,460000,,5609.42,5609.42,S,2025-01-30,
2000,1900001470,2024,001,31,200000,100046,24548.78,24548.78,H,2025-04-11,2025-04-19
2000,1900001470,2024,002,40,440000,,24548.78,24548.78,S,2025-04-11,2025-04-19
3000,1900001471,2024,001,31,200000,100048,13544.71,13544.71,H,2024-01-26,2024-03-06
3000,1900001471,2024,002,40,440000,,13544.71,13544.71,S,2024-01-26,2024-03-06
2000,1900001472,2025,001,31,200000,100041,9551.28,9551.28,H,2025-06-26,2025-08-21
2000,1900001472,2025,002,40,440000,,9551.28,9551.28,S,2025-06-26,2025-08-21
2000,1900001473,2024,001,31,200000,100057,9794.67,9794.67,H,2025-11-25,
2000,1900001473,2024,002,40,480000,,9794.67,9794.67,S,2025-11-25,
1000,1900001474,2024,001,31,200000,100058,24756.15,24756.15,H,2025-06-06,2025-06-12
1000,1900001474,2024,002,40,480000,,24756.15,24756.15,S,2025-06-06,2025-06-12
2000,1900001475,2024,001,31,200000,100034,14208.16,14208.16,H,2025-03-11,
2000,1900001475,2024,002,40,440000,,14208.16,14208.16,S,2025-03-11,
3000,1900001476,2025,001,31,200000,100012,14685.32,14685.32,H,2024-09-04,2024-10-15
3000,1900001476,2025,002,40,400000,,14685.32,14685.32,S,2024-09-04,2024-10-15
1000,1900001477,2024,001,31,200000,100028,11768.33,11768.33,H,2024-10-27,
1000,1900001477,2024,002,40,400000,,11768.33,11768.33,S,2024-10-27,
1000,1900001478,2024,001,31,200000,100053,8721.03,8721.03,H,2024-11-05,
1000,1900001478,2024,002,40,480000,,8721.03,8721.03,S,2024-11-05,
2000,1900001479,2024,001,31,200000,100029,6463.11,6463.11,H,2025-09-10,2025-10-05
2000,1900001479,2024,002,40,480000,,6463.11,6463.11,S,2025-09-10,2025-10-05
2000,1900001480,2024,001,31,200000,100007,8076.62,8076.62,H,2024-02-29,
2000,1900001480,2024,002,40,430000,,8076.62,8076.62,S,2024-02-29,
3000,1900001481,2024,001,31,200000,100022,19986.6,19986.6,H,2024-09-18,
3000,1900001481,2024,002,40,480000,,19986.6,19986.6,S,2024-09-18,
2000,1900001482,2025,001,31,200000,100005,7990.82,7990.82,H,2024-02-02,2024-02-21
2000,1900001482,2025,002,40,400000,,7990.82,7990.82,S,2024-02-02,2024-02-21
3000,1900001483,2025,001,31,200000,100015,12471.23,12471.23,H,2025-01-20,2025-03-26
3000,1900001483,2025,002,40,450000,,12471.23,12471.23,S,2025-01-20,2025-03-26
2000,1900001484,2024,001,31,200000,100053,16874.2,16874.2,H,2025-08-17,
2000,1900001484,2024,002,40,420000,,16874.2,16874.2,S,2025-08-17,
3000,1900001485,2024,001,31,200000,100016,23272.16,23272.16,H,2025-04-11,2025-06-16
3000,1900001485,2024,002,40,440000,,23272.16,23272.16,S,2025-04-11,2025-06-16
2000,1900001486,2025,001,31,200000,100044,2481.36,2481.36,H,2025-02-08,2025-04-15
2000,1900001486,2025,002,40,410000,,2481.36,2481.36,S,2025-02-08,2025-04-15
3000,1900001487,2024,001,31,200000,100021,18331.74,18331.74,H,2025-02-23,2025-04-21
3000,1900001487,2024,002,40,410000,,18331.74,18331.74,S,2025-02-23,2025-04-21
1000,1900001488,2025,001,31,200000,100005,9929.75,9929.75,H,2024-08-23,2024-09-12
1000,1900001488,2025,002,40,430000,,9929.75,9929.75,S,2024-08-23,2024-09-12
1000,1900001489,2025,001,31,200000,100031,20024.44,20024.44,H,2024-05-30,
1000,1900001489,2025,002,40,480000,,20024.44,20024.44,S,2024-05-30,
1000,1900001490,2024,001,31,200000,100012,10179.52,10179.52,H,2025-09-18,2025-10-28
1000,1900001490,2024,002,40,470000,,10179.52,10179.52,S,2025-09-18,2025-10-28
2000,1900001491,2024,001,31,200000,100030,9974.85,9974.85,H,2024-11-17,
2000,1900001491,2024,002,40,430000,,9974.85,9974.85,S,2024-11-17,
3000,1900001492,2024,001,31,200000,100007,8544.82,8544.82,H,2025-08-04,
3000,1900001492,2024,002,40,410000,,8544.82,8544.82,S,2025-08-04,
3000,1900001493,2024,001,31,200000,100033,22645.35,22645.35,H,2024-06-23,2024-07-07
3000,1900001493,2024,002,40,420000,,22645.35,22645.35,S,2024-06-23,2024-07-07
3000,1900001494,2025,001,31,200000,100046,22963.62,22963.62,H,2024-09-14,
3000,1900001494,2025,002,40,400000,,22963.62,22963.62,S,2024-09-14,
1000,1900001495,2024,001,31,200000,100057,4239.91,4239.91,H,2025-11-25,
1000,1900001495,2024,002,40,430000,,4239.91,4239.91,S,2025-11-25,
3000,1900001496,2024,001,31,200000,100043,15898.02,15898.02,H,2024-01-29,2024-03-28
3000,1900001496,2024,002,40,460000,,15898.02,15898.02,S,2024-01-29,2024-03-28
3000,1900001497,2024,001,31,200000,100048,4401.31,4401.31,H,2024-03-26,
3000,1900001497,2024,002,40,410000,,4401.31,4401.31,S,2024-03-26,
2000,1900001498,2025,001,31,200000,100006,561.61,561.61,H,2024-05-18,
2000,1900001498,2025,002,40,410000,,561.61,561.61,S,2024-05-18,
3000,1900001499,2024,001,31,200000,100002,12947.93,12947.93,H,2025-04-14,
3000,1900001499,2024,002,40,420000,,12947.93,12947.93,S,2025-04-14,
2000,1900001500,2024,001,31,200000,100059,16361.01,16361.01,H,2025-03-03,
2000,1900001500,2024,002,40,470000,,16361.01,16361.01,S,2025-03-03,
1000,1900001501,2025,001,31,200000,100054,21280.51,21280.51,H,2025-08-12,2025-09-14
1000,1900001501,2025,002,40,430000,,21280.51,21280.51,S,2025-08-12,2025-09-14
3000,1900001502,2024,001,31,200000,100028,22631.76,22631.76,H,2025-09-24,
3000,1900001502,2024,002,40,480000,,22631.76,22631.76,S,2025-09-24,
3000,1900001503,2024,001,31,200000,100004,9964.71,9964.71,H,2024-11-27,2025-01-24
3000,1900001503,2024,002,40,420000,,9964.71,9964.71,S,2024-11-27,2025-01-24
1000,1900001504,2025,001,31,200000,100029,18337.67,18337.67,H,2025-01-07,
1000,1900001504,2025,002,40,400000,,18337.67,18337.67,S,2025-01-07,
2000,1900001505,2024,001,31,200000,100021,15980.63,15980.63,H,2024-11-10,2025-01-16
2000,1900001505,2024,002,40,430000,,15980.63,15980.63,S,2024-11-10,2025-01-16
3000,1900001506,2024,001,31,200000,100026,20694.33,20694.33,H,2025-02-23,
3000,1900001506,2024,002,40,460000,,20694.33,20694.33,S,2025-02-23,
3000,1900001507,2025,001,31,200000,100043,10851.31,10851.31,H,2025-01-07,
3000,1900001507,2025,002,40,400000,,10851.31,10851.31,S,2025-01-07,
2000,1900001508,2025,001,31,200000,100044,18488.2,18488.2,H,2025-07-10,2025-08-06
2000,1900001508,2025,002,40,460000,,18488.2,18488.2,S,2025-07-10,2025-08-06
1000,1900001509,2024,001,31,200000,100058,21842.7,21842.7,H,2024-02-23,2024-05-03
1000,1900001509,2024,002,40,420000,,21842.7,21842.7,S,2024-02-23,2024-05-03
1000,1900001510,2025,001,31,200000,100037,22336.78,22336.78,H,2025-09-08,2025-10-25
1000,1900001510,2025,002,40,430000,,22336.78,22336.78,S,2025-09-08,2025-10-25
1000,1900001511,2025,001,31,200000,100057,20673.68,20673.68,H,2025-10-19,
1000,1900001511,2025,002,40,460000,,20673.68,20673.68,S,2025-10-19,
2000,1900001512,2025,001,31,200000,100051,21614.77,21614.77,H,2025-07-04,2025-07-09
2000,1900001512,2025,002,40,470000,,21614.77,21614.77,S,2025-07-04,2025-07-09
1000,1900001513,2025,001,31,200000,100007,19597.84,19597.84,H,2024-03-28,2024-05-08
1000,1900001513,2025,002,40,470000,,19597.84,19597.84,S,2024-03-28,2024-05-08
2000,1900001514,2024,001,31,200000,100029,18526.51,18526.51,H,2024-03-16,
2000,1900001514,2024,002,40,400000,,18526.51,18526.51,S,2024-03-16,
3000,1900001515,2025,001,31,200000,100039,12674.17,12674.17,H,2025-09-25,2025-10-02
3000,1900001515,2025,002,40,450000,,12674.17,12674.17,S,2025-09-25,2025-10-02
1000,1900001516,2025,001,31,200000,100026,6658.82,6658.82,H,2024-05-26,2024-07-10
1000,1900001516,2025,002,40,440000,,6658.82,6658.82,S,2024-05-26,2024-07-10
2000,1900001517,2025,001,31,200000,100020,1674.52,1674.52,H,2024-03-21,2024-05-20
2000,1900001517,2025,002,40,410000,,1674.52,1674.52,S,2024-03-21,2024-05-20
3000,1900001518,2025,001,31,200000,100039,11467.46,11467.46,H,2024-12-27,2025-01-20
3000,1900001518,2025,002,40,450000,,11467.46,11467.46,S,2024-12-27,2025-01-20
1000,1900001519,2025,001,31,200000,100046,8026.73,8026.73,H,2024-08-25,
1000,1900001519,2025,002,40,440000,,8026.73,8026.73,S,2024-08-25,
1000,1900001520,2025,001,31,200000,100044,6932.34,6932.34,H,2025-09-04,2025-09-25
1000,1900001520,2025,002,40,480000,,6932.34,6932.34,S,2025-09-04,2025-09-25
1000,1900001521,2025,001,31,200000,100035,618.25,618.25,H,2024-09-22,2024-10-18
1000,1900001521,2025,002,40,430000,,618.25,618.25,S,2024-09-22,2024-10-18
3000,1900001522,2025,001,31,200000,100037,14092.98,14092.98,H,2024-02-21,
3000,1900001522,2025,002,40,450000,,14092.98,14092.98,S,2024-02-21,
3000,1900001523,2024,001,31,200000,100018,6149.38,6149.38,H,2024-01-28,
3000,1900001523,2024,002,40,430000,,6149.38,6149.38,S,2024-01-28,
1000,1900001524,2024,001,31,200000,100010,22022.3,22022.3,H,2025-09-30,
1000,1900001524,2024,002,40,450000,,22022.3,22022.3,S,2025-09-30,
3000,1900001525,2024,001,31,200000,100010,17730.12,17730.12,H,2025-12-29,2026-02-20
3000,1900001525,2024,002,40,420000,,17730.12,17730.12,S,2025-12-29,2026-02-20
1000,1900001526,2025,001,31,200000,100031,9412.4,9412.4,H,2025-09-16,2025-11-16
1000,1900001526,2025,002,40,480000,,9412.4,9412.4,S,2025-09-16,2025-11-16
2000,1900001527,2024,001,31,200000,100058,6225.11,6225.11,H,2024-08-26,2024-10-07
2000,1900001527,2024,002,40,430000,,6225.11,6225.11,S,2024-08-26,2024-10-07
3000,1900001528,2024,001,31,200000,100024,2170.3,2170.3,H,2025-12-01,2026-02-09
3000,1900001528,2024,002,40,450000,,2170.3,2170.3,S,2025-12-01,2026-02-09
1000,1900001529,2024,001,31,200000,100029,23044.04,23044.04,H,2025-03-30,2025-04-05
1000,1900001529,2024,002,40,450000,,23044.04,23044.04,S,2025-03-30,2025-04-05
2000,1900001530,2024,001,31,200000,100003,15179.18,15179.18,H,2025-06-06,2025-06-12
2000,1900001530,2024,002,40,410000,,15179.18,15179.18,S,2025-06-06,2025-06-12
3000,1900001531,2025,001,31,200000,100027,15852.83,15852.83,H,2025-03-20,2025-05-01
3000,1900001531,2025,002,40,460000,,15852.83,15852.83,S,2025-03-20,2025-05-01
2000,1900001532,2025,001,31,200000,100013,639.6,639.6,H,2025-12-14,2026-01-25
2000,1900001532,2025,002,40,450000,,639.6,639.6,S,2025-12-14,2026-01-25
1000,1900001533,2024,001,31,200000,100016,17037.08,17037.08,H,2025-11-18,2026-01-21
1000,1900001533,2024,002,40,400000,,17037.08,17037.08,S,2025-11-18,2026-01-21
3000,1900001534,2024,001,31,200000,100015,2665.27,2665.27,H,2024-06-12,2024-08-20
3000,1900001534,2024,002,40,470000,,2665.27,2665.27,S,2024-06-12,2024-08-20
1000,1900001535,2025,001,31,200000,100030,19907.8,19907.8,H,2024-12-02,2024-12-11
1000,1900001535,2025,002,40,420000,,19907.8,19907.8,S,2024-12-02,2024-12-11
3000,1900001536,2024,001,31,200000,100052,1332.01,1332.01,H,2025-11-10,2025-11-21
3000,1900001536,2024,002,40,470000,,1332.01,1332.01,S,2025-11-10,2025-11-21
3000,1900001537,2024,001,31,200000,100031,10092.73,10092.73,H,2024-01-27,
3000,1900001537,2024,002,40,480000,,10092.73,10092.73,S,2024-01-27,
2000,1900001538,2024,001,31,200000,100057,15424.16,15424.16,H,2025-05-22,
2000,1900001538,2024,002,40,440000,,15424.16,15424.16,S,2025-05-22,
2000,1900001539,2025,001,31,200000,100043,17115.26,17115.26,H,2024-10-02,
2000,1900001539,2025,002,40,410000,,17115.26,17115.26,S,2024-10-02,
1000,1900001540,2024,001,31,200000,100047,15678.74,15678.74,H,2025-07-13,2025-08-02
1000,1900001540,2024,002,40,410000,,15678.74,15678.74,S,2025-07-13,2025-08-02
1000,1900001541,2024,001,31,200000,100054,12309.77,12309.77,H,2024-07-22,
1000,1900001541,2024,002,40,410000,,12309.77,12309.77,S,2024-07-22,
1000,1900001542,2024,001,31,200000,100041,23209.73,23209.73,H,2025-10-09,2025-10-24
1000,1900001542,2024,002,40,460000,,23209.73,23209.73,S,2025-10-09,2025-10-24
1000,1900001543,2025,001,31,200000,100026,1843.78,1843.78,H,2024-10-11,
1000,1900001543,2025,002,40,430000,,1843.78,1843.78,S,2024-10-11,
3000,1900001544,2024,001,31,200000,100008,9293.39,9293.39,H,2024-12-18,2024-12-26
3000,1900001544,2024,002,40,480000,,9293.39,9293.39,S,2024-12-18,2024-12-26
2000,1900001545,2024,001,31,200000,100000,483.62,483.62,H,2025-12-03,
2000,1900001545,2024,002,40,460000,,483.62,483.62,S,2025-12-03,
2000,1900001546,2025,001,31,200000,100007,4626.14,4626.14,H,2025-06-22,
2000,1900001546,2025,002,40,400000,,4626.14,4626.14,S,2025-06-22,
3000,1900001547,2025,001,31,200000,100053,1922.75,1922.75,H,2025-05-21,2025-07-13
3000,1900001547,2025,002,40,440000,,1922.75,1922.75,S,2025-05-21,2025-07-13
1000,1900001548,2025,001,31,200000,100021,800.18,800.18,H,2025-07-20,
1000,1900001548,2025,002,40,480000,,800.18,800.18,S,2025-07-20,
3000,1900001549,2025,001,31,200000,100026,12370.23,12370.23,H,2024-04-11,
3000,1900001549,2025,002,40,440000,,12370.23,12370.23,S,2024-04-11,
2000,1900001550,2025,001,31,200000,100023,11960.05,11960.05,H,2024-09-17,
2000,1900001550,2025,002,40,400000,,11960.05,11960.05,S,2024-09-17,
2000,1900001551,2024,001,31,200000,100049,23992.9,23992.9,H,2025-03-19,
2000,1900001551,2024,002,40,470000,,23992.9,23992.9,S,2025-03-19,
2000,1900001552,2025,001,31,200000,100046,1995.51,1995.51,H,2025-09-26,
2000,1900001552,2025,002,40,410000,,1995.51,1995.51,S,2025-09-26,
2000,1900001553,2024,001,31,200000,100023,830.53,830.53,H,2024-06-17,2024-08-21
2000,1900001553,2024,002,40,480000,,830.53,830.53,S,2024-06-17,2024-08-21
1000,1900001554,2024,001,31,200000,100009,2556.76,2556.76,H,2024-04-22,
1000,1900001554,2024,002,40,450000,,2556.76,2556.76,S,2024-04-22,
3000,1900001555,2024,001,31,200000,100049,21773.41,21773.41,H,2025-04-26,2025-06-12
3000,1900001555,2024,002,40,480000,,21773.41,21773.41,S,2025-04-26,2025-06-12
2000,1900001556,2024,001,31,200000,100032,14895.64,14895.64,H,2025-01-11,2025-02-13
2000,1900001556,2024,002,40,460000,,14895.64,14895.64,S,2025-01-11,2025-02-13
1000,1900001557,2024,001,31,200000,100038,14808.94,14808.94,H,2024-11-28,2025-01-07
1000,1900001557,2024,002,40,470000,,14808.94,14808.94,S,2024-11-28,2025-01-07
3000,1900001558,2025,001,31,200000,100026,20494.82,20494.82,H,2024-03-26,2024-04-27
3000,1900001558,2025,002,40,470000,,20494.82,20494.82,S,2024-03-26,2024-04-27
3000,1900001559,2024,001,31,200000,100058,4223.43,4223.43,H,2025-02-17,2025-02-22
3000,1900001559,2024,002,40,440000,,4223.43,4223.43,S,2025-02-17,2025-02-22
2000,1900001560,2025,001,31,200000,100017,21949.03,21949.03,H,2024-07-19,
2000,1900001560,2025,002,40,480000,,21949.03,21949.03,S,2024-07-19,
3000,1900001561,2024,001,31,200000,100019,253.19,253.19,H,2025-04-19,
3000,1900001561,2024,002,40,470000,,253.19,253.19,S,2025-04-19,
2000,1900001562,2024,001,31,200000,100012,5217.55,5217.55,H,2025-04-04,2025-06-03
2000,1900001562,2024,002,40,440000,,5217.55,5217.55,S,2025-04-04,2025-06-03
2000,1900001563,2025,001,31,200000,100036,13319.29,13319.29,H,2025-03-11,
2000,1900001563,2025,002,40,410000,,13319.29,13319.29,S,2025-03-11,
3000,1900001564,2025,001,31,200000,100045,5217.59,5217.59,H,2024-05-29,
3000,1900001564,2025,002,40,450000,,5217.59,5217.59,S,2024-05-29,
2000,1900001565,2024,001,31,200000,100038,24549.79,24549.79,H,2025-05-02,2025-06-07
2000,1900001565,2024,002,40,400000,,24549.79,24549.79,S,2025-05-02,2025-06-07
2000,1900001566,2025,001,31,200000,100046,22967.01,22967.01,H,2024-02-29,2024-03-06
2000,1900001566,2025,002,40,480000,,22967.01,22967.01,S,2024-02-29,2024-03-06
1000,1900001567,2025,001,31,200000,100001,22037.46,22037.46,H,2026-01-03,
1000,1900001567,2025,002,40,420000,,22037.46,22037.46,S,2026-01-03,
3000,1900001568,2024,001,31,200000,100031,7752.79,7752.79,H,2024-01-24,2024-02-05
3000,1900001568,2024,002,40,460000,,7752.79,7752.79,S,2024-01-24,2024-02-05
1000,1900001569,2025,001,31,200000,100047,3346.39,3346.39,H,2025-04-23,
1000,1900001569,2025,002,40,470000,,3346.39,3346.39,S,2025-04-23,
1000,1900001570,2025,001,31,200000,100005,219.62,219.62,H,2025-06-12,2025-06-29
1000,1900001570,2025,002,40,470000,,219.62,219.62,S,2025-06-12,2025-06-29
3000,1900001571,2025,001,31,200000,100029,3391.65,3391.65,H,2024-08-28,
3000,1900001571,2025,002,40,460000,,3391.65,3391.65,S,2024-08-28,
2000,1900001572,2024,001,31,200000,100006,3040.74,3040.74,H,2025-11-03,
2000,1900001572,2024,002,40,400000,,3040.74,3040.74,S,2025-11-03,
2000,1900001573,2024,001,31,200000,100053,16190.51,16190.51,H,2025-02-28,
2000,1900001573,2024,002,40,440000,,16190.51,16190.51,S,2025-02-28,
1000,1900001574,2024,001,31,200000,100046,21896.69,21896.69,H,2024-08-30,2024-10-28
1000,1900001574,2024,002,40,480000,,21896.69,21896.69,S,2024-08-30,2024-10-28
2000,1900001575,2024,001,31,200000,100011,7437.14,7437.14,H,2025-10-16,
2000,1900001575,2024,002,40,420000,,7437.14,7437.14,S,2025-10-16,
1000,1900001576,2024,001,31,200000,100006,14656.95,14656.95,H,2025-01-27,2025-04-04
1000,1900001576,2024,002,40,470000,,14656.95,14656.95,S,2025-01-27,2025-04-04
2000,1900001577,2025,001,31,200000,100004,9473.39,9473.39,H,2025-12-01,2026-01-24
2000,1900001577,2025,002,40,400000,,9473.39,9473.39,S,2025-12-01,2026-01-24
2000,1900001578,2025,001,31,200000,100054,6379.03,6379.03,H,2025-11-20,2025-11-28
2000,1900001578,2025,002,40,410000,,6379.03,6379.03,S,2025-11-20,2025-11-28
3000,1900001579,2025,001,31,200000,100025,8952.86,8952.86,H,2024-01-22,2024-02-03
3000,1900001579,2025,002,40,470000,,8952.86,8952.86,S,2024-01-22,2024-02-03
2000,1900001580,2025,001,31,200000,100000,16174.52,16174.52,H,2024-03-21,2024-05-13
2000,1900001580,2025,002,40,430000,,16174.52,16174.52,S,2024-03-21,2024-05-13
1000,1900001581,2024,001,31,200000,100012,12294.07,12294.07,H,2025-10-30,2025-12-17
1000,1900001581,2024,002,40,460000,,12294.07,12294.07,S,2025-10-30,2025-12-17
1000,1900001582,2025,001,31,200000,100017,24119.63,24119.63,H,2025-01-10,2025-02-28
1000,1900001582,2025,002,40,430000,,24119.63,24119.63,S,2025-01-10,2025-02-28
3000,1900001583,2025,001,31,200000,100014,2472.33,2472.33,H,2025-06-03,
3000,1900001583,2025,002,40,400000,,2472.33,2472.33,S,2025-06-03,
3000,1900001584,2024,001,31,200000,100040,8158.64,8158.64,H,2025-06-05,2025-08-01
3000,1900001584,2024,002,40,460000,,8158.64,8158.64,S,2025-06-05,2025-08-01
3000,1900001585,2025,001,31,200000,100002,24265.43,24265.43,H,2024-07-16,2024-07-28
3000,1900001585,2025,002,40,450000,,24265.43,24265.43,S,2024-07-16,2024-07-28
1000,1900001586,2024,001,31,200000,100023,6723.85,6723.85,H,2025-06-19,
1000,1900001586,2024,002,40,430000,,6723.85,6723.85,S,2025-06-19,
2000,1900001587,2024,001,31,200000,100035,1718.67,1718.67,H,2025-03-25,2025-06-01
2000,1900001587,2024,002,40,470000,,1718.67,1718.67,S,2025-03-25,2025-06-01
2000,1900001588,2025,001,31,200000,100042,12283.6,12283.6,H,2024-09-13,
2000,1900001588,2025,002,40,440000,,12283.6,12283.6,S,2024-09-13,
2000,1900001589,2025,001,31,200000,100008,3777.29,3777.29,H,2025-04-22,2025-06-28
2000,1900001589,2025,002,40,440000,,3777.29,3777.29,S,2025-04-22,2025-06-28
2000,1900001590,2024,001,31,200000,100031,12594.45,12594.45,H,2025-02-22,
2000,1900001590,2024,002,40,430000,,12594.45,12594.45,S,2025-02-22,
1000,1900001591,2024,001,31,200000,100059,7685.51,7685.51,H,2024-09-03,2024-09-30
1000,1900001591,2024,002,40,450000,,7685.51,7685.51,S,2024-09-03,2024-09-30
3000,1900001592,2024,001,31,200000,100023,17797.01,17797.01,H,2024-06-25,
3000,1900001592,2024,002,40,440000,,17797.01,17797.01,S,2024-06-25,
3000,1900001593,2024,001,31,200000,100054,3668.42,3668.42,H,2024-06-10,2024-07-11
3000,1900001593,2024,002,40,430000,,3668.42,3668.42,S,2024-06-10,2024-07-11
3000,1900001594,2025,001,31,200000,100045,13126.01,13126.01,H,2024-07-12,
3000,1900001594,2025,002,40,480000,,13126.01,13126.01,S,2024-07-12,
3000,1900001595,2024,001,31,200000,100008,6795.62,6795.62,H,2025-02-17,
3000,1900001595,2024,002,40,410000,,6795.62,6795.62,S,2025-02-17,
3000,1900001596,2024,001,31,200000,100022,23016.7,23016.7,H,2024-09-17,2024-11-04
3000,1900001596,2024,002,40,420000,,23016.7,23016.7,S,2024-09-17,2024-11-04
2000,1900001597,2025,001,31,200000,100045,21151.13,21151.13,H,2024-11-09,2024-12-26
2000,1900001597,2025,002,40,410000,,21151.13,21151.13,S,2024-11-09,2024-12-26
2000,1900001598,2025,001,31,200000,100038,9393.53,9393.53,H,2024-03-12,2024-04-17
2000,1900001598,2025,002,40,450000,,9393.53,9393.53,S,2024-03-12,2024-04-17
3000,1900001599,2025,001,31,200000,100013,7567.39,7567.39,H,2025-10-10,
3000,1900001599,2025,002,40,470000,,7567.39,7567.39,S,2025-10-10,
3000,1900001600,2025,001,31,200000,100036,15715.28,15715.28,H,2024-11-30,2025-01-30
3000,1900001600,2025,002,40,440000,,15715.28,15715.28,S,2024-11-30,2025-01-30
3000,1900001601,2024,001,31,200000,100023,12220.46,12220.46,H,2025-06-23,2025-08-25
3000,1900001601,2024,002,40,480000,,12220.46,12220.46,S,2025-06-23,2025-08-25
2000,1900001602,2024,001,31,200000,100032,6393.18,6393.18,H,2025-07-17,
2000,1900001602,2024,002,40,460000,,6393.18,6393.18,S,2025-07-17,
1000,1900001603,2024,001,31,200000,100026,8883.66,8883.66,H,2024-08-29,
1000,1900001603,2024,002,40,420000,,8883.66,8883.66,S,2024-08-29,
3000,1900001604,2025,001,31,200000,100005,9185.24,9185.24,H,2024-05-12,
3000,1900001604,2025,002,40,480000,,9185.24,9185.24,S,2024-05-12,
1000,1900001605,2024,001,31,200000,100017,4887.16,4887.16,H,2024-01-21,2024-02-26
1000,1900001605,2024,002,40,440000,,4887.16,4887.16,S,2024-01-21,2024-02-26
3000,1900001606,2024,001,31,200000,100037,7922.8,7922.8,H,2025-12-19,
3000,1900001606,2024,002,40,440000,,7922.8,7922.8,S,2025-12-19,
3000,1900001607,2024,001,31,200000,100000,2908.5,2908.5,H,2025-08-20,2025-10-01
3000,1900001607,2024,002,40,470000,,2908.5,2908.5,S,2025-08-20,2025-10-01
2000,1900001608,2024,001,31,200000,100025,17076.74,17076.74,H,2025-10-23,
2000,1900001608,2024,002,40,420000,,17076.74,17076.74,S,2025-10-23,
2000,1900001609,2025,001,31,200000,100021,23528.23,23528.23,H,2025-10-30,
2000,1900001609,2025,002,40,440000,,23528.23,23528.23,S,2025-10-30,
2000,1900001610,2025,001,31,200000,100000,16920.17,16920.17,H,2025-12-28,
2000,1900001610,2025,002,40,470000,,16920.17,16920.17,S,2025-12-28,
2000,1900001611,2024,001,31,200000,100056,17493.23,17493.23,H,2025-04-01,2025-05-25
2000,1900001611,2024,002,40,480000,,17493.23,17493.23,S,2025-04-01,2025-05-25
2000,1900001612,2024,001,31,200000,100058,20860.0,20860.0,H,2025-09-08,
2000,1900001612,2024,002,40,470000,,20860.0,20860.0,S,2025-09-08,
2000,1900001613,2024,001,31,200000,100003,547.43,547.43,H,2025-08-08,2025-09-06
2000,1900001613,2024,002,40,400000,,547.43,547.43,S,2025-08-08,2025-09-06
3000,1900001614,2025,001,31,200000,100004,18393.89,18393.89,H,2025-07-08,
3000,1900001614,2025,002,40,400000,,18393.89,18393.89,S,2025-07-08,
3000,1900001615,2024,001,31,200000,100010,15519.44,15519.44,H,2024-04-13,2024-05-25
3000,1900001615,2024,002,40,400000,,15519.44,15519.44,S,2024-04-13,2024-05-25
2000,1900001616,2025,001,31,200000,100032,10635.39,10635.39,H,2024-09-10,
2000,1900001616,2025,002,40,460000,,10635.39,10635.39,S,2024-09-10,
3000,1900001617,2024,001,31,200000,100052,13212.04,13212.04,H,2025-04-09,2025-05-14
3000,1900001617,2024,002,40,480000,,13212.04,13212.04,S,2025-04-09,2025-05-14
3000,1900001618,2024,001,31,200000,100036,24769.15,24769.15,H,2025-03-06,
3000,1900001618,2024,002,40,400000,,24769.15,24769.15,S,2025-03-06,
1000,1900001619,2024,001,31,200000,100042,837.97,837.97,H,2025-08-20,2025-10-29
1000,1900001619,2024,002,40,400000,,837.97,837.97,S,2025-08-20,2025-10-29
2000,1900001620,2025,001,31,200000,100019,8438.06,8438.06,H,2024-01-01,
2000,1900001620,2025,002,40,480000,,8438.06,8438.06,S,2024-01-01,
1000,1900001621,2025,001,31,200000,100055,18456.85,18456.85,H,2025-02-14,2025-03-10
1000,1900001621,2025,002,40,400000,,18456.85,18456.85,S,2025-02-14,2025-03-10
3000,1900001622,2025,001,31,200000,100023,11466.72,11466.72,H,2024-07-14,
3000,1900001622,2025,002,40,480000,,11466.72,11466.72,S,2024-07-14,
2000,1900001623,2025,001,31,200000,100050,18500.91,18500.91,H,2025-03-14,2025-04-14
2000,1900001623,2025,002,40,470000,,18500.91,18500.91,S,2025-03-14,2025-04-14
3000,1900001624,2025,001,31,200000,100002,2998.64,2998.64,H,2025-02-05,
3000,1900001624,2025,002,40,450000,,2998.64,2998.64,S,2025-02-05,
2000,1900001625,2025,001,31,200000,100059,24804.93,24804.93,H,2024-03-14,
2000,1900001625,2025,002,40,400000,,24804.93,24804.93,S,2024-03-14,
1000,1900001626,2025,001,31,200000,100058,18399.59,18399.59,H,2024-05-12,2024-06-07
1000,1900001626,2025,002,40,440000,,18399.59,18399.59,S,2024-05-12,2024-06-07
3000,1900001627,2025,001,31,200000,100037,14053.43,14053.43,H,2024-06-12,
3000,1900001627,2025,002,40,480000,,14053.43,14053.43,S,2024-06-12,
1000,1900001628,2025,001,31,200000,100019,4353.85,4353.85,H,2024-11-13,2024-12-13
1000,1900001628,2025,002,40,480000,,4353.85,4353.85,S,2024-11-13,2024-12-13
3000,1900001629,2025,001,31,200000,100057,12285.73,12285.73,H,2025-10-18,2025-12-03
3000,1900001629,2025,002,40,450000,,12285.73,12285.73,S,2025-10-18,2025-12-03
3000,1900001630,2024,001,31,200000,100003,19326.96,19326.96,H,2025-09-17,2025-10-22
3000,1900001630,2024,002,40,450000,,19326.96,19326.96,S,2025-09-17,2025-10-22
3000,1900001631,2025,001,31,200000,100015,11497.37,11497.37,H,2025-06-02,2025-08-11
3000,1900001631,2025,002,40,430000,,11497.37,11497.37,S,2025-06-02,2025-08-11
3000,1900001632,2024,001,31,200000,100034,12987.87,12987.87,H,2024-08-13,2024-10-12
3000,1900001632,2024,002,40,410000,,12987.87,12987.87,S,2024-08-13,2024-10-12
2000,1900001633,2025,001,31,200000,100044,24008.63,24008.63,H,2024-12-26,2025-02-15
2000,1900001633,2025,002,40,430000,,24008.63,24008.63,S,2024-12-26,2025-02-15
3000,1900001634,2025,001,31,200000,100006,10352.65,10352.65,H,2024-06-06,
3000,1900001634,2025,002,40,400000,,10352.65,10352.65,S,2024-06-06,
3000,1900001635,2025,001,31,200000,100004,1799.21,1799.21,H,2025-09-18,2025-11-03
3000,1900001635,2025,002,40,420000,,1799.21,1799.21,S,2025-09-18,2025-11-03
1000,1900001636,2024,001,31,200000,100001,19562.57,19562.57,H,2025-04-24,2025-05-11
1000,1900001636,2024,002,40,440000,,19562.57,19562.57,S,2025-04-24,2025-05-11
1000,1900001637,2025,001,31,200000,100010,20277.93,20277.93,H,2025-07-08,2025-07-28
1000,1900001637,2025,002,40,470000,,20277.93,20277.93,S,2025-07-08,2025-07-28
2000,1900001638,2024,001,31,200000,100026,19623.41,19623.41,H,2024-10-15,
2000,1900001638,2024,002,40,470000,,19623.41,19623.41,S,2024-10-15,
3000,1900001639,2025,001,31,200000,100013,14492.66,14492.66,H,2024-02-13,
3000,1900001639,2025,002,40,420000,,14492.66,14492.66,S,2024-02-13,
2000,1900001640,2025,001,31,200000,100012,8795.55,8795.55,H,2025-06-16,2025-06-23
2000,1900001640,2025,002,40,470000,,8795.55,8795.55,S,2025-06-16,2025-06-23
3000,1900001641,2024,001,31,200000,100028,14024.7,14024.7,H,2024-01-22,2024-03-12
3000,1900001641,2024,002,40,470000,,14024.7,14024.7,S,2024-01-22,2024-03-12
1000,1900001642,2024,001,31,200000,100025,7273.57,7273.57,H,2025-08-09,
1000,1900001642,2024,002,40,450000,,7273.57,7273.57,S,2025-08-09,
1000,1900001643,2024,001,31,200000,100007,22709.3,22709.3,H,2024-06-04,
1000,1900001643,2024,002,40,450000,,22709.3,22709.3,S,2024-06-04,
3000,1900001644,2025,001,31,200000,100015,10657.37,10657.37,H,2025-01-22,
3000,1900001644,2025,002,40,480000,,10657.37,10657.37,S,2025-01-22,
1000,1900001645,2024,001,31,200000,100005,528.92,528.92,H,2025-09-11,
1000,1900001645,2024,002,40,480000,,528.92,528.92,S,2025-09-11,
1000,1900001646,2024,001,31,200000,100000,21458.29,21458.29,H,2024-08-07,
1000,1900001646,2024,002,40,420000,,21458.29,21458.29,S,2024-08-07,
3000,1900001647,2025,001,31,200000,100000,19661.11,19661.11,H,2025-12-02,2025-12-07
3000,1900001647,2025,002,40,420000,,19661.11,19661.11,S,2025-12-02,2025-12-07
3000,1900001648,2025,001,31,200000,100053,17376.95,17376.95,H,2024-05-02,2024-07-03
3000,1900001648,2025,002,40,420000,,17376.95,17376.95,S,2024-05-02,2024-07-03
1000,1900001649,2025,001,31,200000,100047,15613.04,15613.04,H,2025-03-11,2025-05-15
1000,1900001649,2025,002,40,470000,,15613.04,15613.04,S,2025-03-11,2025-05-15
3000,1900001650,2024,001,31,200000,100012,12084.27,12084.27,H,2024-10-25,
3000,1900001650,2024,002,40,460000,,12084.27,12084.27,S,2024-10-25,
2000,1900001651,2025,001,31,200000,100028,13379.36,13379.36,H,2024-03-01,
2000,1900001651,2025,002,40,420000,,13379.36,13379.36,S,2024-03-01,
2000,1900001652,2025,001,31,200000,100016,2543.36,2543.36,H,2024-02-04,2024-02-16
2000,1900001652,2025,002,40,400000,,2543.36,2543.36,S,2024-02-04,2024-02-16
2000,1900001653,2025,001,31,200000,100007,6822.46,6822.46,H,2025-03-04,2025-03-19
2000,1900001653,2025,002,40,480000,,6822.46,6822.46,S,2025-03-04,2025-03-19
2000,1900001654,2025,001,31,200000,100058,17013.33,17013.33,H,2024-05-17,
2000,1900001654,2025,002,40,400000,,17013.33,17013.33,S,2024-05-17,
1000,1900001655,2025,001,31,200000,100026,21915.69,21915.69,H,2025-08-03,2025-09-04
1000,1900001655,2025,002,40,460000,,21915.69,21915.69,S,2025-08-03,2025-09-04
3000,1900001656,2025,001,31,200000,100023,21254.54,21254.54,H,2024-07-14,2024-09-14
3000,1900001656,2025,002,40,450000,,21254.54,21254.54,S,2024-07-14,2024-09-14
3000,1900001657,2024,001,31,200000,100018,12821.29,12821.29,H,2024-05-24,2024-07-17
3000,1900001657,2024,002,40,480000,,12821.29,12821.29,S,2024-05-24,2024-07-17
1000,1900001658,2024,001,31,200000,100018,6830.86,6830.86,H,2025-03-15,2025-05-20
1000,1900001658,2024,002,40,480000,,6830.86,6830.86,S,2025-03-15,2025-05-20
3000,1900001659,2025,001,31,200000,100029,11929.78,11929.78,H,2024-11-17,
3000,1900001659,2025,002,40,400000,,11929.78,11929.78,S,2024-11-17,
2000,1900001660,2024,001,31,200000,100033,10249.19,10249.19,H,2024-12-28,
2000,1900001660,2024,002,40,430000,,10249.19,10249.19,S,2024-12-28,
1000,1900001661,2024,001,31,200000,100046,8858.23,8858.23,H,2025-10-02,2025-12-11
1000,1900001661,2024,002,40,440000,,8858.23,8858.23,S,2025-10-02,2025-12-11
3000,1900001662,2024,001,31,200000,100049,17297.96,17297.96,H,2024-10-20,
3000,1900001662,2024,002,40,400000,,17297.96,17297.96,S,2024-10-20,
1000,1900001663,2025,001,31,200000,100042,19175.74,19175.74,H,2025-01-30,2025-03-30
1000,1900001663,2025,002,40,450000,,19175.74,19175.74,S,2025-01-30,2025-03-30
1000,1900001664,2024,001,31,200000,100027,2790.31,2790.31,H,2024-03-12,2024-04-01
1000,1900001664,2024,002,40,430000,,2790.31,2790.31,S,2024-03-12,2024-04-01
1000,1900001665,2025,001,31,200000,100044,15497.64,15497.64,H,2025-01-12,
1000,1900001665,2025,002,40,440000,,15497.64,15497.64,S,2025-01-12,
3000,1900001666,2024,001,31,200000,100027,16696.25,16696.25,H,2025-06-21,
3000,1900001666,2024,002,40,420000,,16696.25,16696.25,S,2025-06-21,
1000,1900001667,2024,001,31,200000,100019,11614.56,11614.56,H,2025-11-18,2026-01-21
1000,1900001667,2024,002,40,410000,,11614.56,11614.56,S,2025-11-18,2026-01-21
2000,1900001668,2025,001,31,200000,100050,17399.88,17399.88,H,2024-04-25,2024-06-27
2000,1900001668,2025,002,40,440000,,17399.88,17399.88,S,2024-04-25,2024-06-27
2000,1900001669,2025,001,31,200000,100056,20779.58,20779.58,H,2025-01-23,2025-01-28
2000,1900001669,2025,002,40,480000,,20779.58,20779.58,S,2025-01-23,2025-01-28
2000,1900001670,2025,001,31,200000,100057,24870.3,24870.3,H,2025-03-25,
2000,1900001670,2025,002,40,460000,,24870.3,24870.3,S,2025-03-25,
2000,1900001671,2025,001,31,200000,100009,24970.65,24970.65,H,2025-04-28,
2000,1900001671,2025,002,40,440000,,24970.65,24970.65,S,2025-04-28,
1000,1900001672,2024,001,31,200000,100026,13423.69,13423.69,H,2025-12-18,
1000,1900001672,2024,002,40,480000,,13423.69,13423.69,S,2025-12-18,
2000,1900001673,2024,001,31,200000,100020,2448.9,2448.9,H,2025-10-14,2025-12-19
2000,1900001673,2024,002,40,470000,,2448.9,2448.9,S,2025-10-14,2025-12-19
1000,1900001674,2024,001,31,200000,100021,16912.58,16912.58,H,2024-11-23,2024-12-22
1000,1900001674,2024,002,40,410000,,16912.58,16912.58,S,2024-11-23,2024-12-22
3000,1900001675,2025,001,31,200000,100004,4231.59,4231.59,H,2025-10-13,
3000,1900001675,2025,002,40,470000,,4231.59,4231.59,S,2025-10-13,
2000,1900001676,2025,001,31,200000,100051,19745.52,19745.52,H,2024-02-12,2024-03-12
2000,1900001676,2025,002,40,410000,,19745.52,19745.52,S,2024-02-12,2024-03-12
1000,1900001677,2025,001,31,200000,100024,8100.17,8100.17,H,2024-01-23,2024-03-06
1000,1900001677,2025,002,40,400000,,8100.17,8100.17,S,2024-01-23,2024-03-06
1000,1900001678,2025,001,31,200000,100059,23175.65,23175.65,H,2025-06-30,2025-08-30
1000,1900001678,2025,002,40,460000,,23175.65,23175.65,S,2025-06-30,2025-08-30
1000,1900001679,2024,001,31,200000,100053,16081.51,16081.51,H,2025-08-01,2025-08-17
1000,1900001679,2024,002,40,430000,,16081.51,16081.51,S,2025-08-01,2025-08-17
2000,1900001680,2024,001,31,200000,100005,21697.14,21697.14,H,2024-09-07,
2000,1900001680,2024,002,40,480000,,21697.14,21697.14,S,2024-09-07,
3000,1900001681,2025,001,31,200000,100017,22984.98,22984.98,H,2024-12-26,
3000,1900001681,2025,002,40,430000,,22984.98,22984.98,S,2024-12-26,
3000,1900001682,2025,001,31,200000,100023,14658.43,14658.43,H,2024-09-26,
3000,1900001682,2025,002,40,420000,,14658.43,14658.43,S,2024-09-26,
1000,1900001683,2024,001,31,200000,100030,24122.6,24122.6,H,2025-06-12,
1000,1900001683,2024,002,40,450000,,24122.6,24122.6,S,2025-06-12,
1000,1900001684,2025,001,31,200000,100036,19193.24,19193.24,H,2024-03-20,2024-05-23
1000,1900001684,2025,002,40,440000,,19193.24,19193.24,S,2024-03-20,2024-05-23
1000,1900001685,2024,001,31,200000,100009,15003.84,15003.84,H,2024-04-17,2024-06-13
1000,1900001685,2024,002,40,430000,,15003.84,15003.84,S,2024-04-17,2024-06-13
1000,1900001686,2024,001,31,200000,100024,5297.25,5297.25,H,2024-02-27,2024-03-07
1000,1900001686,2024,002,40,420000,,5297.25,5297.25,S,2024-02-27,2024-03-07
1000,1900001687,2025,001,31,200000,100034,271.39,271.39,H,2024-02-18,2024-04-25
1000,1900001687,2025,002,40,460000,,271.39,271.39,S,2024-02-18,2024-04-25
1000,1900001688,2025,001,31,200000,100018,5349.17,5349.17,H,2024-10-08,2024-10-13
1000,1900001688,2025,002,40,420000,,5349.17,5349.17,S,2024-10-08,2024-10-13
3000,1900001689,2025,001,31,200000,100013,6291.83,6291.83,H,2025-01-20,2025-03-01
3000,1900001689,2025,002,40,410000,,6291.83,6291.83,S,2025-01-20,2025-03-01
3000,1900001690,2024,001,31,200000,100052,20156.37,20156.37,H,2024-07-06,2024-09-12
3000,1900001690,2024,002,40,400000,,20156.37,20156.37,S,2024-07-06,2024-09-12
3000,1900001691,2024,001,31,200000,100039,9127.67,9127.67,H,2024-06-03,2024-06-19
3000,1900001691,2024,002,40,440000,,9127.67,9127.67,S,2024-06-03,2024-06-19
3000,1900001692,2025,001,31,200000,100051,21390.68,21390.68,H,2024-08-23,
3000,1900001692,2025,002,40,420000,,21390.68,21390.68,S,2024-08-23,
3000,1900001693,2024,001,31,200000,100013,9273.23,9273.23,H,2025-01-29,
3000,1900001693,2024,002,40,440000,,9273.23,9273.23,S,2025-01-29,
2000,1900001694,2024,001,31,200000,100031,15910.81,15910.81,H,2025-02-01,2025-03-09
2000,1900001694,2024,002,40,450000,,15910.81,15910.81,S,2025-02-01,2025-03-09
3000,1900001695,2025,001,31,200000,100031,6560.45,6560.45,H,2024-06-07,2024-07-28
3000,1900001695,2025,002,40,430000,,6560.45,6560.45,S,2024-06-07,2024-07-28
2000,1900001696,2025,001,31,200000,100020,24836.63,24836.63,H,2024-03-19,2024-03-24
2000,1900001696,2025,002,40,440000,,24836.63,24836.63,S,2024-03-19,2024-03-24
3000,1900001697,2025,001,31,200000,100028,11937.12,11937.12,H,2025-09-11,2025-10-07
3000,1900001697,2025,002,40,430000,,11937.12,11937.12,S,2025-09-11,2025-10-07
3000,1900001698,2024,001,31,200000,100004,18849.84,18849.84,H,2025-05-18,2025-06-20
3000,1900001698,2024,002,40,430000,,18849.84,18849.84,S,2025-05-18,2025-06-20
2000,1900001699,2024,001,31,200000,100005,6148.56,6148.56,H,2025-01-04,2025-01-17
2000,1900001699,2024,002,40,480000,,6148.56,6148.56,S,2025-01-04,2025-01-17
1000,1900001700,2024,001,31,200000,100056,15390.6,15390.6,H,2024-09-24,2024-11-06
1000,1900001700,2024,002,40,480000,,15390.6,15390.6,S,2024-09-24,2024-11-06
3000,1900001701,2024,001,31,200000,100051,1286.13,1286.13,H,2025-07-27,
3000,1900001701,2024,002,40,450000,,1286.13,1286.13,S,2025-07-27,
3000,1900001702,2025,001,31,200000,100024,22704.51,22704.51,H,2024-08-02,
3000,1900001702,2025,002,40,420000,,22704.51,22704.51,S,2024-08-02,
2000,1900001703,2025,001,31,200000,100051,16910.15,16910.15,H,2024-01-05,
2000,1900001703,2025,002,40,440000,,16910.15,16910.15,S,2024-01-05,
3000,1900001704,2025,001,31,200000,100001,2744.23,2744.23,H,2025-01-14,2025-01-20
3000,1900001704,2025,002,40,450000,,2744.23,2744.23,S,2025-01-14,2025-01-20
2000,1900001705,2025,001,31,200000,100038,19587.88,19587.88,H,2025-02-07,2025-02-16
2000,1900001705,2025,002,40,460000,,19587.88,19587.88,S,2025-02-07,2025-02-16
3000,1900001706,2025,001,31,200000,100028,12521.56,12521.56,H,2025-02-14,2025-03-08
3000,1900001706,2025,002,40,420000,,12521.56,12521.56,S,2025-02-14,2025-03-08
2000,1900001707,2024,001,31,200000,100001,6451.03,6451.03,H,2024-07-05,
2000,1900001707,2024,002,40,460000,,6451.03,6451.03,S,2024-07-05,
3000,1900001708,2025,001,31,200000,100051,21711.61,21711.61,H,2025-08-10,2025-10-14
3000,1900001708,2025,002,40,410000,,21711.61,21711.61,S,2025-08-10,2025-10-14
2000,1900001709,2025,001,31,200000,100006,8629.05,8629.05,H,2025-01-26,
2000,1900001709,2025,002,40,410000,,8629.05,8629.05,S,2025-01-26,
2000,1900001710,2024,001,31,200000,100005,24402.64,24402.64,H,2024-05-30,
2000,1900001710,2024,002,40,460000,,24402.64,24402.64,S,2024-05-30,
3000,1900001711,2024,001,31,200000,100025,4111.34,4111.34,H,2024-05-28,2024-06-17
3000,1900001711,2024,002,40,440000,,4111.34,4111.34,S,2024-05-28,2024-06-17
1000,1900001712,2025,001,31,200000,100057,7331.61,7331.61,H,2024-05-19,
1000,1900001712,2025,002,40,420000,,7331.61,7331.61,S,2024-05-19,
1000,1900001713,2024,001,31,200000,100040,4436.08,4436.08,H,2025-09-01,
1000,1900001713,2024,002,40,420000,,4436.08,4436.08,S,2025-09-01,
2000,1900001714,2025,001,31,200000,100056,573.88,573.88,H,2025-12-20,
2000,1900001714,2025,002,40,420000,,573.88,573.88,S,2025-12-20,
2000,1900001715,2025,001,31,200000,100037,13705.42,13705.42,H,2025-09-11,2025-10-19
2000,1900001715,2025,002,40,430000,,13705.42,13705.42,S,2025-09-11,2025-10-19
2000,1900001716,2024,001,31,200000,100023,14265.93,14265.93,H,2025-08-26,2025-09-29
2000,1900001716,2024,002,40,450000,,14265.93,14265.93,S,2025-08-26,2025-09-29
3000,1900001717,2025,001,31,200000,100014,24334.8,24334.8,H,2025-09-12,
3000,1900001717,2025,002,40,470000,,24334.8,24334.8,S,2025-09-12,
1000,1900001718,2024,001,31,200000,100009,17469.06,17469.06,H,2024-10-19,
1000,1900001718,2024,002,40,470000,,17469.06,17469.06,S,2024-10-19,
3000,1900001719,2024,001,31,200000,100021,18889.72,18889.72,H,2024-03-02,2024-05-04
3000,1900001719,2024,002,40,470000,,18889.72,18889.72,S,2024-03-02,2024-05-04
1000,1900001720,2025,001,31,200000,100022,1914.05,1914.05,H,2024-08-11,
1000,1900001720,2025,002,40,480000,,1914.05,1914.05,S,2024-08-11,
2000,1900001721,2024,001,31,200000,100050,15015.89,15015.89,H,2025-04-21,2025-05-26
2000,1900001721,2024,002,40,460000,,15015.89,15015.89,S,2025-04-21,2025-05-26
3000,1900001722,2024,001,31,200000,100046,18088.76,18088.76,H,2024-07-11,
3000,1900001722,2024,002,40,470000,,18088.76,18088.76,S,2024-07-11,
3000,1900001723,2025,001,31,200000,100044,12349.1,12349.1,H,2025-03-07,2025-04-06
3000,1900001723,2025,002,40,460000,,12349.1,12349.1,S,2025-03-07,2025-04-06
3000,1900001724,2025,001,31,200000,100057,20328.97,20328.97,H,2024-10-27,2024-12-31
3000,1900001724,2025,002,40,470000,,20328.97,20328.97,S,2024-10-27,2024-12-31
1000,1900001725,2024,001,31,200000,100006,18582.87,18582.87,H,2025-07-15,2025-08-13
1000,1900001725,2024,002,40,480000,,18582.87,18582.87,S,2025-07-15,2025-08-13
2000,1900001726,2024,001,31,200000,100032,14931.4,14931.4,H,2025-03-19,
2000,1900001726,2024,002,40,420000,,14931.4,14931.4,S,2025-03-19,
1000,1900001727,2025,001,31,200000,100047,13146.69,13146.69,H,2024-08-17,2024-09-16
1000,1900001727,2025,002,40,480000,,13146.69,13146.69,S,2024-08-17,2024-09-16
3000,1900001728,2025,001,31,200000,100034,4250.81,4250.81,H,2024-07-04,
3000,1900001728,2025,002,40,400000,,4250.81,4250.81,S,2024-07-04,
1000,1900001729,2024,001,31,200000,100036,19330.99,19330.99,H,2025-11-28,2026-01-09
1000,1900001729,2024,002,40,400000,,19330.99,19330.99,S,2025-11-28,2026-01-09
2000,1900001730,2025,001,31,200000,100056,7622.5,7622.5,H,2024-04-10,
2000,1900001730,2025,002,40,450000,,7622.5,7622.5,S,2024-04-10,
3000,1900001731,2024,001,31,200000,100055,6440.67,6440.67,H,2025-08-28,2025-10-28
3000,1900001731,2024,002,40,400000,,6440.67,6440.67,S,2025-08-28,2025-10-28
1000,1900001732,2025,001,31,200000,100018,5668.8,5668.8,H,2025-10-26,2025-12-14
1000,1900001732,2025,002,40,400000,,5668.8,5668.8,S,2025-10-26,2025-12-14
2000,1900001733,2024,001,31,200000,100031,24142.47,24142.47,H,2024-06-14,2024-07-14
2000,1900001733,2024,002,40,470000,,24142.47,24142.47,S,2024-06-14,2024-07-14
1000,1900001734,2024,001,31,200000,100032,13909.86,13909.86,H,2024-07-22,2024-08-25
1000,1900001734,2024,002,40,430000,,13909.86,13909.86,S,2024-07-22,2024-08-25
1000,1900001735,2025,001,31,200000,100019,23593.19,23593.19,H,2025-06-09,2025-06-24
1000,1900001735,2025,002,40,400000,,23593.19,23593.19,S,2025-06-09,2025-06-24
3000,1900001736,2024,001,31,200000,100011,16047.39,16047.39,H,2024-02-07,
3000,1900001736,2024,002,40,480000,,16047.39,16047.39,S,2024-02-07,
2000,1900001737,2024,001,31,200000,100003,12817.42,12817.42,H,2024-12-19,2025-02-06
2000,1900001737,2024,002,40,470000,,12817.42,12817.42,S,2024-12-19,2025-02-06
1000,1900001738,2024,001,31,200000,100034,4938.99,4938.99,H,2025-12-20,
1000,1900001738,2024,002,40,400000,,4938.99,4938.99,S,2025-12-20,
2000,1900001739,2024,001,31,200000,100022,11006.15,11006.15,H,2024-03-16,2024-05-24
2000,1900001739,2024,002,40,440000,,11006.15,11006.15,S,2024-03-16,2024-05-24
1000,1900001740,2025,001,31,200000,100018,18033.57,18033.57,H,2024-10-21,2024-11-16
1000,1900001740,2025,002,40,410000,,18033.57,18033.57,S,2024-10-21,2024-11-16
2000,1900001741,2025,001,31,200000,100005,9644.43,9644.43,H,2025-01-15,2025-03-09
2000,1900001741,2025,002,40,420000,,9644.43,9644.43,S,2025-01-15,2025-03-09
1000,1900001742,2025,001,31,200000,100052,216.76,216.76,H,2025-04-19,
1000,1900001742,2025,002,40,420000,,216.76,216.76,S,2025-04-19,
1000,1900001743,2025,001,31,200000,100053,17728.4,17728.4,H,2025-10-17,2025-11-04
1000,1900001743,2025,002,40,410000,,17728.4,17728.4,S,2025-10-17,2025-11-04
3000,1900001744,2025,001,31,200000,100033,18523.84,18523.84,H,2025-01-13,
3000,1900001744,2025,002,40,440000,,18523.84,18523.84,S,2025-01-13,
3000,1900001745,2024,001,31,200000,100024,11253.3,11253.3,H,2025-11-09,2026-01-17
3000,1900001745,2024,002,40,400000,,11253.3,11253.3,S,2025-11-09,2026-01-17
1000,1900001746,2025,001,31,200000,100038,23751.69,23751.69,H,2025-08-08,2025-10-03
1000,1900001746,2025,002,40,440000,,23751.69,23751.69,S,2025-08-08,2025-10-03
3000,1900001747,2024,001,31,200000,100033,20573.06,20573.06,H,2024-07-27,
3000,1900001747,2024,002,40,440000,,20573.06,20573.06,S,2024-07-27,
2000,1900001748,2025,001,31,200000,100014,4065.89,4065.89,H,2024-07-27,2024-09-04
2000,1900001748,2025,002,40,430000,,4065.89,4065.89,S,2024-07-27,2024-09-04
2000,1900001749,2025,001,31,200000,100045,7514.31,7514.31,H,2025-10-11,
2000,1900001749,2025,002,40,400000,,7514.31,7514.31,S,2025-10-11,
1000,1900001750,2025,001,31,200000,100059,1965.65,1965.65,H,2024-08-03,
1000,1900001750,2025,002,40,440000,,1965.65,1965.65,S,2024-08-03,
1000,1900001751,2025,001,31,200000,100005,1810.97,1810.97,H,2024-02-18,2024-04-15
1000,1900001751,2025,002,40,480000,,1810.97,1810.97,S,2024-02-18,2024-04-15
3000,1900001752,2025,001,31,200000,100052,22859.38,22859.38,H,2024-02-04,2024-03-10
3000,1900001752,2025,002,40,410000,,22859.38,22859.38,S,2024-02-04,2024-03-10
2000,1900001753,2025,001,31,200000,100031,4253.14,4253.14,H,2024-06-18,2024-08-13
2000,1900001753,2025,002,40,440000,,4253.14,4253.14,S,2024-06-18,2024-08-13
3000,1900001754,2024,001,31,200000,100058,11695.85,11695.85,H,2025-03-28,2025-05-20
3000,1900001754,2024,002,40,440000,,11695.85,11695.85,S,2025-03-28,2025-05-20
2000,1900001755,2024,001,31,200000,100003,23424.41,23424.41,H,2025-03-04,
2000,1900001755,2024,002,40,470000,,23424.41,23424.41,S,2025-03-04,
3000,1900001756,2025,001,31,200000,100003,2167.42,2167.42,H,2025-04-20,
3000,1900001756,2025,002,40,410000,,2167.42,2167.42,S,2025-04-20,
3000,1900001757,2024,001,31,200000,100051,24988.66,24988.66,H,2024-05-20,2024-05-26
3000,1900001757,2024,002,40,450000,,24988.66,24988.66,S,2024-05-20,2024-05-26
1000,1900001758,2025,001,31,200000,100010,2798.67,2798.67,H,2024-11-01,2025-01-06
1000,1900001758,2025,002,40,440000,,2798.67,2798.67,S,2024-11-01,2025-01-06
3000,1900001759,2025,001,31,200000,100003,7130.75,7130.75,H,2024-01-21,2024-02-01
3000,1900001759,2025,002,40,400000,,7130.75,7130.75,S,2024-01-21,2024-02-01
3000,1900001760,2024,001,31,200000,100015,1970.38,1970.38,H,2024-07-20,2024-08-31
3000,1900001760,2024,002,40,420000,,1970.38,1970.38,S,2024-07-20,2024-08-31
2000,1900001761,2024,001,31,200000,100037,603.65,603.65,H,2025-09-08,2025-10-20
2000,1900001761,2024,002,40,400000,,603.65,603.65,S,2025-09-08,2025-10-20
1000,1900001762,2024,001,31,200000,100031,1663.11,1663.11,H,2024-05-13,
1000,1900001762,2024,002,40,440000,,1663.11,1663.11,S,2024-05-13,
1000,1900001763,2025,001,31,200000,100043,20057.73,20057.73,H,2024-03-17,2024-03-23
1000,1900001763,2025,002,40,430000,,20057.73,20057.73,S,2024-03-17,2024-03-23
3000,1900001764,2024,001,31,200000,100050,11501.59,11501.59,H,2025-06-22,
3000,1900001764,2024,002,40,460000,,11501.59,11501.59,S,2025-06-22,
1000,1900001765,2024,001,31,200000,100026,24173.32,24173.32,H,2025-03-19,2025-04-07
1000,1900001765,2024,002,40,440000,,24173.32,24173.32,S,2025-03-19,2025-04-07
3000,1900001766,2024,001,31,200000,100041,23443.39,23443.39,H,2024-08-23,
3000,1900001766,2024,002,40,400000,,23443.39,23443.39,S,2024-08-23,
1000,1900001767,2024,001,31,200000,100059,3463.43,3463.43,H,2024-10-04,2024-10-15
1000,1900001767,2024,002,40,420000,,3463.43,3463.43,S,2024-10-04,2024-10-15
2000,1900001768,2024,001,31,200000,100030,9829.38,9829.38,H,2024-08-27,
2000,1900001768,2024,002,40,450000,,9829.38,9829.38,S,2024-08-27,
3000,1900001769,2024,001,31,200000,100012,4519.32,4519.32,H,2025-12-30,2026-01-16
3000,1900001769,2024,002,40,440000,,4519.32,4519.32,S,2025-12-30,2026-01-16
1000,1900001770,2025,001,31,200000,100029,6728.47,6728.47,H,2025-09-24,
1000,1900001770,2025,002,40,410000,,6728.47,6728.47,S,2025-09-24,
2000,1900001771,2025,001,31,200000,100033,15868.74,15868.74,H,2024-11-29,2025-02-05
2000,1900001771,2025,002,40,420000,,15868.74,15868.74,S,2024-11-29,2025-02-05
3000,1900001772,2024,001,31,200000,100033,21264.09,21264.09,H,2024-08-08,
3000,1900001772,2024,002,40,430000,,21264.09,21264.09,S,2024-08-08,
2000,1900001773,2025,001,31,200000,100052,371.03,371.03,H,2024-07-11,
2000,1900001773,2025,002,40,400000,,371.03,371.03,S,2024-07-11,
3000,1900001774,2025,001,31,200000,100002,20379.37,20379.37,H,2024-11-11,2024-12-24
3000,1900001774,2025,002,40,400000,,20379.37,20379.37,S,2024-11-11,2024-12-24
1000,1900001775,2025,001,31,200000,100051,15320.8,15320.8,H,2024-02-10,2024-03-02
1000,1900001775,2025,002,40,450000,,15320.8,15320.8,S,2024-02-10,2024-03-02
2000,1900001776,2025,001,31,200000,100034,1166.61,1166.61,H,2024-08-31,2024-10-05
2000,1900001776,2025,002,40,410000,,1166.61,1166.61,S,2024-08-31,2024-10-05
3000,1900001777,2025,001,31,200000,100034,20965.82,20965.82,H,2024-04-15,2024-04-23
3000,1900001777,2025,002,40,480000,,20965.82,20965.82,S,2024-04-15,2024-04-23
2000,1900001778,2024,001,31,200000,100014,23549.02,23549.02,H,2025-10-04,
2000,1900001778,2024,002,40,420000,,23549.02,23549.02,S,2025-10-04,
2000,1900001779,2025,001,31,200000,100038,13005.43,13005.43,H,2025-10-21,2025-12-04
2000,1900001779,2025,002,40,410000,,13005.43,13005.43,S,2025-10-21,2025-12-04
2000,1900001780,2025,001,31,200000,100026,3920.57,3920.57,H,2024-09-24,2024-10-23
2000,1900001780,2025,002,40,440000,,3920.57,3920.57,S,2024-09-24,2024-10-23
1000,1900001781,2024,001,31,200000,100026,10248.33,10248.33,H,2024-02-16,
1000,1900001781,2024,002,40,420000,,10248.33,10248.33,S,2024-02-16,
2000,1900001782,2024,001,31,200000,100036,15708.72,15708.72,H,2025-12-30,2026-02-28
2000,1900001782,2024,002,40,440000,,15708.72,15708.72,S,2025-12-30,2026-02-28
1000,1900001783,2024,001,31,200000,100051,8490.01,8490.01,H,2024-03-26,2024-04-21
1000,1900001783,2024,002,40,420000,,8490.01,8490.01,S,2024-03-26,2024-04-21
1000,1900001784,2025,001,31,200000,100026,4887.84,4887.84,H,2024-06-02,2024-08-09
1000,1900001784,2025,002,40,470000,,4887.84,4887.84,S,2024-06-02,2024-08-09
2000,1900001785,2025,001,31,200000,100019,9758.26,9758.26,H,2024-09-01,2024-09-14
2000,1900001785,2025,002,40,400000,,9758.26,9758.26,S,2024-09-01,2024-09-14
3000,1900001786,2024,001,31,200000,100043,6435.81,6435.81,H,2025-12-09,
3000,1900001786,2024,002,40,430000,,6435.81,6435.81,S,2025-12-09,
1000,1900001787,2024,001,31,200000,100025,4936.69,4936.69,H,2025-12-13,2026-02-01
1000,1900001787,2024,002,40,470000,,4936.69,4936.69,S,2025-12-13,2026-02-01
2000,1900001788,2024,001,31,200000,100058,16861.47,16861.47,H,2025-07-30,2025-09-22
2000,1900001788,2024,002,40,410000,,16861.47,16861.47,S,2025-07-30,2025-09-22
3000,1900001789,2025,001,31,200000,100028,600.56,600.56,H,2025-10-21,2025-11-14
3000,1900001789,2025,002,40,450000,,600.56,600.56,S,2025-10-21,2025-11-14
1000,1900001790,2024,001,31,200000,100024,16181.41,16181.41,H,2024-05-26,2024-06-07
1000,1900001790,2024,002,40,480000,,16181.41,16181.41,S,2024-05-26,2024-06-07
1000,1900001791,2025,001,31,200000,100000,19441.94,19441.94,H,2025-08-26,2025-09-02
1000,1900001791,2025,002,40,480000,,19441.94,19441.94,S,2025-08-26,2025-09-02
1000,1900001792,2024,001,31,200000,100057,868.75,868.75,H,2024-09-06,2024-11-11
1000,1900001792,2024,002,40,460000,,868.75,868.75,S,2024-09-06,2024-11-11
1000,1900001793,2024,001,31,200000,100013,19408.24,19408.24,H,2025-02-25,2025-03-28
1000,1900001793,2024,002,40,430000,,19408.24,19408.24,S,2025-02-25,2025-03-28
3000,1900001794,2025,001,31,200000,100020,1292.28,1292.28,H,2025-10-27,2025-12-22
3000,1900001794,2025,002,40,470000,,1292.28,1292.28,S,2025-10-27,2025-12-22
3000,1900001795,2024,001,31,200000,100021,691.05,691.05,H,2024-12-16,2024-12-25
3000,1900001795,2024,002,40,450000,,691.05,691.05,S,2024-12-16,2024-12-25
3000,1900001796,2025,001,31,200000,100011,1522.81,1522.81,H,2025-11-30,
3000,1900001796,2025,002,40,460000,,1522.81,1522.81,S,2025-11-30,
3000,1900001797,2025,001,31,200000,100025,17357.66,17357.66,H,2025-01-04,2025-03-14
3000,1900001797,2025,002,40,400000,,17357.66,17357.66,S,2025-01-04,2025-03-14
1000,1900001798,2025,001,31,200000,100001,23217.54,23217.54,H,2025-01-17,
1000,1900001798,2025,002,40,410000,,23217.54,23217.54,S,2025-01-17,
1000,1900001799,2025,001,31,200000,100013,21136.74,21136.74,H,2024-10-21,
1000,1900001799,2025,002,40,460000,,21136.74,21136.74,S,2024-10-21,
2000,1900001800,2024,001,31,200000,100035,17539.32,17539.32,H,2025-01-15,2025-01-25
2000,1900001800,2024,002,40,470000,,17539.32,17539.32,S,2025-01-15,2025-01-25
2000,1900001801,2024,001,31,200000,100011,12717.88,12717.88,H,2024-05-05,2024-06-18
2000,1900001801,2024,002,40,480000,,12717.88,12717.88,S,2024-05-05,2024-06-18
1000,1900001802,2024,001,31,200000,100021,15325.87,15325.87,H,2025-06-20,
1000,1900001802,2024,002,40,410000,,15325.87,15325.87,S,2025-06-20,
3000,1900001803,2024,001,31,200000,100006,2520.67,2520.67,H,2025-08-05,
3000,1900001803,2024,002,40,470000,,2520.67,2520.67,S,2025-08-05,
3000,1900001804,2024,001,31,200000,100035,24232.31,24232.31,H,2025-01-15,2025-01-25
3000,1900001804,2024,002,40,440000,,24232.31,24232.31,S,2025-01-15,2025-01-25
3000,1900001805,2025,001,31,200000,100003,21795.8,21795.8,H,2024-12-18,2025-01-05
3000,1900001805,2025,002,40,450000,,21795.8,21795.8,S,2024-12-18,2025-01-05
3000,1900001806,2024,001,31,200000,100027,21519.92,21519.92,H,2025-10-27,2025-12-12
3000,1900001806,2024,002,40,400000,,21519.92,21519.92,S,2025-10-27,2025-12-12
2000,1900001807,2025,001,31,200000,100007,1087.31,1087.31,H,2025-07-29,
2000,1900001807,2025,002,40,400000,,1087.31,1087.31,S,2025-07-29,
3000,1900001808,2024,001,31,200000,100010,10847.81,10847.81,H,2024-10-29,2024-12-23
3000,1900001808,2024,002,40,470000,,10847.81,10847.81,S,2024-10-29,2024-12-23
2000,1900001809,2024,001,31,200000,100002,23573.98,23573.98,H,2024-07-29,2024-09-03
2000,1900001809,2024,002,40,440000,,23573.98,23573.98,S,2024-07-29,2024-09-03
2000,1900001810,2025,001,31,200000,100008,5208.1,5208.1,H,2025-05-22,2025-07-29
2000,1900001810,2025,002,40,400000,,5208.1,5208.1,S,2025-05-22,2025-07-29
1000,1900001811,2024,001,31,200000,100015,13733.12,13733.12,H,2024-03-02,2024-03-10
1000,1900001811,2024,002,40,430000,,13733.12,13733.12,S,2024-03-02,2024-03-10
3000,1900001812,2025,001,31,200000,100014,275.87,275.87,H,2024-01-03,2024-01-08
3000,1900001812,2025,002,40,480000,,275.87,275.87,S,2024-01-03,2024-01-08
2000,1900001813,2025,001,31,200000,100037,20356.0,20356.0,H,2024-09-20,2024-09-28
2000,1900001813,2025,002,40,470000,,20356.0,20356.0,S,2024-09-20,2024-09-28
3000,1900001814,2024,001,31,200000,100034,20204.66,20204.66,H,2025-06-20,2025-08-15
3000,1900001814,2024,002,40,460000,,20204.66,20204.66,S,2025-06-20,2025-08-15
1000,1900001815,2025,001,31,200000,100022,6666.13,6666.13,H,2025-05-28,
1000,1900001815,2025,002,40,400000,,6666.13,6666.13,S,2025-05-28,
2000,1900001816,2024,001,31,200000,100035,18672.43,18672.43,H,2025-08-29,2025-10-24
2000,1900001816,2024,002,40,410000,,18672.43,18672.43,S,2025-08-29,2025-10-24
3000,1900001817,2025,001,31,200000,100040,17298.67,17298.67,H,2024-05-25,2024-07-25
3000,1900001817,2025,002,40,420000,,17298.67,17298.67,S,2024-05-25,2024-07-25
2000,1900001818,2024,001,31,200000,100043,19556.96,19556.96,H,2024-12-16,2024-12-25
2000,1900001818,2024,002,40,420000,,19556.96,19556.96,S,2024-12-16,2024-12-25
2000,1900001819,2024,001,31,200000,100028,16312.31,16312.31,H,2024-07-07,2024-09-02
2000,1900001819,2024,002,40,450000,,16312.31,16312.31,S,2024-07-07,2024-09-02
1000,1900001820,2024,001,31,200000,100054,17740.81,17740.81,H,2024-05-25,2024-07-18
1000,1900001820,2024,002,40,480000,,17740.81,17740.81,S,2024-05-25,2024-07-18
2000,1900001821,2025,001,31,200000,100038,14488.06,14488.06,H,2024-09-17,
2000,1900001821,2025,002,40,430000,,14488.06,14488.06,S,2024-09-17,
1000,1900001822,2025,001,31,200000,100053,4916.79,4916.79,H,2024-10-10,2024-10-23
1000,1900001822,2025,002,40,480000,,4916.79,4916.79,S,2024-10-10,2024-10-23
2000,1900001823,2024,001,31,200000,100015,14000.16,14000.16,H,2025-07-10,2025-08-22
2000,1900001823,2024,002,40,440000,,14000.16,14000.16,S,2025-07-10,2025-08-22
3000,1900001824,2024,001,31,200000,100017,16961.12,16961.12,H,2024-08-22,2024-09-25
3000,1900001824,2024,002,40,460000,,16961.12,16961.12,S,2024-08-22,2024-09-25
1000,1900001825,2025,001,31,200000,100009,24235.16,24235.16,H,2024-02-11,
1000,1900001825,2025,002,40,450000,,24235.16,24235.16,S,2024-02-11,
2000,1900001826,2024,001,31,200000,100012,7787.82,7787.82,H,2025-04-28,2025-05-30
2000,1900001826,2024,002,40,410000,,7787.82,7787.82,S,2025-04-28,2025-05-30
2000,1900001827,2025,001,31,200000,100046,4657.1,4657.1,H,2025-11-02,2025-11-08
2000,1900001827,2025,002,40,420000,,4657.1,4657.1,S,2025-11-02,2025-11-08
1000,1900001828,2025,001,31,200000,100024,12282.61,12282.61,H,2024-06-23,2024-08-10
1000,1900001828,2025,002,40,420000,,12282.61,12282.61,S,2024-06-23,2024-08-10
2000,1900001829,2024,001,31,200000,100033,23772.58,23772.58,H,2025-02-18,
2000,1900001829,2024,002,40,410000,,23772.58,23772.58,S,2025-02-18,
3000,1900001830,2025,001,31,200000,100004,18936.25,18936.25,H,2024-06-12,2024-08-07
3000,1900001830,2025,002,40,400000,,18936.25,18936.25,S,2024-06-12,2024-08-07
3000,1900001831,2025,001,31,200000,100046,1296.77,1296.77,H,2025-09-18,
3000,1900001831,2025,002,40,460000,,1296.77,1296.77,S,2025-09-18,
1000,1900001832,2024,001,31,200000,100024,12650.52,12650.52,H,2025-10-01,
1000,1900001832,2024,002,40,440000,,12650.52,12650.52,S,2025-10-01,
2000,1900001833,2025,001,31,200000,100046,13898.64,13898.64,H,2025-03-09,2025-04-10
2000,1900001833,2025,002,40,480000,,13898.64,13898.64,S,2025-03-09,2025-04-10
3000,1900001834,2024,001,31,200000,100049,22930.47,22930.47,H,2025-12-25,2026-02-06
3000,1900001834,2024,002,40,440000,,22930.47,22930.47,S,2025-12-25,2026-02-06
2000,1900001835,2024,001,31,200000,100026,22055.56,22055.56,H,2025-12-07,2026-01-05
2000,1900001835,2024,002,40,480000,,22055.56,22055.56,S,2025-12-07,2026-01-05
1000,1900001836,2025,001,31,200000,100055,24506.23,24506.23,H,2024-09-19,2024-09-26
1000,1900001836,2025,002,40,480000,,24506.23,24506.23,S,2024-09-19,2024-09-26
1000,1900001837,2025,001,31,200000,100015,13370.23,13370.23,H,2024-11-01,2024-11-23
1000,1900001837,2025,002,40,460000,,13370.23,13370.23,S,2024-11-01,2024-11-23
1000,1900001838,2024,001,31,200000,100025,17245.82,17245.82,H,2024-08-19,2024-09-21
1000,1900001838,2024,002,40,410000,,17245.82,17245.82,S,2024-08-19,2024-09-21
3000,1900001839,2025,001,31,200000,100020,12088.42,12088.42,H,2024-07-25,2024-08-12
3000,1900001839,2025,002,40,400000,,12088.42,12088.42,S,2024-07-25,2024-08-12
2000,1900001840,2024,001,31,200000,100000,12505.52,12505.52,H,2025-06-28,2025-07-05
2000,1900001840,2024,002,40,410000,,12505.52,12505.52,S,2025-06-28,2025-07-05
2000,1900001841,2024,001,31,200000,100027,20082.53,20082.53,H,2026-01-02,2026-02-06
2000,1900001841,2024,002,40,440000,,20082.53,20082.53,S,2026-01-02,2026-02-06
1000,1900001842,2024,001,31,200000,100059,13289.77,13289.77,H,2024-07-06,2024-08-12
1000,1900001842,2024,002,40,450000,,13289.77,13289.77,S,2024-07-06,2024-08-12
1000,1900001843,2025,001,31,200000,100005,5142.68,5142.68,H,2025-06-05,2025-06-23
1000,1900001843,2025,002,40,440000,,5142.68,5142.68,S,2025-06-05,2025-06-23
1000,1900001844,2024,001,31,200000,100043,3788.7,3788.7,H,2025-12-28,2026-03-01
1000,1900001844,2024,002,40,440000,,3788.7,3788.7,S,2025-12-28,2026-03-01
2000,1900001845,2025,001,31,200000,100048,20555.35,20555.35,H,2024-05-16,2024-05-28
2000,1900001845,2025,002,40,400000,,20555.35,20555.35,S,2024-05-16,2024-05-28
3000,1900001846,2025,001,31,200000,100018,21705.66,21705.66,H,2025-04-05,
3000,1900001846,2025,002,40,400000,,21705.66,21705.66,S,2025-04-05,
1000,1900001847,2024,001,31,200000,100021,19926.59,19926.59,H,2024-11-25,2025-01-18
1000,1900001847,2024,002,40,400000,,19926.59,19926.59,S,2024-11-25,2025-01-18
1000,1900001848,2024,001,31,200000,100001,5588.47,5588.47,H,2025-04-09,2025-05-18
1000,1900001848,2024,002,40,420000,,5588.47,5588.47,S,2025-04-09,2025-05-18
3000,1900001849,2024,001,31,200000,100019,24878.3,24878.3,H,2024-10-14,2024-10-30
3000,1900001849,2024,002,40,460000,,24878.3,24878.3,S,2024-10-14,2024-10-30
3000,1900001850,2024,001,31,200000,100045,11031.05,11031.05,H,2025-09-24,2025-11-03
3000,1900001850,2024,002,40,480000,,11031.05,11031.05,S,2025-09-24,2025-11-03
3000,1900001851,2025,001,31,200000,100020,24026.34,24026.34,H,2025-12-09,
3000,1900001851,2025,002,40,430000,,24026.34,24026.34,S,2025-12-09,
2000,1900001852,2024,001,31,200000,100056,11201.65,11201.65,H,2024-12-16,
2000,1900001852,2024,002,40,470000,,11201.65,11201.65,S,2024-12-16,
3000,1900001853,2024,001,31,200000,100010,5233.56,5233.56,H,2025-05-25,2025-06-07
3000,1900001853,2024,002,40,440000,,5233.56,5233.56,S,2025-05-25,2025-06-07
2000,1900001854,2025,001,31,200000,100055,12416.5,12416.5,H,2024-01-31,
2000,1900001854,2025,002,40,410000,,12416.5,12416.5,S,2024-01-31,
2000,1900001855,2024,001,31,200000,100010,1692.86,1692.86,H,2024-02-01,2024-02-25
2000,1900001855,2024,002,40,450000,,1692.86,1692.86,S,2024-02-01,2024-02-25
2000,1900001856,2025,001,31,200000,100038,8385.26,8385.26,H,2024-07-31,2024-09-28
2000,1900001856,2025,002,40,420000,,8385.26,8385.26,S,2024-07-31,2024-09-28
3000,1900001857,2025,001,31,200000,100006,11951.93,11951.93,H,2025-10-06,2025-11-22
3000,1900001857,2025,002,40,440000,,11951.93,11951.93,S,2025-10-06,2025-11-22
2000,1900001858,2024,001,31,200000,100042,19095.29,19095.29,H,2024-11-03,
2000,1900001858,2024,002,40,410000,,19095.29,19095.29,S,2024-11-03,
2000,1900001859,2024,001,31,200000,100049,21976.22,21976.22,H,2024-10-11,2024-11-05
2000,1900001859,2024,002,40,460000,,21976.22,21976.22,S,2024-10-11,2024-11-05
3000,1900001860,2024,001,31,200000,100027,24109.96,24109.96,H,2025-10-25,
3000,1900001860,2024,002,40,430000,,24109.96,24109.96,S,2025-10-25,
1000,1900001861,2025,001,31,200000,100021,9834.63,9834.63,H,2025-05-07,2025-06-13
1000,1900001861,2025,002,40,450000,,9834.63,9834.63,S,2025-05-07,2025-06-13
1000,1900001862,2025,001,31,200000,100050,19521.22,19521.22,H,2024-01-16,2024-03-26
1000,1900001862,2025,002,40,430000,,19521.22,19521.22,S,2024-01-16,2024-03-26
3000,1900001863,2024,001,31,200000,100003,8365.03,8365.03,H,2025-09-29,2025-11-11
3000,1900001863,2024,002,40,420000,,8365.03,8365.03,S,2025-09-29,2025-11-11
1000,1900001864,2025,001,31,200000,100031,11063.25,11063.25,H,2025-08-17,
1000,1900001864,2025,002,40,440000,,11063.25,11063.25,S,2025-08-17,
1000,1900001865,2025,001,31,200000,100038,21932.71,21932.71,H,2025-01-05,2025-01-11
1000,1900001865,2025,002,40,410000,,21932.71,21932.71,S,2025-01-05,2025-01-11
3000,1900001866,2025,001,31,200000,100002,9750.24,9750.24,H,2025-11-04,2025-11-30
3000,1900001866,2025,002,40,470000,,9750.24,9750.24,S,2025-11-04,2025-11-30
2000,1900001867,2024,001,31,200000,100024,13596.31,13596.31,H,2024-09-06,2024-09-29
2000,1900001867,2024,002,40,480000,,13596.31,13596.31,S,2024-09-06,2024-09-29
3000,1900001868,2024,001,31,200000,100052,13039.11,13039.11,H,2025-01-01,
3000,1900001868,2024,002,40,440000,,13039.11,13039.11,S,2025-01-01,
2000,1900001869,2024,001,31,200000,100046,17291.35,17291.35,H,2025-08-23,2025-09-27
2000,1900001869,2024,002,40,480000,,17291.35,17291.35,S,2025-08-23,2025-09-27
1000,1900001870,2024,001,31,200000,100017,1705.06,1705.06,H,2024-07-01,2024-08-08
1000,1900001870,2024,002,40,480000,,1705.06,1705.06,S,2024-07-01,2024-08-08
3000,1900001871,2024,001,31,200000,100023,12985.93,12985.93,H,2025-12-19,2025-12-29
3000,1900001871,2024,002,40,480000,,12985.93,12985.93,S,2025-12-19,2025-12-29
3000,1900001872,2024,001,31,200000,100012,23464.76,23464.76,H,2024-07-25,
3000,1900001872,2024,002,40,420000,,23464.76,23464.76,S,2024-07-25,
1000,1900001873,2024,001,31,200000,100037,2963.54,2963.54,H,2025-04-21,2025-06-23
1000,1900001873,2024,002,40,430000,,2963.54,2963.54,S,2025-04-21,2025-06-23
1000,1900001874,2025,001,31,200000,100035,8666.16,8666.16,H,2025-07-03,2025-08-28
1000,1900001874,2025,002,40,420000,,8666.16,8666.16,S,2025-07-03,2025-08-28
2000,1900001875,2025,001,31,200000,100030,23323.7,23323.7,H,2024-08-07,2024-09-11
2000,1900001875,2025,002,40,480000,,23323.7,23323.7,S,2024-08-07,2024-09-11
3000,1900001876,2024,001,31,200000,100019,697.3,697.3,H,2024-03-07,2024-04-08
3000,1900001876,2024,002,40,410000,,697.3,697.3,S,2024-03-07,2024-04-08
2000,1900001877,2025,001,31,200000,100011,10744.02,10744.02,H,2024-05-03,2024-05-23
2000,1900001877,2025,002,40,460000,,10744.02,10744.02,S,2024-05-03,2024-05-23
2000,1900001878,2024,001,31,200000,100059,10048.42,10048.42,H,2025-11-26,2026-01-25
2000,1900001878,2024,002,40,470000,,10048.42,10048.42,S,2025-11-26,2026-01-25
1000,1900001879,2025,001,31,200000,100032,2084.72,2084.72,H,2024-06-30,
1000,1900001879,2025,002,40,440000,,2084.72,2084.72,S,2024-06-30,
2000,1900001880,2025,001,31,200000,100036,4697.43,4697.43,H,2025-10-11,
2000,1900001880,2025,002,40,460000,,4697.43,4697.43,S,2025-10-11,
1000,1900001881,2025,001,31,200000,100001,11111.01,11111.01,H,2025-07-22,2025-09-23
1000,1900001881,2025,002,40,410000,,11111.01,11111.01,S,2025-07-22,2025-09-23
2000,1900001882,2025,001,31,200000,100057,6838.22,6838.22,H,2024-04-09,2024-05-29
2000,1900001882,2025,002,40,470000,,6838.22,6838.22,S,2024-04-09,2024-05-29
1000,1900001883,2024,001,31,200000,100037,9390.94,9390.94,H,2025-04-16,
1000,1900001883,2024,002,40,450000,,9390.94,9390.94,S,2025-04-16,
1000,1900001884,2025,001,31,200000,100030,19671.66,19671.66,H,2024-02-26,
1000,1900001884,2025,002,40,410000,,19671.66,19671.66,S,2024-02-26,
1000,1900001885,2025,001,31,200000,100016,8659.73,8659.73,H,2024-09-03,
1000,1900001885,2025,002,40,440000,,8659.73,8659.73,S,2024-09-03,
2000,1900001886,2025,001,31,200000,100027,8777.37,8777.37,H,2024-04-08,
2000,1900001886,2025,002,40,420000,,8777.37,8777.37,S,2024-04-08,
3000,1900001887,2024,001,31,200000,100028,3009.19,3009.19,H,2024-03-12,2024-03-27
3000,1900001887,2024,002,40,470000,,3009.19,3009.19,S,2024-03-12,2024-03-27
3000,1900001888,2025,001,31,200000,100035,20606.34,20606.34,H,2024-01-05,2024-03-10
3000,1900001888,2025,002,40,460000,,20606.34,20606.34,S,2024-01-05,2024-03-10
3000,1900001889,2025,001,31,200000,100027,5396.4,5396.4,H,2024-07-21,2024-09-14
3000,1900001889,2025,002,40,440000,,5396.4,5396.4,S,2024-07-21,2024-09-14
3000,1900001890,2024,001,31,200000,100044,10126.14,10126.14,H,2024-07-21,
3000,1900001890,2024,002,40,450000,,10126.14,10126.14,S,2024-07-21,
3000,1900001891,2025,001,31,200000,100016,6271.71,6271.71,H,2024-08-18,2024-09-14
3000,1900001891,2025,002,40,410000,,6271.71,6271.71,S,2024-08-18,2024-09-14
1000,1900001892,2024,001,31,200000,100021,17513.07,17513.07,H,2024-12-13,2024-12-26
1000,1900001892,2024,002,40,440000,,17513.07,17513.07,S,2024-12-13,2024-12-26
3000,1900001893,2025,001,31,200000,100041,21257.06,21257.06,H,2025-09-13,2025-11-14
3000,1900001893,2025,002,40,470000,,21257.06,21257.06,S,2025-09-13,2025-11-14
1000,1900001894,2024,001,31,200000,100021,246.2,246.2,H,2025-12-23,2026-01-13
1000,1900001894,2024,002,40,450000,,246.2,246.2,S,2025-12-23,2026-01-13
3000,1900001895,2024,001,31,200000,100032,22494.48,22494.48,H,2024-02-12,2024-03-15
3000,1900001895,2024,002,40,450000,,22494.48,22494.48,S,2024-02-12,2024-03-15
3000,1900001896,2024,001,31,200000,100035,21894.81,21894.81,H,2024-07-19,2024-09-27
3000,1900001896,2024,002,40,430000,,21894.81,21894.81,S,2024-07-19,2024-09-27
2000,1900001897,2025,001,31,200000,100001,15891.12,15891.12,H,2024-08-31,2024-10-14
2000,1900001897,2025,002,40,440000,,15891.12,15891.12,S,2024-08-31,2024-10-14
3000,1900001898,2025,001,31,200000,100012,16610.09,16610.09,H,2024-04-29,2024-05-28
3000,1900001898,2025,002,40,420000,,16610.09,16610.09,S,2024-04-29,2024-05-28
3000,1900001899,2024,001,31,200000,100016,14200.52,14200.52,H,2025-04-05,2025-05-28
3000,1900001899,2024,002,40,400000,,14200.52,14200.52,S,2025-04-05,2025-05-28
2000,1900001900,2024,001,31,200000,100052,3841.17,3841.17,H,2025-08-19,2025-09-10
2000,1900001900,2024,002,40,410000,,3841.17,3841.17,S,2025-08-19,2025-09-10
1000,1900001901,2025,001,31,200000,100032,11283.08,11283.08,H,2024-06-30,2024-08-17
1000,1900001901,2025,002,40,400000,,11283.08,11283.08,S,2024-06-30,2024-08-17
1000,1900001902,2025,001,31,200000,100053,22511.65,22511.65,H,2025-05-13,
1000,1900001902,2025,002,40,430000,,22511.65,22511.65,S,2025-05-13,
3000,1900001903,2024,001,31,200000,100038,3632.43,3632.43,H,2024-05-01,
3000,1900001903,2024,002,40,480000,,3632.43,3632.43,S,2024-05-01,
1000,1900001904,2025,001,31,200000,100030,4960.85,4960.85,H,2025-09-25,2025-10-05
1000,1900001904,2025,002,40,410000,,4960.85,4960.85,S,2025-09-25,2025-10-05
1000,1900001905,2025,001,31,200000,100002,24417.0,24417.0,H,2025-11-18,2025-12-31
1000,1900001905,2025,002,40,470000,,24417.0,24417.0,S,2025-11-18,2025-12-31
2000,1900001906,2024,001,31,200000,100008,18133.09,18133.09,H,2025-07-26,2025-10-04
2000,1900001906,2024,002,40,400000,,18133.09,18133.09,S,2025-07-26,2025-10-04
1000,1900001907,2024,001,31,200000,100011,24179.67,24179.67,H,2024-11-18,
1000,1900001907,2024,002,40,450000,,24179.67,24179.67,S,2024-11-18,
3000,1900001908,2025,001,31,200000,100023,13116.1,13116.1,H,2024-10-06,
3000,1900001908,2025,002,40,430000,,13116.1,13116.1,S,2024-10-06,
2000,1900001909,2025,001,31,200000,100022,22957.81,22957.81,H,2024-10-08,2024-11-27
2000,1900001909,2025,002,40,470000,,22957.81,22957.81,S,2024-10-08,2024-11-27
1000,1900001910,2024,001,31,200000,100046,22082.55,22082.55,H,2024-04-19,
1000,1900001910,2024,002,40,450000,,22082.55,22082.55,S,2024-04-19,
1000,1900001911,2025,001,31,200000,100013,18530.72,18530.72,H,2025-10-01,2025-10-22
1000,1900001911,2025,002,40,410000,,18530.72,18530.72,S,2025-10-01,2025-10-22
2000,1900001912,2025,001,31,200000,100057,24224.73,24224.73,H,2025-09-06,2025-09-17
2000,1900001912,2025,002,40,410000,,24224.73,24224.73,S,2025-09-06,2025-09-17
3000,1900001913,2024,001,31,200000,100040,16157.37,16157.37,H,2024-03-11,
3000,1900001913,2024,002,40,420000,,16157.37,16157.37,S,2024-03-11,
3000,1900001914,2025,001,31,200000,100006,7705.2,7705.2,H,2025-01-16,2025-03-12
3000,1900001914,2025,002,40,400000,,7705.2,7705.2,S,2025-01-16,2025-03-12
3000,1900001915,2025,001,31,200000,100048,10629.53,10629.53,H,2024-01-28,2024-02-15
3000,1900001915,2025,002,40,410000,,10629.53,10629.53,S,2024-01-28,2024-02-15
1000,1900001916,2025,001,31,200000,100036,24752.72,24752.72,H,2025-11-09,2026-01-02
1000,1900001916,2025,002,40,440000,,24752.72,24752.72,S,2025-11-09,2026-01-02
1000,1900001917,2025,001,31,200000,100057,21146.84,21146.84,H,2025-01-12,
1000,1900001917,2025,002,40,440000,,21146.84,21146.84,S,2025-01-12,
1000,1900001918,2025,001,31,200000,100023,1658.77,1658.77,H,2024-08-01,2024-09-27
1000,1900001918,2025,002,40,400000,,1658.77,1658.77,S,2024-08-01,2024-09-27
1000,1900001919,2024,001,31,200000,100047,5196.24,5196.24,H,2024-07-22,2024-07-30
1000,1900001919,2024,002,40,450000,,5196.24,5196.24,S,2024-07-22,2024-07-30
2000,1900001920,2024,001,31,200000,100044,18676.47,18676.47,H,2024-12-21,2024-12-28
2000,1900001920,2024,002,40,440000,,18676.47,18676.47,S,2024-12-21,2024-12-28
2000,1900001921,2024,001,31,200000,100054,7051.63,7051.63,H,2024-10-01,2024-11-17
2000,1900001921,2024,002,40,450000,,7051.63,7051.63,S,2024-10-01,2024-11-17
2000,1900001922,2025,001,31,200000,100054,10232.15,10232.15,H,2024-04-14,2024-05-09
2000,1900001922,2025,002,40,440000,,10232.15,10232.15,S,2024-04-14,2024-05-09
3000,1900001923,2025,001,31,200000,100055,18966.63,18966.63,H,2025-10-18,2025-11-29
3000,1900001923,2025,002,40,410000,,18966.63,18966.63,S,2025-10-18,2025-11-29
2000,1900001924,2025,001,31,200000,100003,9366.21,9366.21,H,2025-08-03,2025-08-08
2000,1900001924,2025,002,40,430000,,9366.21,9366.21,S,2025-08-03,2025-08-08
3000,1900001925,2025,001,31,200000,100006,17401.58,17401.58,H,2025-08-16,2025-10-11
3000,1900001925,2025,002,40,470000,,17401.58,17401.58,S,2025-08-16,2025-10-11
2000,1900001926,2025,001,31,200000,100041,24602.55,24602.55,H,2025-10-06,
2000,1900001926,2025,002,40,480000,,24602.55,24602.55,S,2025-10-06,
3000,1900001927,2025,001,31,200000,100001,21292.27,21292.27,H,2025-11-27,2025-12-07
3000,1900001927,2025,002,40,440000,,21292.27,21292.27,S,2025-11-27,2025-12-07
3000,1900001928,2025,001,31,200000,100017,3781.22,3781.22,H,2025-09-14,
3000,1900001928,2025,002,40,480000,,3781.22,3781.22,S,2025-09-14,
1000,1900001929,2025,001,31,200000,100058,8298.74,8298.74,H,2025-08-25,2025-10-10
1000,1900001929,2025,002,40,470000,,8298.74,8298.74,S,2025-08-25,2025-10-10
3000,1900001930,2025,001,31,200000,100055,20508.54,20508.54,H,2025-09-20,2025-10-19
3000,1900001930,2025,002,40,470000,,20508.54,20508.54,S,2025-09-20,2025-10-19
3000,1900001931,2024,001,31,200000,100021,18837.78,18837.78,H,2025-04-28,
3000,1900001931,2024,002,40,450000,,18837.78,18837.78,S,2025-04-28,
3000,1900001932,2025,001,31,200000,100057,14258.41,14258.41,H,2025-07-25,2025-09-13
3000,1900001932,2025,002,40,430000,,14258.41,14258.41,S,2025-07-25,2025-09-13
1000,1900001933,2024,001,31,200000,100013,11577.1,11577.1,H,2024-09-19,2024-10-18
1000,1900001933,2024,002,40,440000,,11577.1,11577.1,S,2024-09-19,2024-10-18
3000,1900001934,2024,001,31,200000,100010,17345.76,17345.76,H,2025-08-31,
3000,1900001934,2024,002,40,440000,,17345.76,17345.76,S,2025-08-31,
2000,1900001935,2024,001,31,200000,100058,2704.23,2704.23,H,2024-03-18,2024-05-11
2000,1900001935,2024,002,40,410000,,2704.23,2704.23,S,2024-03-18,2024-05-11
3000,1900001936,2025,001,31,200000,100014,24214.86,24214.86,H,2024-01-03,2024-02-22
3000,1900001936,2025,002,40,440000,,24214.86,24214.86,S,2024-01-03,2024-02-22
2000,1900001937,2025,001,31,200000,100050,4969.13,4969.13,H,2024-05-23,
2000,1900001937,2025,002,40,410000,,4969.13,4969.13,S,2024-05-23,
1000,1900001938,2025,001,31,200000,100049,17023.94,17023.94,H,2025-08-21,
1000,1900001938,2025,002,40,450000,,17023.94,17023.94,S,2025-08-21,
1000,1900001939,2024,001,31,200000,100029,3823.47,3823.47,H,2025-08-11,2025-10-10
1000,1900001939,2024,002,40,410000,,3823.47,3823.47,S,2025-08-11,2025-10-10
1000,1900001940,2024,001,31,200000,100047,24031.36,24031.36,H,2024-06-13,2024-08-14
1000,1900001940,2024,002,40,400000,,24031.36,24031.36,S,2024-06-13,2024-08-14
2000,1900001941,2025,001,31,200000,100050,4930.75,4930.75,H,2024-03-04,
2000,1900001941,2025,002,40,450000,,4930.75,4930.75,S,2024-03-04,
1000,1900001942,2025,001,31,200000,100040,20196.47,20196.47,H,2024-04-23,
1000,1900001942,2025,002,40,410000,,20196.47,20196.47,S,2024-04-23,
3000,1900001943,2025,001,31,200000,100035,4107.24,4107.24,H,2025-06-12,2025-06-21
3000,1900001943,2025,002,40,460000,,4107.24,4107.24,S,2025-06-12,2025-06-21
3000,1900001944,2024,001,31,200000,100057,10400.89,10400.89,H,2024-05-23,
3000,1900001944,2024,002,40,410000,,10400.89,10400.89,S,2024-05-23,
1000,1900001945,2025,001,31,200000,100031,14176.71,14176.71,H,2025-03-03,2025-03-15
1000,1900001945,2025,002,40,400000,,14176.71,14176.71,S,2025-03-03,2025-03-15
3000,1900001946,2024,001,31,200000,100020,5637.42,5637.42,H,2025-12-28,2026-01-17
3000,1900001946,2024,002,40,460000,,5637.42,5637.42,S,2025-12-28,2026-01-17
1000,1900001947,2025,001,31,200000,100029,24547.16,24547.16,H,2025-01-27,2025-03-22
1000,1900001947,2025,002,40,470000,,24547.16,24547.16,S,2025-01-27,2025-03-22
2000,1900001948,2024,001,31,200000,100042,18229.09,18229.09,H,2024-08-18,2024-09-16
2000,1900001948,2024,002,40,460000,,18229.09,18229.09,S,2024-08-18,2024-09-16
3000,1900001949,2024,001,31,200000,100029,7820.59,7820.59,H,2024-10-28,2024-11-23
3000,1900001949,2024,002,40,420000,,7820.59,7820.59,S,2024-10-28,2024-11-23
1000,1900001950,2025,001,31,200000,100025,16629.02,16629.02,H,2025-05-15,2025-06-29
1000,1900001950,2025,002,40,430000,,16629.02,16629.02,S,2025-05-15,2025-06-29
2000,1900001951,2025,001,31,200000,100034,537.56,537.56,H,2025-08-13,2025-10-04
2000,1900001951,2025,002,40,400000,,537.56,537.56,S,2025-08-13,2025-10-04
1000,1900001952,2025,001,31,200000,100030,13212.77,13212.77,H,2024-10-04,
1000,1900001952,2025,002,40,480000,,13212.77,13212.77,S,2024-10-04,
2000,1900001953,2024,001,31,200000,100056,12397.54,12397.54,H,2024-12-08,
2000,1900001953,2024,002,40,480000,,12397.54,12397.54,S,2024-12-08,
2000,1900001954,2024,001,31,200000,100044,23844.94,23844.94,H,2024-10-20,2024-12-11
2000,1900001954,2024,002,40,410000,,23844.94,23844.94,S,2024-10-20,2024-12-11
1000,1900001955,2025,001,31,200000,100000,11622.12,11622.12,H,2024-12-29,2025-03-09
1000,1900001955,2025,002,40,410000,,11622.12,11622.12,S,2024-12-29,2025-03-09
2000,1900001956,2024,001,31,200000,100029,7937.25,7937.25,H,2024-04-07,2024-05-29
2000,1900001956,2024,002,40,420000,,7937.25,7937.25,S,2024-04-07,2024-05-29
3000,1900001957,2024,001,31,200000,100022,8072.33,8072.33,H,2024-09-14,
3000,1900001957,2024,002,40,470000,,8072.33,8072.33,S,2024-09-14,
2000,1900001958,2024,001,31,200000,100028,6759.32,6759.32,H,2024-11-09,2024-12-05
2000,1900001958,2024,002,40,480000,,6759.32,6759.32,S,2024-11-09,2024-12-05
1000,1900001959,2025,001,31,200000,100027,15507.01,15507.01,H,2024-01-25,2024-03-28
1000,1900001959,2025,002,40,420000,,15507.01,15507.01,S,2024-01-25,2024-03-28
3000,1900001960,2024,001,31,200000,100010,16266.91,16266.91,H,2024-04-23,2024-05-16
3000,1900001960,2024,002,40,400000,,16266.91,16266.91,S,2024-04-23,2024-05-16
2000,1900001961,2025,001,31,200000,100008,18887.01,18887.01,H,2025-05-21,2025-06-26
2000,1900001961,2025,002,40,410000,,18887.01,18887.01,S,2025-05-21,2025-06-26
2000,1900001962,2024,001,31,200000,100019,18097.33,18097.33,H,2025-01-24,
2000,1900001962,2024,002,40,430000,,18097.33,18097.33,S,2025-01-24,
1000,1900001963,2025,001,31,200000,100050,5646.22,5646.22,H,2024-10-14,
1000,1900001963,2025,002,40,410000,,5646.22,5646.22,S,2024-10-14,
1000,1900001964,2024,001,31,200000,100021,20854.38,20854.38,H,2025-03-12,
1000,1900001964,2024,002,40,440000,,20854.38,20854.38,S,2025-03-12,
1000,1900001965,2024,001,31,200000,100020,17011.63,17011.63,H,2025-05-08,2025-06-29
1000,1900001965,2024,002,40,450000,,17011.63,17011.63,S,2025-05-08,2025-06-29
1000,1900001966,2025,001,31,200000,100005,3501.82,3501.82,H,2024-05-26,2024-07-30
1000,1900001966,2025,002,40,400000,,3501.82,3501.82,S,2024-05-26,2024-07-30
2000,1900001967,2025,001,31,200000,100039,18564.12,18564.12,H,2025-03-13,2025-05-08
2000,1900001967,2025,002,40,470000,,18564.12,18564.12,S,2025-03-13,2025-05-08
1000,1900001968,2025,001,31,200000,100015,17456.62,17456.62,H,2025-06-17,2025-08-16
1000,1900001968,2025,002,40,440000,,17456.62,17456.62,S,2025-06-17,2025-08-16
2000,1900001969,2024,001,31,200000,100026,21380.39,21380.39,H,2024-12-22,2025-02-02
2000,1900001969,2024,002,40,460000,,21380.39,21380.39,S,2024-12-22,2025-02-02
1000,1900001970,2024,001,31,200000,100039,10191.38,10191.38,H,2025-04-07,
1000,1900001970,2024,002,40,460000,,10191.38,10191.38,S,2025-04-07,
1000,1900001971,2024,001,31,200000,100036,3006.93,3006.93,H,2024-02-14,
1000,1900001971,2024,002,40,440000,,3006.93,3006.93,S,2024-02-14,
2000,1900001972,2024,001,31,200000,100052,15947.95,15947.95,H,2025-11-06,
2000,1900001972,2024,002,40,410000,,15947.95,15947.95,S,2025-11-06,
1000,1900001973,2024,001,31,200000,100023,18359.1,18359.1,H,2025-05-10,
1000,1900001973,2024,002,40,450000,,18359.1,18359.1,S,2025-05-10,
3000,1900001974,2025,001,31,200000,100026,16293.87,16293.87,H,2024-08-17,2024-09-17
3000,1900001974,2025,002,40,480000,,16293.87,16293.87,S,2024-08-17,2024-09-17
1000,1900001975,2025,001,31,200000,100010,2970.36,2970.36,H,2024-08-26,2024-09-09
1000,1900001975,2025,002,40,460000,,2970.36,2970.36,S,2024-08-26,2024-09-09
2000,1900001976,2025,001,31,200000,100051,11897.4,11897.4,H,2025-10-03,2025-11-29
2000,1900001976,2025,002,40,470000,,11897.4,11897.4,S,2025-10-03,2025-11-29
2000,1900001977,2024,001,31,200000,100031,24901.1,24901.1,H,2024-04-28,2024-06-14
2000,1900001977,2024,002,40,410000,,24901.1,24901.1,S,2024-04-28,2024-06-14
2000,1900001978,2024,001,31,200000,100049,13719.79,13719.79,H,2025-01-16,2025-02-20
2000,1900001978,2024,002,40,400000,,13719.79,13719.79,S,2025-01-16,2025-02-20
1000,1900001979,2024,001,31,200000,100021,16250.13,16250.13,H,2024-05-02,2024-06-27
1000,1900001979,2024,002,40,400000,,16250.13,16250.13,S,2024-05-02,2024-06-27
1000,1900001980,2024,001,31,200000,100050,10199.53,10199.53,H,2024-05-14,
1000,1900001980,2024,002,40,440000,,10199.53,10199.53,S,2024-05-14,
3000,1900001981,2025,001,31,200000,100023,24507.61,24507.61,H,2025-07-09,2025-08-09
3000,1900001981,2025,002,40,470000,,24507.61,24507.61,S,2025-07-09,2025-08-09
3000,1900001982,2025,001,31,200000,100018,13875.28,13875.28,H,2025-04-22,
3000,1900001982,2025,002,40,400000,,13875.28,13875.28,S,2025-04-22,
2000,1900001983,2025,001,31,200000,100019,17404.07,17404.07,H,2025-01-05,2025-01-18
2000,1900001983,2025,002,40,470000,,17404.07,17404.07,S,2025-01-05,2025-01-18
2000,1900001984,2024,001,31,200000,100046,1417.24,1417.24,H,2024-11-12,
2000,1900001984,2024,002,40,470000,,1417.24,1417.24,S,2024-11-12,
2000,1900001985,2024,001,31,200000,100040,6536.13,6536.13,H,2025-06-09,
2000,1900001985,2024,002,40,430000,,6536.13,6536.13,S,2025-06-09,
3000,1900001986,2025,001,31,200000,100020,9865.32,9865.32,H,2024-07-31,2024-09-10
3000,1900001986,2025,002,40,440000,,9865.32,9865.32,S,2024-07-31,2024-09-10
1000,1900001987,2025,001,31,200000,100026,3164.32,3164.32,H,2025-04-14,2025-06-10
1000,1900001987,2025,002,40,410000,,3164.32,3164.32,S,2025-04-14,2025-06-10
3000,1900001988,2024,001,31,200000,100000,11125.16,11125.16,H,2025-05-21,
3000,1900001988,2024,002,40,470000,,11125.16,11125.16,S,2025-05-21,
2000,1900001989,2024,001,31,200000,100059,24315.12,24315.12,H,2025-03-06,2025-04-27
2000,1900001989,2024,002,40,420000,,24315.12,24315.12,S,2025-03-06,2025-04-27
3000,1900001990,2025,001,31,200000,100002,16127.02,16127.02,H,2025-12-10,2025-12-28
3000,1900001990,2025,002,40,450000,,16127.02,16127.02,S,2025-12-10,2025-12-28
1000,1900001991,2024,001,31,200000,100026,20522.8,20522.8,H,2024-10-18,2024-11-27
1000,1900001991,2024,002,40,450000,,20522.8,20522.8,S,2024-10-18,2024-11-27
1000,1900001992,2025,001,31,200000,100009,15992.0,15992.0,H,2025-09-06,
1000,1900001992,2025,002,40,470000,,15992.0,15992.0,S,2025-09-06,
1000,1900001993,2025,001,31,200000,100033,22357.22,22357.22,H,2024-03-06,2024-04-19
1000,1900001993,2025,002,40,450000,,22357.22,22357.22,S,2024-03-06,2024-04-19
3000,1900001994,2025,001,31,200000,100015,1966.66,1966.66,H,2024-01-28,
3000,1900001994,2025,002,40,440000,,1966.66,1966.66,S,2024-01-28,
3000,1900001995,2024,001,31,200000,100023,14776.22,14776.22,H,2024-06-27,
3000,1900001995,2024,002,40,420000,,14776.22,14776.22,S,2024-06-27,
1000,1900001996,2025,001,31,200000,100002,11305.39,11305.39,H,2025-01-03,
1000,1900001996,2025,002,40,400000,,11305.39,11305.39,S,2025-01-03,
2000,1900001997,2024,001,31,200000,100053,4232.06,4232.06,H,2025-10-28,2025-11-15
2000,1900001997,2024,002,40,470000,,4232.06,4232.06,S,2025-10-28,2025-11-15
2000,1900001998,2024,001,31,200000,100020,10890.54,10890.54,H,2025-06-30,
2000,1900001998,2024,002,40,460000,,10890.54,10890.54,S,2025-06-30,
3000,1900001999,2025,001,31,200000,100036,11056.6,11056.6,H,2024-10-04,
3000,1900001999,2025,002,40,420000,,11056.6,11056.6,S,2024-10-04,
