EBELN,BUKRS,BSART,LIFNR,EKORG,EKGRP,BEDAT,WAERS,ZTERM
4500090000,2000,FO,100042,2000,001,2025-10-22,USD,0001
4500090001,1000,NB,100059,2000,003,2024-12-23,USD,0001
4500090002,3000,ZSER,100056,1000,003,2024-04-19,EUR,NT45
4500090003,1000,ZSER,100000,2000,002,2024-12-07,AED,0001
4500090004,1000,ZSER,100057,1000,001,2025-01-01,EUR,0001
4500090005,3000,ZSER,100050,1000,003,2025-02-25,USD,NT30
4500090006,3000,FO,100022,2000,001,2025-10-18,USD,NT60
4500090007,3000,NB,100027,2000,002,2025-09-12,EUR,NT30
4500090008,2000,ZSER,100025,1000,002,2025-12-14,EUR,0001
4500090009,2000,FO,100038,2000,004,2025-11-01,AED,NT45
4500090010,3000,ZSER,100029,1000,004,2025-02-28,EUR,0001
4500090011,1000,ZSER,100033,1000,001,2025-04-20,EUR,NT45
4500090012,2000,ZSER,100017,1000,003,2025-06-17,EUR,NT30
4500090013,2000,FO,100021,1000,002,2025-07-09,EUR,0001
4500090014,2000,ZSER,100019,1000,004,2025-02-03,USD,NT60
4500090015,1000,NB,100008,2000,004,2025-04-17,EUR,NT45
4500090016,1000,ZSER,100015,1000,002,2024-07-23,USD,0001
4500090017,1000,ZSER,100049,1000,002,2025-01-12,EUR,NT30
4500090018,1000,ZSER,100025,1000,001,2024-07-22,AED,NT60
4500090019,1000,ZSER,100042,2000,001,2025-01-14,EUR,0001
4500090020,2000,NB,100045,2000,004,2024-06-05,EUR,0001
4500090021,1000,FO,100031,1000,003,2024-11-28,EUR,NT60
4500090022,3000,FO,100030,2000,001,2025-10-23,USD,NT60
4500090023,2000,FO,100047,2000,003,2025-07-17,EUR,NT60
4500090024,2000,ZSER,100013,2000,001,2025-05-10,USD,NT60
4500090025,1000,ZSER,100018,2000,001,2025-12-15,USD,NT60
4500090026,1000,ZSER,100005,2000,002,2024-09-11,AED,0001
4500090027,1000,NB,100035,2000,004,2024-03-17,AED,0001
4500090028,1000,ZSER,100007,1000,003,2025-07-11,USD,NT30
4500090029,2000,NB,100058,2000,003,2024-10-22,AED,0001
4500090030,3000,NB,100053,2000,001,2025-08-12,USD,0001
4500090031,1000,FO,100025,1000,003,2025-07-17,EUR,NT60
4500090032,2000,FO,100042,1000,002,2025-07-09,AED,NT60
4500090033,1000,NB,100035,1000,004,2025-02-21,USD,NT45
4500090034,2000,NB,100021,2000,003,2025-06-03,AED,0001
4500090035,3000,FO,100044,1000,004,2024-09-01,USD,NT60
4500090036,3000,NB,100009,1000,004,2025-02-23,EUR,NT60
4500090037,3000,NB,100006,2000,002,2025-10-10,AED,NT60
4500090038,1000,NB,100023,2000,002,2025-03-17,USD,NT45
4500090039,1000,NB,100031,2000,003,2025-08-20,EUR,NT60
4500090040,2000,ZSER,100004,2000,004,2025-03-28,AED,NT60
4500090041,3000,ZSER,100049,2000,003,2024-02-20,USD,NT60
4500090042,2000,NB,100002,2000,002,2024-11-12,USD,NT60
4500090043,1000,FO,100047,1000,002,2024-12-12,USD,0001
4500090044,1000,FO,100006,1000,003,2025-11-22,AED,NT45
4500090045,1000,NB,100007,2000,004,2024-05-23,USD,NT30
4500090046,3000,NB,100056,2000,004,2025-02-28,EUR,NT30
4500090047,1000,ZSER,100054,1000,001,2025-04-10,USD,NT60
4500090048,3000,NB,100021,2000,002,2024-05-31,USD,NT60
4500090049,2000,NB,100001,1000,004,2024-06-27,AED,NT30
4500090050,3000,NB,100006,1000,003,2025-04-07,EUR,NT30
4500090051,2000,NB,100031,1000,003,2025-12-30,AED,NT45
4500090052,2000,ZSER,100045,2000,004,2024-11-28,AED,0001
4500090053,2000,FO,100046,1000,004,2024-08-08,EUR,0001
4500090054,3000,ZSER,100035,2000,001,2024-03-02,EUR,NT60
4500090055,3000,ZSER,100051,1000,003,2025-03-15,USD,NT45
4500090056,2000,NB,100026,2000,003,2025-04-09,AED,NT60
4500090057,2000,FO,100043,2000,004,2024-03-24,AED,0001
4500090058,1000,FO,100019,2000,003,2024-08-04,USD,NT30
4500090059,3000,FO,100036,2000,003,2025-03-15,USD,0001
4500090060,2000,NB,100053,2000,001,2025-12-07,USD,0001
4500090061,1000,NB,100052,1000,003,2024-05-31,USD,NT45
4500090062,3000,ZSER,100043,2000,003,2025-08-01,USD,0001
4500090063,2000,ZSER,100037,1000,003,2024-02-27,EUR,0001
4500090064,3000,ZSER,100055,2000,004,2024-04-02,AED,NT30
4500090065,3000,NB,100033,2000,003,2025-06-19,EUR,0001
4500090066,2000,FO,100042,2000,002,2024-05-24,AED,NT30
4500090067,1000,NB,100021,1000,002,2025-05-12,USD,NT60
4500090068,2000,ZSER,100002,1000,004,2025-11-08,USD,NT45
4500090069,2000,ZSER,100028,2000,002,2025-09-17,AED,NT45
4500090070,3000,NB,100052,2000,001,2024-07-23,AED,0001
4500090071,2000,FO,100005,1000,004,2024-08-15,USD,0001
4500090072,3000,NB,100058,2000,004,2025-04-28,AED,NT30
4500090073,3000,FO,100046,1000,003,2025-09-15,USD,NT60
4500090074,1000,FO,100029,1000,002,2024-03-05,AED,NT45
4500090075,3000,NB,100050,2000,004,2025-06-03,USD,0001
4500090076,2000,ZSER,100022,1000,004,2025-07-13,AED,0001
4500090077,2000,FO,100056,2000,004,2024-02-12,EUR,NT30
4500090078,3000,FO,100056,2000,003,2025-02-13,USD,0001
4500090079,2000,FO,100010,2000,001,2025-12-07,AED,NT60
4500090080,2000,ZSER,100023,1000,002,2025-01-05,AED,0001
4500090081,2000,ZSER,100031,1000,003,2025-06-14,EUR,0001
4500090082,2000,NB,100011,2000,003,2025-12-31,AED,NT30
4500090083,3000,ZSER,100001,2000,004,2025-01-04,AED,NT45
4500090084,2000,FO,100030,1000,002,2025-06-22,EUR,NT30
4500090085,1000,FO,100059,2000,001,2025-12-27,EUR,NT45
4500090086,1000,NB,100021,1000,001,2025-07-31,AED,NT60
4500090087,2000,FO,100015,2000,001,2025-12-02,AED,NT30
4500090088,2000,NB,100046,2000,001,2024-12-19,EUR,NT45
4500090089,2000,ZSER,100048,2000,004,2024-06-12,EUR,0001
4500090090,2000,NB,100013,1000,003,2025-08-20,EUR,0001
4500090091,2000,NB,100023,2000,004,2025-07-20,AED,NT60
4500090092,1000,NB,100035,2000,001,2025-01-09,USD,NT30
4500090093,2000,ZSER,100020,2000,003,2024-06-15,AED,0001
4500090094,3000,NB,100050,1000,004,2025-08-15,USD,0001
4500090095,1000,FO,100026,2000,001,2025-12-08,AED,NT45
4500090096,2000,ZSER,100021,2000,004,2025-07-13,USD,NT45
4500090097,1000,ZSER,100017,2000,004,2024-10-21,EUR,NT45
4500090098,1000,NB,100044,1000,002,2024-10-05,USD,NT45
4500090099,2000,ZSER,100059,2000,004,2024-06-10,AED,NT45
4500090100,2000,NB,100053,2000,001,2025-02-10,USD,NT60
4500090101,1000,ZSER,100033,2000,003,2025-05-20,USD,NT30
4500090102,2000,FO,100054,2000,001,2025-10-16,EUR,NT30
4500090103,3000,ZSER,100021,1000,003,2024-11-05,AED,NT60
4500090104,3000,NB,100049,2000,003,2024-11-14,AED,NT45
4500090105,3000,NB,100048,1000,001,2025-07-04,AED,0001
4500090106,2000,NB,100013,2000,001,2025-08-20,EUR,NT45
4500090107,1000,FO,100059,2000,002,2025-04-28,USD,0001
4500090108,3000,NB,100034,1000,001,2025-02-06,USD,NT60
4500090109,3000,ZSER,100002,1000,002,2025-04-02,AED,NT30
4500090110,2000,FO,100033,2000,001,2024-08-14,AED,NT45
4500090111,1000,ZSER,100009,2000,004,2025-04-19,AED,NT45
4500090112,3000,NB,100046,2000,002,2025-11-18,EUR,NT60
4500090113,1000,ZSER,100047,1000,004,2025-05-05,USD,NT60
4500090114,2000,FO,100058,2000,001,2024-07-27,AED,NT45
4500090115,1000,FO,100024,2000,003,2025-08-06,EUR,0001
4500090116,3000,NB,100014,1000,002,2024-03-10,AED,0001
4500090117,2000,NB,100017,2000,002,2025-07-02,USD,NT30
4500090118,1000,ZSER,100029,1000,003,2025-08-01,AED,NT30
4500090119,1000,ZSER,100003,1000,001,2025-10-14,EUR,0001
4500090120,3000,ZSER,100043,1000,002,2024-10-14,EUR,NT30
4500090121,3000,ZSER,100053,2000,004,2025-02-02,AED,NT45
4500090122,1000,FO,100027,2000,003,2024-08-25,USD,NT60
4500090123,1000,ZSER,100050,2000,003,2025-10-11,EUR,NT30
4500090124,1000,NB,100006,2000,004,2024-05-15,AED,0001
4500090125,2000,NB,100038,2000,004,2024-11-28,EUR,NT30
4500090126,2000,FO,100004,2000,003,2024-06-20,EUR,NT30
4500090127,2000,FO,100024,2000,002,2024-12-03,EUR,NT60
4500090128,2000,FO,100050,2000,004,2024-09-05,EUR,NT30
4500090129,2000,ZSER,100013,1000,004,2025-03-24,AED,0001
4500090130,2000,ZSER,100030,2000,001,2025-08-19,EUR,NT30
4500090131,3000,ZSER,100039,2000,003,2024-02-15,EUR,NT30
4500090132,3000,ZSER,100035,1000,004,2025-08-17,EUR,0001
4500090133,2000,NB,100030,2000,004,2024-12-22,EUR,NT30
4500090134,2000,NB,100035,2000,002,2025-03-12,USD,0001
4500090135,1000,FO,100023,1000,003,2024-11-29,AED,0001
4500090136,1000,NB,100008,2000,001,2024-11-16,USD,NT60
4500090137,1000,ZSER,100044,1000,004,2025-10-22,EUR,NT45
4500090138,3000,FO,100035,2000,004,2025-06-01,EUR,0001
4500090139,2000,ZSER,100049,1000,004,2025-07-10,AED,NT45
4500090140,3000,ZSER,100022,2000,002,2025-12-28,AED,NT45
4500090141,3000,FO,100018,1000,002,2024-10-23,EUR,NT30
4500090142,2000,FO,100040,1000,001,2025-02-28,EUR,NT60
4500090143,1000,FO,100013,2000,003,2025-03-15,EUR,NT60
4500090144,1000,FO,100001,2000,001,2024-05-07,EUR,NT45
4500090145,1000,NB,100042,2000,003,2025-10-26,AED,NT45
4500090146,3000,NB,100024,1000,003,2024-04-01,EUR,NT60
4500090147,2000,FO,100041,1000,002,2024-06-17,EUR,0001
4500090148,1000,FO,100020,1000,002,2024-05-23,AED,NT60
4500090149,2000,ZSER,100047,1000,002,2025-02-05,EUR,0001
4500090150,2000,FO,100056,1000,004,2024-01-13,AED,0001
4500090151,3000,ZSER,100032,2000,004,2024-10-20,AED,0001
4500090152,3000,NB,100019,1000,003,2024-03-21,EUR,NT30
4500090153,1000,NB,100042,1000,001,2024-06-28,USD,0001
4500090154,1000,FO,100017,1000,004,2025-06-20,EUR,NT60
4500090155,3000,ZSER,100016,1000,002,2024-04-15,AED,NT30
4500090156,1000,NB,100058,2000,002,2024-06-02,EUR,NT45
4500090157,3000,FO,100020,1000,003,2024-03-29,USD,NT60
4500090158,3000,ZSER,100034,1000,003,2024-12-20,USD,0001
4500090159,2000,FO,100026,1000,001,2025-12-18,AED,NT45
4500090160,1000,NB,100008,1000,002,2025-08-21,EUR,0001
4500090161,1000,NB,100044,2000,002,2025-09-09,USD,NT45
4500090162,1000,NB,100006,1000,002,2024-05-23,USD,NT45
4500090163,2000,NB,100007,1000,004,2024-02-13,AED,0001
4500090164,2000,FO,100003,1000,004,2024-03-30,USD,NT45
4500090165,2000,ZSER,100050,2000,004,2025-05-11,EUR,NT45
4500090166,3000,FO,100003,1000,002,2025-04-28,USD,NT45
4500090167,2000,NB,100054,1000,002,2025-02-01,AED,NT60
4500090168,3000,NB,100003,1000,004,2024-08-26,USD,NT60
4500090169,3000,FO,100049,1000,003,2024-04-23,AED,0001
4500090170,3000,FO,100046,2000,002,2025-03-23,AED,NT60
4500090171,3000,NB,100036,1000,003,2025-02-04,AED,NT45
4500090172,1000,ZSER,100022,1000,003,2024-11-23,EUR,NT30
4500090173,2000,ZSER,100056,2000,001,2025-01-22,EUR,NT45
4500090174,2000,NB,100021,1000,001,2024-06-23,EUR,0001
4500090175,1000,FO,100010,1000,002,2024-02-24,EUR,NT60
4500090176,2000,NB,100040,1000,001,2025-09-06,USD,NT45
4500090177,2000,NB,100023,2000,004,2024-07-10,EUR,NT60
4500090178,1000,ZSER,100026,1000,004,2025-08-26,AED,0001
4500090179,1000,NB,100011,1000,001,2024-06-20,EUR,NT30
4500090180,3000,ZSER,100050,2000,001,2025-12-18,EUR,NT45
4500090181,2000,FO,100055,2000,004,2025-07-02,AED,0001
4500090182,2000,ZSER,100019,1000,002,2024-10-14,USD,NT60
4500090183,1000,ZSER,100032,1000,002,2025-02-17,USD,NT45
4500090184,2000,FO,100045,2000,004,2024-07-22,AED,NT30
4500090185,3000,ZSER,100055,2000,003,2025-04-30,USD,NT60
4500090186,1000,ZSER,100049,1000,002,2024-08-07,EUR,0001
4500090187,1000,FO,100038,2000,003,2024-01-09,EUR,0001
4500090188,3000,ZSER,100035,2000,003,2025-10-24,AED,NT30
4500090189,2000,ZSER,100025,1000,001,2025-11-07,AED,0001
4500090190,3000,FO,100040,2000,002,2025-05-02,AED,NT45
4500090191,2000,FO,100047,2000,003,2024-11-10,AED,NT60
4500090192,2000,FO,100008,2000,002,2024-07-24,EUR,NT45
4500090193,1000,FO,100040,2000,002,2024-02-29,USD,NT45
4500090194,3000,ZSER,100043,1000,002,2024-01-05,AED,NT60
4500090195,1000,FO,100027,2000,003,2025-12-04,USD,NT45
4500090196,3000,NB,100039,1000,001,2024-02-19,USD,NT30
4500090197,3000,ZSER,100053,1000,003,2024-04-17,USD,NT30
4500090198,3000,ZSER,100005,2000,002,2024-04-23,USD,NT30
4500090199,1000,NB,100016,1000,001,2025-04-20,EUR,NT60
4500090200,2000,FO,100017,1000,001,2024-04-05,EUR,0001
4500090201,1000,ZSER,100043,2000,003,2025-03-24,AED,NT30
4500090202,3000,ZSER,100000,1000,003,2025-12-22,AED,NT30
4500090203,2000,NB,100048,2000,003,2025-05-18,USD,NT45
4500090204,1000,ZSER,100035,2000,002,2024-01-01,AED,0001
4500090205,2000,FO,100014,2000,003,2024-01-03,AED,NT30
4500090206,1000,FO,100046,1000,002,2025-02-23,USD,0001
4500090207,3000,NB,100053,2000,004,2025-11-19,AED,NT45
4500090208,2000,ZSER,100032,1000,003,2025-01-28,EUR,NT60
4500090209,3000,FO,100045,1000,002,2024-10-24,AED,NT60
4500090210,3000,ZSER,100045,2000,004,2025-03-03,USD,NT30
4500090211,2000,ZSER,100017,2000,002,2024-06-13,USD,NT60
4500090212,3000,FO,100047,1000,003,2025-10-24,AED,NT30
4500090213,3000,ZSER,100023,1000,002,2025-08-25,EUR,0001
4500090214,1000,ZSER,100016,2000,001,2024-05-13,EUR,0001
4500090215,1000,ZSER,100035,2000,002,2025-01-01,USD,NT30
4500090216,1000,ZSER,100023,2000,001,2024-10-27,USD,NT60
4500090217,3000,ZSER,100052,2000,004,2025-01-18,USD,NT60
4500090218,1000,ZSER,100042,2000,001,2025-10-06,USD,0001
4500090219,1000,NB,100005,2000,001,2024-03-16,AED,NT45
4500090220,3000,NB,100037,2000,001,2024-02-16,EUR,NT60
4500090221,1000,FO,100052,1000,002,2025-11-07,USD,0001
4500090222,3000,NB,100025,2000,002,2025-07-04,AED,NT60
4500090223,1000,ZSER,100012,1000,004,2024-04-27,AED,NT30
4500090224,2000,FO,100020,2000,002,2025-05-12,AED,NT60
4500090225,2000,ZSER,100049,1000,002,2024-11-08,AED,NT30
4500090226,3000,FO,100013,2000,002,2024-02-07,EUR,0001
4500090227,1000,ZSER,100000,1000,002,2025-11-09,EUR,NT45
4500090228,2000,FO,100014,1000,001,2024-03-05,AED,NT45
4500090229,3000,ZSER,100016,1000,004,2025-08-15,AED,0001
4500090230,3000,NB,100050,1000,004,2025-05-08,USD,NT45
4500090231,3000,ZSER,100010,1000,002,2025-01-05,EUR,NT60
4500090232,2000,NB,100010,1000,001,2025-10-24,USD,NT45
4500090233,3000,NB,100038,2000,001,2025-07-31,USD,0001
4500090234,2000,NB,100014,1000,001,2025-01-22,USD,0001
4500090235,1000,FO,100048,1000,001,2024-04-30,AED,0001
4500090236,1000,FO,100049,2000,003,2024-08-26,USD,NT30
4500090237,3000,FO,100041,2000,003,2024-07-29,USD,NT45
4500090238,3000,FO,100016,2000,002,2024-11-10,AED,NT30
4500090239,3000,ZSER,100039,1000,002,2025-12-14,EUR,NT30
4500090240,1000,FO,100004,1000,001,2024-09-26,AED,0001
4500090241,3000,NB,100032,1000,001,2025-06-12,EUR,NT45
4500090242,2000,FO,100022,1000,001,2025-11-16,AED,NT30
4500090243,2000,NB,100022,1000,004,2024-12-21,EUR,NT30
4500090244,2000,FO,100016,2000,002,2025-12-11,EUR,0001
4500090245,1000,FO,100015,2000,001,2024-10-21,AED,NT45
4500090246,2000,NB,100053,1000,001,2025-09-25,USD,0001
4500090247,2000,ZSER,100039,2000,004,2024-11-18,USD,NT60
4500090248,1000,NB,100020,1000,004,2025-12-06,AED,NT30
4500090249,2000,FO,100026,2000,003,2025-12-18,EUR,NT45
4500090250,3000,NB,100012,2000,001,2024-05-29,USD,0001
4500090251,1000,FO,100030,2000,003,2025-10-06,EUR,NT60
4500090252,3000,FO,100020,2000,001,2025-11-20,EUR,NT60
4500090253,2000,ZSER,100017,2000,004,2025-03-31,USD,NT45
4500090254,1000,NB,100044,2000,001,2024-03-22,USD,NT30
4500090255,3000,FO,100001,2000,004,2024-02-05,EUR,NT60
4500090256,2000,FO,100051,2000,004,2024-04-01,EUR,NT45
4500090257,2000,ZSER,100049,1000,001,2025-03-16,AED,NT60
4500090258,1000,FO,100014,1000,003,2024-09-26,EUR,NT60
4500090259,1000,ZSER,100018,2000,001,2024-10-02,USD,NT30
4500090260,1000,NB,100021,2000,004,2024-03-23,USD,0001
4500090261,1000,ZSER,100024,1000,002,2025-03-29,EUR,NT30
4500090262,2000,FO,100033,2000,002,2024-05-05,EUR,NT30
4500090263,1000,NB,100050,2000,002,2024-09-05,EUR,NT30
4500090264,1000,FO,100034,1000,003,2024-04-19,AED,NT60
4500090265,2000,ZSER,100046,1000,001,2025-04-24,AED,NT45
4500090266,1000,ZSER,100034,2000,002,2025-01-31,AED,NT60
4500090267,3000,FO,100002,2000,003,2025-08-07,USD,NT60
4500090268,1000,FO,100051,2000,003,2025-10-16,AED,NT30
4500090269,3000,NB,100012,1000,004,2025-06-22,AED,NT30
4500090270,2000,ZSER,100028,2000,003,2024-12-26,EUR,0001
4500090271,1000,ZSER,100018,1000,003,2025-09-02,USD,NT60
4500090272,1000,NB,100059,1000,004,2025-08-08,EUR,NT45
4500090273,3000,NB,100036,2000,004,2024-08-10,USD,0001
4500090274,1000,FO,100024,2000,004,2024-03-21,EUR,NT30
4500090275,1000,FO,100034,1000,002,2025-08-01,USD,0001
4500090276,1000,NB,100049,2000,002,2025-12-15,EUR,0001
4500090277,1000,NB,100043,2000,004,2025-08-12,EUR,NT60
4500090278,2000,NB,100039,1000,002,2024-05-29,AED,NT60
4500090279,1000,FO,100021,2000,004,2025-12-11,USD,NT60
4500090280,3000,NB,100044,2000,001,2025-12-16,EUR,NT45
4500090281,3000,NB,100003,1000,004,2025-04-21,AED,NT60
4500090282,1000,NB,100034,2000,001,2024-03-31,USD,NT45
4500090283,3000,FO,100051,2000,001,2024-03-04,AED,NT60
4500090284,3000,NB,100039,2000,002,2025-10-02,AED,NT45
4500090285,1000,FO,100041,1000,001,2025-08-01,USD,NT60
4500090286,1000,NB,100059,1000,002,2024-10-07,USD,NT30
4500090287,2000,NB,100045,2000,004,2025-10-27,EUR,NT45
4500090288,1000,NB,100012,2000,004,2024-07-28,AED,NT60
4500090289,3000,ZSER,100056,2000,001,2024-09-08,AED,0001
4500090290,2000,NB,100049,2000,003,2024-10-19,AED,NT30
4500090291,2000,FO,100034,2000,004,2024-05-18,USD,NT45
4500090292,3000,NB,100024,2000,004,2025-06-07,USD,NT45
4500090293,1000,NB,100018,1000,002,2025-10-03,USD,NT60
4500090294,1000,NB,100038,2000,004,2025-05-20,EUR,0001
4500090295,3000,ZSER,100017,1000,001,2025-09-26,USD,NT45
4500090296,2000,FO,100036,1000,001,2025-09-09,USD,0001
4500090297,2000,NB,100047,1000,003,2025-08-15,EUR,NT60
4500090298,1000,FO,100040,2000,004,2025-06-25,AED,NT60
4500090299,2000,NB,100014,1000,001,2025-12-26,USD,0001
4500090300,2000,ZSER,100002,1000,001,2024-12-07,AED,NT45
4500090301,1000,FO,100001,2000,004,2024-06-28,EUR,NT30
4500090302,2000,ZSER,100003,2000,001,2025-06-17,USD,NT60
4500090303,3000,FO,100055,1000,003,2024-11-11,EUR,NT30
4500090304,2000,FO,100009,2000,003,2024-07-13,USD,NT30
4500090305,1000,FO,100043,2000,001,2025-08-31,USD,NT60
4500090306,1000,FO,100020,2000,003,2024-07-24,EUR,NT30
4500090307,3000,NB,100051,1000,001,2024-10-17,EUR,NT60
4500090308,3000,NB,100045,2000,002,2025-11-17,USD,0001
4500090309,1000,NB,100030,2000,003,2024-08-25,EUR,NT45
4500090310,2000,ZSER,100032,1000,003,2024-04-15,AED,NT30
4500090311,2000,ZSER,100037,2000,002,2025-03-17,USD,NT30
4500090312,1000,ZSER,100005,1000,002,2024-08-10,AED,NT45
4500090313,1000,FO,100032,1000,003,2025-02-17,AED,NT30
4500090314,1000,FO,100055,2000,003,2024-02-01,AED,0001
4500090315,3000,FO,100009,1000,001,2025-05-13,USD,0001
4500090316,2000,ZSER,100032,2000,001,2024-10-02,USD,0001
4500090317,2000,ZSER,100005,1000,003,2024-09-08,AED,NT30
4500090318,3000,ZSER,100047,2000,001,2024-11-07,AED,0001
4500090319,2000,FO,100032,1000,003,2024-03-19,EUR,NT60
4500090320,2000,FO,100009,1000,003,2025-11-05,AED,NT45
4500090321,3000,FO,100013,1000,003,2025-08-14,USD,NT30
4500090322,1000,ZSER,100030,2000,001,2024-09-25,EUR,0001
4500090323,2000,ZSER,100037,1000,002,2025-02-04,AED,NT60
4500090324,1000,ZSER,100028,2000,003,2024-12-25,USD,NT30
4500090325,3000,ZSER,100057,1000,001,2024-08-10,USD,NT45
4500090326,2000,FO,100049,2000,001,2024-03-04,EUR,NT60
4500090327,2000,NB,100009,1000,004,2025-07-07,AED,NT60
4500090328,1000,FO,100049,1000,001,2025-04-01,USD,0001
4500090329,1000,FO,100034,2000,001,2024-08-19,AED,NT60
4500090330,1000,ZSER,100041,1000,004,2024-07-26,AED,NT45
4500090331,2000,FO,100037,1000,003,2024-09-01,EUR,0001
4500090332,1000,NB,100002,2000,002,2025-02-19,AED,NT45
4500090333,1000,NB,100030,1000,001,2025-09-25,USD,NT30
4500090334,3000,ZSER,100027,2000,003,2024-12-11,USD,NT45
4500090335,1000,NB,100015,1000,004,2025-08-18,USD,NT30
4500090336,3000,NB,100044,2000,001,2024-02-08,AED,NT60
4500090337,1000,NB,100013,1000,002,2024-10-10,AED,0001
4500090338,2000,ZSER,100010,1000,001,2024-01-30,USD,0001
4500090339,1000,FO,100057,2000,001,2024-08-13,EUR,NT45
4500090340,1000,NB,100012,1000,003,2024-12-09,USD,NT30
4500090341,3000,FO,100055,2000,003,2024-08-09,USD,0001
4500090342,2000,ZSER,100002,1000,004,2024-02-11,AED,0001
4500090343,3000,ZSER,100029,1000,004,2025-08-07,EUR,NT45
4500090344,2000,ZSER,100005,1000,003,2025-09-27,USD,NT30
4500090345,1000,ZSER,100055,1000,003,2025-12-20,EUR,NT60
4500090346,1000,FO,100051,1000,001,2024-03-08,EUR,NT45
4500090347,2000,FO,100059,2000,004,2024-05-15,AED,NT30
4500090348,2000,FO,100053,2000,002,2025-07-15,EUR,NT45
4500090349,3000,ZSER,100011,1000,002,2024-06-28,USD,NT30
4500090350,3000,ZSER,100011,1000,003,2024-07-29,EUR,NT45
4500090351,3000,FO,100000,2000,004,2025-07-13,EUR,NT45
4500090352,1000,FO,100037,1000,001,2025-06-23,USD,0001
4500090353,1000,ZSER,100038,2000,004,2025-06-07,USD,0001
4500090354,2000,NB,100051,2000,004,2025-03-29,USD,NT30
4500090355,2000,ZSER,100005,2000,004,2024-01-07,USD,0001
4500090356,3000,ZSER,100019,2000,002,2025-05-20,USD,NT30
4500090357,2000,ZSER,100026,1000,001,2024-07-02,USD,NT60
4500090358,1000,NB,100010,2000,004,2025-08-18,AED,NT45
4500090359,3000,NB,100048,2000,003,2024-04-06,AED,NT60
4500090360,3000,NB,100013,1000,001,2024-06-07,EUR,0001
4500090361,3000,FO,100022,1000,004,2024-11-15,AED,NT60
4500090362,1000,NB,100019,1000,004,2024-05-08,AED,NT30
4500090363,1000,ZSER,100012,1000,004,2024-04-20,USD,NT60
4500090364,3000,NB,100050,1000,002,2024-05-06,AED,NT60
4500090365,2000,NB,100037,1000,001,2024-12-22,USD,NT30
4500090366,3000,FO,100058,2000,002,2025-05-31,EUR,NT30
4500090367,1000,ZSER,100007,1000,004,2025-04-22,EUR,NT60
4500090368,3000,FO,100029,2000,002,2025-09-06,AED,0001
4500090369,1000,FO,100005,2000,001,2024-05-02,AED,NT45
4500090370,1000,NB,100054,2000,004,2025-02-17,EUR,NT60
4500090371,1000,NB,100031,2000,003,2025-11-25,USD,NT60
4500090372,1000,FO,100050,2000,004,2025-04-22,AED,NT60
4500090373,3000,ZSER,100002,2000,002,2024-06-30,EUR,0001
4500090374,2000,FO,100034,1000,001,2025-08-08,EUR,NT60
4500090375,2000,FO,100024,2000,004,2024-04-09,EUR,NT30
4500090376,2000,NB,100001,2000,004,2025-07-05,AED,0001
4500090377,3000,FO,100031,1000,003,2025-05-29,EUR,0001
4500090378,1000,ZSER,100036,1000,001,2025-02-15,AED,NT60
4500090379,2000,FO,100020,2000,004,2024-07-23,AED,NT45
4500090380,2000,ZSER,100042,2000,001,2025-04-23,AED,NT45
4500090381,2000,ZSER,100041,1000,004,2024-06-13,USD,NT30
4500090382,1000,NB,100041,2000,002,2024-02-07,USD,NT60
4500090383,3000,ZSER,100057,1000,004,2025-01-07,AED,NT45
4500090384,1000,NB,100016,1000,003,2025-05-23,EUR,0001
4500090385,3000,FO,100003,1000,003,2025-05-17,AED,0001
4500090386,2000,FO,100016,2000,001,2025-07-19,AED,NT45
4500090387,2000,NB,100050,2000,004,2024-02-04,AED,0001
4500090388,3000,ZSER,100048,1000,004,2024-02-23,AED,NT45
4500090389,1000,NB,100005,1000,004,2024-04-23,EUR,0001
4500090390,3000,NB,100041,1000,004,2025-09-18,USD,NT60
4500090391,3000,ZSER,100007,2000,004,2024-01-15,AED,0001
4500090392,2000,NB,100018,2000,002,2025-05-21,AED,NT45
4500090393,1000,NB,100041,2000,002,2025-04-14,EUR,0001
4500090394,2000,FO,100059,1000,001,2024-08-28,EUR,0001
4500090395,3000,ZSER,100005,2000,002,2024-11-20,EUR,NT30
4500090396,1000,FO,100020,2000,002,2025-03-22,AED,0001
4500090397,1000,ZSER,100030,2000,004,2024-09-23,USD,0001
4500090398,1000,ZSER,100029,1000,001,2025-05-19,EUR,NT30
4500090399,3000,ZSER,100037,1000,004,2024-01-05,USD,NT45
4500090400,2000,NB,100042,2000,003,2024-01-06,AED,NT45
4500090401,1000,NB,100025,2000,001,2024-09-18,USD,NT45
4500090402,3000,ZSER,100047,1000,003,2024-11-13,AED,NT30
4500090403,1000,NB,100040,2000,004,2025-03-12,AED,NT45
4500090404,1000,ZSER,100019,2000,002,2024-06-01,AED,0001
4500090405,3000,NB,100022,1000,001,2024-09-17,AED,0001
4500090406,2000,FO,100028,1000,002,2025-09-30,USD,NT30
4500090407,2000,ZSER,100046,2000,004,2025-05-13,EUR,NT30
4500090408,1000,FO,100009,1000,001,2025-10-27,EUR,0001
4500090409,1000,FO,100037,2000,001,2024-09-05,EUR,NT30
4500090410,3000,ZSER,100037,2000,001,2025-09-02,EUR,0001
4500090411,2000,ZSER,100041,2000,001,2024-12-21,USD,NT60
4500090412,2000,NB,100054,2000,004,2025-11-03,EUR,NT60
4500090413,2000,FO,100001,1000,002,2025-01-02,AED,NT30
4500090414,2000,FO,100035,2000,003,2024-08-17,USD,NT60
4500090415,3000,NB,100006,1000,001,2025-09-17,USD,NT30
4500090416,2000,NB,100041,1000,002,2025-01-07,EUR,0001
4500090417,1000,FO,100032,2000,004,2024-06-24,EUR,NT45
4500090418,2000,NB,100050,2000,002,2025-11-29,USD,NT30
4500090419,2000,NB,100027,1000,001,2024-03-03,AED,NT60
4500090420,3000,FO,100050,2000,004,2025-09-25,USD,NT60
4500090421,3000,ZSER,100047,2000,002,2024-05-09,USD,NT60
4500090422,2000,ZSER,100053,2000,001,2025-01-16,USD,NT30
4500090423,3000,FO,100043,1000,001,2024-05-23,EUR,NT45
4500090424,3000,ZSER,100033,2000,003,2025-02-16,AED,0001
4500090425,1000,ZSER,100029,1000,003,2025-04-29,USD,0001
4500090426,2000,FO,100009,2000,003,2024-04-30,EUR,0001
4500090427,2000,NB,100059,1000,004,2024-11-08,USD,NT30
4500090428,3000,ZSER,100048,2000,004,2024-05-21,AED,0001
4500090429,3000,FO,100034,2000,001,2024-02-16,USD,NT30
4500090430,1000,ZSER,100057,1000,001,2024-01-20,EUR,NT45
4500090431,1000,FO,100021,1000,003,2025-03-23,EUR,NT60
4500090432,2000,NB,100009,1000,003,2024-07-06,EUR,NT45
4500090433,2000,NB,100003,2000,002,2024-11-01,EUR,NT60
4500090434,2000,FO,100017,2000,001,2024-03-03,EUR,NT30
4500090435,1000,ZSER,100034,2000,004,2024-06-21,USD,NT30
4500090436,3000,NB,100010,2000,001,2025-06-30,EUR,NT30
4500090437,2000,ZSER,100021,2000,003,2025-10-12,USD,NT60
4500090438,3000,FO,100035,2000,001,2025-12-14,AED,NT30
4500090439,2000,FO,100052,1000,001,2025-09-07,USD,0001
4500090440,2000,FO,100014,1000,003,2024-08-27,EUR,NT45
4500090441,3000,ZSER,100055,2000,002,2024-10-11,AED,NT45
4500090442,1000,ZSER,100046,1000,003,2024-10-07,AED,0001
4500090443,2000,FO,100054,2000,001,2024-11-26,AED,0001
4500090444,2000,NB,100014,1000,002,2025-12-07,USD,NT60
4500090445,1000,FO,100015,1000,001,2024-12-14,AED,0001
4500090446,2000,FO,100058,1000,002,2024-02-04,USD,0001
4500090447,3000,NB,100043,2000,004,2024-02-27,EUR,NT30
4500090448,1000,ZSER,100006,1000,002,2024-04-15,AED,NT45
4500090449,2000,ZSER,100048,1000,002,2025-01-01,EUR,NT60
4500090450,1000,FO,100040,1000,004,2024-07-25,AED,0001
4500090451,2000,ZSER,100044,1000,002,2024-08-23,EUR,NT60
4500090452,2000,NB,100012,1000,003,2024-07-21,AED,NT45
4500090453,2000,FO,100021,1000,003,2024-08-03,EUR,NT45
4500090454,2000,NB,100018,1000,003,2024-06-01,USD,0001
4500090455,2000,FO,100048,2000,002,2025-06-05,EUR,NT60
4500090456,1000,NB,100016,1000,003,2025-07-17,EUR,NT60
4500090457,2000,FO,100051,2000,001,2025-05-24,USD,0001
4500090458,1000,NB,100005,1000,001,2024-10-10,EUR,NT30
4500090459,2000,NB,100054,2000,003,2025-07-10,EUR,0001
4500090460,2000,NB,100046,2000,002,2025-04-17,EUR,0001
4500090461,3000,FO,100000,2000,002,2025-05-26,EUR,0001
4500090462,3000,FO,100025,1000,004,2024-03-06,USD,NT60
4500090463,1000,FO,100004,1000,002,2025-04-10,EUR,0001
4500090464,3000,ZSER,100037,2000,003,2024-07-26,USD,NT30
4500090465,3000,NB,100029,1000,003,2025-04-18,AED,0001
4500090466,1000,FO,100044,1000,002,2025-08-05,USD,NT60
4500090467,1000,FO,100026,1000,001,2025-04-06,EUR,NT30
4500090468,1000,FO,100025,1000,002,2024-02-08,EUR,0001
4500090469,1000,ZSER,100004,2000,002,2025-11-18,EUR,NT60
4500090470,3000,ZSER,100051,1000,004,2025-06-19,AED,NT60
4500090471,3000,NB,100014,1000,001,2024-04-08,EUR,NT30
4500090472,2000,NB,100025,2000,002,2025-10-31,EUR,NT45
4500090473,2000,FO,100056,2000,001,2024-08-11,AED,NT45
4500090474,2000,NB,100020,2000,001,2025-11-13,AED,0001
4500090475,1000,FO,100018,1000,001,2024-07-25,USD,0001
4500090476,3000,NB,100015,1000,002,2024-07-29,AED,0001
4500090477,1000,ZSER,100053,1000,004,2024-07-28,AED,0001
4500090478,2000,NB,100023,2000,004,2025-02-11,EUR,0001
4500090479,2000,FO,100011,2000,004,2024-09-20,EUR,0001
4500090480,1000,NB,100004,2000,002,2025-02-22,USD,0001
4500090481,3000,NB,100040,1000,003,2025-12-24,AED,0001
4500090482,2000,ZSER,100045,1000,002,2025-01-28,EUR,NT45
4500090483,2000,NB,100025,1000,004,2025-12-16,USD,NT30
4500090484,1000,FO,100027,1000,002,2024-06-23,USD,0001
4500090485,2000,ZSER,100016,1000,002,2025-02-22,USD,NT60
4500090486,2000,FO,100037,1000,001,2024-08-28,USD,NT60
4500090487,2000,ZSER,100033,2000,004,2024-01-08,EUR,NT60
4500090488,1000,ZSER,100046,1000,003,2024-05-22,AED,NT45
4500090489,3000,FO,100051,1000,004,2024-11-29,EUR,NT30
4500090490,1000,FO,100032,1000,003,2024-02-02,AED,0001
4500090491,1000,FO,100044,1000,002,2024-04-01,EUR,0001
4500090492,3000,NB,100059,2000,004,2025-08-12,AED,0001
4500090493,1000,FO,100037,2000,003,2025-07-02,EUR,NT45
4500090494,2000,NB,100031,2000,002,2025-11-27,AED,NT30
4500090495,3000,NB,100009,1000,002,2024-08-03,EUR,0001
4500090496,3000,ZSER,100044,2000,001,2024-07-18,USD,NT60
4500090497,2000,FO,100028,1000,002,2025-12-13,USD,NT45
4500090498,2000,FO,100050,1000,001,2024-05-31,USD,NT60
4500090499,3000,ZSER,100041,1000,004,2025-01-19,AED,0001
4500090500,3000,ZSER,100030,1000,002,2024-10-07,EUR,0001
4500090501,1000,NB,100045,1000,002,2025-10-29,AED,NT45
4500090502,1000,ZSER,100008,1000,001,2025-08-11,AED,NT60
4500090503,2000,ZSER,100034,1000,002,2024-06-24,EUR,NT30
4500090504,1000,NB,100042,1000,002,2024-02-15,EUR,NT45
4500090505,2000,ZSER,100016,1000,004,2024-09-23,EUR,NT30
4500090506,3000,NB,100052,2000,002,2025-06-07,EUR,0001
4500090507,2000,NB,100000,2000,001,2024-04-10,USD,NT45
4500090508,1000,FO,100020,2000,004,2025-02-02,AED,NT45
4500090509,3000,ZSER,100045,2000,004,2024-09-12,USD,0001
4500090510,1000,ZSER,100026,1000,001,2024-11-16,AED,NT45
4500090511,1000,FO,100035,1000,004,2025-05-19,EUR,NT30
4500090512,1000,NB,100043,1000,003,2025-06-20,USD,NT60
4500090513,1000,ZSER,100021,1000,003,2025-11-26,EUR,0001
4500090514,2000,NB,100057,2000,001,2025-09-24,AED,0001
4500090515,2000,NB,100026,1000,003,2024-05-06,USD,0001
4500090516,2000,NB,100007,1000,004,2024-07-13,EUR,NT60
4500090517,2000,FO,100017,2000,002,2024-05-01,EUR,0001
4500090518,1000,FO,100018,1000,002,2025-05-12,AED,NT45
4500090519,3000,ZSER,100045,1000,002,2024-04-15,AED,NT45
4500090520,2000,FO,100055,2000,002,2024-02-22,USD,NT60
4500090521,2000,FO,100013,1000,004,2024-10-19,USD,NT60
4500090522,3000,FO,100017,1000,001,2024-08-03,USD,NT30
4500090523,2000,NB,100012,1000,003,2025-12-22,EUR,0001
4500090524,2000,ZSER,100022,1000,004,2025-01-09,USD,0001
4500090525,1000,NB,100034,2000,004,2025-06-09,AED,0001
4500090526,1000,NB,100035,1000,002,2024-05-01,EUR,NT30
4500090527,2000,ZSER,100000,2000,003,2025-10-26,USD,NT60
4500090528,1000,ZSER,100011,1000,004,2024-09-19,AED,NT60
4500090529,1000,FO,100027,1000,004,2025-01-12,USD,0001
4500090530,2000,ZSER,100056,1000,001,2024-06-30,USD,NT30
4500090531,1000,FO,100008,1000,001,2024-09-11,USD,NT30
4500090532,1000,NB,100040,1000,001,2025-07-10,AED,NT60
4500090533,1000,NB,100058,2000,004,2024-08-17,USD,NT60
4500090534,1000,FO,100039,1000,001,2024-12-07,AED,NT45
4500090535,2000,NB,100039,2000,004,2024-10-20,AED,NT60
4500090536,1000,NB,100046,2000,002,2024-10-12,USD,0001
4500090537,3000,ZSER,100034,1000,004,2025-05-19,USD,0001
4500090538,2000,NB,100003,2000,004,2024-12-23,USD,0001
4500090539,3000,FO,100046,2000,001,2024-01-27,AED,NT30
4500090540,1000,NB,100009,1000,001,2025-01-09,USD,0001
4500090541,3000,NB,100050,2000,001,2025-10-22,USD,NT30
4500090542,3000,FO,100025,2000,003,2025-03-09,AED,NT45
4500090543,3000,ZSER,100030,2000,004,2024-11-16,USD,NT30
4500090544,1000,FO,100013,1000,002,2025-09-03,AED,NT30
4500090545,2000,NB,100020,2000,003,2024-04-05,EUR,NT45
4500090546,2000,ZSER,100037,1000,003,2025-01-26,USD,NT45
4500090547,2000,NB,100059,2000,003,2024-12-15,EUR,0001
4500090548,3000,ZSER,100004,2000,001,2024-06-05,USD,NT45
4500090549,1000,ZSER,100005,2000,003,2024-03-13,EUR,NT60
4500090550,2000,ZSER,100005,2000,003,2025-11-29,AED,NT30
4500090551,2000,FO,100054,1000,004,2024-04-17,USD,NT45
4500090552,2000,NB,100021,2000,001,2025-09-10,EUR,0001
4500090553,3000,NB,100013,2000,001,2024-11-23,EUR,0001
4500090554,1000,NB,100057,1000,004,2024-09-22,EUR,NT60
4500090555,3000,ZSER,100027,2000,001,2024-12-29,AED,NT45
4500090556,1000,NB,100047,2000,002,2024-11-20,EUR,NT60
4500090557,3000,FO,100053,1000,001,2024-05-08,USD,NT45
4500090558,3000,FO,100044,2000,004,2025-05-26,EUR,NT60
4500090559,1000,ZSER,100005,1000,004,2024-04-16,USD,0001
4500090560,1000,NB,100018,2000,004,2025-03-06,USD,NT45
4500090561,3000,NB,100019,1000,004,2025-02-28,USD,NT30
4500090562,2000,FO,100052,1000,004,2025-09-06,USD,0001
4500090563,2000,ZSER,100011,1000,004,2025-02-16,USD,NT30
4500090564,1000,NB,100013,2000,001,2024-04-05,AED,NT45
4500090565,1000,ZSER,100036,1000,004,2025-01-26,AED,NT60
4500090566,3000,NB,100049,2000,001,2024-09-23,USD,NT30
4500090567,2000,NB,100009,1000,001,2024-10-16,EUR,NT60
4500090568,2000,FO,100043,2000,002,2025-03-05,USD,NT60
4500090569,2000,FO,100007,1000,002,2024-12-17,AED,NT60
4500090570,1000,FO,100032,1000,002,2024-06-05,USD,NT60
4500090571,3000,ZSER,100022,2000,004,2025-12-26,AED,0001
4500090572,2000,FO,100031,2000,003,2025-03-19,AED,NT30
4500090573,2000,NB,100051,2000,002,2024-11-26,USD,NT45
4500090574,2000,FO,100035,1000,002,2024-03-08,USD,NT60
4500090575,1000,NB,100020,1000,004,2024-11-23,EUR,NT30
4500090576,2000,NB,100000,2000,001,2025-04-17,AED,NT30
4500090577,2000,ZSER,100003,2000,004,2025-02-06,AED,NT30
4500090578,3000,NB,100057,1000,003,2025-01-12,USD,NT30
4500090579,2000,ZSER,100050,1000,002,2025-01-23,AED,0001
4500090580,3000,FO,100056,1000,002,2025-02-27,AED,0001
4500090581,1000,ZSER,100003,1000,004,2024-08-05,EUR,NT45
4500090582,3000,NB,100055,2000,002,2025-09-27,USD,NT60
4500090583,1000,ZSER,100022,1000,003,2024-09-28,EUR,NT45
4500090584,1000,FO,100024,1000,004,2025-03-08,USD,NT60
4500090585,2000,FO,100045,1000,002,2025-02-18,AED,NT60
4500090586,2000,ZSER,100015,1000,002,2024-06-23,USD,NT60
4500090587,2000,NB,100055,1000,001,2024-09-10,AED,NT60
4500090588,3000,FO,100031,2000,003,2024-12-25,EUR,0001
4500090589,3000,FO,100049,1000,003,2025-11-10,AED,NT30
4500090590,2000,NB,100044,1000,002,2025-03-17,EUR,NT30
4500090591,1000,ZSER,100019,2000,001,2024-07-14,EUR,0001
4500090592,2000,NB,100018,2000,001,2024-03-07,USD,NT60
4500090593,1000,FO,100042,1000,003,2024-01-01,EUR,NT45
4500090594,2000,NB,100037,1000,004,2024-03-23,EUR,NT45
4500090595,2000,ZSER,100019,2000,002,2024-03-28,EUR,0001
4500090596,3000,FO,100059,2000,003,2025-12-02,EUR,0001
4500090597,1000,FO,100048,1000,004,2025-02-06,AED,0001
4500090598,3000,NB,100006,2000,004,2024-12-07,AED,NT60
4500090599,3000,NB,100045,1000,004,2024-02-24,USD,NT45
4500090600,3000,NB,100000,1000,002,2024-06-05,USD,NT30
4500090601,1000,NB,100009,1000,002,2025-10-13,USD,NT45
4500090602,2000,NB,100000,2000,001,2025-08-17,EUR,NT45
4500090603,2000,ZSER,100029,2000,004,2024-05-23,USD,0001
4500090604,1000,NB,100054,1000,004,2024-06-11,AED,0001
4500090605,2000,NB,100003,1000,001,2025-09-18,EUR,NT60
4500090606,3000,ZSER,100008,1000,002,2025-10-14,EUR,0001
4500090607,3000,ZSER,100049,1000,003,2025-02-21,USD,0001
4500090608,2000,FO,100051,2000,001,2024-03-09,AED,NT30
4500090609,2000,FO,100052,2000,001,2024-10-23,USD,NT60
4500090610,2000,ZSER,100032,1000,001,2024-11-15,AED,0001
4500090611,1000,FO,100058,1000,001,2024-03-04,EUR,NT30
4500090612,1000,NB,100001,2000,001,2024-02-26,AED,0001
4500090613,3000,NB,100044,1000,004,2025-03-13,USD,NT60
4500090614,1000,NB,100055,1000,002,2024-09-12,EUR,NT45
4500090615,3000,ZSER,100013,2000,002,2025-05-21,EUR,NT60
4500090616,1000,NB,100031,1000,002,2024-10-13,EUR,NT45
4500090617,2000,ZSER,100015,2000,001,2025-12-16,USD,0001
4500090618,3000,FO,100003,2000,001,2024-10-12,EUR,0001
4500090619,2000,ZSER,100013,2000,004,2024-01-29,AED,NT30
4500090620,2000,FO,100018,2000,002,2025-07-01,EUR,0001
4500090621,3000,FO,100018,1000,003,2024-12-11,EUR,NT60
4500090622,3000,ZSER,100022,1000,004,2025-05-06,USD,NT30
4500090623,3000,NB,100055,1000,001,2025-09-24,AED,NT30
4500090624,1000,ZSER,100016,2000,001,2024-09-20,AED,NT45
4500090625,2000,ZSER,100009,2000,003,2024-01-26,EUR,NT60
4500090626,1000,ZSER,100024,1000,004,2025-08-19,AED,NT30
4500090627,3000,ZSER,100035,1000,001,2025-03-04,AED,0001
4500090628,2000,ZSER,100023,1000,003,2024-03-22,AED,0001
4500090629,1000,ZSER,100037,2000,003,2025-11-12,EUR,NT60
4500090630,3000,NB,100036,1000,004,2025-05-21,USD,NT45
4500090631,1000,NB,100047,2000,001,2024-04-13,AED,NT45
4500090632,2000,NB,100057,2000,002,2025-03-08,AED,NT60
4500090633,1000,ZSER,100038,1000,001,2025-09-23,AED,NT60
4500090634,3000,FO,100023,2000,003,2025-11-21,EUR,NT45
4500090635,3000,ZSER,100009,1000,004,2024-02-12,AED,NT60
4500090636,1000,ZSER,100048,2000,002,2024-04-18,USD,NT45
4500090637,2000,ZSER,100023,2000,004,2024-07-27,AED,NT45
4500090638,2000,NB,100046,2000,003,2024-03-17,EUR,NT30
4500090639,2000,NB,100008,1000,003,2025-08-23,EUR,NT45
4500090640,3000,FO,100044,1000,003,2024-09-26,EUR,NT45
4500090641,2000,NB,100026,2000,001,2025-04-02,USD,0001
4500090642,2000,NB,100032,2000,003,2024-08-08,AED,NT60
4500090643,2000,NB,100039,1000,001,2025-09-17,EUR,NT30
4500090644,1000,FO,100014,2000,004,2024-10-24,USD,NT45
4500090645,2000,FO,100006,1000,002,2025-05-28,EUR,NT60
4500090646,2000,ZSER,100017,2000,002,2024-05-06,AED,NT60
4500090647,1000,ZSER,100026,1000,001,2024-01-21,AED,0001
4500090648,2000,ZSER,100012,2000,004,2024-04-12,EUR,0001
4500090649,3000,ZSER,100018,1000,004,2025-12-20,USD,0001
4500090650,1000,NB,100006,2000,002,2025-07-28,USD,NT45
4500090651,1000,ZSER,100017,2000,004,2025-12-07,EUR,NT45
4500090652,1000,NB,100047,2000,001,2024-05-04,USD,0001
4500090653,1000,NB,100036,2000,002,2025-10-27,AED,NT60
4500090654,2000,ZSER,100004,1000,002,2024-01-06,AED,NT30
4500090655,2000,ZSER,100046,2000,003,2024-11-09,AED,NT45
4500090656,3000,NB,100011,1000,004,2024-09-26,EUR,NT60
4500090657,2000,FO,100042,1000,002,2025-04-28,AED,0001
4500090658,3000,NB,100044,2000,003,2024-09-13,USD,NT30
4500090659,2000,ZSER,100012,1000,001,2025-03-28,AED,NT60
4500090660,3000,NB,100016,1000,004,2024-10-07,AED,0001
4500090661,3000,NB,100028,2000,001,2025-10-14,AED,NT60
4500090662,3000,NB,100046,2000,004,2025-01-10,AED,NT30
4500090663,1000,FO,100017,1000,003,2024-03-26,AED,NT45
4500090664,1000,FO,100046,1000,002,2024-03-29,USD,NT45
4500090665,1000,ZSER,100011,2000,004,2024-10-12,USD,NT45
4500090666,3000,NB,100053,1000,004,2025-10-08,USD,NT45
4500090667,3000,NB,100033,2000,002,2025-11-05,EUR,NT60
4500090668,1000,FO,100057,2000,002,2024-04-12,EUR,NT45
4500090669,3000,FO,100044,2000,002,2025-03-21,EUR,NT60
4500090670,3000,ZSER,100010,1000,002,2024-11-03,USD,NT60
4500090671,1000,FO,100029,1000,002,2025-02-09,USD,NT45
4500090672,1000,FO,100010,2000,002,2024-12-18,EUR,0001
4500090673,1000,NB,100042,1000,002,2025-08-23,EUR,NT60
4500090674,1000,FO,100024,1000,003,2025-10-31,EUR,0001
4500090675,1000,ZSER,100010,2000,004,2024-11-22,USD,0001
4500090676,2000,ZSER,100027,1000,002,2025-06-28,USD,NT60
4500090677,2000,FO,100043,2000,003,2025-01-13,USD,NT60
4500090678,3000,ZSER,100046,2000,002,2024-02-07,USD,NT30
4500090679,2000,FO,100057,1000,004,2024-10-08,USD,NT30
4500090680,1000,ZSER,100025,2000,001,2024-01-23,EUR,NT30
4500090681,2000,NB,100023,2000,003,2025-08-10,AED,NT45
4500090682,2000,NB,100038,1000,002,2025-10-12,USD,NT60
4500090683,2000,ZSER,100034,1000,003,2025-02-02,EUR,NT60
4500090684,2000,ZSER,100005,2000,001,2025-10-08,USD,NT60
4500090685,3000,ZSER,100048,2000,002,2024-10-17,EUR,NT45
4500090686,2000,FO,100026,2000,001,2025-09-05,AED,NT60
4500090687,3000,FO,100024,2000,004,2025-08-17,USD,NT30
4500090688,1000,NB,100020,2000,001,2025-09-16,EUR,NT30
4500090689,2000,NB,100036,2000,002,2025-04-17,USD,0001
4500090690,3000,NB,100015,1000,001,2025-04-18,AED,0001
4500090691,2000,FO,100049,2000,004,2024-02-10,USD,NT30
4500090692,2000,NB,100058,2000,001,2024-09-05,EUR,NT30
4500090693,3000,FO,100036,2000,002,2025-01-06,AED,NT60
4500090694,3000,ZSER,100023,2000,004,2025-06-04,AED,NT45
4500090695,1000,ZSER,100057,1000,003,2025-01-23,USD,NT60
4500090696,1000,ZSER,100036,1000,002,2025-10-15,EUR,NT30
4500090697,3000,NB,100011,1000,004,2025-12-07,USD,NT30
4500090698,1000,ZSER,100030,1000,003,2025-04-20,AED,NT30
4500090699,1000,ZSER,100019,2000,001,2025-08-05,AED,0001
4500090700,1000,FO,100031,2000,003,2025-10-08,AED,NT60
4500090701,1000,NB,100030,1000,004,2025-05-22,AED,NT60
4500090702,1000,NB,100012,2000,003,2024-04-21,EUR,0001
4500090703,1000,NB,100009,2000,002,2024-11-27,USD,NT45
4500090704,2000,FO,100053,2000,004,2024-11-18,EUR,NT30
4500090705,3000,ZSER,100020,1000,002,2025-07-25,AED,0001
4500090706,3000,ZSER,100015,2000,001,2024-10-13,USD,NT30
4500090707,3000,FO,100055,1000,001,2024-06-03,EUR,NT45
4500090708,2000,ZSER,100020,1000,002,2025-01-04,EUR,0001
4500090709,3000,FO,100008,2000,004,2024-05-02,EUR,NT30
4500090710,3000,FO,100032,2000,003,2024-11-30,AED,NT30
4500090711,3000,NB,100034,2000,002,2024-06-11,USD,0001
4500090712,1000,FO,100047,2000,001,2025-03-18,AED,0001
4500090713,3000,ZSER,100054,2000,004,2024-08-16,AED,NT45
4500090714,1000,ZSER,100020,1000,002,2024-11-18,EUR,NT45
4500090715,2000,ZSER,100012,1000,001,2024-07-29,USD,NT30
4500090716,3000,FO,100013,2000,003,2024-04-02,AED,NT30
4500090717,3000,ZSER,100001,2000,001,2024-10-08,USD,NT45
4500090718,2000,FO,100055,2000,002,2025-11-07,EUR,NT45
4500090719,1000,FO,100001,2000,003,2025-05-24,EUR,NT60
4500090720,2000,NB,100047,2000,002,2024-05-27,USD,NT30
4500090721,2000,FO,100007,2000,002,2025-05-02,AED,NT30
4500090722,1000,ZSER,100012,1000,002,2024-05-08,USD,NT30
4500090723,1000,ZSER,100014,2000,003,2024-09-13,AED,0001
4500090724,3000,NB,100000,1000,002,2024-05-26,EUR,NT60
4500090725,2000,FO,100040,1000,004,2025-08-14,AED,NT60
4500090726,2000,NB,100048,2000,004,2025-06-15,AED,NT30
4500090727,2000,ZSER,100019,1000,002,2025-04-08,EUR,NT45
4500090728,3000,NB,100055,2000,002,2025-06-27,AED,NT45
4500090729,2000,NB,100054,2000,003,2024-07-26,EUR,0001
4500090730,1000,FO,100030,1000,004,2024-06-13,EUR,NT45
4500090731,1000,NB,100037,2000,002,2025-11-19,AED,NT60
4500090732,1000,NB,100039,2000,003,2025-04-10,USD,0001
4500090733,1000,ZSER,100055,2000,004,2025-01-06,EUR,NT30
4500090734,2000,FO,100040,2000,003,2025-06-04,USD,NT30
4500090735,2000,NB,100027,2000,004,2025-11-12,AED,0001
4500090736,1000,NB,100006,1000,003,2025-08-12,AED,0001
4500090737,1000,ZSER,100018,2000,003,2025-02-26,EUR,NT60
4500090738,2000,NB,100020,2000,001,2025-02-14,EUR,NT60
4500090739,2000,NB,100040,2000,004,2024-07-09,EUR,NT60
4500090740,3000,ZSER,100005,2000,003,2025-12-29,USD,NT60
4500090741,2000,NB,100009,2000,002,2025-11-14,AED,NT45
4500090742,2000,ZSER,100030,1000,004,2025-03-25,USD,0001
4500090743,3000,NB,100015,1000,004,2025-07-05,AED,NT60
4500090744,1000,FO,100041,2000,001,2025-07-21,EUR,0001
4500090745,3000,ZSER,100016,2000,004,2024-01-29,AED,NT45
4500090746,2000,ZSER,100003,1000,001,2025-12-30,AED,NT30
4500090747,2000,NB,100024,2000,002,2025-12-14,USD,NT60
4500090748,3000,FO,100028,1000,001,2024-04-06,AED,NT30
4500090749,3000,FO,100012,1000,002,2025-10-13,EUR,NT30
4500090750,1000,ZSER,100001,1000,003,2025-09-29,EUR,NT30
4500090751,2000,NB,100053,1000,003,2025-02-02,USD,NT60
4500090752,3000,ZSER,100051,1000,001,2025-11-06,AED,NT60
4500090753,2000,FO,100039,2000,001,2025-02-02,AED,NT30
4500090754,1000,FO,100034,2000,002,2024-01-29,EUR,NT30
4500090755,1000,ZSER,100002,1000,003,2025-01-25,USD,NT45
4500090756,3000,ZSER,100043,2000,002,2025-08-07,AED,NT60
4500090757,1000,NB,100040,2000,001,2024-04-27,USD,NT60
4500090758,1000,FO,100016,1000,001,2024-04-21,AED,0001
4500090759,3000,NB,100011,1000,004,2024-03-26,AED,NT60
4500090760,1000,ZSER,100022,1000,004,2025-04-18,EUR,NT45
4500090761,1000,ZSER,100035,2000,001,2024-06-13,USD,NT30
4500090762,1000,ZSER,100048,1000,001,2025-10-05,AED,0001
4500090763,2000,FO,100040,1000,003,2024-06-27,AED,NT30
4500090764,2000,FO,100029,2000,002,2025-01-07,AED,NT45
4500090765,2000,NB,100023,2000,002,2025-10-21,EUR,NT30
4500090766,3000,NB,100024,2000,002,2025-08-04,AED,0001
4500090767,3000,ZSER,100059,1000,001,2025-09-19,USD,NT30
4500090768,2000,FO,100054,1000,002,2024-04-02,USD,NT60
4500090769,3000,NB,100030,2000,003,2024-12-12,USD,NT45
4500090770,3000,NB,100044,1000,002,2024-10-14,EUR,NT30
4500090771,3000,ZSER,100010,2000,004,2024-01-21,AED,NT45
4500090772,2000,FO,100012,1000,003,2025-10-11,AED,0001
4500090773,1000,ZSER,100023,2000,001,2024-09-15,EUR,NT60
4500090774,2000,ZSER,100047,1000,003,2025-11-03,AED,NT30
4500090775,3000,FO,100002,2000,003,2025-12-12,EUR,0001
4500090776,1000,NB,100051,1000,002,2024-05-11,EUR,NT30
4500090777,1000,NB,100055,2000,003,2025-09-24,AED,NT30
4500090778,1000,NB,100059,1000,001,2024-03-24,EUR,NT45
4500090779,3000,NB,100031,2000,003,2025-09-11,AED,NT30
4500090780,2000,ZSER,100040,2000,003,2025-08-29,USD,0001
4500090781,1000,ZSER,100039,2000,001,2025-03-16,AED,NT30
4500090782,2000,FO,100023,2000,002,2025-05-26,USD,NT45
4500090783,2000,FO,100059,2000,002,2025-02-16,USD,0001
4500090784,1000,FO,100021,2000,002,2024-07-21,EUR,NT60
4500090785,1000,NB,100003,2000,004,2024-12-27,AED,NT60
4500090786,3000,FO,100010,2000,001,2024-12-12,AED,NT45
4500090787,2000,ZSER,100044,2000,003,2024-08-27,AED,NT60
4500090788,1000,FO,100036,1000,004,2025-04-26,USD,NT60
4500090789,2000,FO,100017,1000,003,2024-03-09,AED,NT45
4500090790,3000,NB,100020,1000,001,2025-09-11,EUR,NT30
4500090791,1000,FO,100016,1000,001,2024-07-28,AED,0001
4500090792,2000,ZSER,100028,1000,004,2025-10-02,EUR,NT30
4500090793,2000,ZSER,100023,2000,001,2024-05-25,AED,0001
4500090794,1000,NB,100031,1000,001,2024-03-06,AED,NT45
4500090795,1000,ZSER,100025,2000,004,2025-07-12,AED,NT45
4500090796,1000,ZSER,100014,1000,001,2024-09-02,AED,NT45
4500090797,1000,ZSER,100004,1000,002,2024-02-11,USD,0001
4500090798,2000,NB,100032,1000,001,2024-06-17,AED,NT60
4500090799,3000,ZSER,100028,2000,002,2025-09-09,USD,NT30
4500090800,3000,ZSER,100012,2000,002,2025-08-06,AED,NT60
4500090801,3000,FO,100031,2000,004,2025-02-01,AED,NT45
4500090802,1000,FO,100010,1000,002,2024-04-09,EUR,NT60
4500090803,2000,NB,100057,2000,004,2024-05-02,USD,NT30
4500090804,3000,ZSER,100015,2000,003,2025-04-11,USD,0001
4500090805,2000,FO,100001,2000,004,2024-02-08,USD,NT30
4500090806,1000,FO,100018,1000,003,2025-05-05,USD,NT45
4500090807,3000,ZSER,100042,1000,003,2025-01-15,AED,NT60
4500090808,2000,ZSER,100041,1000,001,2025-04-22,EUR,NT45
4500090809,1000,ZSER,100032,1000,001,2025-07-11,EUR,NT45
4500090810,2000,ZSER,100014,2000,001,2025-08-13,USD,0001
4500090811,2000,FO,100019,1000,001,2024-09-04,USD,NT30
4500090812,2000,FO,100004,1000,004,2024-03-09,EUR,0001
4500090813,3000,ZSER,100019,2000,001,2025-03-14,AED,0001
4500090814,3000,NB,100030,2000,003,2025-01-27,AED,0001
4500090815,3000,NB,100030,1000,002,2024-09-15,AED,NT30
4500090816,2000,NB,100059,1000,004,2025-06-02,EUR,0001
4500090817,2000,NB,100011,1000,003,2025-04-07,AED,NT60
4500090818,2000,ZSER,100014,1000,001,2025-12-31,USD,NT45
4500090819,3000,NB,100023,2000,004,2025-10-12,USD,NT60
4500090820,2000,ZSER,100042,2000,003,2024-07-20,EUR,NT30
4500090821,2000,NB,100025,1000,001,2024-01-12,AED,NT60
4500090822,1000,NB,100055,2000,004,2025-05-06,EUR,NT45
4500090823,1000,ZSER,100054,1000,002,2024-03-13,USD,0001
4500090824,2000,NB,100053,2000,004,2025-10-02,USD,0001
4500090825,2000,FO,100046,1000,002,2025-01-17,EUR,0001
4500090826,1000,ZSER,100005,1000,003,2025-12-22,EUR,0001
4500090827,3000,ZSER,100037,1000,004,2025-12-12,EUR,NT30
4500090828,3000,ZSER,100012,2000,003,2024-12-09,EUR,0001
4500090829,2000,NB,100034,2000,002,2025-07-20,USD,NT60
4500090830,2000,ZSER,100015,2000,004,2025-02-05,AED,NT60
4500090831,2000,FO,100051,2000,004,2024-09-17,USD,NT60
4500090832,2000,FO,100030,1000,002,2025-03-23,USD,NT30
4500090833,1000,FO,100003,2000,003,2024-01-11,EUR,NT45
4500090834,2000,NB,100035,1000,004,2025-08-21,USD,NT30
4500090835,2000,ZSER,100014,1000,002,2024-09-04,USD,NT60
4500090836,2000,FO,100055,1000,002,2025-09-06,USD,NT30
4500090837,3000,NB,100024,2000,002,2025-03-28,AED,NT30
4500090838,2000,ZSER,100045,2000,003,2024-01-23,EUR,NT30
4500090839,1000,NB,100024,1000,002,2025-01-08,USD,NT30
4500090840,3000,NB,100014,1000,003,2024-04-04,AED,0001
4500090841,1000,NB,100009,1000,003,2025-06-30,USD,NT60
4500090842,2000,NB,100010,1000,002,2024-02-19,AED,NT60
4500090843,2000,ZSER,100029,2000,004,2025-06-25,AED,0001
4500090844,2000,NB,100038,2000,004,2025-01-11,EUR,NT60
4500090845,2000,FO,100008,1000,002,2025-10-26,USD,NT45
4500090846,3000,FO,100058,1000,003,2025-01-30,EUR,0001
4500090847,1000,NB,100059,1000,002,2025-06-02,AED,NT60
4500090848,2000,FO,100001,2000,003,2025-04-04,AED,NT60
4500090849,1000,NB,100036,2000,003,2025-06-02,AED,0001
4500090850,1000,FO,100026,1000,004,2025-08-05,AED,NT60
4500090851,3000,FO,100029,1000,001,2024-06-18,AED,0001
4500090852,3000,ZSER,100042,2000,002,2025-11-29,USD,NT30
4500090853,2000,NB,100056,1000,003,2024-09-11,EUR,0001
4500090854,1000,FO,100021,1000,004,2025-01-14,EUR,0001
4500090855,2000,NB,100020,1000,001,2025-08-30,USD,NT30
4500090856,2000,FO,100002,2000,001,2024-05-16,USD,NT45
4500090857,3000,FO,100006,1000,003,2024-09-30,USD,NT30
4500090858,2000,ZSER,100032,2000,004,2024-11-09,USD,NT60
4500090859,2000,FO,100046,2000,002,2024-03-16,AED,0001
4500090860,2000,NB,100002,2000,004,2024-09-15,AED,0001
4500090861,2000,FO,100026,1000,001,2024-04-05,USD,NT45
4500090862,1000,FO,100012,2000,004,2024-08-04,AED,NT45
4500090863,3000,NB,100058,2000,002,2025-09-15,EUR,NT60
4500090864,2000,NB,100025,1000,003,2024-01-03,AED,0001
4500090865,3000,ZSER,100050,1000,004,2024-11-09,AED,NT45
4500090866,2000,NB,100041,1000,002,2024-09-08,AED,NT60
4500090867,3000,ZSER,100019,1000,001,2025-07-09,USD,NT30
4500090868,2000,FO,100011,1000,004,2024-04-26,AED,NT30
4500090869,3000,ZSER,100010,1000,004,2025-06-18,AED,NT60
4500090870,2000,NB,100006,1000,002,2025-06-08,AED,0001
4500090871,2000,FO,100035,2000,002,2025-04-13,USD,NT30
4500090872,2000,ZSER,100008,2000,001,2025-04-29,AED,NT30
4500090873,2000,NB,100017,2000,001,2024-12-14,EUR,NT60
4500090874,2000,FO,100006,1000,002,2024-09-27,AED,NT45
4500090875,1000,ZSER,100048,2000,003,2025-07-08,USD,0001
4500090876,3000,NB,100021,1000,001,2024-10-02,USD,NT30
4500090877,2000,NB,100034,1000,001,2024-04-19,EUR,NT45
4500090878,3000,NB,100047,2000,001,2025-11-29,AED,NT60
4500090879,1000,FO,100018,2000,003,2024-12-18,EUR,NT45
4500090880,3000,NB,100007,2000,002,2025-02-19,AED,NT45
4500090881,3000,NB,100047,2000,002,2024-02-17,USD,NT60
4500090882,1000,FO,100053,1000,003,2025-12-13,USD,0001
4500090883,2000,ZSER,100043,1000,002,2024-10-08,USD,0001
4500090884,3000,FO,100003,2000,002,2024-03-02,EUR,NT30
4500090885,2000,FO,100012,2000,003,2025-12-05,USD,0001
4500090886,1000,NB,100032,2000,003,2025-10-19,AED,NT60
4500090887,1000,NB,100047,1000,002,2025-02-17,EUR,NT60
4500090888,2000,ZSER,100009,2000,003,2024-01-21,USD,0001
4500090889,3000,ZSER,100040,2000,001,2025-02-15,EUR,0001
4500090890,3000,NB,100014,1000,001,2025-03-17,AED,NT45
4500090891,3000,NB,100035,1000,002,2025-03-27,USD,NT60
4500090892,3000,ZSER,100007,2000,002,2024-10-14,USD,NT60
4500090893,3000,FO,100002,1000,001,2025-05-02,EUR,NT45
4500090894,2000,NB,100001,1000,002,2025-11-14,USD,NT30
4500090895,1000,ZSER,100008,1000,003,2024-02-02,AED,NT60
4500090896,1000,FO,100009,1000,002,2025-03-01,EUR,NT60
4500090897,2000,FO,100012,2000,001,2025-02-19,AED,NT30
4500090898,1000,ZSER,100045,1000,002,2024-05-18,USD,NT45
4500090899,3000,NB,100015,2000,001,2025-07-05,EUR,NT60
4500090900,3000,NB,100027,2000,004,2025-10-11,USD,NT60
4500090901,1000,ZSER,100037,1000,004,2024-03-24,USD,0001
4500090902,2000,FO,100041,1000,001,2024-10-23,AED,NT45
4500090903,1000,ZSER,100038,2000,002,2024-02-20,EUR,NT60
4500090904,3000,NB,100020,2000,003,2025-01-13,USD,0001
4500090905,1000,FO,100026,2000,003,2024-07-31,USD,NT45
4500090906,3000,NB,100058,2000,003,2025-06-25,AED,NT45
4500090907,3000,ZSER,100018,2000,004,2024-06-23,EUR,NT45
4500090908,2000,NB,100023,1000,003,2025-06-25,EUR,NT30
4500090909,2000,NB,100043,1000,001,2024-07-10,EUR,0001
4500090910,3000,NB,100044,2000,003,2025-05-27,AED,NT45
4500090911,1000,FO,100020,1000,002,2025-12-26,USD,NT30
4500090912,3000,NB,100034,1000,001,2024-02-19,AED,NT45
4500090913,3000,FO,100006,1000,001,2025-04-17,USD,NT45
4500090914,1000,ZSER,100007,1000,002,2025-07-16,AED,0001
4500090915,2000,ZSER,100013,2000,002,2025-02-05,USD,NT30
4500090916,2000,NB,100037,1000,002,2024-05-22,USD,NT45
4500090917,2000,NB,100004,2000,002,2024-04-04,AED,0001
4500090918,2000,FO,100015,2000,001,2025-05-19,AED,NT30
4500090919,3000,NB,100012,2000,004,2024-02-26,EUR,NT30
4500090920,1000,NB,100047,1000,003,2024-08-05,EUR,NT60
4500090921,3000,FO,100006,2000,002,2025-05-12,AED,NT45
4500090922,3000,ZSER,100030,1000,004,2025-11-14,USD,NT45
4500090923,3000,FO,100052,1000,003,2024-02-18,EUR,NT45
4500090924,3000,ZSER,100025,2000,004,2025-09-04,AED,NT60
4500090925,1000,NB,100039,1000,002,2024-07-18,USD,NT60
4500090926,2000,ZSER,100030,1000,004,2024-06-07,EUR,NT30
4500090927,1000,FO,100053,2000,001,2024-10-18,USD,0001
4500090928,2000,FO,100024,2000,001,2025-08-09,USD,NT30
4500090929,2000,ZSER,100054,1000,001,2025-06-05,USD,0001
4500090930,2000,ZSER,100003,1000,001,2024-04-29,USD,NT45
4500090931,1000,ZSER,100029,1000,004,2025-02-21,AED,0001
4500090932,2000,NB,100038,1000,004,2024-10-15,USD,0001
4500090933,3000,ZSER,100001,2000,001,2025-02-10,USD,NT45
4500090934,1000,FO,100058,1000,004,2025-02-14,USD,NT45
4500090935,1000,FO,100042,2000,003,2024-11-21,EUR,NT30
4500090936,2000,NB,100010,1000,004,2025-08-15,EUR,NT30
4500090937,3000,FO,100028,1000,004,2024-07-28,EUR,NT30
4500090938,2000,ZSER,100040,1000,001,2024-04-04,AED,NT45
4500090939,1000,NB,100055,1000,003,2025-07-06,EUR,NT30
4500090940,3000,NB,100029,2000,004,2025-05-04,USD,0001
4500090941,2000,FO,100014,1000,001,2025-10-06,EUR,NT60
4500090942,2000,ZSER,100043,1000,001,2024-09-28,AED,NT45
4500090943,1000,ZSER,100048,2000,002,2025-08-31,EUR,NT60
4500090944,3000,ZSER,100051,1000,004,2024-02-04,AED,NT60
4500090945,1000,ZSER,100032,2000,001,2025-04-13,EUR,NT45
4500090946,2000,FO,100059,2000,001,2025-09-22,AED,NT30
4500090947,3000,FO,100002,1000,004,2025-10-20,AED,NT45
4500090948,3000,FO,100039,1000,001,2024-12-05,AED,NT30
4500090949,2000,FO,100059,2000,002,2025-06-20,USD,NT60
4500090950,2000,FO,100059,1000,003,2024-04-15,USD,NT60
4500090951,2000,ZSER,100036,1000,002,2024-06-24,EUR,NT60
4500090952,2000,FO,100035,2000,001,2025-12-28,AED,0001
4500090953,3000,NB,100019,1000,001,2025-10-05,EUR,0001
4500090954,1000,FO,100053,2000,001,2025-01-07,EUR,NT60
4500090955,3000,FO,100002,1000,001,2024-01-17,EUR,NT30
4500090956,3000,ZSER,100007,2000,001,2025-12-13,AED,NT45
4500090957,2000,ZSER,100032,2000,003,2025-03-01,EUR,NT45
4500090958,2000,ZSER,100027,2000,002,2025-01-07,AED,NT45
4500090959,3000,ZSER,100040,1000,001,2024-08-23,USD,NT45
4500090960,2000,NB,100020,1000,004,2024-12-14,AED,NT45
4500090961,2000,ZSER,100039,2000,002,2025-01-27,EUR,NT45
4500090962,1000,ZSER,100033,1000,002,2024-08-11,USD,NT30
4500090963,1000,ZSER,100024,1000,004,2024-01-09,EUR,0001
4500090964,3000,FO,100045,1000,002,2024-03-30,EUR,0001
4500090965,2000,NB,100046,1000,004,2024-04-14,USD,0001
4500090966,2000,NB,100053,1000,002,2024-01-30,AED,NT45
4500090967,1000,FO,100054,2000,003,2025-07-07,EUR,NT30
4500090968,3000,ZSER,100057,2000,001,2025-04-02,USD,NT45
4500090969,1000,NB,100015,1000,002,2024-05-13,EUR,0001
4500090970,2000,ZSER,100016,2000,004,2025-07-21,EUR,NT45
4500090971,3000,NB,100059,2000,001,2025-02-01,EUR,NT30
4500090972,3000,NB,100047,1000,003,2024-12-22,USD,0001
4500090973,2000,NB,100007,1000,002,2024-05-28,USD,NT45
4500090974,3000,ZSER,100007,1000,001,2025-09-12,USD,0001
4500090975,2000,ZSER,100013,1000,004,2024-02-07,EUR,NT60
4500090976,1000,FO,100011,1000,004,2024-04-12,AED,NT45
4500090977,1000,ZSER,100046,1000,002,2025-01-24,AED,NT60
4500090978,2000,ZSER,100012,2000,003,2025-03-10,EUR,NT60
4500090979,2000,ZSER,100027,1000,004,2024-05-06,USD,0001
4500090980,1000,FO,100033,2000,003,2025-10-27,USD,NT30
4500090981,2000,FO,100036,2000,003,2025-10-17,AED,NT30
4500090982,1000,NB,100029,1000,001,2025-03-20,USD,NT30
4500090983,1000,FO,100035,2000,003,2024-08-23,USD,0001
4500090984,3000,NB,100006,1000,003,2024-05-31,AED,NT30
4500090985,2000,NB,100019,1000,002,2024-07-23,USD,NT30
4500090986,1000,FO,100038,2000,004,2025-02-16,EUR,0001
4500090987,2000,FO,100003,2000,001,2024-09-29,EUR,NT60
4500090988,2000,NB,100031,2000,001,2025-11-13,USD,NT60
4500090989,3000,NB,100044,2000,002,2024-10-03,AED,NT30
4500090990,3000,NB,100033,1000,002,2025-05-19,EUR,0001
4500090991,2000,NB,100006,1000,002,2025-02-24,EUR,NT60
4500090992,2000,FO,100053,1000,002,2024-06-27,AED,NT60
4500090993,1000,FO,100052,1000,001,2024-09-27,USD,0001
4500090994,2000,NB,100006,1000,001,2024-04-01,AED,NT60
4500090995,3000,ZSER,100023,2000,002,2025-12-01,USD,NT30
4500090996,2000,FO,100010,1000,004,2024-05-03,AED,NT60
4500090997,3000,ZSER,100025,1000,002,2024-04-03,AED,0001
4500090998,1000,ZSER,100037,1000,003,2024-12-29,USD,0001
4500090999,1000,FO,100041,2000,002,2024-09-11,EUR,0001
4500091000,3000,NB,100024,2000,004,2025-01-27,USD,NT60
4500091001,1000,FO,100032,2000,002,2025-08-10,AED,NT30
4500091002,2000,ZSER,100057,1000,002,2024-09-11,AED,0001
4500091003,1000,NB,100021,2000,003,2024-07-10,AED,NT30
4500091004,2000,NB,100044,2000,004,2024-10-23,USD,0001
4500091005,2000,NB,100009,2000,003,2024-04-09,EUR,NT30
4500091006,3000,NB,100042,2000,004,2025-07-05,EUR,0001
4500091007,2000,NB,100049,2000,001,2025-05-04,EUR,NT30
4500091008,3000,ZSER,100014,2000,002,2025-09-02,EUR,NT60
4500091009,2000,NB,100003,1000,001,2025-01-23,AED,NT60
4500091010,3000,ZSER,100043,2000,004,2024-10-07,EUR,0001
4500091011,2000,FO,100052,2000,004,2024-11-14,EUR,NT60
4500091012,3000,ZSER,100014,1000,004,2024-07-15,USD,NT45
4500091013,1000,NB,100038,1000,004,2024-12-21,USD,NT45
4500091014,3000,ZSER,100027,2000,003,2025-05-04,EUR,NT45
4500091015,3000,FO,100034,1000,001,2025-06-13,AED,NT30
4500091016,3000,NB,100045,1000,001,2025-05-21,USD,NT60
4500091017,2000,NB,100048,2000,003,2025-05-05,AED,0001
4500091018,2000,ZSER,100010,1000,003,2025-01-12,USD,NT30
4500091019,2000,FO,100019,2000,003,2025-10-30,AED,NT45
4500091020,3000,ZSER,100046,1000,004,2025-05-18,EUR,0001
4500091021,3000,NB,100034,1000,004,2025-01-23,EUR,NT30
4500091022,2000,FO,100052,1000,001,2024-02-12,EUR,NT45
4500091023,3000,NB,100050,1000,004,2025-10-11,EUR,0001
4500091024,2000,ZSER,100013,1000,004,2025-07-01,AED,NT45
4500091025,2000,ZSER,100036,1000,001,2025-08-16,EUR,NT60
4500091026,2000,NB,100016,1000,002,2024-06-28,AED,0001
4500091027,1000,FO,100035,1000,002,2025-05-26,USD,NT30
4500091028,3000,ZSER,100001,2000,004,2024-03-05,EUR,0001
4500091029,3000,ZSER,100038,2000,004,2025-11-18,USD,NT30
4500091030,3000,NB,100018,2000,003,2024-03-04,AED,NT45
4500091031,3000,ZSER,100017,1000,002,2025-03-07,EUR,NT60
4500091032,2000,FO,100047,1000,003,2025-08-25,USD,NT30
4500091033,2000,ZSER,100018,2000,001,2024-01-02,EUR,NT60
4500091034,3000,NB,100029,2000,001,2024-01-16,EUR,0001
4500091035,2000,NB,100011,2000,004,2025-01-06,USD,NT45
4500091036,1000,FO,100036,1000,003,2025-07-26,USD,NT30
4500091037,2000,FO,100042,2000,002,2024-05-21,USD,NT30
4500091038,2000,ZSER,100038,1000,004,2025-05-03,USD,NT60
4500091039,1000,NB,100054,2000,004,2025-08-14,USD,NT30
4500091040,2000,FO,100057,1000,004,2024-12-16,USD,NT45
4500091041,1000,NB,100056,1000,004,2024-10-13,AED,NT45
4500091042,1000,FO,100059,1000,001,2025-01-17,EUR,NT30
4500091043,1000,ZSER,100011,1000,003,2025-04-19,USD,0001
4500091044,1000,NB,100003,1000,001,2025-08-06,EUR,NT30
4500091045,1000,ZSER,100051,2000,004,2025-10-23,AED,NT45
4500091046,1000,FO,100049,2000,001,2024-03-13,USD,NT60
4500091047,2000,ZSER,100003,2000,001,2025-02-19,AED,0001
4500091048,2000,NB,100054,1000,003,2024-11-01,EUR,NT30
4500091049,2000,NB,100034,1000,004,2024-12-07,AED,NT60
4500091050,3000,FO,100006,1000,001,2025-04-18,USD,NT60
4500091051,3000,NB,100044,1000,001,2024-03-26,AED,NT45
4500091052,3000,NB,100055,1000,003,2025-03-03,USD,NT60
4500091053,2000,FO,100021,1000,004,2024-02-02,USD,0001
4500091054,1000,NB,100042,2000,003,2024-03-08,AED,NT45
4500091055,1000,NB,100048,2000,001,2024-10-18,USD,NT60
4500091056,1000,NB,100023,1000,004,2025-02-01,EUR,NT30
4500091057,3000,FO,100003,2000,004,2024-03-16,EUR,NT30
4500091058,3000,FO,100019,1000,001,2025-08-17,USD,0001
4500091059,1000,FO,100011,2000,002,2024-10-19,AED,NT30
4500091060,3000,NB,100047,2000,001,2024-02-02,EUR,NT45
4500091061,1000,NB,100015,1000,004,2024-01-15,EUR,0001
4500091062,3000,ZSER,100021,2000,003,2025-07-30,AED,NT45
4500091063,2000,NB,100019,1000,002,2024-06-20,EUR,NT45
4500091064,2000,FO,100004,1000,002,2024-09-18,USD,0001
4500091065,1000,NB,100045,1000,004,2025-07-17,AED,NT45
4500091066,1000,ZSER,100058,2000,001,2025-06-21,AED,NT60
4500091067,2000,FO,100013,1000,003,2025-07-02,AED,0001
4500091068,3000,ZSER,100038,2000,002,2024-06-07,AED,NT60
4500091069,1000,ZSER,100018,1000,002,2025-07-03,AED,NT45
4500091070,3000,NB,100041,1000,001,2024-08-04,EUR,NT60
4500091071,1000,NB,100017,1000,002,2025-12-13,AED,0001
4500091072,2000,ZSER,100052,1000,004,2024-02-28,EUR,0001
4500091073,3000,NB,100056,2000,003,2025-12-03,EUR,NT30
4500091074,1000,ZSER,100034,2000,004,2024-10-09,USD,NT45
4500091075,2000,FO,100032,2000,004,2024-02-27,EUR,0001
4500091076,3000,FO,100005,2000,003,2025-08-07,USD,NT60
4500091077,3000,ZSER,100000,2000,002,2024-11-05,EUR,NT45
4500091078,3000,NB,100050,2000,003,2025-02-24,EUR,NT45
4500091079,3000,ZSER,100034,1000,004,2025-05-19,USD,NT45
4500091080,2000,ZSER,100029,1000,003,2024-07-10,AED,NT45
4500091081,3000,FO,100054,2000,001,2025-11-15,EUR,NT60
4500091082,2000,NB,100046,2000,002,2025-10-12,EUR,NT60
4500091083,3000,FO,100058,2000,001,2024-01-09,EUR,NT45
4500091084,1000,FO,100023,1000,004,2025-08-25,USD,NT60
4500091085,2000,NB,100050,2000,003,2024-06-10,EUR,NT45
4500091086,3000,NB,100014,1000,001,2024-04-16,EUR,NT60
4500091087,1000,NB,100017,2000,003,2024-11-21,AED,NT45
4500091088,1000,FO,100056,2000,004,2024-05-31,USD,0001
4500091089,3000,NB,100041,1000,001,2025-06-15,USD,0001
4500091090,3000,NB,100014,1000,004,2025-08-10,AED,NT30
4500091091,1000,FO,100040,1000,003,2025-05-11,AED,NT60
4500091092,1000,NB,100038,2000,003,2025-09-14,EUR,NT45
4500091093,1000,FO,100002,2000,001,2025-06-07,AED,NT45
4500091094,3000,ZSER,100014,1000,001,2025-07-25,EUR,0001
4500091095,1000,NB,100044,1000,001,2024-06-05,AED,NT60
4500091096,1000,ZSER,100003,2000,002,2025-01-21,EUR,NT30
4500091097,2000,NB,100031,2000,001,2025-11-16,AED,NT60
4500091098,1000,ZSER,100042,2000,003,2025-02-12,EUR,NT30
4500091099,1000,ZSER,100017,2000,003,2024-03-14,EUR,NT60
4500091100,1000,ZSER,100024,2000,004,2025-08-29,AED,0001
4500091101,3000,ZSER,100006,1000,002,2024-05-19,EUR,NT30
4500091102,3000,ZSER,100025,2000,002,2024-02-07,USD,NT45
4500091103,1000,ZSER,100026,1000,003,2024-12-26,USD,NT30
4500091104,3000,FO,100043,1000,002,2025-08-15,USD,NT45
4500091105,2000,FO,100049,2000,003,2024-12-23,AED,0001
4500091106,3000,FO,100025,2000,003,2024-10-31,USD,0001
4500091107,2000,ZSER,100015,1000,004,2024-12-27,USD,NT30
4500091108,1000,FO,100029,2000,001,2024-01-09,USD,NT45
4500091109,1000,FO,100042,2000,003,2025-03-21,EUR,NT45
4500091110,2000,ZSER,100054,2000,003,2024-09-21,USD,NT60
4500091111,3000,ZSER,100042,2000,001,2025-06-29,USD,NT45
4500091112,3000,NB,100008,1000,004,2024-03-03,USD,0001
4500091113,1000,NB,100002,2000,003,2024-09-07,AED,0001
4500091114,2000,FO,100046,2000,004,2025-04-17,USD,NT60
4500091115,2000,FO,100016,2000,002,2025-12-13,USD,NT30
4500091116,3000,NB,100010,1000,002,2025-11-17,USD,NT60
4500091117,3000,FO,100002,1000,003,2025-07-19,EUR,NT30
4500091118,2000,NB,100019,1000,002,2024-07-31,AED,NT60
4500091119,2000,NB,100027,2000,003,2025-02-04,AED,NT45
4500091120,1000,NB,100025,1000,001,2025-08-10,USD,NT30
4500091121,2000,FO,100023,1000,004,2024-01-11,AED,NT60
4500091122,1000,NB,100052,1000,002,2025-05-14,EUR,NT45
4500091123,1000,FO,100051,1000,002,2024-01-17,AED,NT45
4500091124,3000,FO,100041,2000,003,2025-10-13,EUR,NT30
4500091125,2000,ZSER,100050,1000,003,2025-11-24,AED,NT30
4500091126,3000,ZSER,100045,1000,002,2024-09-17,EUR,NT45
4500091127,2000,ZSER,100007,1000,002,2025-06-27,AED,NT60
4500091128,3000,FO,100039,1000,003,2024-09-14,AED,NT30
4500091129,3000,FO,100043,2000,002,2024-11-24,USD,NT30
4500091130,3000,FO,100032,1000,003,2025-09-05,EUR,NT30
4500091131,2000,FO,100012,2000,002,2025-11-29,EUR,0001
4500091132,1000,NB,100030,2000,002,2024-11-22,USD,0001
4500091133,3000,FO,100008,1000,002,2024-01-29,AED,NT60
4500091134,1000,ZSER,100013,2000,003,2024-02-13,AED,0001
4500091135,1000,FO,100042,2000,001,2024-07-03,EUR,NT60
4500091136,3000,ZSER,100006,1000,001,2024-08-16,EUR,NT45
4500091137,3000,ZSER,100023,1000,003,2024-10-30,AED,NT45
4500091138,1000,NB,100053,2000,002,2025-11-20,AED,0001
4500091139,1000,FO,100046,1000,001,2024-05-12,AED,NT45
4500091140,1000,NB,100049,2000,004,2025-12-17,USD,0001
4500091141,3000,ZSER,100026,1000,001,2024-01-22,USD,NT30
4500091142,3000,NB,100017,1000,003,2024-09-07,AED,NT45
4500091143,3000,ZSER,100056,2000,002,2024-07-30,USD,0001
4500091144,1000,ZSER,100004,1000,002,2024-07-13,USD,NT45
4500091145,2000,ZSER,100022,1000,004,2024-07-10,EUR,NT30
4500091146,3000,NB,100015,2000,004,2024-03-17,EUR,NT30
4500091147,3000,FO,100052,2000,003,2024-06-03,AED,0001
4500091148,3000,NB,100027,2000,003,2025-10-05,USD,NT30
4500091149,3000,ZSER,100029,2000,003,2024-11-10,AED,NT60
4500091150,2000,NB,100033,2000,001,2025-10-07,EUR,NT60
4500091151,3000,ZSER,100010,2000,001,2025-11-09,EUR,NT45
4500091152,2000,FO,100002,1000,001,2025-02-10,AED,NT45
4500091153,2000,ZSER,100021,1000,004,2025-05-09,EUR,NT30
4500091154,2000,NB,100024,2000,002,2025-11-26,USD,NT60
4500091155,2000,NB,100007,2000,001,2025-06-27,USD,NT30
4500091156,3000,NB,100008,2000,004,2025-09-07,EUR,NT60
4500091157,1000,NB,100059,1000,001,2025-03-11,AED,NT30
4500091158,2000,FO,100018,1000,004,2025-12-02,EUR,NT45
4500091159,1000,FO,100053,2000,003,2024-03-24,USD,NT30
4500091160,1000,ZSER,100059,1000,004,2025-04-28,EUR,NT45
4500091161,1000,FO,100045,1000,003,2024-11-16,EUR,NT60
4500091162,1000,FO,100033,2000,001,2025-10-14,EUR,0001
4500091163,2000,ZSER,100022,2000,002,2025-08-17,EUR,NT60
4500091164,1000,ZSER,100026,1000,002,2024-03-26,AED,NT45
4500091165,2000,ZSER,100011,2000,004,2024-05-05,EUR,NT45
4500091166,2000,NB,100017,2000,004,2025-01-25,AED,0001
4500091167,3000,FO,100037,2000,004,2025-09-11,EUR,NT60
4500091168,1000,NB,100044,2000,004,2024-02-07,USD,NT30
4500091169,2000,FO,100010,2000,003,2025-10-28,AED,0001
4500091170,1000,NB,100053,1000,001,2025-08-29,EUR,0001
4500091171,1000,FO,100038,1000,003,2025-04-07,AED,NT60
4500091172,3000,NB,100046,1000,003,2024-08-10,EUR,NT30
4500091173,1000,FO,100053,2000,001,2025-07-05,USD,NT45
4500091174,2000,FO,100009,1000,002,2025-07-27,EUR,NT30
4500091175,1000,ZSER,100047,1000,001,2024-05-04,USD,NT45
4500091176,1000,ZSER,100002,2000,001,2025-08-10,AED,NT30
4500091177,1000,FO,100013,1000,003,2025-04-17,AED,0001
4500091178,3000,NB,100038,1000,003,2025-02-14,USD,NT30
4500091179,3000,FO,100005,2000,002,2025-01-10,USD,NT60
4500091180,2000,FO,100058,1000,004,2024-09-02,USD,NT45
4500091181,3000,NB,100029,2000,003,2024-11-27,EUR,NT60
4500091182,1000,NB,100035,2000,002,2025-07-13,USD,NT60
4500091183,3000,ZSER,100029,1000,003,2024-04-28,USD,NT30
4500091184,2000,FO,100039,2000,003,2025-06-05,USD,NT45
4500091185,2000,FO,100050,1000,002,2024-04-18,EUR,NT45
4500091186,3000,NB,100041,1000,002,2025-01-02,EUR,NT60
4500091187,1000,NB,100022,2000,001,2024-09-27,AED,NT45
4500091188,1000,ZSER,100004,2000,003,2024-01-21,USD,NT45
4500091189,3000,NB,100019,1000,003,2024-04-11,AED,0001
4500091190,2000,ZSER,100047,2000,002,2025-02-03,USD,NT45
4500091191,1000,NB,100053,1000,003,2025-09-28,EUR,0001
4500091192,2000,ZSER,100034,1000,001,2025-02-12,USD,NT30
4500091193,3000,NB,100057,1000,003,2025-02-28,USD,0001
4500091194,1000,FO,100001,1000,002,2024-03-02,EUR,NT30
4500091195,3000,FO,100048,1000,002,2024-02-05,USD,NT30
4500091196,1000,NB,100031,1000,003,2024-05-25,EUR,NT60
4500091197,2000,NB,100048,1000,003,2024-11-04,USD,NT30
4500091198,1000,FO,100013,2000,003,2025-11-21,USD,NT45
4500091199,2000,ZSER,100008,2000,003,2024-10-03,USD,0001
4500091200,3000,NB,100020,1000,004,2025-07-03,AED,0001
4500091201,3000,ZSER,100058,2000,003,2024-01-10,EUR,NT60
4500091202,3000,NB,100035,1000,004,2024-03-31,EUR,NT45
4500091203,1000,FO,100047,1000,002,2025-06-25,EUR,NT45
4500091204,1000,NB,100009,1000,002,2024-01-10,AED,0001
4500091205,1000,FO,100033,2000,004,2025-01-20,USD,NT30
4500091206,2000,NB,100005,2000,001,2024-05-04,USD,NT30
4500091207,3000,FO,100000,2000,001,2025-07-08,AED,0001
4500091208,3000,NB,100005,2000,001,2024-04-08,AED,NT60
4500091209,2000,NB,100017,2000,003,2025-02-26,EUR,NT60
4500091210,1000,ZSER,100046,1000,002,2024-01-17,USD,NT45
4500091211,3000,NB,100014,2000,003,2025-01-02,USD,NT45
4500091212,1000,ZSER,100043,1000,003,2025-03-04,EUR,NT30
4500091213,1000,FO,100015,1000,001,2025-06-18,USD,NT45
4500091214,3000,ZSER,100041,2000,001,2024-09-27,EUR,0001
4500091215,1000,FO,100006,1000,001,2025-09-28,EUR,0001
4500091216,1000,NB,100026,2000,001,2025-07-01,AED,NT45
4500091217,2000,ZSER,100056,2000,003,2025-03-28,AED,NT60
4500091218,1000,FO,100009,2000,002,2024-05-08,EUR,NT30
4500091219,2000,ZSER,100010,1000,001,2024-12-31,EUR,NT60
4500091220,2000,NB,100054,2000,002,2025-11-15,EUR,NT60
4500091221,2000,NB,100055,1000,001,2024-01-19,USD,NT30
4500091222,2000,NB,100007,2000,004,2025-12-26,USD,NT45
4500091223,1000,NB,100058,2000,001,2024-02-20,USD,NT45
4500091224,2000,NB,100056,2000,001,2025-10-07,AED,NT60
4500091225,2000,FO,100029,1000,001,2025-06-20,USD,NT45
4500091226,3000,NB,100048,2000,001,2024-02-27,EUR,NT30
4500091227,2000,NB,100012,1000,004,2025-05-11,EUR,NT30
4500091228,2000,FO,100046,2000,001,2025-07-16,USD,NT45
4500091229,2000,ZSER,100038,2000,004,2025-11-15,EUR,0001
4500091230,2000,NB,100053,2000,001,2025-02-20,USD,0001
4500091231,1000,FO,100033,1000,001,2024-09-21,AED,NT45
4500091232,3000,NB,100047,1000,003,2025-03-11,USD,NT30
4500091233,2000,ZSER,100044,1000,002,2024-10-24,AED,NT60
4500091234,2000,FO,100058,1000,004,2025-05-25,AED,0001
4500091235,1000,ZSER,100047,1000,004,2024-04-23,EUR,NT60
4500091236,1000,FO,100031,2000,003,2025-06-02,USD,0001
4500091237,2000,FO,100001,2000,003,2024-06-06,EUR,0001
4500091238,3000,NB,100030,1000,001,2025-11-11,EUR,NT60
4500091239,3000,NB,100003,2000,003,2024-06-14,EUR,0001
4500091240,3000,FO,100000,1000,002,2025-04-01,EUR,NT30
4500091241,3000,FO,100008,2000,001,2024-08-11,EUR,NT30
4500091242,1000,ZSER,100000,1000,004,2024-12-21,USD,0001
4500091243,2000,NB,100049,2000,004,2024-01-10,EUR,NT30
4500091244,3000,NB,100055,2000,002,2025-02-16,USD,NT30
4500091245,2000,ZSER,100041,1000,004,2025-05-16,USD,0001
4500091246,3000,NB,100025,1000,003,2025-08-13,USD,NT30
4500091247,3000,NB,100003,1000,004,2025-03-08,EUR,NT30
4500091248,1000,NB,100037,2000,004,2024-07-22,USD,NT60
4500091249,3000,FO,100036,2000,003,2024-02-03,USD,NT45
4500091250,1000,ZSER,100048,1000,002,2025-05-20,AED,NT30
4500091251,3000,FO,100022,2000,003,2024-07-29,USD,0001
4500091252,2000,FO,100026,1000,002,2025-05-22,USD,NT30
4500091253,1000,NB,100002,2000,003,2024-06-18,USD,NT30
4500091254,1000,NB,100015,1000,003,2025-01-01,AED,NT60
4500091255,3000,FO,100052,1000,002,2025-07-21,USD,NT45
4500091256,3000,ZSER,100001,1000,001,2024-12-21,USD,NT60
4500091257,2000,FO,100009,1000,001,2024-09-05,EUR,0001
4500091258,3000,NB,100039,1000,004,2024-04-10,EUR,NT30
4500091259,1000,ZSER,100030,2000,003,2024-11-22,EUR,NT30
4500091260,2000,FO,100042,1000,003,2025-06-29,USD,NT45
4500091261,1000,ZSER,100046,1000,003,2024-05-22,USD,NT30
4500091262,2000,ZSER,100040,1000,002,2025-11-22,AED,NT30
4500091263,1000,FO,100027,1000,002,2024-12-28,EUR,0001
4500091264,3000,FO,100049,2000,002,2024-11-24,EUR,NT45
4500091265,2000,FO,100037,1000,003,2024-06-21,AED,NT60
4500091266,1000,NB,100011,1000,003,2024-12-24,AED,0001
4500091267,1000,NB,100000,1000,003,2024-04-02,USD,NT60
4500091268,2000,FO,100002,1000,003,2024-05-17,EUR,NT30
4500091269,1000,ZSER,100015,1000,002,2025-01-14,USD,NT60
4500091270,1000,FO,100047,2000,002,2025-03-04,EUR,NT60
4500091271,1000,FO,100017,2000,002,2025-03-09,USD,NT30
4500091272,1000,ZSER,100019,1000,004,2024-05-20,EUR,NT60
4500091273,1000,FO,100027,2000,002,2025-12-10,AED,NT30
4500091274,1000,NB,100019,1000,003,2025-12-15,AED,NT45
4500091275,3000,FO,100022,1000,004,2024-10-27,USD,0001
4500091276,2000,NB,100027,1000,001,2025-12-24,AED,NT60
4500091277,1000,FO,100025,1000,001,2024-10-12,AED,NT45
4500091278,1000,ZSER,100046,2000,003,2025-01-19,EUR,NT60
4500091279,1000,NB,100036,2000,004,2024-02-04,AED,NT45
4500091280,3000,ZSER,100044,2000,001,2025-04-10,EUR,NT45
4500091281,3000,FO,100025,1000,001,2025-05-09,EUR,0001
4500091282,2000,ZSER,100026,2000,001,2025-02-24,AED,NT30
4500091283,3000,ZSER,100032,2000,004,2025-12-11,USD,NT60
4500091284,1000,ZSER,100048,2000,004,2025-12-17,USD,0001
4500091285,3000,ZSER,100005,1000,004,2025-11-20,USD,NT45
4500091286,3000,ZSER,100001,1000,001,2024-07-30,AED,NT45
4500091287,1000,ZSER,100038,2000,004,2024-07-02,USD,NT30
4500091288,2000,ZSER,100043,1000,004,2024-03-18,EUR,NT30
4500091289,2000,NB,100032,1000,004,2024-04-05,USD,NT30
4500091290,2000,ZSER,100010,1000,003,2025-09-07,EUR,NT60
4500091291,3000,NB,100037,2000,003,2024-12-13,USD,NT30
4500091292,1000,ZSER,100053,1000,004,2024-01-18,USD,NT45
4500091293,3000,ZSER,100047,1000,003,2024-10-29,USD,NT60
4500091294,3000,FO,100035,2000,001,2024-09-29,USD,0001
4500091295,2000,FO,100034,1000,002,2025-03-26,EUR,NT60
4500091296,1000,NB,100025,1000,002,2025-02-24,EUR,NT30
4500091297,3000,FO,100011,1000,002,2025-09-11,EUR,NT45
4500091298,3000,FO,100059,1000,002,2025-08-05,EUR,0001
4500091299,2000,ZSER,100047,2000,004,2025-05-03,EUR,NT45
4500091300,3000,NB,100038,1000,002,2025-06-24,USD,0001
4500091301,3000,ZSER,100003,2000,004,2025-10-30,USD,NT30
4500091302,3000,FO,100009,1000,001,2025-10-12,AED,0001
4500091303,1000,ZSER,100053,2000,004,2024-08-25,EUR,NT30
4500091304,3000,FO,100005,1000,001,2025-04-30,EUR,0001
4500091305,1000,ZSER,100020,1000,004,2024-08-18,AED,NT60
4500091306,3000,ZSER,100053,1000,002,2025-09-28,AED,0001
4500091307,2000,ZSER,100017,1000,003,2025-04-04,EUR,0001
4500091308,2000,NB,100049,1000,004,2024-08-18,EUR,NT60
4500091309,3000,FO,100058,1000,004,2025-12-05,AED,NT45
4500091310,3000,FO,100052,1000,003,2024-03-16,EUR,NT30
4500091311,2000,ZSER,100045,2000,002,2025-09-26,AED,NT30
4500091312,3000,NB,100038,1000,001,2025-12-29,AED,NT30
4500091313,3000,FO,100035,1000,004,2025-02-12,AED,NT30
4500091314,3000,NB,100027,1000,002,2025-12-27,EUR,0001
4500091315,2000,FO,100057,1000,004,2024-02-24,USD,NT45
4500091316,3000,FO,100053,1000,001,2025-12-10,USD,NT45
4500091317,1000,NB,100010,1000,001,2025-02-12,AED,0001
4500091318,1000,FO,100010,1000,004,2024-05-30,AED,NT30
4500091319,3000,ZSER,100024,2000,002,2024-03-16,AED,NT60
4500091320,1000,FO,100019,2000,004,2024-01-17,USD,NT45
4500091321,1000,ZSER,100027,1000,001,2024-09-29,USD,NT30
4500091322,2000,NB,100001,1000,003,2024-05-26,EUR,NT45
4500091323,2000,NB,100041,1000,004,2024-07-10,USD,NT45
4500091324,1000,ZSER,100059,1000,001,2024-12-03,AED,NT30
4500091325,2000,FO,100033,2000,004,2024-08-04,EUR,NT45
4500091326,1000,NB,100026,2000,001,2025-01-24,EUR,NT45
4500091327,2000,NB,100023,1000,003,2025-05-31,USD,NT30
4500091328,1000,FO,100027,2000,001,2025-05-23,EUR,0001
4500091329,3000,FO,100013,2000,004,2024-09-08,AED,NT60
4500091330,3000,FO,100013,2000,001,2024-04-09,EUR,0001
4500091331,3000,ZSER,100059,2000,004,2025-06-21,AED,NT60
4500091332,1000,NB,100043,1000,004,2025-04-24,EUR,NT30
4500091333,3000,ZSER,100044,2000,002,2025-12-24,AED,NT45
4500091334,1000,FO,100020,2000,004,2024-09-02,AED,NT45
4500091335,1000,FO,100001,1000,001,2025-08-12,EUR,NT45
4500091336,3000,NB,100033,2000,003,2024-06-01,EUR,NT30
4500091337,1000,NB,100035,1000,004,2024-08-14,EUR,NT45
4500091338,1000,NB,100029,2000,001,2024-08-11,EUR,0001
4500091339,1000,ZSER,100032,2000,001,2024-11-07,AED,NT30
4500091340,2000,NB,100059,1000,001,2024-01-03,USD,0001
4500091341,2000,FO,100036,2000,002,2025-04-03,USD,NT45
4500091342,1000,NB,100051,2000,004,2025-11-08,EUR,NT45
4500091343,3000,ZSER,100035,1000,001,2025-08-22,EUR,NT60
4500091344,2000,FO,100033,2000,002,2025-12-21,AED,NT45
4500091345,3000,ZSER,100028,2000,001,2025-06-22,EUR,NT60
4500091346,3000,ZSER,100046,2000,003,2024-07-23,EUR,NT60
4500091347,2000,NB,100000,1000,004,2025-09-27,USD,NT30
4500091348,1000,NB,100025,2000,003,2024-05-15,EUR,NT60
4500091349,3000,FO,100003,2000,004,2025-01-30,AED,NT45
4500091350,2000,NB,100039,1000,002,2025-04-28,USD,0001
4500091351,3000,ZSER,100058,2000,001,2024-08-05,USD,NT30
4500091352,3000,NB,100037,2000,004,2025-03-19,AED,0001
4500091353,2000,FO,100033,1000,004,2024-01-14,USD,NT60
4500091354,2000,NB,100008,1000,003,2025-11-04,EUR,NT45
4500091355,2000,ZSER,100038,2000,001,2024-05-23,EUR,NT45
4500091356,1000,ZSER,100042,2000,003,2024-11-12,AED,NT45
4500091357,2000,NB,100044,2000,002,2025-06-10,USD,NT45
4500091358,2000,FO,100010,2000,002,2025-04-15,USD,0001
4500091359,1000,ZSER,100005,1000,004,2025-01-15,AED,NT45
4500091360,3000,NB,100008,1000,004,2025-04-16,USD,0001
4500091361,1000,NB,100052,2000,003,2025-08-09,EUR,0001
4500091362,3000,FO,100037,1000,004,2024-11-26,EUR,0001
4500091363,2000,ZSER,100004,1000,003,2024-11-24,EUR,0001
4500091364,1000,ZSER,100001,2000,004,2024-06-08,USD,NT45
4500091365,3000,NB,100005,1000,004,2025-07-14,AED,NT30
4500091366,1000,FO,100002,1000,002,2024-05-01,EUR,NT45
4500091367,3000,FO,100042,1000,002,2024-11-07,AED,NT60
4500091368,3000,NB,100026,1000,003,2025-06-15,EUR,0001
4500091369,1000,NB,100053,2000,003,2025-11-04,EUR,NT30
4500091370,2000,FO,100016,1000,001,2024-02-15,USD,NT60
4500091371,1000,NB,100058,1000,003,2025-12-19,USD,NT45
4500091372,2000,ZSER,100014,2000,003,2025-10-16,EUR,NT60
4500091373,1000,ZSER,100027,2000,004,2024-08-11,USD,0001
4500091374,3000,FO,100042,1000,001,2024-05-30,AED,0001
4500091375,1000,NB,100041,1000,003,2024-06-16,USD,0001
4500091376,2000,ZSER,100018,2000,004,2025-01-28,USD,NT30
4500091377,1000,NB,100000,1000,004,2024-06-14,AED,NT30
4500091378,2000,NB,100031,1000,002,2025-04-05,AED,0001
4500091379,1000,ZSER,100045,1000,004,2024-07-10,EUR,0001
4500091380,1000,ZSER,100050,1000,003,2024-05-11,AED,NT30
4500091381,2000,FO,100014,1000,001,2025-03-07,EUR,0001
4500091382,2000,NB,100007,1000,002,2024-10-07,USD,NT60
4500091383,1000,FO,100027,1000,001,2024-11-10,AED,0001
4500091384,2000,ZSER,100057,2000,003,2025-10-20,AED,NT45
4500091385,2000,NB,100059,1000,003,2025-07-14,EUR,NT30
4500091386,1000,ZSER,100058,1000,003,2025-07-02,EUR,NT45
4500091387,1000,FO,100053,1000,001,2024-07-21,EUR,0001
4500091388,3000,NB,100051,1000,001,2025-01-17,AED,0001
4500091389,2000,NB,100030,1000,001,2025-07-01,EUR,NT30
4500091390,1000,ZSER,100042,1000,003,2024-07-21,EUR,NT45
4500091391,2000,ZSER,100041,1000,003,2025-12-08,USD,NT45
4500091392,1000,FO,100009,2000,002,2024-01-20,USD,NT45
4500091393,1000,NB,100011,2000,004,2025-11-11,USD,NT30
4500091394,2000,ZSER,100048,2000,002,2024-07-31,USD,NT30
4500091395,3000,ZSER,100010,2000,003,2024-09-06,EUR,NT60
4500091396,2000,NB,100032,2000,002,2025-03-16,AED,NT30
4500091397,3000,FO,100023,1000,003,2024-06-30,EUR,NT30
4500091398,3000,ZSER,100023,1000,004,2024-09-09,EUR,NT60
4500091399,3000,ZSER,100015,2000,002,2025-02-18,EUR,0001
4500091400,3000,NB,100035,1000,003,2024-12-13,USD,0001
4500091401,3000,FO,100018,2000,002,2025-02-24,AED,NT30
4500091402,1000,NB,100043,2000,002,2025-05-27,AED,0001
4500091403,2000,NB,100030,2000,002,2024-05-13,USD,NT30
4500091404,1000,ZSER,100018,2000,004,2025-02-11,EUR,NT45
4500091405,1000,ZSER,100006,2000,001,2025-04-16,USD,0001
4500091406,1000,FO,100028,1000,002,2025-11-19,EUR,NT45
4500091407,1000,NB,100022,2000,002,2025-08-07,AED,NT60
4500091408,3000,FO,100013,2000,002,2025-05-02,AED,NT60
4500091409,3000,NB,100016,1000,004,2024-03-31,EUR,NT45
4500091410,1000,FO,100006,1000,001,2025-02-14,USD,NT60
4500091411,3000,ZSER,100002,1000,002,2024-03-15,EUR,NT45
4500091412,2000,NB,100019,1000,002,2025-07-20,EUR,NT45
4500091413,3000,NB,100006,1000,004,2025-05-12,USD,NT30
4500091414,2000,ZSER,100008,1000,002,2024-11-06,AED,NT30
4500091415,2000,FO,100030,2000,003,2025-06-06,EUR,NT45
4500091416,2000,FO,100058,1000,004,2025-10-14,USD,NT60
4500091417,1000,FO,100013,2000,002,2024-12-05,EUR,NT30
4500091418,2000,ZSER,100059,2000,003,2025-12-25,EUR,0001
4500091419,1000,FO,100058,2000,003,2025-02-15,USD,NT45
4500091420,1000,FO,100007,2000,002,2024-08-15,EUR,NT30
4500091421,1000,ZSER,100026,1000,001,2024-06-21,EUR,NT45
4500091422,1000,ZSER,100030,1000,003,2024-11-30,AED,NT60
4500091423,3000,NB,100017,1000,003,2025-04-08,USD,NT30
4500091424,1000,ZSER,100059,1000,001,2024-05-29,EUR,NT60
4500091425,3000,NB,100038,1000,002,2025-04-20,AED,NT30
4500091426,2000,NB,100058,2000,001,2025-12-30,AED,NT60
4500091427,1000,ZSER,100018,1000,002,2025-10-05,USD,NT45
4500091428,1000,ZSER,100041,1000,004,2025-12-28,AED,NT30
4500091429,3000,ZSER,100052,1000,003,2025-02-16,EUR,NT60
4500091430,1000,ZSER,100036,2000,003,2025-10-14,USD,0001
4500091431,1000,NB,100026,2000,003,2025-04-15,EUR,0001
4500091432,2000,ZSER,100005,1000,003,2024-08-16,AED,NT30
4500091433,3000,FO,100010,2000,003,2025-10-17,EUR,0001
4500091434,1000,FO,100029,1000,003,2025-12-27,EUR,NT45
4500091435,1000,NB,100003,1000,003,2024-09-01,AED,NT60
4500091436,2000,NB,100038,1000,004,2025-03-21,USD,NT30
4500091437,1000,FO,100013,1000,002,2025-05-01,EUR,NT30
4500091438,1000,NB,100000,2000,001,2024-07-08,AED,NT30
4500091439,2000,ZSER,100039,2000,001,2024-08-19,AED,NT30
4500091440,2000,NB,100041,2000,002,2024-12-15,USD,NT60
4500091441,1000,ZSER,100046,1000,001,2024-08-10,EUR,0001
4500091442,1000,NB,100039,2000,004,2025-12-17,EUR,0001
4500091443,1000,NB,100004,1000,002,2025-10-01,USD,NT30
4500091444,1000,NB,100037,2000,003,2024-06-08,AED,NT60
4500091445,3000,ZSER,100009,1000,002,2024-09-06,USD,NT60
4500091446,1000,FO,100021,1000,002,2025-08-06,USD,NT30
4500091447,1000,ZSER,100051,2000,004,2024-12-27,EUR,NT45
4500091448,3000,FO,100020,2000,003,2025-01-30,AED,0001
4500091449,1000,ZSER,100026,2000,003,2025-08-15,EUR,NT60
4500091450,2000,FO,100049,2000,002,2024-05-09,AED,NT45
4500091451,2000,NB,100055,1000,002,2025-11-03,USD,NT60
4500091452,1000,NB,100003,1000,002,2025-04-14,USD,NT60
4500091453,1000,FO,100025,1000,004,2025-03-31,AED,NT45
4500091454,3000,ZSER,100052,2000,003,2024-02-20,USD,0001
4500091455,2000,FO,100034,1000,002,2025-09-11,EUR,NT30
4500091456,1000,FO,100007,2000,001,2024-07-11,AED,NT45
4500091457,3000,ZSER,100045,1000,001,2025-12-08,USD,NT30
4500091458,3000,ZSER,100012,1000,003,2025-06-18,AED,NT45
4500091459,1000,NB,100035,1000,002,2024-09-25,EUR,NT30
4500091460,2000,FO,100036,2000,002,2025-04-26,AED,NT45
4500091461,1000,FO,100013,2000,001,2025-01-18,AED,NT60
4500091462,2000,ZSER,100009,2000,003,2024-04-06,AED,NT30
4500091463,2000,ZSER,100027,1000,001,2025-07-15,USD,NT30
4500091464,1000,FO,100035,2000,001,2025-10-24,AED,NT60
4500091465,1000,NB,100019,1000,004,2025-03-12,USD,NT30
4500091466,2000,NB,100007,2000,002,2025-05-28,AED,0001
4500091467,3000,ZSER,100003,2000,004,2024-12-23,EUR,NT30
4500091468,3000,NB,100043,1000,003,2025-01-21,EUR,NT30
4500091469,2000,ZSER,100008,2000,002,2025-11-21,EUR,NT45
4500091470,3000,FO,100001,2000,002,2025-01-05,EUR,NT30
4500091471,1000,ZSER,100005,1000,001,2024-12-02,USD,0001
4500091472,2000,FO,100042,2000,002,2024-09-24,USD,NT60
4500091473,3000,ZSER,100024,2000,004,2024-09-05,EUR,NT45
4500091474,1000,FO,100009,2000,003,2025-06-14,EUR,NT45
4500091475,1000,FO,100017,1000,004,2024-08-01,AED,NT45
4500091476,1000,FO,100054,1000,001,2025-11-02,USD,NT30
4500091477,1000,ZSER,100037,2000,001,2024-08-28,AED,NT30
4500091478,1000,ZSER,100039,1000,001,2025-11-30,EUR,NT45
4500091479,3000,FO,100019,2000,001,2025-04-14,EUR,NT45
4500091480,3000,NB,100013,1000,004,2025-11-21,EUR,NT45
4500091481,2000,FO,100048,2000,004,2024-04-16,AED,NT30
4500091482,1000,FO,100056,2000,002,2025-10-17,AED,NT45
4500091483,2000,NB,100028,2000,003,2025-10-21,USD,NT45
4500091484,1000,NB,100036,2000,003,2025-07-02,AED,0001
4500091485,1000,FO,100059,1000,004,2024-10-24,EUR,0001
4500091486,2000,NB,100034,1000,003,2025-06-29,AED,0001
4500091487,1000,FO,100000,2000,002,2025-09-09,AED,0001
4500091488,1000,FO,100025,2000,002,2025-10-02,AED,NT30
4500091489,1000,FO,100012,1000,004,2024-01-21,AED,0001
4500091490,3000,FO,100018,2000,001,2024-01-26,AED,NT60
4500091491,2000,ZSER,100050,2000,003,2024-08-01,EUR,NT45
4500091492,3000,NB,100042,2000,002,2024-10-01,AED,NT60
4500091493,3000,FO,100059,1000,002,2025-06-04,AED,0001
4500091494,1000,ZSER,100002,2000,003,2024-12-30,USD,NT60
4500091495,1000,FO,100010,1000,003,2024-01-09,USD,NT45
4500091496,3000,FO,100058,2000,003,2024-05-25,AED,NT30
4500091497,1000,ZSER,100002,1000,003,2025-11-23,EUR,NT30
4500091498,3000,ZSER,100049,1000,002,2025-12-01,EUR,NT60
4500091499,1000,FO,100001,2000,002,2024-10-08,EUR,NT60
4500091500,3000,NB,100031,2000,003,2024-08-16,EUR,NT60
4500091501,3000,NB,100051,1000,003,2025-09-10,USD,NT30
4500091502,1000,NB,100024,2000,004,2024-04-07,EUR,0001
4500091503,2000,FO,100050,1000,001,2025-11-01,AED,NT30
4500091504,3000,ZSER,100045,1000,002,2024-12-03,AED,0001
4500091505,1000,NB,100041,2000,002,2024-06-04,EUR,NT60
4500091506,3000,NB,100011,1000,003,2025-09-12,EUR,NT30
4500091507,1000,ZSER,100043,2000,004,2025-10-30,USD,NT30
4500091508,2000,NB,100032,1000,001,2024-04-24,AED,0001
4500091509,3000,FO,100028,2000,004,2024-08-11,USD,NT30
4500091510,2000,FO,100003,1000,001,2024-09-17,USD,NT30
4500091511,3000,FO,100047,1000,002,2024-11-13,AED,NT60
4500091512,1000,FO,100046,1000,001,2024-05-29,USD,NT45
4500091513,2000,NB,100006,1000,001,2025-07-12,USD,NT45
4500091514,1000,ZSER,100024,2000,002,2025-06-19,EUR,NT30
4500091515,3000,ZSER,100000,2000,004,2025-04-22,EUR,0001
4500091516,2000,NB,100030,2000,002,2024-01-10,EUR,NT60
4500091517,1000,ZSER,100013,2000,001,2025-04-14,USD,NT30
4500091518,2000,NB,100029,1000,004,2025-03-14,EUR,NT30
4500091519,2000,ZSER,100034,2000,001,2025-06-21,USD,NT45
4500091520,1000,ZSER,100031,1000,001,2025-03-10,EUR,NT30
4500091521,3000,NB,100011,2000,002,2025-10-03,EUR,NT45
4500091522,2000,FO,100013,1000,003,2025-03-01,EUR,NT60
4500091523,1000,FO,100058,1000,001,2025-10-18,EUR,NT45
4500091524,2000,NB,100004,2000,002,2024-02-14,AED,NT30
4500091525,1000,ZSER,100017,1000,001,2025-05-06,USD,NT30
4500091526,3000,ZSER,100057,2000,001,2024-10-18,EUR,NT45
4500091527,3000,ZSER,100033,1000,001,2024-04-07,EUR,NT30
4500091528,1000,FO,100047,2000,004,2025-02-28,USD,0001
4500091529,3000,ZSER,100054,1000,004,2025-12-07,AED,NT45
4500091530,2000,FO,100031,2000,002,2024-03-19,AED,NT45
4500091531,1000,NB,100026,2000,003,2024-05-03,EUR,NT30
4500091532,1000,ZSER,100030,2000,003,2025-11-19,EUR,NT60
4500091533,2000,ZSER,100009,1000,002,2025-05-08,USD,NT60
4500091534,3000,NB,100057,1000,004,2024-04-18,USD,NT30
4500091535,3000,FO,100057,2000,001,2025-04-26,AED,0001
4500091536,2000,FO,100044,1000,003,2024-04-20,AED,NT30
4500091537,2000,NB,100045,1000,002,2024-07-03,AED,NT60
4500091538,2000,ZSER,100014,1000,002,2024-03-03,AED,NT45
4500091539,1000,FO,100044,1000,003,2024-10-13,EUR,0001
4500091540,2000,NB,100019,1000,002,2025-05-21,EUR,NT30
4500091541,1000,FO,100001,2000,003,2025-10-20,AED,NT60
4500091542,3000,FO,100027,1000,002,2025-08-20,AED,NT60
4500091543,3000,ZSER,100050,1000,002,2024-07-15,EUR,NT45
4500091544,1000,NB,100034,2000,002,2025-09-11,EUR,NT60
4500091545,3000,FO,100046,2000,003,2024-02-08,USD,NT60
4500091546,1000,ZSER,100013,2000,002,2024-12-14,AED,NT60
4500091547,2000,FO,100053,1000,003,2025-04-26,EUR,NT30
4500091548,2000,ZSER,100013,2000,004,2024-10-08,AED,0001
4500091549,1000,NB,100028,1000,003,2024-03-25,AED,0001
4500091550,1000,ZSER,100027,2000,001,2024-11-29,AED,0001
4500091551,1000,NB,100036,2000,002,2025-11-30,EUR,0001
4500091552,2000,NB,100031,1000,003,2024-12-17,USD,0001
4500091553,2000,NB,100057,2000,001,2024-12-05,USD,NT60
4500091554,2000,FO,100027,1000,004,2024-06-25,USD,NT60
4500091555,1000,NB,100001,1000,004,2024-03-27,AED,0001
4500091556,2000,ZSER,100031,2000,004,2025-04-15,USD,NT45
4500091557,3000,NB,100014,1000,002,2024-04-17,USD,NT60
4500091558,2000,NB,100056,2000,004,2024-05-19,AED,NT60
4500091559,2000,FO,100031,2000,003,2025-05-22,AED,NT60
4500091560,1000,NB,100029,2000,004,2024-09-16,EUR,0001
4500091561,1000,ZSER,100041,1000,001,2024-07-31,AED,NT30
4500091562,2000,FO,100041,1000,003,2025-11-03,USD,NT45
4500091563,3000,NB,100001,1000,001,2025-08-07,AED,NT45
4500091564,3000,NB,100005,2000,002,2024-03-29,AED,0001
4500091565,3000,ZSER,100046,2000,004,2025-04-17,AED,0001
4500091566,3000,ZSER,100023,1000,003,2024-01-18,AED,NT45
4500091567,2000,ZSER,100020,1000,004,2024-10-11,USD,NT45
4500091568,2000,NB,100034,2000,004,2025-02-01,EUR,0001
4500091569,2000,FO,100016,1000,001,2025-04-11,USD,NT60
4500091570,3000,FO,100034,2000,003,2025-11-29,EUR,0001
4500091571,3000,NB,100049,2000,002,2024-11-21,AED,NT60
4500091572,3000,ZSER,100033,1000,002,2024-11-06,AED,0001
4500091573,2000,ZSER,100037,1000,001,2024-08-13,AED,NT30
4500091574,1000,ZSER,100019,2000,004,2024-06-09,AED,NT45
4500091575,1000,FO,100032,1000,003,2024-11-17,USD,NT30
4500091576,2000,FO,100018,1000,001,2024-01-11,USD,0001
4500091577,1000,ZSER,100056,1000,001,2024-11-06,USD,0001
4500091578,3000,FO,100047,1000,001,2025-01-26,USD,NT45
4500091579,1000,ZSER,100009,2000,003,2025-12-04,AED,0001
4500091580,3000,NB,100031,1000,001,2025-08-09,EUR,NT45
4500091581,3000,ZSER,100001,2000,003,2024-02-17,AED,NT60
4500091582,1000,ZSER,100001,2000,001,2025-12-24,EUR,NT30
4500091583,2000,NB,100044,1000,003,2025-09-13,USD,NT60
4500091584,2000,FO,100046,1000,001,2025-01-25,USD,0001
4500091585,1000,NB,100053,1000,002,2025-08-28,AED,0001
4500091586,1000,ZSER,100048,1000,002,2025-04-02,AED,NT30
4500091587,3000,NB,100046,2000,003,2024-09-08,USD,NT30
4500091588,1000,ZSER,100026,1000,003,2025-04-30,AED,NT45
4500091589,2000,FO,100033,1000,002,2025-02-27,EUR,NT45
4500091590,2000,ZSER,100013,2000,004,2024-02-12,AED,NT60
4500091591,1000,NB,100021,2000,002,2024-05-30,USD,0001
4500091592,1000,ZSER,100005,2000,004,2025-12-03,AED,NT45
4500091593,2000,FO,100049,1000,004,2025-10-18,EUR,0001
4500091594,2000,NB,100053,1000,001,2024-04-22,AED,NT60
4500091595,2000,FO,100040,1000,001,2025-06-16,AED,NT30
4500091596,3000,FO,100025,1000,003,2025-02-13,EUR,NT60
4500091597,1000,FO,100040,1000,001,2025-12-18,AED,NT60
4500091598,3000,FO,100009,2000,004,2025-12-28,AED,NT45
4500091599,2000,FO,100031,1000,001,2025-04-09,USD,0001
4500091600,1000,FO,100047,1000,004,2025-02-08,EUR,NT30
4500091601,1000,ZSER,100023,2000,003,2024-03-11,USD,NT60
4500091602,3000,ZSER,100048,2000,004,2024-09-07,EUR,0001
4500091603,2000,NB,100030,2000,004,2025-11-04,AED,NT45
4500091604,1000,FO,100015,1000,003,2024-11-01,AED,0001
4500091605,3000,FO,100016,1000,002,2025-12-11,EUR,NT60
4500091606,1000,ZSER,100009,2000,003,2024-08-31,EUR,NT30
4500091607,3000,ZSER,100049,1000,002,2024-09-25,EUR,NT45
4500091608,2000,ZSER,100006,2000,001,2024-09-14,EUR,0001
4500091609,1000,NB,100038,1000,004,2025-02-01,EUR,NT30
4500091610,3000,FO,100029,1000,004,2025-08-09,AED,0001
4500091611,3000,ZSER,100051,2000,004,2024-08-30,EUR,NT45
4500091612,1000,ZSER,100029,1000,003,2024-05-11,USD,NT45
4500091613,1000,FO,100029,2000,002,2024-11-13,EUR,0001
4500091614,3000,NB,100044,1000,001,2024-10-01,AED,NT30
4500091615,1000,NB,100016,2000,004,2025-12-25,AED,NT30
4500091616,3000,ZSER,100004,1000,003,2024-09-27,USD,0001
4500091617,2000,ZSER,100036,2000,004,2024-05-30,EUR,0001
4500091618,3000,ZSER,100051,2000,001,2025-12-05,USD,0001
4500091619,2000,NB,100049,2000,004,2024-10-13,AED,NT45
4500091620,1000,NB,100057,2000,002,2024-04-09,AED,NT45
4500091621,2000,NB,100049,2000,001,2025-04-21,EUR,0001
4500091622,3000,NB,100002,2000,003,2024-08-19,AED,NT60
4500091623,3000,NB,100048,1000,003,2025-05-13,USD,NT60
4500091624,3000,ZSER,100004,1000,002,2025-01-17,EUR,NT45
4500091625,1000,NB,100025,1000,004,2024-01-04,AED,NT30
4500091626,2000,FO,100000,1000,003,2025-02-22,USD,0001
4500091627,1000,NB,100009,1000,003,2025-07-10,EUR,0001
4500091628,2000,FO,100029,1000,004,2024-04-12,AED,NT30
4500091629,2000,NB,100024,2000,003,2024-01-05,AED,NT45
4500091630,2000,NB,100000,2000,003,2025-02-01,AED,0001
4500091631,3000,ZSER,100050,2000,003,2025-03-06,EUR,NT60
4500091632,2000,FO,100034,1000,003,2024-04-04,EUR,NT45
4500091633,2000,FO,100025,2000,003,2024-11-10,EUR,NT60
4500091634,3000,FO,100032,2000,004,2024-09-21,USD,0001
4500091635,3000,NB,100029,2000,002,2024-02-11,EUR,NT45
4500091636,3000,NB,100026,2000,002,2025-07-06,USD,NT45
4500091637,3000,NB,100001,2000,003,2025-02-14,AED,NT45
4500091638,3000,FO,100021,2000,002,2025-03-24,AED,NT60
4500091639,1000,FO,100053,2000,003,2024-02-19,AED,NT60
4500091640,3000,NB,100057,2000,002,2024-05-26,EUR,0001
4500091641,1000,NB,100001,1000,002,2025-11-26,USD,NT30
4500091642,1000,ZSER,100025,1000,004,2025-02-28,AED,0001
4500091643,2000,NB,100036,1000,004,2025-01-05,AED,0001
4500091644,2000,FO,100011,2000,001,2025-06-23,USD,NT30
4500091645,1000,FO,100023,2000,004,2024-10-05,AED,NT45
4500091646,2000,ZSER,100008,1000,001,2025-04-22,EUR,NT45
4500091647,2000,ZSER,100000,2000,002,2025-08-09,USD,NT45
4500091648,3000,ZSER,100045,2000,001,2024-04-12,USD,NT60
4500091649,1000,ZSER,100042,1000,003,2024-05-15,USD,NT45
4500091650,1000,NB,100046,1000,002,2024-12-27,AED,0001
4500091651,3000,NB,100037,1000,003,2024-12-14,AED,NT60
4500091652,2000,NB,100044,2000,004,2024-04-23,USD,0001
4500091653,2000,ZSER,100041,2000,002,2025-08-11,AED,0001
4500091654,2000,FO,100030,2000,002,2024-04-22,AED,NT30
4500091655,2000,FO,100018,2000,001,2024-05-08,AED,NT30
4500091656,2000,NB,100044,2000,004,2024-12-28,USD,NT60
4500091657,1000,FO,100059,1000,001,2024-02-03,AED,NT30
4500091658,2000,FO,100058,2000,004,2024-03-08,AED,NT30
4500091659,1000,FO,100051,2000,004,2024-08-16,EUR,NT45
4500091660,1000,FO,100030,1000,001,2025-05-03,USD,NT45
4500091661,2000,FO,100004,1000,004,2025-10-22,AED,0001
4500091662,3000,NB,100039,1000,004,2025-05-19,EUR,NT60
4500091663,2000,NB,100050,2000,002,2025-12-06,EUR,0001
4500091664,1000,ZSER,100017,1000,001,2024-12-14,USD,NT45
4500091665,2000,NB,100020,1000,002,2024-03-15,USD,NT60
4500091666,2000,NB,100020,2000,001,2025-07-01,EUR,NT45
4500091667,1000,FO,100054,1000,001,2024-03-30,EUR,NT30
4500091668,2000,ZSER,100057,1000,003,2024-01-22,AED,NT60
4500091669,2000,FO,100044,2000,001,2025-05-24,EUR,0001
4500091670,1000,NB,100007,2000,004,2025-02-24,USD,NT60
4500091671,3000,ZSER,100020,2000,003,2025-09-13,AED,0001
4500091672,1000,ZSER,100046,1000,002,2024-04-08,EUR,NT30
4500091673,3000,FO,100007,2000,001,2025-02-21,AED,NT60
4500091674,1000,NB,100045,1000,003,2025-05-14,EUR,NT45
4500091675,3000,NB,100049,1000,004,2024-01-30,AED,0001
4500091676,3000,ZSER,100027,2000,004,2025-01-23,EUR,NT30
4500091677,3000,NB,100015,2000,002,2024-04-01,AED,NT45
4500091678,1000,NB,100027,2000,004,2024-12-05,EUR,NT45
4500091679,3000,NB,100030,2000,001,2024-04-20,EUR,NT60
4500091680,3000,ZSER,100046,1000,004,2024-02-07,EUR,0001
4500091681,1000,ZSER,100015,1000,001,2025-06-22,USD,NT30
4500091682,2000,FO,100041,2000,004,2025-02-26,USD,0001
4500091683,1000,NB,100040,1000,002,2025-02-17,USD,NT30
4500091684,1000,ZSER,100011,2000,001,2025-01-03,EUR,NT30
4500091685,1000,NB,100051,1000,004,2024-04-27,AED,NT60
4500091686,2000,FO,100051,1000,001,2024-10-15,USD,NT45
4500091687,1000,ZSER,100014,1000,002,2024-03-16,EUR,0001
4500091688,2000,NB,100042,2000,001,2025-08-10,USD,NT60
4500091689,3000,ZSER,100026,1000,003,2025-07-27,USD,NT30
4500091690,2000,NB,100040,2000,001,2024-04-16,AED,NT45
4500091691,1000,ZSER,100023,2000,001,2025-02-28,EUR,0001
4500091692,1000,NB,100013,1000,003,2024-03-11,EUR,0001
4500091693,1000,FO,100001,2000,003,2024-08-15,AED,0001
4500091694,2000,ZSER,100045,2000,001,2024-08-22,USD,0001
4500091695,2000,FO,100002,1000,001,2024-12-22,AED,NT30
4500091696,2000,NB,100021,1000,003,2024-10-29,USD,0001
4500091697,3000,FO,100028,2000,003,2024-10-24,AED,0001
4500091698,1000,ZSER,100028,2000,003,2025-05-12,AED,NT60
4500091699,3000,ZSER,100028,2000,001,2024-04-19,USD,NT60
4500091700,2000,ZSER,100005,2000,004,2024-12-31,EUR,NT45
4500091701,1000,ZSER,100023,1000,004,2024-06-14,AED,NT30
4500091702,3000,FO,100011,2000,002,2025-01-28,AED,0001
4500091703,1000,ZSER,100006,2000,004,2025-04-10,AED,NT45
4500091704,3000,FO,100009,2000,001,2025-05-05,EUR,NT30
4500091705,2000,ZSER,100000,1000,004,2025-01-09,USD,NT60
4500091706,3000,FO,100034,1000,001,2025-12-11,EUR,NT60
4500091707,1000,FO,100047,2000,002,2025-08-20,AED,NT30
4500091708,3000,FO,100026,1000,003,2024-03-13,EUR,NT30
4500091709,3000,FO,100033,1000,004,2024-11-06,EUR,NT45
4500091710,3000,FO,100040,2000,003,2024-09-07,AED,0001
4500091711,1000,NB,100035,2000,002,2024-05-19,USD,0001
4500091712,2000,ZSER,100038,1000,003,2024-09-01,AED,NT30
4500091713,2000,NB,100051,1000,004,2025-02-15,AED,NT45
4500091714,2000,ZSER,100051,2000,001,2025-10-06,USD,NT30
4500091715,3000,ZSER,100044,1000,004,2024-12-22,AED,NT45
4500091716,3000,NB,100025,1000,002,2025-02-08,USD,NT60
4500091717,1000,ZSER,100058,2000,004,2025-08-07,AED,NT60
4500091718,1000,NB,100059,2000,002,2025-04-11,EUR,0001
4500091719,3000,NB,100044,2000,002,2024-05-29,AED,0001
4500091720,3000,FO,100028,2000,003,2024-08-23,AED,NT60
4500091721,2000,FO,100008,1000,004,2025-07-11,AED,NT45
4500091722,1000,ZSER,100002,2000,003,2025-06-09,AED,NT45
4500091723,1000,FO,100008,1000,002,2024-05-12,AED,NT45
4500091724,2000,FO,100017,1000,001,2024-07-21,EUR,NT45
4500091725,2000,FO,100014,2000,004,2024-05-06,AED,NT60
4500091726,1000,NB,100017,2000,001,2024-09-15,EUR,0001
4500091727,2000,NB,100031,2000,002,2025-02-20,AED,NT30
4500091728,3000,FO,100039,1000,002,2025-08-09,USD,NT60
4500091729,2000,ZSER,100059,1000,004,2024-02-19,AED,0001
4500091730,2000,NB,100005,2000,003,2024-04-28,AED,0001
4500091731,3000,NB,100017,1000,001,2025-06-28,EUR,NT60
4500091732,1000,NB,100004,1000,003,2024-11-12,AED,NT60
4500091733,1000,FO,100006,1000,001,2025-11-27,AED,NT60
4500091734,2000,NB,100033,1000,003,2025-08-07,AED,NT45
4500091735,1000,FO,100058,2000,004,2025-06-10,AED,NT30
4500091736,1000,ZSER,100017,1000,002,2025-02-03,AED,0001
4500091737,3000,FO,100013,2000,002,2025-06-17,AED,NT60
4500091738,3000,ZSER,100037,2000,003,2024-10-18,EUR,0001
4500091739,1000,FO,100018,2000,003,2025-10-31,AED,NT30
4500091740,2000,FO,100045,2000,004,2025-08-09,AED,NT45
4500091741,2000,FO,100006,2000,001,2025-12-04,AED,NT45
4500091742,1000,NB,100018,2000,003,2024-01-14,USD,NT60
4500091743,2000,FO,100059,1000,002,2025-11-30,EUR,NT45
4500091744,2000,FO,100031,2000,001,2024-03-17,AED,NT45
4500091745,3000,FO,100016,2000,004,2025-01-04,USD,NT45
4500091746,1000,FO,100005,1000,004,2025-10-12,EUR,NT30
4500091747,2000,FO,100059,2000,003,2024-09-19,AED,NT60
4500091748,2000,FO,100027,2000,003,2024-01-07,USD,NT45
4500091749,3000,NB,100002,1000,004,2024-01-30,AED,0001
4500091750,1000,FO,100021,1000,004,2025-11-23,AED,NT30
4500091751,3000,NB,100024,1000,002,2024-07-05,AED,NT45
4500091752,1000,NB,100039,2000,002,2024-05-30,USD,0001
4500091753,1000,NB,100057,1000,004,2025-07-26,EUR,NT60
4500091754,1000,ZSER,100056,1000,001,2025-03-31,EUR,NT45
4500091755,3000,NB,100026,2000,003,2025-08-13,EUR,0001
4500091756,3000,ZSER,100028,2000,003,2024-06-08,USD,NT60
4500091757,2000,NB,100029,1000,004,2024-02-24,USD,NT60
4500091758,3000,ZSER,100043,2000,003,2024-03-13,USD,0001
4500091759,2000,NB,100041,2000,004,2025-06-12,AED,0001
4500091760,2000,FO,100025,2000,001,2025-01-22,USD,0001
4500091761,2000,NB,100043,2000,001,2025-12-03,USD,NT30
4500091762,2000,FO,100010,1000,001,2024-02-10,EUR,NT60
4500091763,3000,FO,100037,2000,004,2025-01-16,AED,NT45
4500091764,3000,FO,100031,1000,002,2025-07-22,USD,NT60
4500091765,3000,NB,100010,1000,001,2025-12-03,USD,NT30
4500091766,3000,FO,100044,1000,004,2025-10-31,EUR,0001
4500091767,2000,NB,100005,2000,002,2025-02-18,EUR,NT60
4500091768,3000,NB,100015,2000,004,2025-04-14,EUR,0001
4500091769,3000,ZSER,100046,1000,003,2025-02-04,EUR,NT30
4500091770,2000,ZSER,100025,1000,003,2024-06-24,EUR,NT60
4500091771,1000,NB,100006,1000,003,2024-04-09,AED,NT30
4500091772,2000,NB,100052,1000,001,2025-08-13,AED,0001
4500091773,2000,ZSER,100016,2000,002,2024-06-07,USD,NT60
4500091774,2000,ZSER,100054,2000,003,2024-10-15,EUR,NT60
4500091775,1000,FO,100021,2000,002,2025-07-02,AED,NT45
4500091776,1000,NB,100048,2000,001,2024-10-28,USD,NT45
4500091777,3000,NB,100029,1000,003,2024-12-06,EUR,NT45
4500091778,2000,ZSER,100018,1000,004,2024-10-28,AED,NT60
4500091779,1000,FO,100016,1000,001,2025-06-14,EUR,NT30
4500091780,3000,FO,100011,1000,004,2025-10-28,AED,NT45
4500091781,3000,NB,100000,2000,001,2025-05-18,EUR,0001
4500091782,2000,ZSER,100055,2000,004,2025-06-06,USD,NT60
4500091783,3000,FO,100002,2000,003,2024-11-19,USD,NT45
4500091784,1000,ZSER,100005,1000,001,2024-06-20,USD,0001
4500091785,2000,FO,100000,1000,003,2025-06-01,EUR,NT30
4500091786,3000,FO,100017,2000,004,2025-10-15,USD,NT60
4500091787,1000,ZSER,100049,1000,002,2025-04-18,AED,NT60
4500091788,2000,ZSER,100037,1000,003,2025-04-05,USD,NT30
4500091789,1000,FO,100024,2000,003,2025-09-15,AED,0001
4500091790,1000,ZSER,100057,2000,003,2024-06-14,AED,NT60
4500091791,1000,NB,100008,1000,001,2024-02-18,USD,0001
4500091792,3000,NB,100027,2000,001,2025-07-16,USD,NT30
4500091793,2000,FO,100053,2000,001,2024-07-21,USD,0001
4500091794,3000,FO,100021,2000,001,2025-09-18,EUR,NT60
4500091795,3000,NB,100057,2000,002,2024-03-17,AED,NT60
4500091796,2000,NB,100025,1000,002,2025-10-27,USD,NT60
4500091797,2000,NB,100056,1000,002,2024-09-25,EUR,NT30
4500091798,1000,ZSER,100056,1000,002,2024-10-19,EUR,NT45
4500091799,3000,NB,100036,2000,004,2024-03-03,AED,NT60
4500091800,2000,NB,100020,1000,001,2024-11-05,USD,NT45
4500091801,2000,NB,100027,1000,004,2025-07-13,USD,NT60
4500091802,1000,NB,100032,1000,003,2024-03-26,AED,NT60
4500091803,3000,ZSER,100035,1000,004,2025-07-12,AED,0001
4500091804,3000,ZSER,100020,1000,001,2025-02-05,EUR,NT45
4500091805,1000,FO,100056,1000,001,2025-12-13,AED,NT45
4500091806,2000,NB,100018,1000,002,2024-02-06,AED,NT45
4500091807,3000,FO,100004,2000,003,2024-09-19,USD,0001
4500091808,3000,ZSER,100005,1000,003,2025-10-29,AED,0001
4500091809,1000,FO,100055,2000,004,2024-07-29,USD,NT30
4500091810,1000,FO,100029,1000,003,2024-03-01,AED,NT30
4500091811,3000,FO,100041,1000,002,2024-02-19,USD,NT45
4500091812,3000,ZSER,100035,1000,002,2024-07-16,EUR,NT60
4500091813,3000,NB,100058,2000,003,2025-07-08,AED,NT60
4500091814,2000,FO,100049,1000,004,2024-08-28,USD,0001
4500091815,2000,FO,100023,2000,003,2025-06-15,AED,0001
4500091816,1000,ZSER,100032,1000,001,2024-11-05,AED,NT60
4500091817,1000,NB,100019,2000,001,2025-01-30,USD,NT45
4500091818,1000,FO,100031,1000,002,2025-04-07,EUR,NT60
4500091819,1000,FO,100041,1000,002,2024-05-20,AED,0001
4500091820,1000,FO,100001,1000,001,2025-08-22,EUR,NT60
4500091821,1000,NB,100050,2000,003,2024-09-22,AED,NT60
4500091822,3000,ZSER,100021,2000,001,2025-12-30,EUR,NT45
4500091823,1000,FO,100054,2000,002,2025-03-21,AED,NT30
4500091824,3000,FO,100055,1000,003,2024-03-09,EUR,0001
4500091825,2000,ZSER,100032,1000,001,2025-09-12,USD,NT30
4500091826,2000,NB,100019,2000,002,2025-07-26,AED,NT45
4500091827,3000,ZSER,100042,1000,002,2025-05-18,USD,NT45
4500091828,3000,FO,100043,1000,001,2025-06-18,EUR,NT30
4500091829,2000,ZSER,100016,1000,001,2024-09-17,AED,NT45
4500091830,2000,NB,100046,2000,002,2024-11-05,USD,0001
4500091831,3000,ZSER,100005,1000,002,2025-10-27,USD,0001
4500091832,1000,FO,100023,2000,004,2025-04-15,AED,NT45
4500091833,3000,ZSER,100030,1000,004,2024-01-10,USD,NT45
4500091834,3000,FO,100015,1000,004,2024-10-06,EUR,NT60
4500091835,3000,ZSER,100017,1000,001,2024-04-01,EUR,NT60
4500091836,3000,FO,100008,2000,002,2025-02-02,EUR,0001
4500091837,1000,FO,100046,1000,004,2025-01-25,AED,NT60
4500091838,3000,ZSER,100012,1000,001,2025-05-08,AED,NT60
4500091839,1000,NB,100013,2000,004,2024-09-21,USD,NT45
4500091840,1000,ZSER,100056,2000,002,2024-02-24,AED,NT45
4500091841,2000,FO,100013,2000,001,2025-06-30,USD,NT60
4500091842,3000,ZSER,100034,2000,003,2024-01-17,EUR,NT60
4500091843,1000,ZSER,100001,1000,004,2024-11-26,USD,0001
4500091844,3000,ZSER,100029,1000,002,2025-11-24,USD,NT60
4500091845,3000,FO,100048,2000,003,2025-08-18,USD,NT30
4500091846,2000,NB,100025,2000,004,2025-10-23,EUR,0001
4500091847,1000,ZSER,100027,2000,001,2024-09-09,AED,NT30
4500091848,1000,ZSER,100036,2000,003,2025-02-14,USD,0001
4500091849,2000,FO,100020,2000,003,2024-10-19,USD,NT30
4500091850,3000,FO,100010,2000,002,2024-12-25,AED,NT45
4500091851,1000,NB,100042,1000,001,2025-02-04,AED,NT30
4500091852,3000,ZSER,100049,1000,004,2025-07-25,AED,NT60
4500091853,2000,ZSER,100042,1000,001,2025-11-08,EUR,NT60
4500091854,2000,FO,100042,2000,001,2024-12-05,AED,NT45
4500091855,3000,NB,100032,1000,004,2024-11-22,USD,NT60
4500091856,3000,FO,100041,2000,004,2025-08-28,AED,NT45
4500091857,1000,ZSER,100024,2000,001,2024-02-02,USD,NT30
4500091858,1000,FO,100051,2000,003,2024-03-01,EUR,NT60
4500091859,2000,ZSER,100022,1000,001,2025-07-18,USD,NT60
4500091860,3000,FO,100023,2000,001,2024-05-14,USD,NT45
4500091861,2000,FO,100004,2000,001,2024-07-07,AED,NT30
4500091862,2000,FO,100023,1000,001,2024-02-07,AED,NT45
4500091863,1000,FO,100058,1000,004,2025-01-09,USD,NT45
4500091864,2000,NB,100002,1000,002,2025-07-30,EUR,NT30
4500091865,1000,NB,100002,2000,003,2025-10-27,USD,0001
4500091866,3000,ZSER,100008,1000,002,2025-11-15,USD,NT30
4500091867,1000,NB,100027,2000,003,2024-06-03,AED,0001
4500091868,2000,ZSER,100006,1000,003,2025-08-07,EUR,NT30
4500091869,1000,FO,100056,2000,004,2025-07-24,USD,NT30
4500091870,1000,FO,100021,1000,004,2025-05-28,EUR,NT60
4500091871,3000,FO,100001,2000,004,2024-10-24,EUR,NT45
4500091872,2000,NB,100025,2000,001,2024-10-19,EUR,NT60
4500091873,3000,NB,100019,2000,004,2025-09-03,AED,0001
4500091874,2000,NB,100020,1000,003,2024-05-31,USD,NT60
4500091875,2000,NB,100058,1000,002,2024-08-21,AED,NT30
4500091876,1000,NB,100000,2000,003,2025-09-11,AED,NT45
4500091877,3000,FO,100017,1000,003,2024-02-01,AED,NT45
4500091878,1000,ZSER,100057,1000,001,2025-06-13,USD,0001
4500091879,3000,FO,100051,2000,004,2024-08-10,EUR,NT60
4500091880,1000,ZSER,100018,2000,002,2024-07-09,EUR,NT30
4500091881,2000,NB,100035,1000,003,2024-01-26,EUR,NT60
4500091882,2000,FO,100030,1000,002,2025-03-21,AED,0001
4500091883,3000,FO,100045,1000,001,2025-02-03,EUR,NT45
4500091884,3000,ZSER,100022,2000,003,2024-05-25,EUR,0001
4500091885,2000,NB,100050,2000,004,2025-08-17,USD,NT30
4500091886,2000,ZSER,100014,2000,003,2024-10-28,AED,NT60
4500091887,3000,NB,100058,2000,003,2024-08-12,AED,NT30
4500091888,2000,NB,100000,1000,003,2024-10-23,AED,NT45
4500091889,1000,ZSER,100024,1000,001,2024-05-22,USD,NT45
4500091890,1000,FO,100026,2000,004,2025-07-04,USD,0001
4500091891,2000,ZSER,100057,2000,001,2025-02-15,EUR,NT60
4500091892,3000,NB,100017,1000,003,2025-08-15,EUR,NT60
4500091893,3000,NB,100055,2000,001,2025-02-02,EUR,NT30
4500091894,3000,ZSER,100047,2000,003,2025-07-19,USD,NT30
4500091895,3000,FO,100025,1000,004,2024-12-10,EUR,0001
4500091896,1000,ZSER,100014,2000,002,2025-07-22,EUR,0001
4500091897,1000,NB,100002,1000,001,2024-04-06,EUR,NT60
4500091898,3000,NB,100016,1000,003,2025-05-26,AED,NT30
4500091899,2000,FO,100006,1000,003,2025-01-28,AED,NT30
4500091900,3000,FO,100002,1000,001,2025-08-21,USD,NT45
4500091901,2000,FO,100054,2000,002,2025-10-23,USD,0001
4500091902,2000,ZSER,100032,2000,001,2024-12-14,USD,NT60
4500091903,2000,ZSER,100031,2000,003,2025-02-09,AED,0001
4500091904,3000,NB,100022,2000,004,2025-10-05,EUR,NT60
4500091905,1000,ZSER,100028,1000,003,2025-05-22,AED,0001
4500091906,2000,NB,100033,1000,002,2024-01-08,AED,NT60
4500091907,1000,ZSER,100005,2000,002,2024-12-26,USD,NT60
4500091908,3000,NB,100026,2000,004,2025-01-04,USD,NT45
4500091909,3000,FO,100012,2000,001,2025-08-07,EUR,NT45
4500091910,1000,NB,100056,2000,004,2024-03-31,USD,0001
4500091911,2000,FO,100016,2000,002,2025-08-29,AED,NT45
4500091912,3000,ZSER,100045,1000,003,2025-04-29,USD,NT60
4500091913,1000,FO,100048,1000,001,2025-04-26,USD,NT45
4500091914,3000,ZSER,100023,2000,001,2025-09-04,AED,NT45
4500091915,1000,NB,100031,2000,003,2025-08-15,USD,NT30
4500091916,2000,NB,100053,2000,003,2024-12-25,AED,NT60
4500091917,1000,ZSER,100011,1000,002,2025-06-10,USD,0001
4500091918,3000,FO,100047,2000,003,2025-10-01,USD,NT60
4500091919,2000,NB,100000,2000,001,2025-12-31,USD,NT60
4500091920,1000,NB,100024,1000,002,2024-07-19,EUR,0001
4500091921,1000,NB,100043,1000,001,2025-04-19,USD,NT60
4500091922,3000,NB,100034,2000,002,2024-05-23,USD,NT60
4500091923,2000,ZSER,100058,2000,004,2024-12-20,USD,NT60
4500091924,3000,NB,100031,1000,004,2024-05-28,EUR,NT45
4500091925,1000,NB,100037,1000,004,2024-02-12,AED,NT60
4500091926,2000,ZSER,100056,1000,002,2025-12-31,AED,NT60
4500091927,2000,FO,100051,1000,001,2024-08-03,AED,NT45
4500091928,1000,FO,100023,2000,001,2025-08-11,USD,NT45
4500091929,3000,FO,100036,2000,003,2025-12-05,AED,NT30
4500091930,2000,FO,100039,1000,002,2024-01-22,USD,0001
4500091931,2000,NB,100040,2000,001,2024-07-25,USD,NT60
4500091932,1000,NB,100035,2000,004,2025-11-10,AED,0001
4500091933,3000,FO,100023,2000,002,2024-12-03,USD,0001
4500091934,2000,NB,100042,2000,001,2025-11-27,USD,NT30
4500091935,3000,NB,100002,1000,002,2025-09-17,AED,0001
4500091936,1000,ZSER,100010,1000,003,2025-11-01,EUR,0001
4500091937,1000,ZSER,100047,1000,002,2024-10-06,EUR,NT30
4500091938,1000,FO,100019,2000,002,2024-10-08,AED,NT45
4500091939,3000,NB,100033,2000,003,2025-04-01,EUR,NT45
4500091940,1000,ZSER,100050,2000,003,2025-08-20,AED,0001
4500091941,1000,FO,100011,1000,002,2024-02-23,EUR,NT60
4500091942,2000,ZSER,100026,2000,004,2025-05-18,AED,NT45
4500091943,3000,FO,100043,2000,003,2024-11-29,EUR,0001
4500091944,3000,ZSER,100008,2000,004,2025-02-09,EUR,NT60
4500091945,1000,FO,100011,1000,001,2024-02-13,AED,0001
4500091946,1000,FO,100006,2000,001,2024-08-29,AED,NT30
4500091947,3000,ZSER,100042,1000,003,2025-08-28,USD,NT45
4500091948,2000,NB,100002,1000,001,2024-02-09,AED,NT60
4500091949,1000,FO,100001,2000,001,2025-12-21,USD,NT60
4500091950,3000,ZSER,100030,2000,001,2025-05-05,USD,NT30
4500091951,1000,NB,100002,1000,004,2024-10-17,EUR,NT45
4500091952,1000,NB,100054,1000,004,2024-02-14,USD,0001
4500091953,2000,ZSER,100043,2000,001,2024-09-04,USD,0001
4500091954,3000,ZSER,100011,1000,004,2024-03-26,EUR,NT45
4500091955,2000,ZSER,100040,2000,003,2025-01-14,USD,0001
4500091956,2000,FO,100025,2000,003,2025-11-30,AED,NT30
4500091957,2000,ZSER,100057,2000,001,2024-03-07,EUR,NT30
4500091958,1000,FO,100046,1000,002,2024-09-10,USD,NT60
4500091959,2000,NB,100009,2000,004,2024-04-08,USD,NT30
4500091960,3000,ZSER,100055,2000,001,2024-08-05,EUR,NT60
4500091961,3000,FO,100043,1000,004,2024-12-21,AED,NT45
4500091962,3000,FO,100045,1000,004,2024-09-20,EUR,NT60
4500091963,2000,ZSER,100055,2000,004,2024-01-13,USD,NT45
4500091964,1000,ZSER,100047,1000,004,2024-04-30,USD,NT30
4500091965,3000,ZSER,100001,2000,004,2024-12-18,EUR,0001
4500091966,3000,NB,100044,1000,001,2025-01-29,AED,NT60
4500091967,1000,NB,100002,2000,004,2024-12-28,USD,0001
4500091968,3000,FO,100033,1000,003,2025-03-02,AED,NT30
4500091969,2000,ZSER,100038,2000,003,2024-09-01,USD,NT45
4500091970,3000,NB,100027,1000,004,2025-10-17,EUR,NT30
4500091971,1000,ZSER,100013,1000,002,2025-01-13,AED,NT30
4500091972,2000,NB,100046,1000,003,2025-05-03,EUR,NT45
4500091973,1000,FO,100047,1000,002,2025-01-12,USD,NT45
4500091974,2000,ZSER,100036,2000,003,2025-10-28,AED,NT30
4500091975,2000,ZSER,100019,2000,002,2024-08-04,EUR,NT45
4500091976,1000,FO,100054,1000,001,2025-08-24,AED,NT60
4500091977,2000,FO,100028,1000,003,2025-10-21,USD,NT45
4500091978,3000,FO,100000,2000,001,2025-06-17,EUR,NT60
4500091979,3000,ZSER,100009,2000,003,2025-05-13,AED,NT45
4500091980,3000,NB,100057,1000,002,2025-09-29,AED,NT45
4500091981,2000,FO,100054,2000,004,2024-07-12,USD,NT30
4500091982,2000,ZSER,100045,1000,002,2024-09-13,AED,NT45
4500091983,2000,FO,100059,1000,001,2024-12-14,EUR,NT30
4500091984,2000,NB,100025,1000,003,2024-07-13,AED,NT30
4500091985,3000,FO,100032,2000,003,2024-02-12,AED,NT30
4500091986,2000,FO,100051,2000,001,2024-03-09,EUR,NT30
4500091987,1000,ZSER,100041,2000,002,2025-12-03,AED,NT60
4500091988,2000,ZSER,100013,2000,002,2025-06-09,AED,NT30
4500091989,3000,FO,100057,2000,004,2025-06-02,AED,0001
4500091990,3000,ZSER,100019,1000,003,2024-10-06,USD,NT45
4500091991,3000,FO,100012,1000,002,2024-03-04,USD,NT60
4500091992,3000,NB,100053,1000,001,2024-03-24,USD,NT60
4500091993,3000,ZSER,100019,1000,004,2024-05-17,AED,0001
4500091994,1000,NB,100002,2000,002,2025-01-14,EUR,0001
4500091995,1000,ZSER,100037,1000,004,2025-11-18,EUR,NT45
4500091996,3000,ZSER,100010,2000,001,2025-04-15,EUR,NT30
4500091997,3000,ZSER,100027,1000,001,2025-11-29,AED,NT45
4500091998,2000,ZSER,100035,2000,004,2025-07-18,USD,NT60
4500091999,1000,FO,100047,2000,003,2024-06-24,USD,NT45
