EBELN,EBELP,MATNR,TXZ01,WERKS,MATKL,MENGE,MEINS,NETPR,PEINH,NETWR
4500090000,00010,MRO-1002,Landing Gear Bushing,1010,MRO,269.28,EA,4056.96,1,1092458.19
4500090001,00010,SERV-6002,Cleaning Service Cycle,2010,SERV,491.94,EA,6460.66,1,3178257.08
4500090001,00020,MRO-1001,Hydraulic Pump Assembly,2010,MRO,334.26,EA,4445.73,1,1486029.71
4500090001,00030,MRO-1002,Landing Gear Bushing,1010,MRO,469.53,EA,1091.64,1,512557.73
4500090002,00010,IT-3001,Ruggedized Laptop,2010,IT,344.06,EA,6826.24,1,2348636.13
4500090002,00020,SPARE-5002,Brake Disc Assembly,1010,SPARE,126.31,EA,7267.11,1,917908.66
4500090002,00030,MRO-1002,Landing Gear Bushing,1010,MRO,317.51,EA,6638.2,1,2107694.88
4500090003,00010,SERV-6001,Ground Handling Labor Hr,2010,SERV,5.83,HR,620.45,1,3617.22
4500090003,00020,FUEL-2001,Jet A-1 Fuel,2010,FUEL,273.25,L,6680.07,1,1825329.13
4500090003,00030,SERV-6001,Ground Handling Labor Hr,1020,SERV,74.9,HR,1037.02,1,77672.8
4500090003,00040,OFFC-4001,Printer Toner Cartridge,1010,OFFC,449.59,EA,6373.06,1,2865264.05
4500090004,00010,IT-3001,Ruggedized Laptop,1010,IT,432.44,EA,7810.12,1,3377408.29
4500090004,00020,SPARE-5001,Turbine Blade Set,1020,SPARE,13.37,EA,5897.78,1,78853.32
4500090005,00010,MRO-1001,Hydraulic Pump Assembly,1020,MRO,429.44,EA,1795.02,1,770853.39
4500090005,00020,OFFC-4001,Printer Toner Cartridge,1010,OFFC,153.29,EA,6366.86,1,975975.97
4500090005,00030,IT-3001,Ruggedized Laptop,1020,IT,12.81,EA,1561.18,1,19998.72
4500090005,00040,IT-3002,Network Switch 24-port,1020,IT,432.31,EA,7735.78,1,3344255.05
4500090006,00010,SERV-6002,Cleaning Service Cycle,1010,SERV,481.3,EA,2138.42,1,1029221.55
4500090006,00020,SERV-6002,Cleaning Service Cycle,1020,SERV,217.85,EA,5833.79,1,1270891.15
4500090007,00010,MRO-1001,Hydraulic Pump Assembly,2010,MRO,260.44,EA,6455.96,1,1681390.22
4500090007,00020,IT-3001,Ruggedized Laptop,2010,IT,182.75,EA,578.39,1,105700.77
4500090007,00030,OFFC-4001,Printer Toner Cartridge,1010,OFFC,311.95,EA,5313.83,1,1657649.27
4500090007,00040,IT-3002,Network Switch 24-port,1020,IT,254.05,EA,5341.81,1,1357086.83
4500090008,00010,SERV-6002,Cleaning Service Cycle,1010,SERV,284.98,EA,3260.48,1,929171.59
4500090008,00020,IT-3002,Network Switch 24-port,2010,IT,144.17,EA,3450.51,1,497460.03
4500090009,00010,FUEL-2001,Jet A-1 Fuel,2010,FUEL,329.77,L,2284.62,1,753399.14
4500090009,00020,SERV-6002,Cleaning Service Cycle,1010,SERV,168.26,EA,6551.02,1,1102274.63
4500090009,00030,IT-3002,Network Switch 24-port,1010,IT,113.1,EA,1609.06,1,181984.69
4500090009,00040,MRO-1001,Hydraulic Pump Assembly,1010,MRO,123.18,EA,3811.59,1,469511.66
4500090010,00010,FUEL-2001,Jet A-1 Fuel,1010,FUEL,328.37,L,64.25,1,21097.77
4500090010,00020,SPARE-5001,Turbine Blade Set,2010,SPARE,110.2,EA,6436.8,1,709335.36
4500090011,00010,SERV-6001,Ground Handling Labor Hr,1020,SERV,493.96,HR,4771.71,1,2357033.87
4500090011,00020,SERV-6002,Cleaning Service Cycle,1020,SERV,407.69,EA,7138.32,1,2910221.68
4500090011,00030,SERV-6001,Ground Handling Labor Hr,1020,SERV,223.51,HR,1290.08,1,288345.78
4500090011,00040,SPARE-5002,Brake Disc Assembly,2010,SPARE,130.34,EA,1992.97,1,259763.71
4500090012,00010,IT-3001,Ruggedized Laptop,2010,IT,136.59,EA,2571.28,1,351211.14
4500090012,00020,MRO-1002,Landing Gear Bushing,2010,MRO,70.05,EA,1865.47,1,130676.17
4500090012,00030,FUEL-2001,Jet A-1 Fuel,1020,FUEL,353.5,L,532.55,1,188256.42
4500090013,00010,SERV-6002,Cleaning Service Cycle,1020,SERV,190.81,EA,67.05,1,12793.81
4500090014,00010,SPARE-5002,Brake Disc Assembly,2010,SPARE,15.48,EA,2702.31,1,41831.76
4500090014,00020,SPARE-5001,Turbine Blade Set,1010,SPARE,362.37,EA,6727.24,1,2437749.96
4500090014,00030,SERV-6002,Cleaning Service Cycle,2010,SERV,267.53,EA,7257.29,1,1941542.79
4500090014,00040,SERV-6002,Cleaning Service Cycle,1020,SERV,331.84,EA,689.9,1,228936.42
4500090015,00010,OFFC-4001,Printer Toner Cartridge,1020,OFFC,169.41,EA,7039.53,1,1192566.78
4500090015,00020,SPARE-5001,Turbine Blade Set,1010,SPARE,126.88,EA,673.61,1,85467.64
4500090015,00030,SERV-6001,Ground Handling Labor Hr,1010,SERV,26.99,HR,7616.32,1,205564.48
4500090015,00040,MRO-1002,Landing Gear Bushing,1010,MRO,390.84,EA,5221.0,1,2040575.64
4500090016,00010,SERV-6002,Cleaning Service Cycle,1020,SERV,473.93,EA,3730.97,1,1768218.61
4500090017,00010,IT-3002,Network Switch 24-port,1020,IT,288.32,EA,7266.05,1,2094947.54
4500090018,00010,SERV-6002,Cleaning Service Cycle,1020,SERV,391.54,EA,2790.69,1,1092666.76
4500090019,00010,SPARE-5001,Turbine Blade Set,1020,SPARE,480.43,EA,5091.97,1,2446335.15
4500090020,00010,OFFC-4001,Printer Toner Cartridge,1010,OFFC,426.0,EA,6649.23,1,2832571.98
4500090020,00020,IT-3002,Network Switch 24-port,1020,IT,440.93,EA,1966.03,1,866881.61
4500090020,00030,SERV-6002,Cleaning Service Cycle,1010,SERV,305.56,EA,3044.33,1,930225.47
4500090021,00010,SERV-6002,Cleaning Service Cycle,1010,SERV,350.89,EA,2224.62,1,780596.91
4500090021,00020,SERV-6001,Ground Handling Labor Hr,2010,SERV,474.08,HR,703.19,1,333368.32
4500090021,00030,SPARE-5001,Turbine Blade Set,2010,SPARE,244.8,EA,6070.15,1,1485972.72
4500090022,00010,SPARE-5001,Turbine Blade Set,2010,SPARE,346.2,EA,2463.52,1,852870.62
4500090022,00020,OFFC-4001,Printer Toner Cartridge,1020,OFFC,237.16,EA,4256.76,1,1009533.2
4500090023,00010,MRO-1002,Landing Gear Bushing,2010,MRO,360.92,EA,2538.07,1,916040.22
4500090023,00020,SERV-6001,Ground Handling Labor Hr,1010,SERV,475.49,HR,5527.51,1,2628275.73
4500090024,00010,OFFC-4001,Printer Toner Cartridge,2010,OFFC,90.54,EA,132.9,1,12032.77
4500090024,00020,FUEL-2001,Jet A-1 Fuel,2010,FUEL,137.88,L,7794.87,1,1074756.68
4500090025,00010,SPARE-5002,Brake Disc Assembly,1010,SPARE,220.79,EA,1491.22,1,329246.46
4500090025,00020,IT-3002,Network Switch 24-port,1010,IT,470.59,EA,3832.28,1,1803432.65
4500090025,00030,SPARE-5001,Turbine Blade Set,2010,SPARE,246.38,EA,4624.63,1,1139416.34
4500090025,00040,MRO-1001,Hydraulic Pump Assembly,1020,MRO,76.71,EA,6492.91,1,498071.13
4500090026,00010,SPARE-5002,Brake Disc Assembly,1020,SPARE,149.38,EA,4716.43,1,704540.31
4500090026,00020,IT-3002,Network Switch 24-port,2010,IT,284.75,EA,500.64,1,142557.24
4500090026,00030,MRO-1002,Landing Gear Bushing,1010,MRO,473.85,EA,1678.15,1,795191.38
4500090026,00040,IT-3002,Network Switch 24-port,1010,IT,330.55,EA,1273.32,1,420895.93
4500090027,00010,MRO-1001,Hydraulic Pump Assembly,2010,MRO,116.51,EA,5661.51,1,659622.53
4500090027,00020,SPARE-5002,Brake Disc Assembly,1020,SPARE,36.52,EA,1882.72,1,68756.93
4500090027,00030,SERV-6002,Cleaning Service Cycle,1020,SERV,330.93,EA,7470.67,1,2472268.82
4500090028,00010,FUEL-2001,Jet A-1 Fuel,2010,FUEL,396.52,L,4768.45,1,1890785.79
4500090029,00010,SERV-6001,Ground Handling Labor Hr,2010,SERV,270.45,HR,3513.32,1,950177.39
4500090029,00020,MRO-1001,Hydraulic Pump Assembly,2010,MRO,444.82,EA,5881.58,1,2616244.42
4500090029,00030,IT-3002,Network Switch 24-port,2010,IT,13.91,EA,1846.82,1,25689.27
4500090030,00010,IT-3002,Network Switch 24-port,2010,IT,91.56,EA,4690.93,1,429501.55
4500090030,00020,SPARE-5002,Brake Disc Assembly,1020,SPARE,484.56,EA,3770.68,1,1827120.7
4500090030,00030,OFFC-4001,Printer Toner Cartridge,1010,OFFC,161.21,EA,854.71,1,137787.8
4500090030,00040,OFFC-4001,Printer Toner Cartridge,2010,OFFC,206.41,EA,3973.84,1,820240.31
4500090031,00010,SPARE-5001,Turbine Blade Set,1010,SPARE,432.59,EA,6602.92,1,2856357.16
4500090032,00010,SPARE-5002,Brake Disc Assembly,2010,SPARE,380.24,EA,1644.39,1,625262.85
4500090032,00020,FUEL-2001,Jet A-1 Fuel,2010,FUEL,463.91,L,3516.17,1,1631186.42
4500090032,00030,SPARE-5002,Brake Disc Assembly,2010,SPARE,61.59,EA,7785.71,1,479521.88
4500090032,00040,IT-3001,Ruggedized Laptop,1010,IT,355.18,EA,2499.79,1,887875.41
4500090033,00010,IT-3002,Network Switch 24-port,1020,IT,254.93,EA,2201.93,1,561338.01
4500090033,00020,SPARE-5002,Brake Disc Assembly,1020,SPARE,122.62,EA,4419.1,1,541870.04
4500090033,00030,IT-3001,Ruggedized Laptop,1010,IT,461.01,EA,4075.76,1,1878966.12
4500090033,00040,MRO-1002,Landing Gear Bushing,1020,MRO,138.85,EA,6324.25,1,878122.11
4500090034,00010,SPARE-5002,Brake Disc Assembly,2010,SPARE,269.75,EA,2774.09,1,748310.78
4500090034,00020,SERV-6001,Ground Handling Labor Hr,1010,SERV,189.23,HR,7464.16,1,1412443.0
4500090035,00010,SPARE-5001,Turbine Blade Set,2010,SPARE,193.65,EA,5316.24,1,1029489.88
4500090035,00020,FUEL-2001,Jet A-1 Fuel,2010,FUEL,248.17,L,315.42,1,78277.78
4500090035,00030,SERV-6002,Cleaning Service Cycle,1020,SERV,166.67,EA,820.91,1,136821.07
4500090035,00040,MRO-1002,Landing Gear Bushing,2010,MRO,263.45,EA,3666.29,1,965884.1
4500090036,00010,MRO-1002,Landing Gear Bushing,2010,MRO,426.03,EA,6821.68,1,2906240.33
4500090036,00020,SPARE-5001,Turbine Blade Set,1020,SPARE,477.12,EA,5021.86,1,2396029.84
4500090036,00030,SERV-6001,Ground Handling Labor Hr,2010,SERV,18.91,HR,566.0,1,10703.06
4500090036,00040,IT-3002,Network Switch 24-port,1020,IT,498.72,EA,5979.2,1,2981946.62
4500090037,00010,MRO-1001,Hydraulic Pump Assembly,1020,MRO,162.86,EA,467.83,1,76190.79
4500090038,00010,SERV-6002,Cleaning Service Cycle,1010,SERV,435.55,EA,4965.29,1,2162632.06
4500090039,00010,SPARE-5002,Brake Disc Assembly,1010,SPARE,450.7,EA,5427.33,1,2446097.63
4500090040,00010,IT-3002,Network Switch 24-port,1020,IT,100.41,EA,3089.85,1,310251.84
4500090040,00020,MRO-1002,Landing Gear Bushing,2010,MRO,119.37,EA,4583.94,1,547184.92
4500090040,00030,IT-3002,Network Switch 24-port,2010,IT,496.35,EA,2375.94,1,1179297.82
4500090040,00040,SPARE-5001,Turbine Blade Set,2010,SPARE,137.97,EA,4536.11,1,625847.1
4500090041,00010,IT-3001,Ruggedized Laptop,2010,IT,310.82,EA,5428.56,1,1687305.02
4500090041,00020,FUEL-2001,Jet A-1 Fuel,2010,FUEL,314.5,L,7229.16,1,2273570.82
4500090042,00010,SPARE-5001,Turbine Blade Set,2010,SPARE,88.64,EA,1074.64,1,95256.09
4500090042,00020,OFFC-4001,Printer Toner Cartridge,1010,OFFC,265.9,EA,7309.63,1,1943630.62
4500090042,00030,IT-3002,Network Switch 24-port,1020,IT,457.11,EA,7554.62,1,3453292.35
4500090043,00010,MRO-1002,Landing Gear Bushing,2010,MRO,395.55,EA,131.07,1,51844.74
4500090043,00020,MRO-1002,Landing Gear Bushing,2010,MRO,227.94,EA,5389.17,1,1228407.41
4500090043,00030,IT-3002,Network Switch 24-port,1020,IT,292.7,EA,6582.89,1,1926811.9
4500090044,00010,SPARE-5002,Brake Disc Assembly,1020,SPARE,454.78,EA,2431.48,1,1105788.47
4500090045,00010,SERV-6001,Ground Handling Labor Hr,2010,SERV,68.7,HR,3640.08,1,250073.5
4500090045,00020,SERV-6001,Ground Handling Labor Hr,1010,SERV,210.14,HR,5943.31,1,1248927.16
4500090046,00010,IT-3001,Ruggedized Laptop,1020,IT,222.25,EA,7605.43,1,1690306.82
4500090046,00020,MRO-1002,Landing Gear Bushing,2010,MRO,490.48,EA,2951.33,1,1447568.34
4500090046,00030,OFFC-4001,Printer Toner Cartridge,1010,OFFC,31.21,EA,2221.53,1,69333.95
4500090047,00010,FUEL-2001,Jet A-1 Fuel,2010,FUEL,393.7,L,1657.54,1,652573.5
4500090047,00020,IT-3001,Ruggedized Laptop,1010,IT,293.61,EA,6508.16,1,1910860.86
4500090048,00010,MRO-1002,Landing Gear Bushing,1010,MRO,330.87,EA,225.73,1,74687.29
4500090048,00020,OFFC-4001,Printer Toner Cartridge,1020,OFFC,395.2,EA,1918.69,1,758266.29
4500090049,00010,SPARE-5002,Brake Disc Assembly,2010,SPARE,224.69,EA,2909.07,1,653638.94
4500090050,00010,SPARE-5002,Brake Disc Assembly,1010,SPARE,423.8,EA,3421.66,1,1450099.51
4500090051,00010,FUEL-2001,Jet A-1 Fuel,2010,FUEL,138.23,L,5071.95,1,701095.65
4500090052,00010,MRO-1002,Landing Gear Bushing,2010,MRO,426.54,EA,5214.31,1,2224111.79
4500090053,00010,SPARE-5001,Turbine Blade Set,1020,SPARE,365.08,EA,2514.14,1,917862.23
4500090053,00020,IT-3002,Network Switch 24-port,1020,IT,187.78,EA,1238.06,1,232482.91
4500090053,00030,MRO-1002,Landing Gear Bushing,1020,MRO,46.52,EA,701.21,1,32620.29
4500090053,00040,MRO-1002,Landing Gear Bushing,1010,MRO,372.55,EA,2993.72,1,1115310.39
4500090054,00010,MRO-1001,Hydraulic Pump Assembly,1020,MRO,484.23,EA,4811.27,1,2329761.27
4500090054,00020,MRO-1002,Landing Gear Bushing,2010,MRO,289.38,EA,1717.66,1,497056.45
4500090054,00030,SPARE-5002,Brake Disc Assembly,2010,SPARE,112.9,EA,883.58,1,99756.18
4500090054,00040,OFFC-4001,Printer Toner Cartridge,1010,OFFC,58.33,EA,2242.97,1,130832.44
4500090055,00010,IT-3002,Network Switch 24-port,1010,IT,460.85,EA,2821.17,1,1300136.19
4500090055,00020,FUEL-2001,Jet A-1 Fuel,1010,FUEL,283.59,L,3218.26,1,912666.35
4500090055,00030,MRO-1001,Hydraulic Pump Assembly,1020,MRO,46.79,EA,4253.25,1,199009.57
4500090056,00010,MRO-1001,Hydraulic Pump Assembly,1010,MRO,78.63,EA,6040.4,1,474956.65
4500090057,00010,IT-3002,Network Switch 24-port,1020,IT,108.57,EA,4108.52,1,446062.02
4500090057,00020,SPARE-5001,Turbine Blade Set,2010,SPARE,56.33,EA,5432.18,1,305994.7
4500090057,00030,SPARE-5002,Brake Disc Assembly,1010,SPARE,263.94,EA,2481.19,1,654885.29
4500090057,00040,SPARE-5001,Turbine Blade Set,1010,SPARE,492.24,EA,457.16,1,225032.44
4500090058,00010,SPARE-5001,Turbine Blade Set,2010,SPARE,88.67,EA,3054.06,1,270803.5
4500090058,00020,IT-3001,Ruggedized Laptop,1020,IT,250.63,EA,6670.17,1,1671744.71
4500090058,00030,MRO-1002,Landing Gear Bushing,1020,MRO,199.14,EA,5941.49,1,1183188.32
4500090058,00040,MRO-1001,Hydraulic Pump Assembly,1020,MRO,230.42,EA,641.34,1,147777.56
4500090059,00010,OFFC-4001,Printer Toner Cartridge,1020,OFFC,86.76,EA,7581.96,1,657810.85
4500090060,00010,SERV-6001,Ground Handling Labor Hr,2010,SERV,40.24,HR,6966.78,1,280343.23
4500090060,00020,OFFC-4001,Printer Toner Cartridge,1010,OFFC,111.56,EA,6237.36,1,695839.88
4500090060,00030,SERV-6001,Ground Handling Labor Hr,1010,SERV,316.98,HR,4254.23,1,1348505.83
4500090060,00040,OFFC-4001,Printer Toner Cartridge,2010,OFFC,176.2,EA,7666.62,1,1350858.44
4500090061,00010,MRO-1002,Landing Gear Bushing,1020,MRO,89.4,EA,6187.33,1,553147.3
4500090061,00020,SPARE-5002,Brake Disc Assembly,1020,SPARE,377.47,EA,6083.82,1,2296459.54
4500090062,00010,SPARE-5002,Brake Disc Assembly,1020,SPARE,221.66,EA,2436.51,1,540076.81
4500090063,00010,MRO-1001,Hydraulic Pump Assembly,2010,MRO,185.0,EA,2310.87,1,427510.95
4500090064,00010,SERV-6002,Cleaning Service Cycle,1020,SERV,326.27,EA,2585.78,1,843662.44
4500090064,00020,SERV-6001,Ground Handling Labor Hr,1010,SERV,76.28,HR,513.75,1,39188.85
4500090064,00030,OFFC-4001,Printer Toner Cartridge,2010,OFFC,491.21,EA,692.95,1,340383.97
4500090064,00040,FUEL-2001,Jet A-1 Fuel,1020,FUEL,20.53,L,5666.82,1,116339.81
4500090065,00010,OFFC-4001,Printer Toner Cartridge,2010,OFFC,339.77,EA,437.88,1,148778.49
4500090065,00020,OFFC-4001,Printer Toner Cartridge,2010,OFFC,33.89,EA,774.16,1,26236.28
4500090065,00030,SPARE-5001,Turbine Blade Set,2010,SPARE,142.79,EA,5795.39,1,827523.74
4500090065,00040,SERV-6002,Cleaning Service Cycle,2010,SERV,436.77,EA,2680.23,1,1170644.06
4500090066,00010,SERV-6001,Ground Handling Labor Hr,1010,SERV,188.96,HR,6337.46,1,1197526.44
4500090066,00020,SERV-6001,Ground Handling Labor Hr,2010,SERV,47.63,HR,5370.24,1,255784.53
4500090066,00030,OFFC-4001,Printer Toner Cartridge,1010,OFFC,10.1,EA,2484.75,1,25095.97
4500090067,00010,SERV-6001,Ground Handling Labor Hr,2010,SERV,385.67,HR,6684.26,1,2577918.55
4500090068,00010,SERV-6002,Cleaning Service Cycle,1020,SERV,404.71,EA,1341.0,1,542716.11
4500090068,00020,MRO-1001,Hydraulic Pump Assembly,1010,MRO,206.02,EA,5417.38,1,1116088.63
4500090069,00010,SPARE-5002,Brake Disc Assembly,2010,SPARE,452.08,EA,1568.25,1,708974.46
4500090069,00020,SERV-6002,Cleaning Service Cycle,1020,SERV,492.24,EA,3704.21,1,1823360.33
4500090069,00030,SPARE-5001,Turbine Blade Set,1010,SPARE,251.95,EA,3360.91,1,846781.27
4500090070,00010,SERV-6001,Ground Handling Labor Hr,2010,SERV,467.21,HR,5696.98,1,2661686.03
4500090070,00020,MRO-1002,Landing Gear Bushing,1020,MRO,143.25,EA,6109.67,1,875210.23
4500090070,00030,SPARE-5002,Brake Disc Assembly,1020,SPARE,452.75,EA,1195.84,1,541416.56
4500090071,00010,IT-3001,Ruggedized Laptop,1010,IT,193.7,EA,671.21,1,130013.38
4500090071,00020,MRO-1001,Hydraulic Pump Assembly,2010,MRO,160.02,EA,810.68,1,129725.01
4500090071,00030,OFFC-4001,Printer Toner Cartridge,1020,OFFC,395.9,EA,1118.04,1,442632.04
4500090072,00010,MRO-1001,Hydraulic Pump Assembly,2010,MRO,128.71,EA,6683.01,1,860170.22
4500090073,00010,MRO-1001,Hydraulic Pump Assembly,2010,MRO,119.98,EA,5118.83,1,614157.22
4500090074,00010,SPARE-5001,Turbine Blade Set,2010,SPARE,1.78,EA,2835.47,1,5047.14
4500090074,00020,SPARE-5001,Turbine Blade Set,2010,SPARE,94.47,EA,5352.35,1,505636.5
4500090074,00030,OFFC-4001,Printer Toner Cartridge,2010,OFFC,34.77,EA,4217.95,1,146658.12
4500090075,00010,IT-3002,Network Switch 24-port,1010,IT,373.91,EA,2869.61,1,1072975.88
4500090075,00020,OFFC-4001,Printer Toner Cartridge,1010,OFFC,121.32,EA,5263.69,1,638590.87
4500090075,00030,SERV-6002,Cleaning Service Cycle,1010,SERV,367.86,EA,2673.5,1,983473.71
4500090076,00010,FUEL-2001,Jet A-1 Fuel,1020,FUEL,32.49,L,6214.0,1,201892.86
4500090076,00020,MRO-1001,Hydraulic Pump Assembly,1010,MRO,147.43,EA,369.57,1,54485.71
4500090077,00010,IT-3002,Network Switch 24-port,2010,IT,179.13,EA,6251.12,1,1119763.13
4500090077,00020,OFFC-4001,Printer Toner Cartridge,1020,OFFC,137.34,EA,6398.75,1,878804.33
4500090078,00010,OFFC-4001,Printer Toner Cartridge,1010,OFFC,462.23,EA,4163.82,1,1924642.52
4500090078,00020,SPARE-5001,Turbine Blade Set,1010,SPARE,40.38,EA,4827.58,1,194937.68
4500090078,00030,SERV-6001,Ground Handling Labor Hr,1020,SERV,147.59,HR,838.73,1,123788.16
4500090078,00040,IT-3002,Network Switch 24-port,1020,IT,153.94,EA,4828.92,1,743363.94
4500090079,00010,IT-3002,Network Switch 24-port,1010,IT,320.1,EA,6335.99,1,2028150.4
4500090079,00020,MRO-1002,Landing Gear Bushing,2010,MRO,335.92,EA,3261.56,1,1095623.24
4500090079,00030,FUEL-2001,Jet A-1 Fuel,2010,FUEL,476.44,L,1159.38,1,552375.01
4500090079,00040,SPARE-5002,Brake Disc Assembly,2010,SPARE,18.36,EA,556.52,1,10217.71
4500090080,00010,OFFC-4001,Printer Toner Cartridge,1010,OFFC,222.53,EA,633.55,1,140983.88
4500090080,00020,SERV-6001,Ground Handling Labor Hr,1020,SERV,184.11,HR,2528.8,1,465577.37
4500090080,00030,IT-3001,Ruggedized Laptop,1010,IT,480.3,EA,226.79,1,108927.24
4500090081,00010,SERV-6002,Cleaning Service Cycle,1020,SERV,143.5,EA,7333.5,1,1052357.25
4500090081,00020,IT-3001,Ruggedized Laptop,1020,IT,62.2,EA,6825.55,1,424549.21
4500090082,00010,IT-3002,Network Switch 24-port,2010,IT,425.83,EA,5700.24,1,2427333.2
4500090082,00020,FUEL-2001,Jet A-1 Fuel,1010,FUEL,397.05,L,4079.87,1,1619912.38
4500090082,00030,IT-3001,Ruggedized Laptop,1020,IT,396.24,EA,1909.15,1,756481.6
4500090083,00010,MRO-1002,Landing Gear Bushing,2010,MRO,155.34,EA,7996.77,1,1242218.25
4500090084,00010,SPARE-5002,Brake Disc Assembly,2010,SPARE,340.37,EA,2769.23,1,942562.82
4500090084,00020,SERV-6002,Cleaning Service Cycle,1020,SERV,91.8,EA,7730.79,1,709686.52
4500090084,00030,SERV-6001,Ground Handling Labor Hr,1010,SERV,455.45,HR,462.19,1,210504.44
4500090084,00040,SERV-6001,Ground Handling Labor Hr,1020,SERV,77.35,HR,1333.96,1,103181.81
4500090085,00010,FUEL-2001,Jet A-1 Fuel,1010,FUEL,312.89,L,4923.14,1,1540401.27
4500090085,00020,SERV-6001,Ground Handling Labor Hr,2010,SERV,320.85,HR,4742.63,1,1521672.84
4500090085,00030,FUEL-2001,Jet A-1 Fuel,2010,FUEL,86.43,L,5003.34,1,432438.68
4500090086,00010,SERV-6002,Cleaning Service Cycle,1020,SERV,208.88,EA,5119.15,1,1069288.05
4500090086,00020,SERV-6001,Ground Handling Labor Hr,1020,SERV,145.55,HR,7654.07,1,1114049.89
4500090087,00010,SPARE-5002,Brake Disc Assembly,1020,SPARE,208.4,EA,3726.25,1,776550.5
4500090087,00020,SERV-6002,Cleaning Service Cycle,1020,SERV,72.69,EA,6894.65,1,501172.11
4500090088,00010,MRO-1002,Landing Gear Bushing,1010,MRO,134.47,EA,1998.39,1,268723.5
4500090088,00020,MRO-1001,Hydraulic Pump Assembly,2010,MRO,145.82,EA,3085.52,1,449930.53
4500090088,00030,SPARE-5001,Turbine Blade Set,1010,SPARE,124.89,EA,6925.15,1,864881.98
4500090088,00040,OFFC-4001,Printer Toner Cartridge,1010,OFFC,466.94,EA,5774.6,1,2696391.72
4500090089,00010,MRO-1002,Landing Gear Bushing,1010,MRO,472.67,EA,4053.45,1,1915944.21
4500090090,00010,SERV-6001,Ground Handling Labor Hr,1010,SERV,5.08,HR,877.83,1,4459.38
4500090090,00020,IT-3002,Network Switch 24-port,1020,IT,364.03,EA,6115.58,1,2226254.59
4500090090,00030,MRO-1001,Hydraulic Pump Assembly,1010,MRO,200.89,EA,4570.85,1,918238.06
4500090091,00010,FUEL-2001,Jet A-1 Fuel,1020,FUEL,487.57,L,3163.35,1,1542354.56
4500090092,00010,OFFC-4001,Printer Toner Cartridge,1010,OFFC,402.18,EA,4164.28,1,1674790.13
4500090092,00020,SERV-6002,Cleaning Service Cycle,2010,SERV,446.67,EA,1135.45,1,507171.45
4500090093,00010,SPARE-5002,Brake Disc Assembly,2010,SPARE,408.06,EA,2959.5,1,1207653.57
4500090093,00020,MRO-1002,Landing Gear Bushing,2010,MRO,489.97,EA,4677.94,1,2292050.26
4500090093,00030,MRO-1001,Hydraulic Pump Assembly,2010,MRO,298.86,EA,2138.93,1,639240.62
4500090094,00010,IT-3001,Ruggedized Laptop,1010,IT,16.75,EA,7586.68,1,127076.89
4500090094,00020,IT-3001,Ruggedized Laptop,1010,IT,10.45,EA,2523.27,1,26368.17
4500090095,00010,SERV-6001,Ground Handling Labor Hr,2010,SERV,163.2,HR,5304.57,1,865705.82
4500090095,00020,SPARE-5001,Turbine Blade Set,2010,SPARE,157.56,EA,1402.0,1,220899.12
4500090096,00010,SERV-6001,Ground Handling Labor Hr,1020,SERV,149.95,HR,7533.05,1,1129580.85
4500090096,00020,IT-3002,Network Switch 24-port,1020,IT,352.75,EA,5528.11,1,1950040.8
4500090096,00030,OFFC-4001,Printer Toner Cartridge,2010,OFFC,240.42,EA,4492.69,1,1080132.53
4500090097,00010,MRO-1001,Hydraulic Pump Assembly,1020,MRO,144.53,EA,5718.85,1,826545.39
4500090097,00020,SPARE-5002,Brake Disc Assembly,1010,SPARE,328.33,EA,5983.76,1,1964647.92
4500090097,00030,IT-3001,Ruggedized Laptop,2010,IT,414.15,EA,2183.64,1,904354.51
4500090098,00010,MRO-1001,Hydraulic Pump Assembly,1020,MRO,51.0,EA,2655.74,1,135442.74
4500090098,00020,MRO-1002,Landing Gear Bushing,2010,MRO,340.91,EA,1116.99,1,380793.06
4500090099,00010,OFFC-4001,Printer Toner Cartridge,1010,OFFC,143.42,EA,492.12,1,70579.85
4500090099,00020,SERV-6002,Cleaning Service Cycle,1010,SERV,116.88,EA,5914.72,1,691312.47
4500090099,00030,FUEL-2001,Jet A-1 Fuel,1010,FUEL,209.52,L,6704.09,1,1404640.94
4500090100,00010,OFFC-4001,Printer Toner Cartridge,2010,OFFC,143.0,EA,7913.01,1,1131560.43
4500090101,00010,FUEL-2001,Jet A-1 Fuel,2010,FUEL,365.83,L,5193.32,1,1899872.26
4500090101,00020,FUEL-2001,Jet A-1 Fuel,1020,FUEL,8.03,L,2710.16,1,21762.58
4500090101,00030,SERV-6002,Cleaning Service Cycle,2010,SERV,337.53,EA,1561.43,1,527029.47
4500090102,00010,FUEL-2001,Jet A-1 Fuel,1010,FUEL,239.25,L,7487.89,1,1791477.68
4500090102,00020,IT-3002,Network Switch 24-port,1020,IT,192.4,EA,3584.95,1,689744.38
4500090103,00010,MRO-1001,Hydraulic Pump Assembly,1010,MRO,334.23,EA,3733.85,1,1247964.69
4500090103,00020,SPARE-5001,Turbine Blade Set,2010,SPARE,343.35,EA,7386.39,1,2536117.01
4500090104,00010,FUEL-2001,Jet A-1 Fuel,2010,FUEL,239.61,L,3650.73,1,874751.42
4500090104,00020,OFFC-4001,Printer Toner Cartridge,1020,OFFC,208.51,EA,4402.89,1,918046.59
4500090105,00010,MRO-1002,Landing Gear Bushing,2010,MRO,458.71,EA,915.43,1,419916.9
4500090105,00020,SERV-6001,Ground Handling Labor Hr,1010,SERV,101.88,HR,4302.55,1,438343.79
4500090105,00030,OFFC-4001,Printer Toner Cartridge,2010,OFFC,427.39,EA,3545.89,1,1515477.93
4500090106,00010,SPARE-5002,Brake Disc Assembly,2010,SPARE,282.39,EA,4479.2,1,1264881.29
4500090106,00020,IT-3002,Network Switch 24-port,1010,IT,361.92,EA,3179.67,1,1150786.17
4500090106,00030,IT-3001,Ruggedized Laptop,1020,IT,289.58,EA,381.41,1,110448.71
4500090106,00040,MRO-1002,Landing Gear Bushing,1010,MRO,271.04,EA,500.84,1,135747.67
4500090107,00010,SPARE-5001,Turbine Blade Set,1020,SPARE,224.82,EA,7338.58,1,1649859.56
4500090107,00020,SPARE-5001,Turbine Blade Set,2010,SPARE,41.04,EA,7713.87,1,316577.22
4500090107,00030,FUEL-2001,Jet A-1 Fuel,1010,FUEL,327.11,L,2795.2,1,914337.87
4500090108,00010,SERV-6001,Ground Handling Labor Hr,1010,SERV,212.64,HR,3046.63,1,647835.4
4500090108,00020,IT-3001,Ruggedized Laptop,1010,IT,230.85,EA,1257.87,1,290379.29
4500090108,00030,MRO-1002,Landing Gear Bushing,2010,MRO,17.08,EA,5288.38,1,90325.53
4500090108,00040,MRO-1001,Hydraulic Pump Assembly,2010,MRO,121.09,EA,556.98,1,67444.71
4500090109,00010,SPARE-5002,Brake Disc Assembly,1010,SPARE,117.94,EA,1753.81,1,206844.35
4500090109,00020,FUEL-2001,Jet A-1 Fuel,2010,FUEL,252.44,L,2328.32,1,587761.1
4500090109,00030,SERV-6002,Cleaning Service Cycle,2010,SERV,160.13,EA,4791.38,1,767243.68
4500090109,00040,OFFC-4001,Printer Toner Cartridge,2010,OFFC,119.22,EA,7012.54,1,836035.02
4500090110,00010,SERV-6001,Ground Handling Labor Hr,2010,SERV,248.31,HR,7778.88,1,1931573.69
4500090110,00020,SPARE-5001,Turbine Blade Set,1020,SPARE,393.12,EA,2563.5,1,1007763.12
4500090110,00030,SPARE-5001,Turbine Blade Set,2010,SPARE,75.46,EA,3024.15,1,228202.36
4500090110,00040,SPARE-5002,Brake Disc Assembly,2010,SPARE,121.24,EA,1818.25,1,220444.63
4500090111,00010,IT-3001,Ruggedized Laptop,1010,IT,128.24,EA,2655.5,1,340541.32
4500090111,00020,SPARE-5002,Brake Disc Assembly,2010,SPARE,423.72,EA,757.86,1,321120.44
4500090111,00030,IT-3001,Ruggedized Laptop,2010,IT,26.72,EA,3029.8,1,80956.26
4500090111,00040,SERV-6002,Cleaning Service Cycle,2010,SERV,20.73,EA,600.82,1,12455.0
4500090112,00010,IT-3001,Ruggedized Laptop,1010,IT,468.64,EA,7697.38,1,3607300.16
4500090113,00010,SPARE-5001,Turbine Blade Set,1020,SPARE,233.66,EA,5196.8,1,1214284.29
4500090113,00020,IT-3002,Network Switch 24-port,1020,IT,180.46,EA,7064.84,1,1274921.03
4500090113,00030,MRO-1002,Landing Gear Bushing,1020,MRO,401.61,EA,5784.86,1,2323257.62
4500090114,00010,MRO-1001,Hydraulic Pump Assembly,2010,MRO,131.13,EA,7479.37,1,980769.79
4500090114,00020,SPARE-5001,Turbine Blade Set,1010,SPARE,148.3,EA,1585.61,1,235145.96
4500090115,00010,FUEL-2001,Jet A-1 Fuel,1010,FUEL,366.65,L,2830.37,1,1037755.16
4500090115,00020,SERV-6001,Ground Handling Labor Hr,2010,SERV,244.67,HR,7336.86,1,1795109.54
4500090115,00030,MRO-1001,Hydraulic Pump Assembly,1010,MRO,262.45,EA,6715.77,1,1762553.84
4500090115,00040,MRO-1001,Hydraulic Pump Assembly,2010,MRO,382.41,EA,3310.89,1,1266117.44
4500090116,00010,MRO-1001,Hydraulic Pump Assembly,2010,MRO,309.3,EA,5340.7,1,1651878.51
4500090116,00020,SPARE-5002,Brake Disc Assembly,2010,SPARE,329.98,EA,145.54,1,48025.29
4500090116,00030,SERV-6001,Ground Handling Labor Hr,2010,SERV,206.26,HR,153.47,1,31654.72
4500090117,00010,IT-3001,Ruggedized Laptop,1020,IT,96.77,EA,4221.12,1,408477.78
4500090117,00020,IT-3002,Network Switch 24-port,1020,IT,397.67,EA,650.57,1,258712.17
4500090118,00010,MRO-1002,Landing Gear Bushing,1020,MRO,203.23,EA,3029.81,1,615748.29
4500090119,00010,SERV-6002,Cleaning Service Cycle,2010,SERV,488.69,EA,7791.24,1,3807501.08
4500090119,00020,MRO-1001,Hydraulic Pump Assembly,2010,MRO,115.65,EA,7212.16,1,834086.3
4500090119,00030,SERV-6002,Cleaning Service Cycle,1010,SERV,238.27,EA,391.56,1,93297.0
4500090120,00010,SERV-6002,Cleaning Service Cycle,1020,SERV,72.95,EA,6569.11,1,479216.57
4500090120,00020,MRO-1002,Landing Gear Bushing,2010,MRO,150.34,EA,4520.39,1,679595.43
4500090121,00010,SERV-6001,Ground Handling Labor Hr,1010,SERV,372.98,HR,2779.96,1,1036869.48
4500090122,00010,SPARE-5002,Brake Disc Assembly,1020,SPARE,114.84,EA,4433.24,1,509113.28
4500090122,00020,SPARE-5001,Turbine Blade Set,1020,SPARE,93.68,EA,4695.28,1,439853.83
4500090122,00030,MRO-1002,Landing Gear Bushing,1010,MRO,386.31,EA,2377.13,1,918309.09
4500090122,00040,MRO-1002,Landing Gear Bushing,2010,MRO,41.94,EA,1250.68,1,52453.52
4500090123,00010,MRO-1001,Hydraulic Pump Assembly,1020,MRO,471.54,EA,3568.99,1,1682921.54
4500090124,00010,MRO-1001,Hydraulic Pump Assembly,2010,MRO,45.72,EA,4442.67,1,203118.87
4500090125,00010,SERV-6002,Cleaning Service Cycle,1010,SERV,261.03,EA,5488.82,1,1432746.68
4500090125,00020,FUEL-2001,Jet A-1 Fuel,1010,FUEL,135.19,L,2161.89,1,292265.91
4500090126,00010,IT-3002,Network Switch 24-port,1020,IT,472.17,EA,5772.78,1,2725733.53
4500090126,00020,SERV-6002,Cleaning Service Cycle,1010,SERV,308.72,EA,3673.74,1,1134157.01
4500090126,00030,IT-3002,Network Switch 24-port,2010,IT,4.38,EA,3177.62,1,13917.98
4500090127,00010,SPARE-5002,Brake Disc Assembly,1020,SPARE,157.78,EA,7717.31,1,1217637.17
4500090127,00020,IT-3002,Network Switch 24-port,2010,IT,367.7,EA,5070.56,1,1864444.91
4500090128,00010,SERV-6002,Cleaning Service Cycle,2010,SERV,498.64,EA,1455.82,1,725930.08
4500090128,00020,MRO-1001,Hydraulic Pump Assembly,2010,MRO,476.55,EA,3703.75,1,1765022.06
4500090129,00010,IT-3002,Network Switch 24-port,2010,IT,121.77,EA,5276.13,1,642474.35
4500090129,00020,SPARE-5001,Turbine Blade Set,2010,SPARE,394.75,EA,610.24,1,240892.24
4500090130,00010,IT-3001,Ruggedized Laptop,2010,IT,329.14,EA,2852.97,1,939026.55
4500090131,00010,MRO-1002,Landing Gear Bushing,2010,MRO,130.11,EA,4095.2,1,532826.47
4500090132,00010,SERV-6002,Cleaning Service Cycle,1010,SERV,345.53,EA,1222.94,1,422562.46
4500090132,00020,SPARE-5002,Brake Disc Assembly,1010,SPARE,53.17,EA,3339.48,1,177560.15
4500090132,00030,MRO-1002,Landing Gear Bushing,1020,MRO,415.83,EA,5846.6,1,2431191.68
4500090132,00040,IT-3002,Network Switch 24-port,2010,IT,172.19,EA,6278.47,1,1081089.75
4500090133,00010,MRO-1001,Hydraulic Pump Assembly,1020,MRO,405.28,EA,938.38,1,380306.65
4500090133,00020,MRO-1002,Landing Gear Bushing,2010,MRO,338.89,EA,1331.55,1,451248.98
4500090133,00030,IT-3001,Ruggedized Laptop,1020,IT,258.48,EA,4424.24,1,1143577.56
4500090134,00010,MRO-1001,Hydraulic Pump Assembly,1020,MRO,368.96,EA,7067.12,1,2607484.6
4500090134,00020,SERV-6002,Cleaning Service Cycle,1010,SERV,215.35,EA,55.51,1,11954.08
4500090134,00030,IT-3001,Ruggedized Laptop,1010,IT,139.89,EA,5636.0,1,788420.04
4500090134,00040,SERV-6002,Cleaning Service Cycle,1010,SERV,51.77,EA,6978.4,1,361271.77
4500090135,00010,SERV-6002,Cleaning Service Cycle,1010,SERV,194.93,EA,3152.5,1,614516.83
4500090135,00020,OFFC-4001,Printer Toner Cartridge,1010,OFFC,176.64,EA,3673.73,1,648927.67
4500090135,00030,IT-3002,Network Switch 24-port,2010,IT,459.42,EA,4729.54,1,2172845.27
4500090136,00010,SERV-6001,Ground Handling Labor Hr,2010,SERV,194.84,HR,4779.48,1,931233.88
4500090136,00020,SPARE-5001,Turbine Blade Set,2010,SPARE,212.1,EA,3903.63,1,827959.92
4500090137,00010,OFFC-4001,Printer Toner Cartridge,1020,OFFC,421.15,EA,4962.89,1,2090121.12
4500090137,00020,MRO-1001,Hydraulic Pump Assembly,1020,MRO,242.82,EA,1577.13,1,382958.71
4500090138,00010,FUEL-2001,Jet A-1 Fuel,1010,FUEL,42.25,L,266.27,1,11249.91
4500090138,00020,IT-3002,Network Switch 24-port,1020,IT,17.31,EA,1814.25,1,31404.67
4500090138,00030,FUEL-2001,Jet A-1 Fuel,1020,FUEL,390.59,L,4533.89,1,1770892.1
4500090138,00040,SERV-6001,Ground Handling Labor Hr,1020,SERV,255.89,HR,4590.26,1,1174601.63
4500090139,00010,MRO-1002,Landing Gear Bushing,1010,MRO,368.26,EA,5236.3,1,1928319.84
4500090139,00020,IT-3002,Network Switch 24-port,1020,IT,437.53,EA,277.2,1,121283.32
4500090139,00030,OFFC-4001,Printer Toner Cartridge,1010,OFFC,431.24,EA,714.12,1,307957.11
4500090139,00040,IT-3001,Ruggedized Laptop,2010,IT,105.73,EA,5906.15,1,624457.24
4500090140,00010,IT-3001,Ruggedized Laptop,2010,IT,402.91,EA,4569.19,1,1840972.34
4500090140,00020,IT-3002,Network Switch 24-port,2010,IT,298.83,EA,1363.65,1,407499.53
4500090141,00010,FUEL-2001,Jet A-1 Fuel,1010,FUEL,351.01,L,1078.87,1,378694.16
4500090141,00020,OFFC-4001,Printer Toner Cartridge,2010,OFFC,414.41,EA,6096.56,1,2526475.43
4500090141,00030,SPARE-5001,Turbine Blade Set,1020,SPARE,245.24,EA,4627.86,1,1134936.39
4500090142,00010,SPARE-5002,Brake Disc Assembly,1010,SPARE,475.18,EA,2631.77,1,1250564.47
4500090142,00020,MRO-1002,Landing Gear Bushing,2010,MRO,365.74,EA,3678.43,1,1345348.99
4500090142,00030,OFFC-4001,Printer Toner Cartridge,1020,OFFC,425.2,EA,6369.51,1,2708315.65
4500090143,00010,SERV-6002,Cleaning Service Cycle,2010,SERV,426.36,EA,6310.66,1,2690613.0
4500090143,00020,MRO-1001,Hydraulic Pump Assembly,1020,MRO,23.93,EA,5016.91,1,120054.66
4500090144,00010,IT-3002,Network Switch 24-port,1020,IT,80.33,EA,7463.15,1,599514.84
4500090144,00020,MRO-1002,Landing Gear Bushing,1020,MRO,327.64,EA,2018.11,1,661213.56
4500090145,00010,MRO-1002,Landing Gear Bushing,1020,MRO,352.15,EA,28.67,1,10096.14
4500090145,00020,MRO-1002,Landing Gear Bushing,2010,MRO,67.22,EA,1825.0,1,122676.5
4500090145,00030,SPARE-5002,Brake Disc Assembly,1010,SPARE,5.63,EA,5570.86,1,31363.94
4500090145,00040,SPARE-5001,Turbine Blade Set,1010,SPARE,347.32,EA,3832.05,1,1330947.61
4500090146,00010,SPARE-5001,Turbine Blade Set,1010,SPARE,386.96,EA,6030.2,1,2333446.19
4500090146,00020,FUEL-2001,Jet A-1 Fuel,2010,FUEL,35.14,L,4515.06,1,158659.21
4500090147,00010,MRO-1002,Landing Gear Bushing,1010,MRO,448.4,EA,1137.3,1,509965.32
4500090147,00020,SERV-6002,Cleaning Service Cycle,1020,SERV,365.27,EA,2825.25,1,1031979.07
4500090148,00010,IT-3002,Network Switch 24-port,1010,IT,103.52,EA,4863.28,1,503446.75
4500090149,00010,IT-3001,Ruggedized Laptop,2010,IT,250.29,EA,4759.56,1,1191270.27
4500090150,00010,SERV-6001,Ground Handling Labor Hr,1010,SERV,341.79,HR,6106.55,1,2087157.72
4500090150,00020,MRO-1001,Hydraulic Pump Assembly,1010,MRO,294.09,EA,130.07,1,38252.29
4500090150,00030,MRO-1001,Hydraulic Pump Assembly,1020,MRO,461.37,EA,7590.47,1,3502015.14
4500090151,00010,SERV-6001,Ground Handling Labor Hr,1010,SERV,269.29,HR,1238.39,1,333486.04
4500090152,00010,SPARE-5001,Turbine Blade Set,1010,SPARE,365.25,EA,6774.82,1,2474503.0
4500090152,00020,IT-3001,Ruggedized Laptop,1020,IT,44.02,EA,3487.18,1,153505.66
4500090152,00030,SERV-6002,Cleaning Service Cycle,2010,SERV,304.81,EA,2488.13,1,758406.91
4500090153,00010,SERV-6001,Ground Handling Labor Hr,1020,SERV,259.09,HR,6583.6,1,1705744.92
4500090153,00020,FUEL-2001,Jet A-1 Fuel,1020,FUEL,186.56,L,6003.22,1,1119960.72
4500090153,00030,MRO-1002,Landing Gear Bushing,1020,MRO,385.94,EA,254.26,1,98129.1
4500090154,00010,SPARE-5002,Brake Disc Assembly,1010,SPARE,429.82,EA,1351.71,1,580991.99
4500090155,00010,MRO-1001,Hydraulic Pump Assembly,1020,MRO,123.03,EA,3784.68,1,465629.18
4500090156,00010,OFFC-4001,Printer Toner Cartridge,1020,OFFC,136.36,EA,641.54,1,87480.39
4500090156,00020,MRO-1002,Landing Gear Bushing,1010,MRO,251.52,EA,7217.49,1,1815343.08
4500090156,00030,IT-3001,Ruggedized Laptop,1020,IT,402.36,EA,7851.68,1,3159201.96
4500090156,00040,MRO-1002,Landing Gear Bushing,1020,MRO,438.62,EA,6930.94,1,3040048.9
4500090157,00010,SERV-6002,Cleaning Service Cycle,1020,SERV,122.05,EA,2958.82,1,361123.98
4500090157,00020,IT-3001,Ruggedized Laptop,1010,IT,366.5,EA,4381.54,1,1605834.41
4500090157,00030,FUEL-2001,Jet A-1 Fuel,1010,FUEL,4.18,L,3292.09,1,13760.94
4500090158,00010,MRO-1002,Landing Gear Bushing,1020,MRO,103.39,EA,7865.26,1,813189.23
4500090158,00020,SPARE-5002,Brake Disc Assembly,1010,SPARE,480.63,EA,7781.02,1,3739791.64
4500090158,00030,IT-3002,Network Switch 24-port,2010,IT,47.42,EA,7371.77,1,349569.33
4500090159,00010,MRO-1002,Landing Gear Bushing,2010,MRO,296.36,EA,517.02,1,153224.05
4500090159,00020,FUEL-2001,Jet A-1 Fuel,1020,FUEL,119.15,L,2102.71,1,250537.9
4500090159,00030,SPARE-5001,Turbine Blade Set,1020,SPARE,350.66,EA,5888.12,1,2064728.16
4500090159,00040,SPARE-5002,Brake Disc Assembly,1010,SPARE,136.71,EA,616.01,1,84214.73
4500090160,00010,SPARE-5001,Turbine Blade Set,1010,SPARE,61.25,EA,2879.13,1,176346.71
4500090160,00020,SPARE-5002,Brake Disc Assembly,1010,SPARE,154.85,EA,2134.76,1,330567.59
4500090160,00030,MRO-1002,Landing Gear Bushing,2010,MRO,79.65,EA,5494.72,1,437654.45
4500090161,00010,SPARE-5001,Turbine Blade Set,1020,SPARE,257.22,EA,5423.92,1,1395140.7
4500090161,00020,FUEL-2001,Jet A-1 Fuel,1020,FUEL,16.51,L,3247.05,1,53608.8
4500090161,00030,SERV-6001,Ground Handling Labor Hr,1020,SERV,374.29,HR,2013.82,1,753752.69
4500090162,00010,OFFC-4001,Printer Toner Cartridge,1010,OFFC,343.46,EA,7501.85,1,2576585.4
4500090162,00020,SERV-6002,Cleaning Service Cycle,1010,SERV,293.47,EA,7341.08,1,2154386.75
4500090162,00030,MRO-1001,Hydraulic Pump Assembly,2010,MRO,498.58,EA,1598.05,1,796755.77
4500090162,00040,SPARE-5002,Brake Disc Assembly,1020,SPARE,404.84,EA,753.99,1,305245.31
4500090163,00010,MRO-1001,Hydraulic Pump Assembly,1020,MRO,191.98,EA,3424.78,1,657489.26
4500090163,00020,IT-3001,Ruggedized Laptop,1020,IT,454.24,EA,2214.35,1,1005846.34
4500090163,00030,FUEL-2001,Jet A-1 Fuel,1010,FUEL,18.29,L,4961.03,1,90737.24
4500090163,00040,IT-3002,Network Switch 24-port,1020,IT,249.95,EA,7064.57,1,1765789.27
4500090164,00010,SPARE-5001,Turbine Blade Set,2010,SPARE,391.18,EA,2885.71,1,1128832.04
4500090165,00010,OFFC-4001,Printer Toner Cartridge,1020,OFFC,298.96,EA,253.84,1,75888.01
4500090166,00010,IT-3002,Network Switch 24-port,2010,IT,267.31,EA,6334.07,1,1693160.25
4500090166,00020,MRO-1001,Hydraulic Pump Assembly,2010,MRO,382.26,EA,7583.46,1,2898853.42
4500090167,00010,SERV-6002,Cleaning Service Cycle,2010,SERV,15.08,EA,5610.48,1,84606.04
4500090167,00020,SERV-6002,Cleaning Service Cycle,1020,SERV,71.91,EA,7587.98,1,545651.64
4500090167,00030,SERV-6001,Ground Handling Labor Hr,1010,SERV,155.22,HR,3933.68,1,610585.81
4500090168,00010,FUEL-2001,Jet A-1 Fuel,1020,FUEL,171.04,L,1436.13,1,245635.68
4500090168,00020,MRO-1001,Hydraulic Pump Assembly,1010,MRO,11.93,EA,4701.14,1,56084.6
4500090169,00010,OFFC-4001,Printer Toner Cartridge,1010,OFFC,151.58,EA,1108.88,1,168084.03
4500090170,00010,SERV-6002,Cleaning Service Cycle,2010,SERV,407.41,EA,3039.51,1,1238326.77
4500090170,00020,IT-3002,Network Switch 24-port,2010,IT,64.55,EA,5836.07,1,376718.32
4500090171,00010,SPARE-5002,Brake Disc Assembly,1010,SPARE,71.18,EA,5967.84,1,424790.85
4500090172,00010,IT-3001,Ruggedized Laptop,1020,IT,125.52,EA,561.0,1,70416.72
4500090172,00020,MRO-1002,Landing Gear Bushing,1020,MRO,360.49,EA,404.22,1,145717.27
4500090172,00030,SPARE-5001,Turbine Blade Set,1020,SPARE,484.58,EA,7078.72,1,3430206.14
4500090173,00010,SPARE-5002,Brake Disc Assembly,1020,SPARE,37.78,EA,6769.18,1,255739.62
4500090173,00020,MRO-1001,Hydraulic Pump Assembly,1010,MRO,160.04,EA,7614.26,1,1218586.17
4500090174,00010,SPARE-5001,Turbine Blade Set,1020,SPARE,471.28,EA,1336.68,1,629950.55
4500090175,00010,IT-3002,Network Switch 24-port,2010,IT,119.54,EA,416.09,1,49739.4
4500090175,00020,SERV-6001,Ground Handling Labor Hr,1020,SERV,420.09,HR,1245.65,1,523285.11
4500090175,00030,MRO-1001,Hydraulic Pump Assembly,2010,MRO,214.38,EA,2370.5,1,508187.79
4500090176,00010,MRO-1002,Landing Gear Bushing,1020,MRO,237.31,EA,941.76,1,223489.07
4500090176,00020,SPARE-5002,Brake Disc Assembly,1010,SPARE,245.06,EA,5295.1,1,1297617.21
4500090176,00030,SERV-6001,Ground Handling Labor Hr,1020,SERV,194.38,HR,2980.74,1,579396.24
4500090177,00010,IT-3002,Network Switch 24-port,2010,IT,282.56,EA,1226.02,1,346424.21
4500090177,00020,MRO-1002,Landing Gear Bushing,2010,MRO,43.77,EA,2763.46,1,120956.64
4500090178,00010,SERV-6002,Cleaning Service Cycle,1010,SERV,440.95,EA,3820.57,1,1684680.34
4500090178,00020,SPARE-5001,Turbine Blade Set,2010,SPARE,451.49,EA,5720.16,1,2582595.04
4500090178,00030,SERV-6002,Cleaning Service Cycle,2010,SERV,450.33,EA,6407.59,1,2885530.0
4500090178,00040,SERV-6002,Cleaning Service Cycle,1020,SERV,74.58,EA,7595.05,1,566438.83
4500090179,00010,IT-3001,Ruggedized Laptop,2010,IT,498.64,EA,5025.27,1,2505800.63
4500090179,00020,IT-3002,Network Switch 24-port,1010,IT,160.55,EA,5822.28,1,934767.05
4500090179,00030,MRO-1002,Landing Gear Bushing,1020,MRO,194.66,EA,3190.89,1,621138.65
4500090179,00040,IT-3002,Network Switch 24-port,1010,IT,260.32,EA,7338.95,1,1910475.46
4500090180,00010,SERV-6002,Cleaning Service Cycle,1010,SERV,294.38,EA,6071.85,1,1787431.2
4500090180,00020,MRO-1002,Landing Gear Bushing,1020,MRO,281.78,EA,825.9,1,232722.1
4500090181,00010,MRO-1001,Hydraulic Pump Assembly,2010,MRO,86.93,EA,3235.73,1,281282.01
4500090181,00020,SERV-6002,Cleaning Service Cycle,1020,SERV,340.73,EA,3225.72,1,1099099.58
4500090181,00030,OFFC-4001,Printer Toner Cartridge,1020,OFFC,345.57,EA,413.34,1,142837.9
4500090181,00040,IT-3002,Network Switch 24-port,1020,IT,448.62,EA,181.46,1,81406.59
4500090182,00010,OFFC-4001,Printer Toner Cartridge,2010,OFFC,135.44,EA,3345.85,1,453161.92
4500090182,00020,MRO-1002,Landing Gear Bushing,1020,MRO,94.78,EA,1706.9,1,161779.98
4500090182,00030,SPARE-5002,Brake Disc Assembly,1010,SPARE,379.99,EA,6940.17,1,2637195.2
4500090182,00040,SERV-6001,Ground Handling Labor Hr,2010,SERV,395.95,HR,543.62,1,215246.34
4500090183,00010,IT-3001,Ruggedized Laptop,1020,IT,17.5,EA,423.46,1,7410.55
4500090184,00010,IT-3001,Ruggedized Laptop,1010,IT,186.86,EA,4760.47,1,889541.42
4500090185,00010,IT-3002,Network Switch 24-port,2010,IT,14.7,EA,416.22,1,6118.43
4500090186,00010,MRO-1001,Hydraulic Pump Assembly,1010,MRO,237.57,EA,1075.87,1,255594.44
4500090187,00010,SPARE-5002,Brake Disc Assembly,2010,SPARE,126.75,EA,3744.25,1,474583.69
4500090187,00020,SERV-6001,Ground Handling Labor Hr,1010,SERV,412.33,HR,3189.28,1,1315035.82
4500090187,00030,MRO-1001,Hydraulic Pump Assembly,1020,MRO,256.25,EA,5305.6,1,1359560.0
4500090188,00010,MRO-1002,Landing Gear Bushing,1020,MRO,168.81,EA,2226.34,1,375828.46
4500090188,00020,IT-3002,Network Switch 24-port,2010,IT,131.31,EA,5694.53,1,747748.73
4500090188,00030,IT-3002,Network Switch 24-port,1010,IT,94.99,EA,4148.0,1,394018.52
4500090188,00040,MRO-1001,Hydraulic Pump Assembly,2010,MRO,402.91,EA,6422.86,1,2587834.52
4500090189,00010,IT-3002,Network Switch 24-port,2010,IT,453.55,EA,3248.7,1,1473447.89
4500090189,00020,MRO-1001,Hydraulic Pump Assembly,1010,MRO,291.93,EA,7958.13,1,2323216.89
4500090189,00030,OFFC-4001,Printer Toner Cartridge,2010,OFFC,363.55,EA,1794.46,1,652375.93
4500090190,00010,MRO-1002,Landing Gear Bushing,2010,MRO,235.92,EA,5932.53,1,1399602.48
4500090190,00020,SERV-6001,Ground Handling Labor Hr,2010,SERV,381.7,HR,1480.89,1,565255.71
4500090190,00030,OFFC-4001,Printer Toner Cartridge,1010,OFFC,327.56,EA,1793.58,1,587505.06
4500090191,00010,MRO-1002,Landing Gear Bushing,2010,MRO,235.8,EA,6933.82,1,1634994.76
4500090191,00020,SERV-6002,Cleaning Service Cycle,1010,SERV,472.21,EA,588.3,1,277801.14
4500090191,00030,SERV-6001,Ground Handling Labor Hr,2010,SERV,60.79,HR,5451.97,1,331425.26
4500090191,00040,IT-3002,Network Switch 24-port,1010,IT,207.14,EA,6969.38,1,1443637.37
4500090192,00010,SPARE-5002,Brake Disc Assembly,1020,SPARE,166.98,EA,7893.39,1,1318038.26
4500090193,00010,MRO-1002,Landing Gear Bushing,1020,MRO,65.57,EA,3481.02,1,228250.48
4500090193,00020,SPARE-5001,Turbine Blade Set,1010,SPARE,215.08,EA,3829.65,1,823681.12
4500090193,00030,MRO-1001,Hydraulic Pump Assembly,1010,MRO,267.36,EA,5850.66,1,1564232.46
4500090193,00040,OFFC-4001,Printer Toner Cartridge,1010,OFFC,378.67,EA,4257.65,1,1612244.33
4500090194,00010,FUEL-2001,Jet A-1 Fuel,1020,FUEL,52.25,L,4036.63,1,210913.92
4500090194,00020,FUEL-2001,Jet A-1 Fuel,1020,FUEL,33.58,L,384.83,1,12922.59
4500090194,00030,SPARE-5002,Brake Disc Assembly,1020,SPARE,364.19,EA,4779.03,1,1740474.94
4500090195,00010,MRO-1001,Hydraulic Pump Assembly,1010,MRO,114.98,EA,5822.81,1,669506.69
4500090195,00020,IT-3001,Ruggedized Laptop,1010,IT,367.3,EA,4725.75,1,1735767.98
4500090195,00030,MRO-1002,Landing Gear Bushing,1010,MRO,183.93,EA,5211.31,1,958516.25
4500090195,00040,SPARE-5001,Turbine Blade Set,2010,SPARE,438.4,EA,2061.2,1,903630.08
4500090196,00010,SPARE-5002,Brake Disc Assembly,1020,SPARE,190.75,EA,4387.31,1,836879.38
4500090196,00020,FUEL-2001,Jet A-1 Fuel,1010,FUEL,103.54,L,5492.21,1,568663.42
4500090196,00030,IT-3002,Network Switch 24-port,2010,IT,211.01,EA,825.82,1,174256.28
4500090196,00040,IT-3002,Network Switch 24-port,1020,IT,311.78,EA,5611.8,1,1749647.0
4500090197,00010,IT-3001,Ruggedized Laptop,2010,IT,304.89,EA,6228.11,1,1898888.46
4500090197,00020,IT-3001,Ruggedized Laptop,1010,IT,179.6,EA,3289.85,1,590857.06
4500090197,00030,MRO-1001,Hydraulic Pump Assembly,2010,MRO,274.52,EA,7284.65,1,1999782.12
4500090197,00040,SPARE-5002,Brake Disc Assembly,2010,SPARE,165.97,EA,41.85,1,6945.84
4500090198,00010,IT-3002,Network Switch 24-port,1020,IT,322.52,EA,3664.87,1,1181993.87
4500090199,00010,SPARE-5001,Turbine Blade Set,1010,SPARE,369.53,EA,778.09,1,287527.6
4500090199,00020,MRO-1001,Hydraulic Pump Assembly,1010,MRO,426.15,EA,5313.57,1,2264377.86
4500090199,00030,OFFC-4001,Printer Toner Cartridge,2010,OFFC,179.41,EA,3512.96,1,630260.15
4500090200,00010,IT-3002,Network Switch 24-port,1020,IT,418.02,EA,5525.42,1,2309736.07
4500090200,00020,SPARE-5001,Turbine Blade Set,1010,SPARE,324.77,EA,6379.34,1,2071818.25
4500090200,00030,FUEL-2001,Jet A-1 Fuel,1010,FUEL,348.39,L,488.0,1,170014.32
4500090200,00040,MRO-1002,Landing Gear Bushing,2010,MRO,208.6,EA,4734.19,1,987552.03
4500090201,00010,SPARE-5002,Brake Disc Assembly,1020,SPARE,460.28,EA,921.24,1,424028.35
4500090201,00020,SPARE-5002,Brake Disc Assembly,1020,SPARE,23.94,EA,2107.67,1,50457.62
4500090202,00010,IT-3001,Ruggedized Laptop,2010,IT,241.48,EA,5316.41,1,1283806.69
4500090202,00020,SPARE-5001,Turbine Blade Set,2010,SPARE,75.18,EA,6614.97,1,497313.44
4500090202,00030,MRO-1001,Hydraulic Pump Assembly,2010,MRO,6.81,EA,7476.28,1,50913.47
4500090202,00040,SPARE-5002,Brake Disc Assembly,1010,SPARE,426.08,EA,6957.94,1,2964639.08
4500090203,00010,SPARE-5001,Turbine Blade Set,1020,SPARE,408.73,EA,649.07,1,265294.38
4500090203,00020,SERV-6002,Cleaning Service Cycle,1020,SERV,224.6,EA,6855.58,1,1539763.27
4500090203,00030,OFFC-4001,Printer Toner Cartridge,2010,OFFC,60.23,EA,3989.04,1,240259.88
4500090203,00040,MRO-1001,Hydraulic Pump Assembly,2010,MRO,52.22,EA,3310.46,1,172872.22
4500090204,00010,OFFC-4001,Printer Toner Cartridge,1020,OFFC,412.83,EA,6536.38,1,2698413.76
4500090204,00020,OFFC-4001,Printer Toner Cartridge,1020,OFFC,280.52,EA,4965.67,1,1392969.75
4500090204,00030,OFFC-4001,Printer Toner Cartridge,2010,OFFC,358.24,EA,929.91,1,333130.96
4500090205,00010,FUEL-2001,Jet A-1 Fuel,2010,FUEL,246.72,L,6578.27,1,1622990.77
4500090206,00010,SPARE-5002,Brake Disc Assembly,1020,SPARE,412.45,EA,1540.82,1,635511.21
4500090206,00020,MRO-1002,Landing Gear Bushing,2010,MRO,378.82,EA,391.07,1,148145.14
4500090207,00010,MRO-1001,Hydraulic Pump Assembly,1020,MRO,265.65,EA,407.6,1,108278.94
4500090207,00020,SERV-6002,Cleaning Service Cycle,1010,SERV,241.98,EA,4076.5,1,986431.47
4500090207,00030,SERV-6002,Cleaning Service Cycle,1010,SERV,87.65,EA,6525.65,1,571973.22
4500090207,00040,SPARE-5001,Turbine Blade Set,1020,SPARE,329.1,EA,4857.16,1,1598491.36
4500090208,00010,SPARE-5002,Brake Disc Assembly,2010,SPARE,402.59,EA,1122.68,1,451979.74
4500090208,00020,SERV-6001,Ground Handling Labor Hr,1020,SERV,150.16,HR,5617.92,1,843586.87
4500090208,00030,SERV-6001,Ground Handling Labor Hr,2010,SERV,316.66,HR,1623.09,1,513967.68
4500090209,00010,OFFC-4001,Printer Toner Cartridge,2010,OFFC,281.58,EA,4670.79,1,1315201.05
4500090210,00010,SPARE-5001,Turbine Blade Set,1010,SPARE,73.52,EA,5368.63,1,394701.68
4500090211,00010,SERV-6001,Ground Handling Labor Hr,1010,SERV,17.12,HR,6515.93,1,111552.72
4500090211,00020,SERV-6002,Cleaning Service Cycle,1010,SERV,434.15,EA,5921.15,1,2570667.27
4500090212,00010,SPARE-5001,Turbine Blade Set,2010,SPARE,208.87,EA,6309.13,1,1317787.98
4500090212,00020,OFFC-4001,Printer Toner Cartridge,2010,OFFC,482.95,EA,449.34,1,217008.75
4500090212,00030,IT-3002,Network Switch 24-port,1020,IT,102.34,EA,6953.42,1,711613.0
4500090212,00040,IT-3001,Ruggedized Laptop,2010,IT,455.83,EA,5642.94,1,2572221.34
4500090213,00010,MRO-1002,Landing Gear Bushing,2010,MRO,94.3,EA,1406.89,1,132669.73
4500090213,00020,MRO-1002,Landing Gear Bushing,2010,MRO,189.22,EA,3439.49,1,650820.3
4500090214,00010,MRO-1001,Hydraulic Pump Assembly,1010,MRO,77.7,EA,2594.59,1,201599.64
4500090214,00020,SERV-6002,Cleaning Service Cycle,2010,SERV,421.73,EA,2423.22,1,1021944.57
4500090215,00010,SPARE-5001,Turbine Blade Set,1020,SPARE,272.0,EA,3239.27,1,881081.44
4500090215,00020,IT-3001,Ruggedized Laptop,1020,IT,441.81,EA,5313.41,1,2347517.67
4500090216,00010,IT-3001,Ruggedized Laptop,2010,IT,452.34,EA,4917.33,1,2224305.05
4500090216,00020,IT-3001,Ruggedized Laptop,1020,IT,479.49,EA,5466.76,1,2621256.75
4500090216,00030,SPARE-5001,Turbine Blade Set,1020,SPARE,458.05,EA,7561.0,1,3463316.05
4500090216,00040,IT-3002,Network Switch 24-port,2010,IT,270.58,EA,2276.98,1,616105.25
4500090217,00010,OFFC-4001,Printer Toner Cartridge,1010,OFFC,257.43,EA,7586.73,1,1953051.9
4500090217,00020,SERV-6001,Ground Handling Labor Hr,1010,SERV,267.07,HR,5022.93,1,1341473.92
4500090218,00010,FUEL-2001,Jet A-1 Fuel,1010,FUEL,12.85,L,5740.61,1,73766.84
4500090219,00010,SPARE-5001,Turbine Blade Set,1020,SPARE,194.63,EA,5049.13,1,982712.17
4500090219,00020,OFFC-4001,Printer Toner Cartridge,2010,OFFC,9.43,EA,5392.92,1,50855.24
4500090219,00030,MRO-1001,Hydraulic Pump Assembly,2010,MRO,321.07,EA,4954.43,1,1590718.84
4500090220,00010,IT-3002,Network Switch 24-port,1020,IT,382.87,EA,3512.66,1,1344892.13
4500090221,00010,FUEL-2001,Jet A-1 Fuel,2010,FUEL,149.73,L,7098.09,1,1062797.02
4500090221,00020,OFFC-4001,Printer Toner Cartridge,2010,OFFC,478.74,EA,108.98,1,52173.09
4500090221,00030,FUEL-2001,Jet A-1 Fuel,2010,FUEL,62.49,L,60.14,1,3758.15
4500090222,00010,SPARE-5001,Turbine Blade Set,1010,SPARE,452.91,EA,6814.64,1,3086418.6
4500090222,00020,FUEL-2001,Jet A-1 Fuel,1020,FUEL,92.81,L,4942.74,1,458735.7
4500090223,00010,MRO-1002,Landing Gear Bushing,2010,MRO,126.09,EA,1595.39,1,201162.73
4500090223,00020,SPARE-5002,Brake Disc Assembly,2010,SPARE,475.82,EA,2869.96,1,1365584.37
4500090223,00030,IT-3001,Ruggedized Laptop,1010,IT,50.92,EA,4963.74,1,252753.64
4500090224,00010,SPARE-5001,Turbine Blade Set,1010,SPARE,85.15,EA,2519.45,1,214531.17
4500090224,00020,SPARE-5001,Turbine Blade Set,2010,SPARE,139.06,EA,2888.7,1,401702.62
4500090224,00030,OFFC-4001,Printer Toner Cartridge,1020,OFFC,439.07,EA,3713.53,1,1630499.62
4500090225,00010,FUEL-2001,Jet A-1 Fuel,2010,FUEL,445.76,L,1587.53,1,707657.37
4500090225,00020,MRO-1002,Landing Gear Bushing,2010,MRO,363.99,EA,7139.0,1,2598524.61
4500090225,00030,MRO-1001,Hydraulic Pump Assembly,2010,MRO,406.51,EA,4639.63,1,1886055.99
4500090226,00010,SERV-6002,Cleaning Service Cycle,1020,SERV,366.88,EA,2342.17,1,859295.33
4500090226,00020,SERV-6001,Ground Handling Labor Hr,2010,SERV,255.7,HR,3186.35,1,814749.69
4500090227,00010,SERV-6002,Cleaning Service Cycle,1010,SERV,474.41,EA,5282.12,1,2505890.55
4500090227,00020,SPARE-5002,Brake Disc Assembly,1020,SPARE,469.65,EA,342.55,1,160878.61
4500090228,00010,SPARE-5001,Turbine Blade Set,1010,SPARE,235.37,EA,3648.05,1,858641.53
4500090228,00020,MRO-1001,Hydraulic Pump Assembly,2010,MRO,490.31,EA,2606.09,1,1277791.99
4500090228,00030,SERV-6001,Ground Handling Labor Hr,2010,SERV,317.15,HR,2202.49,1,698519.7
4500090229,00010,SERV-6002,Cleaning Service Cycle,2010,SERV,327.01,EA,6687.04,1,2186728.95
4500090229,00020,IT-3002,Network Switch 24-port,2010,IT,188.79,EA,7259.79,1,1370575.75
4500090229,00030,SPARE-5001,Turbine Blade Set,1020,SPARE,177.1,EA,6944.4,1,1229853.24
4500090230,00010,SERV-6001,Ground Handling Labor Hr,1010,SERV,322.1,HR,1707.91,1,550117.81
4500090231,00010,SPARE-5002,Brake Disc Assembly,2010,SPARE,337.94,EA,3842.59,1,1298564.86
4500090232,00010,SERV-6001,Ground Handling Labor Hr,1010,SERV,20.56,HR,4586.71,1,94302.76
4500090232,00020,FUEL-2001,Jet A-1 Fuel,1020,FUEL,129.87,L,1456.7,1,189181.63
4500090233,00010,SPARE-5002,Brake Disc Assembly,2010,SPARE,86.11,EA,6646.3,1,572312.89
4500090233,00020,FUEL-2001,Jet A-1 Fuel,1010,FUEL,397.51,L,6567.22,1,2610535.62
4500090233,00030,SERV-6002,Cleaning Service Cycle,2010,SERV,330.16,EA,2130.88,1,703531.34
4500090233,00040,OFFC-4001,Printer Toner Cartridge,1010,OFFC,461.25,EA,4780.34,1,2204931.83
4500090234,00010,SERV-6002,Cleaning Service Cycle,2010,SERV,49.05,EA,3817.44,1,187245.43
4500090234,00020,SERV-6002,Cleaning Service Cycle,2010,SERV,20.48,EA,6275.27,1,128517.53
4500090235,00010,OFFC-4001,Printer Toner Cartridge,1020,OFFC,437.54,EA,5587.19,1,2444619.11
4500090235,00020,IT-3001,Ruggedized Laptop,1020,IT,469.27,EA,3867.35,1,1814831.33
4500090235,00030,OFFC-4001,Printer Toner Cartridge,2010,OFFC,294.93,EA,5936.32,1,1750798.86
4500090235,00040,SERV-6002,Cleaning Service Cycle,1020,SERV,49.76,EA,1088.39,1,54158.29
4500090236,00010,SERV-6002,Cleaning Service Cycle,1020,SERV,261.75,EA,4167.7,1,1090895.47
4500090237,00010,SERV-6002,Cleaning Service Cycle,1020,SERV,127.56,EA,6842.72,1,872857.36
4500090237,00020,SERV-6002,Cleaning Service Cycle,2010,SERV,183.46,EA,2218.97,1,407092.24
4500090237,00030,SPARE-5001,Turbine Blade Set,2010,SPARE,377.73,EA,3317.56,1,1253141.94
4500090237,00040,SPARE-5002,Brake Disc Assembly,1020,SPARE,90.18,EA,4481.57,1,404147.98
4500090238,00010,SPARE-5002,Brake Disc Assembly,1010,SPARE,391.77,EA,7594.98,1,2975485.31
4500090238,00020,IT-3001,Ruggedized Laptop,2010,IT,254.66,EA,6292.93,1,1602557.55
4500090239,00010,FUEL-2001,Jet A-1 Fuel,1010,FUEL,236.36,L,4809.96,1,1136882.15
4500090240,00010,SERV-6002,Cleaning Service Cycle,2010,SERV,328.43,EA,2306.02,1,757366.15
4500090240,00020,MRO-1001,Hydraulic Pump Assembly,2010,MRO,472.91,EA,6565.43,1,3104857.5
4500090240,00030,SPARE-5002,Brake Disc Assembly,2010,SPARE,220.05,EA,1629.62,1,358597.88
4500090240,00040,SERV-6001,Ground Handling Labor Hr,2010,SERV,143.72,HR,288.2,1,41420.1
4500090241,00010,FUEL-2001,Jet A-1 Fuel,1020,FUEL,44.33,L,2221.98,1,98500.37
4500090242,00010,SERV-6001,Ground Handling Labor Hr,2010,SERV,142.96,HR,6641.52,1,949471.7
4500090243,00010,FUEL-2001,Jet A-1 Fuel,1010,FUEL,204.16,L,869.59,1,177535.49
4500090243,00020,SERV-6001,Ground Handling Labor Hr,2010,SERV,147.83,HR,7577.18,1,1120134.52
4500090243,00030,IT-3002,Network Switch 24-port,2010,IT,438.18,EA,6508.92,1,2852078.57
4500090244,00010,SERV-6002,Cleaning Service Cycle,1020,SERV,431.15,EA,3866.12,1,1666877.64
4500090244,00020,MRO-1002,Landing Gear Bushing,1010,MRO,191.95,EA,6313.48,1,1211872.49
4500090244,00030,IT-3001,Ruggedized Laptop,1020,IT,400.28,EA,3311.16,1,1325391.12
4500090244,00040,SERV-6001,Ground Handling Labor Hr,1020,SERV,268.29,HR,5612.53,1,1505785.67
4500090245,00010,OFFC-4001,Printer Toner Cartridge,1020,OFFC,177.42,EA,7156.64,1,1269731.07
4500090245,00020,FUEL-2001,Jet A-1 Fuel,1010,FUEL,473.61,L,5471.2,1,2591215.03
4500090245,00030,SPARE-5002,Brake Disc Assembly,1010,SPARE,368.82,EA,1894.19,1,698615.16
4500090245,00040,IT-3002,Network Switch 24-port,1010,IT,104.18,EA,1638.08,1,170655.17
4500090246,00010,SERV-6001,Ground Handling Labor Hr,1020,SERV,479.04,HR,6787.12,1,3251301.96
4500090247,00010,IT-3001,Ruggedized Laptop,2010,IT,375.33,EA,1043.4,1,391619.32
4500090247,00020,SPARE-5001,Turbine Blade Set,2010,SPARE,239.68,EA,4335.33,1,1039091.89
4500090247,00030,OFFC-4001,Printer Toner Cartridge,1010,OFFC,197.46,EA,5496.98,1,1085433.67
4500090247,00040,SPARE-5002,Brake Disc Assembly,1020,SPARE,488.28,EA,5591.99,1,2730456.88
4500090248,00010,OFFC-4001,Printer Toner Cartridge,2010,OFFC,306.78,EA,2092.41,1,641909.54
4500090248,00020,IT-3002,Network Switch 24-port,2010,IT,119.33,EA,3781.34,1,451227.3
4500090248,00030,OFFC-4001,Printer Toner Cartridge,1010,OFFC,183.6,EA,4000.18,1,734433.05
4500090249,00010,SERV-6002,Cleaning Service Cycle,2010,SERV,343.32,EA,6517.24,1,2237498.84
4500090249,00020,IT-3002,Network Switch 24-port,1020,IT,402.24,EA,4451.61,1,1790615.61
4500090250,00010,FUEL-2001,Jet A-1 Fuel,2010,FUEL,497.79,L,6798.13,1,3384041.13
4500090250,00020,SERV-6001,Ground Handling Labor Hr,1020,SERV,360.56,HR,6286.96,1,2266826.3
4500090250,00030,IT-3002,Network Switch 24-port,1020,IT,281.51,EA,4551.32,1,1281242.09
4500090250,00040,MRO-1002,Landing Gear Bushing,1020,MRO,345.58,EA,499.09,1,172475.52
4500090251,00010,OFFC-4001,Printer Toner Cartridge,2010,OFFC,10.9,EA,987.48,1,10763.53
4500090251,00020,SERV-6002,Cleaning Service Cycle,2010,SERV,100.28,EA,4615.64,1,462856.38
4500090251,00030,SERV-6001,Ground Handling Labor Hr,1020,SERV,88.09,HR,6246.87,1,550286.78
4500090252,00010,FUEL-2001,Jet A-1 Fuel,1020,FUEL,434.26,L,5131.83,1,2228548.5
4500090252,00020,SPARE-5001,Turbine Blade Set,1010,SPARE,316.01,EA,4581.67,1,1447853.54
4500090252,00030,MRO-1002,Landing Gear Bushing,1020,MRO,81.84,EA,1841.18,1,150682.17
4500090252,00040,IT-3002,Network Switch 24-port,1020,IT,355.51,EA,4850.97,1,1724568.34
4500090253,00010,FUEL-2001,Jet A-1 Fuel,2010,FUEL,364.16,L,5302.94,1,1931118.63
4500090254,00010,SERV-6001,Ground Handling Labor Hr,2010,SERV,27.86,HR,6172.05,1,171953.31
4500090254,00020,MRO-1002,Landing Gear Bushing,1010,MRO,52.86,EA,4952.46,1,261787.04
4500090254,00030,SPARE-5001,Turbine Blade Set,1020,SPARE,155.38,EA,1994.22,1,309861.9
4500090254,00040,SPARE-5002,Brake Disc Assembly,1010,SPARE,313.61,EA,1067.59,1,334806.9
4500090255,00010,FUEL-2001,Jet A-1 Fuel,1010,FUEL,484.8,L,5587.03,1,2708592.14
4500090255,00020,SERV-6002,Cleaning Service Cycle,2010,SERV,299.19,EA,5055.76,1,1512632.83
4500090255,00030,SERV-6002,Cleaning Service Cycle,2010,SERV,218.05,EA,5125.5,1,1117615.28
4500090255,00040,IT-3002,Network Switch 24-port,1010,IT,454.55,EA,3863.58,1,1756190.29
4500090256,00010,MRO-1001,Hydraulic Pump Assembly,1010,MRO,1.05,EA,6526.73,1,6853.07
4500090256,00020,OFFC-4001,Printer Toner Cartridge,2010,OFFC,144.09,EA,4290.09,1,618159.07
4500090256,00030,SPARE-5002,Brake Disc Assembly,1010,SPARE,473.53,EA,3827.0,1,1812199.31
4500090257,00010,SPARE-5001,Turbine Blade Set,1010,SPARE,441.2,EA,3508.11,1,1547778.13
4500090257,00020,FUEL-2001,Jet A-1 Fuel,1020,FUEL,357.75,L,5175.01,1,1851359.83
4500090258,00010,IT-3001,Ruggedized Laptop,1020,IT,426.89,EA,1475.61,1,629923.15
4500090258,00020,MRO-1002,Landing Gear Bushing,1020,MRO,318.81,EA,4949.48,1,1577943.72
4500090258,00030,SERV-6002,Cleaning Service Cycle,1010,SERV,246.51,EA,2578.74,1,635685.2
4500090258,00040,MRO-1001,Hydraulic Pump Assembly,1010,MRO,484.89,EA,196.6,1,95329.37
4500090259,00010,MRO-1001,Hydraulic Pump Assembly,1020,MRO,247.3,EA,2748.46,1,679694.16
4500090259,00020,SPARE-5002,Brake Disc Assembly,1010,SPARE,498.98,EA,3720.2,1,1856305.4
4500090260,00010,IT-3001,Ruggedized Laptop,1020,IT,447.95,EA,2015.63,1,902901.46
4500090260,00020,MRO-1001,Hydraulic Pump Assembly,1010,MRO,61.86,EA,6149.8,1,380426.63
4500090261,00010,SPARE-5002,Brake Disc Assembly,1020,SPARE,195.17,EA,7690.49,1,1500952.93
4500090261,00020,FUEL-2001,Jet A-1 Fuel,2010,FUEL,314.95,L,356.64,1,112323.77
4500090262,00010,MRO-1002,Landing Gear Bushing,1010,MRO,118.75,EA,3484.61,1,413797.44
4500090262,00020,FUEL-2001,Jet A-1 Fuel,1020,FUEL,397.4,L,4685.88,1,1862168.71
4500090263,00010,FUEL-2001,Jet A-1 Fuel,1020,FUEL,250.46,L,5493.84,1,1375987.17
4500090263,00020,MRO-1001,Hydraulic Pump Assembly,2010,MRO,30.83,EA,5163.71,1,159197.18
4500090264,00010,IT-3001,Ruggedized Laptop,2010,IT,11.66,EA,3034.6,1,35383.44
4500090264,00020,FUEL-2001,Jet A-1 Fuel,2010,FUEL,126.1,L,335.12,1,42258.63
4500090264,00030,SPARE-5002,Brake Disc Assembly,1020,SPARE,279.95,EA,4351.02,1,1218068.05
4500090264,00040,IT-3001,Ruggedized Laptop,1020,IT,283.78,EA,4358.09,1,1236738.78
4500090265,00010,IT-3002,Network Switch 24-port,1020,IT,409.89,EA,4342.02,1,1779750.58
4500090265,00020,MRO-1001,Hydraulic Pump Assembly,2010,MRO,388.18,EA,4057.54,1,1575055.88
4500090265,00030,FUEL-2001,Jet A-1 Fuel,1020,FUEL,441.58,L,4965.48,1,2192656.66
4500090265,00040,SERV-6002,Cleaning Service Cycle,2010,SERV,120.15,EA,5773.61,1,693699.24
4500090266,00010,SPARE-5001,Turbine Blade Set,2010,SPARE,320.81,EA,901.5,1,289210.22
4500090266,00020,MRO-1002,Landing Gear Bushing,1010,MRO,22.84,EA,7503.64,1,171383.14
4500090266,00030,MRO-1001,Hydraulic Pump Assembly,1010,MRO,101.84,EA,3893.25,1,396488.58
4500090267,00010,SERV-6002,Cleaning Service Cycle,1010,SERV,359.2,EA,124.43,1,44695.26
4500090267,00020,SPARE-5002,Brake Disc Assembly,1020,SPARE,464.27,EA,6659.98,1,3092028.91
4500090268,00010,SERV-6001,Ground Handling Labor Hr,1020,SERV,21.29,HR,581.7,1,12384.39
4500090268,00020,MRO-1002,Landing Gear Bushing,1010,MRO,472.36,EA,7685.48,1,3630313.33
4500090268,00030,MRO-1002,Landing Gear Bushing,1010,MRO,362.86,EA,4262.66,1,1546748.81
4500090269,00010,SPARE-5002,Brake Disc Assembly,1010,SPARE,351.57,EA,3428.06,1,1205203.05
4500090269,00020,FUEL-2001,Jet A-1 Fuel,2010,FUEL,396.44,L,4408.72,1,1747792.96
4500090269,00030,OFFC-4001,Printer Toner Cartridge,2010,OFFC,329.11,EA,4280.53,1,1408765.23
4500090270,00010,SERV-6002,Cleaning Service Cycle,1020,SERV,121.12,EA,4374.1,1,529790.99
4500090270,00020,SERV-6001,Ground Handling Labor Hr,1020,SERV,463.15,HR,2047.63,1,948359.83
4500090270,00030,SPARE-5002,Brake Disc Assembly,1010,SPARE,479.95,EA,21.56,1,10347.72
4500090271,00010,IT-3001,Ruggedized Laptop,2010,IT,428.0,EA,193.18,1,82681.04
4500090271,00020,IT-3002,Network Switch 24-port,2010,IT,459.64,EA,4099.95,1,1884501.02
4500090272,00010,IT-3002,Network Switch 24-port,1010,IT,184.17,EA,4665.6,1,859263.55
4500090272,00020,IT-3002,Network Switch 24-port,1020,IT,405.73,EA,753.4,1,305676.98
4500090273,00010,SERV-6002,Cleaning Service Cycle,2010,SERV,321.49,EA,318.23,1,102307.76
4500090274,00010,SERV-6002,Cleaning Service Cycle,2010,SERV,464.4,EA,5078.42,1,2358418.25
4500090274,00020,SPARE-5001,Turbine Blade Set,1020,SPARE,28.01,EA,4204.58,1,117770.29
4500090275,00010,SERV-6002,Cleaning Service Cycle,1020,SERV,288.05,EA,738.86,1,212828.62
4500090275,00020,IT-3002,Network Switch 24-port,1020,IT,393.4,EA,1201.14,1,472528.48
4500090275,00030,MRO-1002,Landing Gear Bushing,2010,MRO,238.45,EA,5967.61,1,1422976.6
4500090275,00040,SPARE-5001,Turbine Blade Set,1020,SPARE,132.02,EA,3200.25,1,422497.01
4500090276,00010,SERV-6001,Ground Handling Labor Hr,1010,SERV,308.38,HR,5890.63,1,1816552.48
4500090276,00020,IT-3001,Ruggedized Laptop,1020,IT,36.75,EA,6218.64,1,228535.02
4500090277,00010,OFFC-4001,Printer Toner Cartridge,1020,OFFC,172.92,EA,5250.17,1,907859.4
4500090277,00020,FUEL-2001,Jet A-1 Fuel,1020,FUEL,493.84,L,4937.44,1,2438305.37
4500090278,00010,MRO-1002,Landing Gear Bushing,2010,MRO,57.07,EA,455.21,1,25978.83
4500090278,00020,FUEL-2001,Jet A-1 Fuel,1010,FUEL,434.51,L,6564.67,1,2852414.76
4500090279,00010,SERV-6001,Ground Handling Labor Hr,1020,SERV,106.73,HR,4380.47,1,467527.56
4500090279,00020,SERV-6001,Ground Handling Labor Hr,1010,SERV,242.03,HR,5844.79,1,1414614.52
4500090280,00010,IT-3002,Network Switch 24-port,1020,IT,101.15,EA,5578.28,1,564243.02
4500090281,00010,MRO-1002,Landing Gear Bushing,2010,MRO,10.52,EA,6941.94,1,73029.21
4500090281,00020,SPARE-5001,Turbine Blade Set,2010,SPARE,116.35,EA,3058.0,1,355798.3
4500090281,00030,MRO-1002,Landing Gear Bushing,2010,MRO,452.03,EA,3887.6,1,1757311.83
4500090282,00010,OFFC-4001,Printer Toner Cartridge,1010,OFFC,245.48,EA,5960.24,1,1463119.72
4500090282,00020,OFFC-4001,Printer Toner Cartridge,1020,OFFC,342.47,EA,2855.92,1,978066.92
4500090282,00030,IT-3001,Ruggedized Laptop,1020,IT,498.0,EA,7829.13,1,3898906.74
4500090283,00010,FUEL-2001,Jet A-1 Fuel,1010,FUEL,171.55,L,3154.92,1,541226.53
4500090283,00020,MRO-1002,Landing Gear Bushing,2010,MRO,365.21,EA,4175.33,1,1524872.27
4500090284,00010,IT-3002,Network Switch 24-port,2010,IT,454.96,EA,2647.69,1,1204593.04
4500090284,00020,FUEL-2001,Jet A-1 Fuel,2010,FUEL,104.17,L,1125.84,1,117278.75
4500090284,00030,IT-3001,Ruggedized Laptop,2010,IT,431.43,EA,2485.81,1,1072453.01
4500090284,00040,SERV-6001,Ground Handling Labor Hr,1010,SERV,454.87,HR,3451.91,1,1570170.3
4500090285,00010,MRO-1001,Hydraulic Pump Assembly,1020,MRO,382.95,EA,7043.45,1,2697289.18
4500090285,00020,SPARE-5001,Turbine Blade Set,2010,SPARE,152.37,EA,5969.97,1,909644.33
4500090286,00010,SERV-6002,Cleaning Service Cycle,1010,SERV,283.95,EA,1862.67,1,528905.15
4500090286,00020,IT-3001,Ruggedized Laptop,2010,IT,344.0,EA,2886.91,1,993097.04
4500090286,00030,SPARE-5002,Brake Disc Assembly,1020,SPARE,67.91,EA,6772.18,1,459898.74
4500090287,00010,IT-3001,Ruggedized Laptop,1010,IT,113.91,EA,3280.54,1,373686.31
4500090287,00020,IT-3002,Network Switch 24-port,2010,IT,475.15,EA,1795.98,1,853359.9
4500090288,00010,IT-3001,Ruggedized Laptop,2010,IT,214.35,EA,6214.19,1,1332011.63
4500090288,00020,SPARE-5001,Turbine Blade Set,2010,SPARE,360.38,EA,3165.32,1,1140718.02
4500090288,00030,SERV-6002,Cleaning Service Cycle,2010,SERV,297.31,EA,4211.34,1,1252073.5
4500090288,00040,MRO-1001,Hydraulic Pump Assembly,1010,MRO,260.8,EA,3623.84,1,945097.47
4500090289,00010,IT-3001,Ruggedized Laptop,1020,IT,146.3,EA,3196.36,1,467627.47
4500090290,00010,SPARE-5002,Brake Disc Assembly,2010,SPARE,415.12,EA,3624.55,1,1504623.2
4500090290,00020,SERV-6001,Ground Handling Labor Hr,2010,SERV,57.47,HR,6234.27,1,358283.5
4500090291,00010,SERV-6002,Cleaning Service Cycle,1020,SERV,448.41,EA,7168.44,1,3214400.18
4500090291,00020,MRO-1002,Landing Gear Bushing,2010,MRO,125.79,EA,5539.91,1,696865.28
4500090291,00030,FUEL-2001,Jet A-1 Fuel,1010,FUEL,359.47,L,1005.88,1,361583.68
4500090291,00040,SPARE-5002,Brake Disc Assembly,2010,SPARE,317.4,EA,700.75,1,222418.05
4500090292,00010,SERV-6002,Cleaning Service Cycle,1010,SERV,435.78,EA,6904.13,1,3008681.77
4500090292,00020,FUEL-2001,Jet A-1 Fuel,1020,FUEL,90.25,L,5702.14,1,514618.14
4500090292,00030,IT-3002,Network Switch 24-port,1020,IT,155.45,EA,6153.67,1,956588.0
4500090293,00010,SPARE-5002,Brake Disc Assembly,1010,SPARE,249.32,EA,3999.17,1,997073.06
4500090294,00010,SERV-6002,Cleaning Service Cycle,2010,SERV,300.45,EA,1972.81,1,592730.76
4500090295,00010,OFFC-4001,Printer Toner Cartridge,2010,OFFC,19.32,EA,6833.56,1,132024.38
4500090296,00010,FUEL-2001,Jet A-1 Fuel,2010,FUEL,336.37,L,4896.5,1,1647035.71
4500090296,00020,SERV-6002,Cleaning Service Cycle,1020,SERV,286.57,EA,4506.17,1,1291333.14
4500090297,00010,MRO-1002,Landing Gear Bushing,1010,MRO,379.46,EA,6749.61,1,2561207.01
4500090297,00020,IT-3002,Network Switch 24-port,1020,IT,235.94,EA,993.75,1,234465.38
4500090297,00030,OFFC-4001,Printer Toner Cartridge,2010,OFFC,264.0,EA,4206.68,1,1110563.52
4500090297,00040,IT-3001,Ruggedized Laptop,2010,IT,306.41,EA,892.23,1,273388.19
4500090298,00010,SERV-6001,Ground Handling Labor Hr,1010,SERV,288.0,HR,4993.49,1,1438125.12
4500090298,00020,SERV-6002,Cleaning Service Cycle,2010,SERV,281.75,EA,4167.25,1,1174122.69
4500090298,00030,SPARE-5002,Brake Disc Assembly,2010,SPARE,246.76,EA,1455.66,1,359198.66
4500090299,00010,IT-3001,Ruggedized Laptop,1020,IT,399.98,EA,7991.92,1,3196608.16
4500090300,00010,IT-3002,Network Switch 24-port,2010,IT,395.31,EA,2476.02,1,978795.47
4500090300,00020,SERV-6001,Ground Handling Labor Hr,2010,SERV,162.64,HR,68.93,1,11210.78
4500090300,00030,OFFC-4001,Printer Toner Cartridge,2010,OFFC,171.34,EA,5800.69,1,993890.22
4500090301,00010,SPARE-5002,Brake Disc Assembly,2010,SPARE,78.54,EA,3695.73,1,290262.63
4500090301,00020,OFFC-4001,Printer Toner Cartridge,2010,OFFC,231.77,EA,6517.05,1,1510456.68
4500090302,00010,MRO-1002,Landing Gear Bushing,1010,MRO,484.84,EA,2258.07,1,1094802.66
4500090302,00020,OFFC-4001,Printer Toner Cartridge,1010,OFFC,491.83,EA,5019.56,1,2468770.19
4500090302,00030,SERV-6002,Cleaning Service Cycle,1010,SERV,303.24,EA,1515.28,1,459493.51
4500090303,00010,IT-3001,Ruggedized Laptop,1020,IT,186.42,EA,6639.07,1,1237655.43
4500090303,00020,IT-3001,Ruggedized Laptop,1020,IT,263.03,EA,1416.6,1,372608.3
4500090303,00030,MRO-1001,Hydraulic Pump Assembly,1020,MRO,389.12,EA,7308.56,1,2843906.87
4500090303,00040,SERV-6001,Ground Handling Labor Hr,2010,SERV,13.44,HR,3871.65,1,52034.98
4500090304,00010,IT-3001,Ruggedized Laptop,2010,IT,362.56,EA,3685.76,1,1336309.15
4500090304,00020,SERV-6001,Ground Handling Labor Hr,1010,SERV,58.8,HR,2501.63,1,147095.84
4500090305,00010,SERV-6002,Cleaning Service Cycle,1010,SERV,379.49,EA,5118.03,1,1942241.2
4500090306,00010,FUEL-2001,Jet A-1 Fuel,2010,FUEL,79.59,L,933.39,1,74288.51
4500090306,00020,SERV-6001,Ground Handling Labor Hr,1020,SERV,257.52,HR,1668.49,1,429669.54
4500090306,00030,SERV-6001,Ground Handling Labor Hr,2010,SERV,159.92,HR,1149.62,1,183847.23
4500090307,00010,MRO-1001,Hydraulic Pump Assembly,2010,MRO,65.91,EA,3776.47,1,248907.14
4500090307,00020,MRO-1001,Hydraulic Pump Assembly,1020,MRO,53.86,EA,449.32,1,24200.38
4500090307,00030,SPARE-5001,Turbine Blade Set,2010,SPARE,90.31,EA,4777.05,1,431415.39
4500090307,00040,SPARE-5002,Brake Disc Assembly,1010,SPARE,308.54,EA,2513.28,1,775447.41
4500090308,00010,SPARE-5002,Brake Disc Assembly,1020,SPARE,155.89,EA,5162.46,1,804775.89
4500090309,00010,OFFC-4001,Printer Toner Cartridge,1020,OFFC,227.19,EA,261.51,1,59412.46
4500090309,00020,MRO-1002,Landing Gear Bushing,1010,MRO,176.37,EA,3700.71,1,652694.22
4500090309,00030,IT-3002,Network Switch 24-port,1010,IT,384.2,EA,4843.43,1,1860845.81
4500090310,00010,SERV-6001,Ground Handling Labor Hr,1010,SERV,231.03,HR,4732.48,1,1093344.85
4500090310,00020,SERV-6002,Cleaning Service Cycle,1020,SERV,122.6,EA,1288.98,1,158028.95
4500090310,00030,SPARE-5001,Turbine Blade Set,2010,SPARE,33.96,EA,1681.74,1,57111.89
4500090311,00010,MRO-1002,Landing Gear Bushing,2010,MRO,296.49,EA,3714.01,1,1101166.82
4500090311,00020,MRO-1002,Landing Gear Bushing,1020,MRO,411.19,EA,1425.87,1,586303.49
4500090311,00030,MRO-1002,Landing Gear Bushing,2010,MRO,299.53,EA,5490.36,1,1644527.53
4500090311,00040,SPARE-5001,Turbine Blade Set,1010,SPARE,164.38,EA,5167.01,1,849353.1
4500090312,00010,SERV-6001,Ground Handling Labor Hr,1020,SERV,146.46,HR,4932.27,1,722380.26
4500090312,00020,IT-3001,Ruggedized Laptop,1020,IT,103.63,EA,7021.85,1,727674.32
4500090312,00030,SERV-6002,Cleaning Service Cycle,1020,SERV,397.38,EA,5442.88,1,2162891.65
4500090312,00040,OFFC-4001,Printer Toner Cartridge,2010,OFFC,495.15,EA,4670.16,1,2312429.72
4500090313,00010,SERV-6001,Ground Handling Labor Hr,1020,SERV,410.56,HR,2886.77,1,1185192.29
4500090314,00010,SPARE-5001,Turbine Blade Set,1010,SPARE,218.16,EA,1705.5,1,372071.88
4500090314,00020,SPARE-5002,Brake Disc Assembly,1020,SPARE,70.4,EA,4452.26,1,313439.1
4500090314,00030,SPARE-5001,Turbine Blade Set,2010,SPARE,77.98,EA,7979.7,1,622257.01
4500090314,00040,FUEL-2001,Jet A-1 Fuel,1010,FUEL,68.0,L,592.53,1,40292.04
4500090315,00010,SERV-6002,Cleaning Service Cycle,1020,SERV,465.23,EA,4993.52,1,2323135.31
4500090315,00020,SERV-6001,Ground Handling Labor Hr,1020,SERV,212.64,HR,6564.17,1,1395805.11
4500090315,00030,OFFC-4001,Printer Toner Cartridge,1010,OFFC,113.64,EA,3409.68,1,387476.04
4500090315,00040,SERV-6002,Cleaning Service Cycle,2010,SERV,249.58,EA,5852.69,1,1460714.37
4500090316,00010,MRO-1002,Landing Gear Bushing,1010,MRO,290.55,EA,7694.67,1,2235686.37
4500090316,00020,FUEL-2001,Jet A-1 Fuel,1020,FUEL,365.36,L,4220.74,1,1542089.57
4500090316,00030,SPARE-5002,Brake Disc Assembly,2010,SPARE,258.96,EA,4196.39,1,1086697.15
4500090317,00010,SERV-6001,Ground Handling Labor Hr,2010,SERV,389.49,HR,3761.57,1,1465093.9
4500090317,00020,SPARE-5002,Brake Disc Assembly,1020,SPARE,287.41,EA,2665.48,1,766085.61
4500090317,00030,IT-3002,Network Switch 24-port,2010,IT,145.32,EA,301.9,1,43872.11
4500090318,00010,SERV-6002,Cleaning Service Cycle,2010,SERV,26.76,EA,7923.11,1,212022.42
4500090318,00020,SERV-6002,Cleaning Service Cycle,1010,SERV,14.62,EA,3888.39,1,56848.26
4500090319,00010,MRO-1002,Landing Gear Bushing,2010,MRO,302.31,EA,7282.85,1,2201678.38
4500090320,00010,FUEL-2001,Jet A-1 Fuel,1020,FUEL,399.89,L,6898.88,1,2758793.12
4500090320,00020,MRO-1002,Landing Gear Bushing,1010,MRO,483.71,EA,4772.44,1,2308476.95
4500090320,00030,SPARE-5002,Brake Disc Assembly,1020,SPARE,376.63,EA,3315.32,1,1248648.97
4500090320,00040,IT-3001,Ruggedized Laptop,1010,IT,330.67,EA,5813.47,1,1922340.12
4500090321,00010,SPARE-5002,Brake Disc Assembly,2010,SPARE,199.97,EA,2424.91,1,484909.25
4500090321,00020,SERV-6001,Ground Handling Labor Hr,1020,SERV,117.6,HR,5474.41,1,643790.62
4500090322,00010,OFFC-4001,Printer Toner Cartridge,1010,OFFC,480.92,EA,5469.35,1,2630319.8
4500090322,00020,MRO-1002,Landing Gear Bushing,1020,MRO,458.94,EA,5106.64,1,2343641.36
4500090322,00030,SERV-6002,Cleaning Service Cycle,1020,SERV,459.1,EA,6869.68,1,3153870.09
4500090322,00040,IT-3002,Network Switch 24-port,2010,IT,134.28,EA,804.25,1,107994.69
4500090323,00010,OFFC-4001,Printer Toner Cartridge,1010,OFFC,274.26,EA,5388.96,1,1477976.17
4500090323,00020,MRO-1001,Hydraulic Pump Assembly,2010,MRO,206.21,EA,4211.61,1,868476.1
4500090324,00010,SERV-6002,Cleaning Service Cycle,2010,SERV,46.88,EA,7509.27,1,352034.58
4500090325,00010,SERV-6002,Cleaning Service Cycle,1010,SERV,401.8,EA,1494.45,1,600470.01
4500090325,00020,FUEL-2001,Jet A-1 Fuel,1010,FUEL,127.41,L,3746.31,1,477317.36
4500090325,00030,SPARE-5002,Brake Disc Assembly,1020,SPARE,461.43,EA,2225.54,1,1026930.92
4500090325,00040,OFFC-4001,Printer Toner Cartridge,1020,OFFC,129.41,EA,6250.24,1,808843.56
4500090326,00010,SPARE-5002,Brake Disc Assembly,1010,SPARE,35.63,EA,7835.79,1,279189.2
4500090326,00020,SERV-6002,Cleaning Service Cycle,1010,SERV,196.92,EA,5170.96,1,1018265.44
4500090327,00010,MRO-1001,Hydraulic Pump Assembly,1020,MRO,37.39,EA,4579.33,1,171221.15
4500090328,00010,FUEL-2001,Jet A-1 Fuel,2010,FUEL,350.33,L,7238.85,1,2535986.32
4500090328,00020,MRO-1001,Hydraulic Pump Assembly,1020,MRO,258.18,EA,7520.49,1,1941640.11
4500090328,00030,SPARE-5002,Brake Disc Assembly,1010,SPARE,218.59,EA,6755.51,1,1476686.93
4500090329,00010,IT-3002,Network Switch 24-port,2010,IT,200.91,EA,5065.53,1,1017715.63
4500090329,00020,MRO-1002,Landing Gear Bushing,1020,MRO,183.31,EA,6829.67,1,1251946.81
4500090329,00030,MRO-1002,Landing Gear Bushing,1020,MRO,420.75,EA,6088.42,1,2561702.71
4500090330,00010,SPARE-5001,Turbine Blade Set,1020,SPARE,448.33,EA,5052.32,1,2265106.63
4500090330,00020,SPARE-5002,Brake Disc Assembly,2010,SPARE,43.35,EA,5069.67,1,219770.19
4500090330,00030,IT-3001,Ruggedized Laptop,2010,IT,70.83,EA,1560.88,1,110557.13
4500090331,00010,MRO-1001,Hydraulic Pump Assembly,2010,MRO,170.3,EA,2714.99,1,462362.8
4500090332,00010,MRO-1001,Hydraulic Pump Assembly,1010,MRO,367.99,EA,3921.38,1,1443028.63
4500090333,00010,MRO-1002,Landing Gear Bushing,2010,MRO,228.64,EA,1382.1,1,316003.34
4500090333,00020,MRO-1002,Landing Gear Bushing,1020,MRO,409.08,EA,868.52,1,355294.16
4500090333,00030,SERV-6002,Cleaning Service Cycle,1010,SERV,399.79,EA,1780.17,1,711694.16
4500090334,00010,IT-3001,Ruggedized Laptop,1020,IT,382.35,EA,4752.82,1,1817240.73
4500090334,00020,MRO-1002,Landing Gear Bushing,1020,MRO,61.25,EA,1147.07,1,70258.04
4500090334,00030,FUEL-2001,Jet A-1 Fuel,1020,FUEL,348.45,L,4436.19,1,1545790.41
4500090335,00010,MRO-1002,Landing Gear Bushing,1010,MRO,4.17,EA,1451.71,1,6053.63
4500090335,00020,SERV-6002,Cleaning Service Cycle,1020,SERV,443.57,EA,3341.45,1,1482166.98
4500090335,00030,FUEL-2001,Jet A-1 Fuel,2010,FUEL,103.87,L,5125.81,1,532417.88
4500090335,00040,SPARE-5002,Brake Disc Assembly,2010,SPARE,206.6,EA,7505.96,1,1550731.34
4500090336,00010,SPARE-5001,Turbine Blade Set,1010,SPARE,3.28,EA,1900.4,1,6233.31
4500090336,00020,SERV-6001,Ground Handling Labor Hr,2010,SERV,488.42,HR,4958.99,1,2422069.9
4500090336,00030,SERV-6001,Ground Handling Labor Hr,2010,SERV,110.42,HR,6167.24,1,680986.64
4500090337,00010,FUEL-2001,Jet A-1 Fuel,1010,FUEL,80.72,L,7382.93,1,595950.11
4500090337,00020,OFFC-4001,Printer Toner Cartridge,1020,OFFC,143.25,EA,3488.68,1,499753.41
4500090337,00030,SERV-6002,Cleaning Service Cycle,1010,SERV,402.77,EA,6072.1,1,2445659.72
4500090337,00040,MRO-1002,Landing Gear Bushing,1010,MRO,370.47,EA,7400.39,1,2741622.48
4500090338,00010,SPARE-5001,Turbine Blade Set,1020,SPARE,100.18,EA,5421.28,1,543103.83
4500090338,00020,IT-3001,Ruggedized Laptop,1010,IT,389.71,EA,2622.54,1,1022030.06
4500090338,00030,IT-3001,Ruggedized Laptop,1020,IT,369.14,EA,6961.69,1,2569838.25
4500090339,00010,SERV-6002,Cleaning Service Cycle,1010,SERV,228.04,EA,3110.9,1,709409.64
4500090339,00020,SPARE-5002,Brake Disc Assembly,1020,SPARE,360.19,EA,5063.53,1,1823832.87
4500090340,00010,SPARE-5002,Brake Disc Assembly,1010,SPARE,209.69,EA,6087.51,1,1276489.97
4500090340,00020,IT-3002,Network Switch 24-port,2010,IT,302.21,EA,6320.58,1,1910142.48
4500090340,00030,SERV-6002,Cleaning Service Cycle,2010,SERV,452.88,EA,4633.41,1,2098378.72
4500090340,00040,IT-3001,Ruggedized Laptop,1020,IT,44.15,EA,6858.65,1,302809.4
4500090341,00010,IT-3001,Ruggedized Laptop,2010,IT,164.32,EA,4644.15,1,763126.73
4500090341,00020,FUEL-2001,Jet A-1 Fuel,1020,FUEL,456.96,L,7188.05,1,3284651.33
4500090342,00010,MRO-1002,Landing Gear Bushing,2010,MRO,226.77,EA,1939.28,1,439770.53
4500090342,00020,MRO-1001,Hydraulic Pump Assembly,1010,MRO,346.89,EA,3264.81,1,1132529.94
4500090342,00030,FUEL-2001,Jet A-1 Fuel,1010,FUEL,179.84,L,1927.72,1,346681.16
4500090342,00040,MRO-1001,Hydraulic Pump Assembly,2010,MRO,240.41,EA,2452.6,1,589629.57
4500090343,00010,FUEL-2001,Jet A-1 Fuel,1020,FUEL,395.14,L,2975.96,1,1175920.83
4500090343,00020,MRO-1001,Hydraulic Pump Assembly,2010,MRO,430.33,EA,584.17,1,251385.88
4500090343,00030,OFFC-4001,Printer Toner Cartridge,1020,OFFC,265.93,EA,2386.79,1,634719.06
4500090343,00040,SERV-6002,Cleaning Service Cycle,2010,SERV,271.68,EA,6359.94,1,1727868.5
4500090344,00010,OFFC-4001,Printer Toner Cartridge,1020,OFFC,233.21,EA,346.18,1,80732.64
4500090344,00020,FUEL-2001,Jet A-1 Fuel,2010,FUEL,324.44,L,5644.89,1,1831428.11
4500090344,00030,IT-3001,Ruggedized Laptop,2010,IT,70.06,EA,2692.74,1,188653.36
4500090344,00040,MRO-1002,Landing Gear Bushing,2010,MRO,324.87,EA,5904.29,1,1918126.69
4500090345,00010,IT-3002,Network Switch 24-port,1020,IT,28.18,EA,2995.05,1,84400.51
4500090345,00020,SPARE-5002,Brake Disc Assembly,1020,SPARE,251.22,EA,6639.89,1,1668073.17
4500090345,00030,SERV-6001,Ground Handling Labor Hr,1020,SERV,339.48,HR,4272.19,1,1450323.06
4500090345,00040,SPARE-5002,Brake Disc Assembly,2010,SPARE,310.85,EA,6403.23,1,1990444.05
4500090346,00010,MRO-1002,Landing Gear Bushing,2010,MRO,55.57,EA,2222.02,1,123477.65
4500090346,00020,FUEL-2001,Jet A-1 Fuel,2010,FUEL,248.67,L,7002.45,1,1741299.24
4500090346,00030,MRO-1001,Hydraulic Pump Assembly,2010,MRO,147.29,EA,7757.21,1,1142559.46
4500090347,00010,IT-3001,Ruggedized Laptop,1010,IT,32.41,EA,6976.91,1,226121.65
4500090347,00020,SERV-6001,Ground Handling Labor Hr,1020,SERV,322.69,HR,3305.3,1,1066587.26
4500090347,00030,OFFC-4001,Printer Toner Cartridge,2010,OFFC,243.59,EA,5333.53,1,1299194.57
4500090348,00010,IT-3001,Ruggedized Laptop,1010,IT,242.64,EA,7766.38,1,1884434.44
4500090348,00020,FUEL-2001,Jet A-1 Fuel,1010,FUEL,177.21,L,3658.29,1,648285.57
4500090348,00030,SERV-6002,Cleaning Service Cycle,1020,SERV,462.14,EA,5700.26,1,2634318.16
4500090349,00010,OFFC-4001,Printer Toner Cartridge,1020,OFFC,287.69,EA,3538.29,1,1017930.65
4500090350,00010,SPARE-5002,Brake Disc Assembly,1020,SPARE,270.39,EA,1317.53,1,356246.94
4500090350,00020,MRO-1002,Landing Gear Bushing,1020,MRO,460.3,EA,3248.41,1,1495243.12
4500090350,00030,FUEL-2001,Jet A-1 Fuel,1010,FUEL,473.95,L,7423.93,1,3518571.62
4500090351,00010,OFFC-4001,Printer Toner Cartridge,1010,OFFC,344.88,EA,5858.49,1,2020476.03
4500090351,00020,FUEL-2001,Jet A-1 Fuel,1010,FUEL,339.33,L,952.67,1,323269.51
4500090351,00030,SPARE-5001,Turbine Blade Set,1020,SPARE,309.14,EA,1778.51,1,549808.58
4500090351,00040,MRO-1002,Landing Gear Bushing,1010,MRO,163.86,EA,4873.05,1,798497.97
4500090352,00010,SERV-6001,Ground Handling Labor Hr,2010,SERV,197.82,HR,3933.91,1,778206.08
4500090353,00010,SPARE-5001,Turbine Blade Set,1020,SPARE,187.04,EA,2291.51,1,428604.03
4500090353,00020,IT-3002,Network Switch 24-port,1010,IT,488.78,EA,6996.93,1,3419959.45
4500090353,00030,IT-3001,Ruggedized Laptop,1020,IT,364.2,EA,3564.88,1,1298329.3
4500090354,00010,IT-3001,Ruggedized Laptop,2010,IT,152.31,EA,7907.29,1,1204359.34
4500090354,00020,OFFC-4001,Printer Toner Cartridge,1020,OFFC,33.99,EA,7681.56,1,261096.22
4500090355,00010,IT-3001,Ruggedized Laptop,2010,IT,93.82,EA,3066.52,1,287700.91
4500090355,00020,SPARE-5002,Brake Disc Assembly,2010,SPARE,22.07,EA,6613.46,1,145959.06
4500090356,00010,IT-3002,Network Switch 24-port,2010,IT,150.78,EA,5131.63,1,773747.17
4500090356,00020,SPARE-5002,Brake Disc Assembly,1020,SPARE,62.96,EA,5333.99,1,335828.01
4500090357,00010,MRO-1002,Landing Gear Bushing,1020,MRO,299.85,EA,2906.84,1,871615.97
4500090357,00020,SERV-6002,Cleaning Service Cycle,2010,SERV,218.6,EA,2078.13,1,454279.22
4500090357,00030,SPARE-5002,Brake Disc Assembly,1020,SPARE,487.16,EA,6549.88,1,3190839.54
4500090357,00040,SERV-6001,Ground Handling Labor Hr,1020,SERV,366.75,HR,160.01,1,58683.67
4500090358,00010,FUEL-2001,Jet A-1 Fuel,2010,FUEL,27.39,L,2902.08,1,79487.97
4500090358,00020,OFFC-4001,Printer Toner Cartridge,2010,OFFC,25.31,EA,2347.48,1,59414.72
4500090358,00030,MRO-1002,Landing Gear Bushing,1010,MRO,257.42,EA,6136.21,1,1579583.18
4500090359,00010,OFFC-4001,Printer Toner Cartridge,1010,OFFC,48.82,EA,4648.77,1,226952.95
4500090359,00020,MRO-1001,Hydraulic Pump Assembly,1020,MRO,69.34,EA,2265.71,1,157104.33
4500090359,00030,SPARE-5001,Turbine Blade Set,1010,SPARE,170.82,EA,7288.09,1,1244951.53
4500090360,00010,MRO-1002,Landing Gear Bushing,1020,MRO,409.6,EA,7388.81,1,3026456.58
4500090361,00010,IT-3002,Network Switch 24-port,1010,IT,15.35,EA,6520.3,1,100086.6
4500090361,00020,FUEL-2001,Jet A-1 Fuel,1010,FUEL,428.55,L,1156.03,1,495416.66
4500090362,00010,MRO-1001,Hydraulic Pump Assembly,1010,MRO,387.57,EA,6063.53,1,2350042.32
4500090363,00010,MRO-1002,Landing Gear Bushing,1010,MRO,151.52,EA,101.97,1,15450.49
4500090364,00010,MRO-1002,Landing Gear Bushing,1020,MRO,73.63,EA,5974.66,1,439914.22
4500090365,00010,IT-3001,Ruggedized Laptop,2010,IT,482.17,EA,1390.75,1,670577.93
4500090365,00020,MRO-1001,Hydraulic Pump Assembly,1010,MRO,486.82,EA,807.51,1,393112.02
4500090366,00010,OFFC-4001,Printer Toner Cartridge,2010,OFFC,490.67,EA,3404.25,1,1670363.35
4500090366,00020,IT-3001,Ruggedized Laptop,1020,IT,204.38,EA,6096.05,1,1245910.7
4500090367,00010,MRO-1002,Landing Gear Bushing,1020,MRO,164.73,EA,943.47,1,155417.81
4500090368,00010,SPARE-5001,Turbine Blade Set,1020,SPARE,95.2,EA,575.48,1,54785.7
4500090368,00020,OFFC-4001,Printer Toner Cartridge,1020,OFFC,90.47,EA,7989.81,1,722838.11
4500090368,00030,MRO-1002,Landing Gear Bushing,2010,MRO,198.79,EA,4190.85,1,833099.07
4500090369,00010,OFFC-4001,Printer Toner Cartridge,2010,OFFC,487.63,EA,2722.28,1,1327465.4
4500090370,00010,OFFC-4001,Printer Toner Cartridge,1020,OFFC,238.44,EA,4833.26,1,1152442.51
4500090370,00020,SPARE-5002,Brake Disc Assembly,1020,SPARE,256.2,EA,1196.05,1,306428.01
4500090370,00030,MRO-1002,Landing Gear Bushing,1010,MRO,61.97,EA,3924.94,1,243228.53
4500090370,00040,FUEL-2001,Jet A-1 Fuel,1010,FUEL,15.83,L,5907.63,1,93517.78
4500090371,00010,MRO-1002,Landing Gear Bushing,1020,MRO,330.88,EA,4169.19,1,1379501.59
4500090372,00010,SERV-6001,Ground Handling Labor Hr,1010,SERV,273.76,HR,7621.59,1,2086486.48
4500090372,00020,SPARE-5001,Turbine Blade Set,1020,SPARE,440.18,EA,970.69,1,427278.32
4500090372,00030,OFFC-4001,Printer Toner Cartridge,1010,OFFC,426.58,EA,3551.6,1,1515041.53
4500090373,00010,IT-3002,Network Switch 24-port,1010,IT,358.15,EA,3909.89,1,1400327.1
4500090373,00020,SERV-6002,Cleaning Service Cycle,2010,SERV,337.84,EA,5287.43,1,1786305.35
4500090374,00010,SERV-6002,Cleaning Service Cycle,1020,SERV,485.46,EA,4943.18,1,2399716.16
4500090374,00020,IT-3002,Network Switch 24-port,1010,IT,160.92,EA,244.61,1,39362.64
4500090374,00030,FUEL-2001,Jet A-1 Fuel,2010,FUEL,418.63,L,2804.04,1,1173855.27
4500090374,00040,SERV-6002,Cleaning Service Cycle,1020,SERV,14.42,EA,7132.92,1,102856.71
4500090375,00010,IT-3001,Ruggedized Laptop,1010,IT,118.08,EA,2510.55,1,296445.74
4500090375,00020,MRO-1002,Landing Gear Bushing,1010,MRO,434.6,EA,933.48,1,405690.41
4500090376,00010,MRO-1001,Hydraulic Pump Assembly,1020,MRO,348.28,EA,4712.15,1,1641147.6
4500090376,00020,SPARE-5001,Turbine Blade Set,1010,SPARE,285.61,EA,2592.92,1,740563.88
4500090376,00030,SPARE-5002,Brake Disc Assembly,1020,SPARE,50.93,EA,5407.39,1,275398.37
4500090377,00010,SPARE-5002,Brake Disc Assembly,1010,SPARE,318.09,EA,7793.38,1,2478996.24
4500090377,00020,SERV-6001,Ground Handling Labor Hr,1020,SERV,107.83,HR,2135.94,1,230318.41
4500090378,00010,MRO-1002,Landing Gear Bushing,1020,MRO,283.65,EA,4257.89,1,1207750.5
4500090378,00020,IT-3001,Ruggedized Laptop,1020,IT,174.31,EA,631.76,1,110122.09
4500090378,00030,SERV-6001,Ground Handling Labor Hr,2010,SERV,402.26,HR,3474.63,1,1397704.66
4500090379,00010,SERV-6001,Ground Handling Labor Hr,1010,SERV,431.49,HR,4623.21,1,1994868.88
4500090380,00010,SPARE-5002,Brake Disc Assembly,2010,SPARE,74.72,EA,1220.77,1,91215.93
4500090380,00020,IT-3002,Network Switch 24-port,1010,IT,422.22,EA,3293.88,1,1390742.01
4500090380,00030,IT-3001,Ruggedized Laptop,1020,IT,423.14,EA,2150.14,1,909810.24
4500090381,00010,IT-3001,Ruggedized Laptop,1020,IT,14.82,EA,6380.42,1,94557.82
4500090381,00020,SPARE-5002,Brake Disc Assembly,1020,SPARE,243.21,EA,7930.52,1,1928781.77
4500090382,00010,SERV-6001,Ground Handling Labor Hr,2010,SERV,88.82,HR,6823.12,1,606029.52
4500090382,00020,SPARE-5002,Brake Disc Assembly,1010,SPARE,391.33,EA,461.51,1,180602.71
4500090382,00030,OFFC-4001,Printer Toner Cartridge,1020,OFFC,301.2,EA,6940.03,1,2090337.04
4500090383,00010,MRO-1002,Landing Gear Bushing,1010,MRO,285.92,EA,4011.98,1,1147105.32
4500090383,00020,SERV-6001,Ground Handling Labor Hr,2010,SERV,332.44,HR,4651.75,1,1546427.77
4500090384,00010,SPARE-5001,Turbine Blade Set,1010,SPARE,109.79,EA,872.38,1,95778.6
4500090384,00020,IT-3002,Network Switch 24-port,2010,IT,220.3,EA,2049.36,1,451474.01
4500090385,00010,IT-3001,Ruggedized Laptop,1010,IT,481.69,EA,7037.88,1,3390076.42
4500090385,00020,OFFC-4001,Printer Toner Cartridge,1020,OFFC,238.14,EA,2954.56,1,703598.92
4500090385,00030,MRO-1001,Hydraulic Pump Assembly,1010,MRO,323.05,EA,7243.73,1,2340086.98
4500090385,00040,MRO-1001,Hydraulic Pump Assembly,1010,MRO,345.65,EA,6314.65,1,2182658.77
4500090386,00010,SPARE-5001,Turbine Blade Set,1020,SPARE,4.93,EA,7686.77,1,37895.78
4500090386,00020,IT-3002,Network Switch 24-port,1010,IT,46.03,EA,6585.21,1,303117.22
4500090386,00030,IT-3002,Network Switch 24-port,1020,IT,105.98,EA,7124.17,1,755019.54
4500090386,00040,OFFC-4001,Printer Toner Cartridge,1020,OFFC,439.85,EA,6138.59,1,2700058.81
4500090387,00010,SPARE-5001,Turbine Blade Set,1010,SPARE,438.5,EA,6565.53,1,2878984.9
4500090387,00020,IT-3002,Network Switch 24-port,2010,IT,253.66,EA,2827.81,1,717302.28
4500090387,00030,SERV-6001,Ground Handling Labor Hr,1010,SERV,369.15,HR,3637.03,1,1342609.62
4500090388,00010,SPARE-5001,Turbine Blade Set,2010,SPARE,100.84,EA,2458.27,1,247891.95
4500090389,00010,FUEL-2001,Jet A-1 Fuel,1020,FUEL,131.08,L,5505.99,1,721725.17
4500090389,00020,IT-3002,Network Switch 24-port,1010,IT,100.13,EA,3327.68,1,333200.6
4500090389,00030,SPARE-5001,Turbine Blade Set,2010,SPARE,438.32,EA,7559.16,1,3313331.01
4500090389,00040,IT-3001,Ruggedized Laptop,2010,IT,11.35,EA,203.3,1,2307.45
4500090390,00010,MRO-1001,Hydraulic Pump Assembly,1020,MRO,201.12,EA,3442.65,1,692385.77
4500090390,00020,FUEL-2001,Jet A-1 Fuel,2010,FUEL,45.44,L,2956.0,1,134320.64
4500090391,00010,IT-3001,Ruggedized Laptop,1020,IT,357.07,EA,1540.54,1,550080.62
4500090392,00010,IT-3001,Ruggedized Laptop,1010,IT,209.75,EA,3280.02,1,687984.19
4500090392,00020,MRO-1001,Hydraulic Pump Assembly,2010,MRO,145.81,EA,2109.16,1,307536.62
4500090392,00030,SPARE-5002,Brake Disc Assembly,2010,SPARE,453.76,EA,2969.71,1,1347535.61
4500090393,00010,SPARE-5001,Turbine Blade Set,1020,SPARE,354.52,EA,5894.11,1,2089579.88
4500090393,00020,MRO-1002,Landing Gear Bushing,1020,MRO,48.54,EA,488.84,1,23728.29
4500090394,00010,SPARE-5001,Turbine Blade Set,2010,SPARE,335.96,EA,1075.26,1,361244.35
4500090394,00020,MRO-1001,Hydraulic Pump Assembly,2010,MRO,290.66,EA,2097.13,1,609551.81
4500090394,00030,SPARE-5002,Brake Disc Assembly,1010,SPARE,465.23,EA,7025.62,1,3268529.19
4500090395,00010,MRO-1001,Hydraulic Pump Assembly,1020,MRO,489.28,EA,4003.7,1,1958930.34
4500090395,00020,OFFC-4001,Printer Toner Cartridge,1020,OFFC,463.19,EA,2277.75,1,1055031.02
4500090395,00030,SERV-6002,Cleaning Service Cycle,2010,SERV,414.97,EA,7415.2,1,3077085.54
4500090396,00010,IT-3001,Ruggedized Laptop,1010,IT,75.16,EA,1854.29,1,139368.44
4500090397,00010,SPARE-5002,Brake Disc Assembly,1020,SPARE,178.9,EA,5678.05,1,1015803.15
4500090398,00010,IT-3002,Network Switch 24-port,2010,IT,91.15,EA,1362.99,1,124236.54
4500090398,00020,IT-3002,Network Switch 24-port,1010,IT,282.06,EA,5311.84,1,1498257.59
4500090399,00010,MRO-1002,Landing Gear Bushing,2010,MRO,443.8,EA,227.18,1,100822.48
4500090399,00020,MRO-1002,Landing Gear Bushing,1010,MRO,197.69,EA,4730.9,1,935251.62
4500090399,00030,OFFC-4001,Printer Toner Cartridge,2010,OFFC,77.73,EA,666.88,1,51836.58
4500090399,00040,SPARE-5002,Brake Disc Assembly,2010,SPARE,227.57,EA,7642.51,1,1739206.0
4500090400,00010,MRO-1001,Hydraulic Pump Assembly,1010,MRO,400.98,EA,2277.97,1,913420.41
4500090400,00020,MRO-1002,Landing Gear Bushing,1010,MRO,274.03,EA,4826.29,1,1322548.25
4500090401,00010,SPARE-5001,Turbine Blade Set,2010,SPARE,389.97,EA,2293.79,1,894509.29
4500090401,00020,FUEL-2001,Jet A-1 Fuel,1020,FUEL,61.18,L,3936.94,1,240861.99
4500090402,00010,SERV-6001,Ground Handling Labor Hr,1020,SERV,100.74,HR,3574.63,1,360108.23
4500090402,00020,SPARE-5002,Brake Disc Assembly,1010,SPARE,134.97,EA,4810.72,1,649302.88
4500090402,00030,SPARE-5001,Turbine Blade Set,1020,SPARE,405.69,EA,4918.66,1,1995451.18
4500090403,00010,SPARE-5002,Brake Disc Assembly,1010,SPARE,264.11,EA,5184.86,1,1369373.37
4500090403,00020,IT-3002,Network Switch 24-port,1020,IT,234.64,EA,651.88,1,152957.12
4500090404,00010,SERV-6002,Cleaning Service Cycle,1010,SERV,24.82,EA,630.73,1,15654.72
4500090404,00020,SERV-6001,Ground Handling Labor Hr,1010,SERV,54.71,HR,3410.81,1,186605.42
4500090404,00030,SPARE-5002,Brake Disc Assembly,1020,SPARE,330.77,EA,4556.46,1,1507140.27
4500090405,00010,FUEL-2001,Jet A-1 Fuel,1020,FUEL,421.61,L,381.16,1,160700.87
4500090405,00020,IT-3002,Network Switch 24-port,2010,IT,157.66,EA,5798.28,1,914156.82
4500090406,00010,MRO-1002,Landing Gear Bushing,1020,MRO,217.47,EA,162.96,1,35438.91
4500090406,00020,MRO-1002,Landing Gear Bushing,1020,MRO,7.64,EA,5253.29,1,40135.14
4500090406,00030,SPARE-5001,Turbine Blade Set,2010,SPARE,434.52,EA,7727.11,1,3357583.84
4500090407,00010,FUEL-2001,Jet A-1 Fuel,1010,FUEL,7.92,L,913.06,1,7231.44
4500090407,00020,IT-3001,Ruggedized Laptop,2010,IT,429.65,EA,1689.65,1,725958.12
4500090408,00010,SPARE-5002,Brake Disc Assembly,1010,SPARE,211.52,EA,949.34,1,200804.4
4500090408,00020,SPARE-5002,Brake Disc Assembly,1020,SPARE,481.97,EA,3782.48,1,1823041.89
4500090409,00010,SPARE-5001,Turbine Blade Set,2010,SPARE,489.76,EA,6791.96,1,3326430.33
4500090410,00010,SERV-6001,Ground Handling Labor Hr,2010,SERV,295.93,HR,4899.73,1,1449977.1
4500090410,00020,SPARE-5002,Brake Disc Assembly,1010,SPARE,116.72,EA,504.42,1,58875.9
4500090410,00030,SPARE-5001,Turbine Blade Set,1020,SPARE,288.63,EA,4434.98,1,1280068.28
4500090410,00040,SPARE-5001,Turbine Blade Set,2010,SPARE,444.68,EA,953.19,1,423864.53
4500090411,00010,SPARE-5002,Brake Disc Assembly,1010,SPARE,172.58,EA,1872.18,1,323100.82
4500090411,00020,SERV-6002,Cleaning Service Cycle,2010,SERV,454.63,EA,2726.44,1,1239521.42
4500090412,00010,FUEL-2001,Jet A-1 Fuel,2010,FUEL,311.3,L,2274.01,1,707899.31
4500090412,00020,MRO-1002,Landing Gear Bushing,1010,MRO,333.86,EA,1050.19,1,350616.43
4500090412,00030,FUEL-2001,Jet A-1 Fuel,1020,FUEL,303.27,L,825.21,1,250261.44
4500090412,00040,SPARE-5002,Brake Disc Assembly,1010,SPARE,152.52,EA,1691.27,1,257952.5
4500090413,00010,OFFC-4001,Printer Toner Cartridge,1010,OFFC,215.88,EA,4948.15,1,1068206.62
4500090414,00010,SERV-6001,Ground Handling Labor Hr,1010,SERV,302.54,HR,851.05,1,257476.67
4500090414,00020,SPARE-5002,Brake Disc Assembly,1010,SPARE,399.69,EA,7701.92,1,3078380.4
4500090415,00010,OFFC-4001,Printer Toner Cartridge,1020,OFFC,79.36,EA,2351.14,1,186586.47
4500090415,00020,SERV-6001,Ground Handling Labor Hr,1010,SERV,249.7,HR,6966.53,1,1739542.54
4500090416,00010,IT-3001,Ruggedized Laptop,1020,IT,417.57,EA,3799.83,1,1586695.01
4500090417,00010,SERV-6001,Ground Handling Labor Hr,1020,SERV,211.44,HR,1840.89,1,389237.78
4500090417,00020,SPARE-5001,Turbine Blade Set,2010,SPARE,459.09,EA,7186.56,1,3299277.83
4500090418,00010,OFFC-4001,Printer Toner Cartridge,1010,OFFC,158.09,EA,7855.92,1,1241942.39
4500090419,00010,SPARE-5001,Turbine Blade Set,1020,SPARE,443.01,EA,5612.31,1,2486309.45
4500090419,00020,OFFC-4001,Printer Toner Cartridge,1020,OFFC,454.71,EA,83.06,1,37768.21
4500090419,00030,SERV-6001,Ground Handling Labor Hr,1020,SERV,305.59,HR,1191.96,1,364251.06
4500090419,00040,SPARE-5002,Brake Disc Assembly,2010,SPARE,322.3,EA,7102.89,1,2289261.45
4500090420,00010,MRO-1001,Hydraulic Pump Assembly,2010,MRO,269.18,EA,3132.15,1,843112.14
4500090421,00010,FUEL-2001,Jet A-1 Fuel,2010,FUEL,12.69,L,7124.75,1,90413.08
4500090421,00020,SERV-6002,Cleaning Service Cycle,1020,SERV,130.09,EA,6661.19,1,866554.21
4500090421,00030,SPARE-5001,Turbine Blade Set,1010,SPARE,493.49,EA,901.33,1,444797.34
4500090422,00010,IT-3002,Network Switch 24-port,1020,IT,286.65,EA,61.6,1,17657.64
4500090422,00020,IT-3001,Ruggedized Laptop,2010,IT,402.89,EA,7912.22,1,3187754.32
4500090422,00030,SERV-6001,Ground Handling Labor Hr,1020,SERV,422.4,HR,1886.03,1,796659.07
4500090422,00040,IT-3002,Network Switch 24-port,2010,IT,333.79,EA,6524.33,1,2177756.11
4500090423,00010,SPARE-5002,Brake Disc Assembly,1020,SPARE,49.9,EA,5698.89,1,284374.61
4500090423,00020,MRO-1002,Landing Gear Bushing,1010,MRO,47.03,EA,3410.6,1,160400.52
4500090423,00030,SPARE-5002,Brake Disc Assembly,2010,SPARE,108.18,EA,643.02,1,69561.9
4500090424,00010,SPARE-5002,Brake Disc Assembly,2010,SPARE,344.82,EA,7583.6,1,2614976.95
4500090424,00020,SPARE-5001,Turbine Blade Set,1010,SPARE,412.08,EA,1171.88,1,482908.31
4500090424,00030,SPARE-5002,Brake Disc Assembly,2010,SPARE,355.86,EA,1052.49,1,374539.09
4500090424,00040,SERV-6001,Ground Handling Labor Hr,1010,SERV,431.77,HR,962.1,1,415405.92
4500090425,00010,MRO-1002,Landing Gear Bushing,2010,MRO,185.42,EA,2330.93,1,432201.04
4500090426,00010,FUEL-2001,Jet A-1 Fuel,1010,FUEL,71.93,L,4725.2,1,339883.64
4500090427,00010,MRO-1002,Landing Gear Bushing,2010,MRO,435.34,EA,3352.25,1,1459368.51
4500090427,00020,IT-3002,Network Switch 24-port,1020,IT,283.32,EA,7204.29,1,2041119.44
4500090427,00030,SPARE-5002,Brake Disc Assembly,1010,SPARE,417.4,EA,6672.79,1,2785222.55
4500090428,00010,OFFC-4001,Printer Toner Cartridge,2010,OFFC,45.57,EA,5005.67,1,228108.38
4500090428,00020,SPARE-5001,Turbine Blade Set,1020,SPARE,194.23,EA,7203.95,1,1399223.21
4500090429,00010,SERV-6001,Ground Handling Labor Hr,1010,SERV,322.93,HR,5158.44,1,1665815.03
4500090429,00020,IT-3001,Ruggedized Laptop,1010,IT,477.63,EA,4343.84,1,2074748.3
4500090429,00030,SERV-6002,Cleaning Service Cycle,2010,SERV,261.36,EA,6009.46,1,1570632.47
4500090430,00010,SERV-6002,Cleaning Service Cycle,2010,SERV,222.67,EA,6459.23,1,1438276.74
4500090430,00020,OFFC-4001,Printer Toner Cartridge,1010,OFFC,201.5,EA,378.97,1,76362.46
4500090431,00010,MRO-1002,Landing Gear Bushing,1020,MRO,489.91,EA,4343.4,1,2127875.09
4500090432,00010,SERV-6002,Cleaning Service Cycle,2010,SERV,480.6,EA,1468.03,1,705535.22
4500090433,00010,SPARE-5001,Turbine Blade Set,1010,SPARE,470.85,EA,7198.02,1,3389187.72
4500090433,00020,IT-3001,Ruggedized Laptop,1010,IT,120.57,EA,4784.1,1,576818.94
4500090433,00030,SPARE-5002,Brake Disc Assembly,1010,SPARE,254.8,EA,4045.28,1,1030737.34
4500090434,00010,IT-3001,Ruggedized Laptop,2010,IT,456.95,EA,168.61,1,77046.34
4500090434,00020,SERV-6002,Cleaning Service Cycle,2010,SERV,337.87,EA,1985.6,1,670874.67
4500090434,00030,FUEL-2001,Jet A-1 Fuel,1010,FUEL,153.0,L,3265.83,1,499671.99
4500090434,00040,SERV-6001,Ground Handling Labor Hr,1020,SERV,102.52,HR,7743.93,1,793907.7
4500090435,00010,SERV-6002,Cleaning Service Cycle,1010,SERV,145.34,EA,7777.21,1,1130339.7
4500090435,00020,MRO-1001,Hydraulic Pump Assembly,2010,MRO,466.82,EA,3867.85,1,1805589.74
4500090435,00030,IT-3002,Network Switch 24-port,1020,IT,419.9,EA,3053.63,1,1282219.24
4500090435,00040,IT-3001,Ruggedized Laptop,1010,IT,292.99,EA,4092.42,1,1199038.14
4500090436,00010,SERV-6001,Ground Handling Labor Hr,1010,SERV,499.41,HR,7028.67,1,3510188.08
4500090436,00020,SERV-6002,Cleaning Service Cycle,2010,SERV,252.91,EA,6420.41,1,1623785.89
4500090437,00010,IT-3001,Ruggedized Laptop,1010,IT,230.44,EA,4804.12,1,1107061.41
4500090437,00020,FUEL-2001,Jet A-1 Fuel,1020,FUEL,323.58,L,36.34,1,11758.9
4500090437,00030,MRO-1001,Hydraulic Pump Assembly,1020,MRO,450.82,EA,5388.2,1,2429108.32
4500090438,00010,SPARE-5002,Brake Disc Assembly,1020,SPARE,336.45,EA,2836.9,1,954475.01
4500090439,00010,IT-3001,Ruggedized Laptop,1010,IT,222.84,EA,1787.74,1,398379.98
4500090439,00020,IT-3002,Network Switch 24-port,1010,IT,340.6,EA,5679.4,1,1934403.64
4500090439,00030,MRO-1002,Landing Gear Bushing,2010,MRO,408.32,EA,5009.39,1,2045434.12
4500090440,00010,IT-3001,Ruggedized Laptop,1010,IT,492.15,EA,5114.72,1,2517209.45
4500090441,00010,MRO-1002,Landing Gear Bushing,1010,MRO,294.49,EA,5972.87,1,1758950.49
4500090441,00020,IT-3002,Network Switch 24-port,2010,IT,466.85,EA,6846.72,1,3196391.23
4500090442,00010,SPARE-5001,Turbine Blade Set,1010,SPARE,320.84,EA,7545.73,1,2420972.01
4500090443,00010,OFFC-4001,Printer Toner Cartridge,2010,OFFC,259.11,EA,366.85,1,95054.5
4500090443,00020,IT-3001,Ruggedized Laptop,2010,IT,24.44,EA,7348.76,1,179603.69
4500090443,00030,SPARE-5002,Brake Disc Assembly,1020,SPARE,158.8,EA,3147.03,1,499748.36
4500090443,00040,MRO-1002,Landing Gear Bushing,2010,MRO,440.17,EA,6465.23,1,2845800.29
4500090444,00010,MRO-1002,Landing Gear Bushing,1020,MRO,313.37,EA,791.87,1,248148.3
4500090444,00020,SPARE-5001,Turbine Blade Set,2010,SPARE,404.22,EA,4748.4,1,1919398.25
4500090444,00030,OFFC-4001,Printer Toner Cartridge,1020,OFFC,420.41,EA,1992.29,1,837578.64
4500090445,00010,SPARE-5002,Brake Disc Assembly,1010,SPARE,289.89,EA,702.57,1,203668.02
4500090446,00010,IT-3002,Network Switch 24-port,1010,IT,305.76,EA,3466.08,1,1059788.62
4500090447,00010,IT-3001,Ruggedized Laptop,2010,IT,432.43,EA,6304.05,1,2726060.34
4500090447,00020,MRO-1001,Hydraulic Pump Assembly,1020,MRO,227.25,EA,3724.39,1,846367.63
4500090447,00030,SERV-6002,Cleaning Service Cycle,2010,SERV,310.0,EA,2730.14,1,846343.4
4500090447,00040,MRO-1001,Hydraulic Pump Assembly,1010,MRO,227.58,EA,2638.99,1,600581.34
4500090448,00010,OFFC-4001,Printer Toner Cartridge,1020,OFFC,211.08,EA,5802.49,1,1224789.59
4500090448,00020,FUEL-2001,Jet A-1 Fuel,1010,FUEL,122.33,L,6380.26,1,780497.21
4500090448,00030,FUEL-2001,Jet A-1 Fuel,2010,FUEL,156.52,L,3498.07,1,547517.92
4500090449,00010,IT-3002,Network Switch 24-port,2010,IT,185.05,EA,84.49,1,15634.87
4500090449,00020,FUEL-2001,Jet A-1 Fuel,2010,FUEL,29.6,L,4066.72,1,120374.91
4500090449,00030,MRO-1001,Hydraulic Pump Assembly,1010,MRO,211.61,EA,1579.35,1,334206.25
4500090450,00010,SERV-6002,Cleaning Service Cycle,1020,SERV,283.48,EA,2698.57,1,764990.62
4500090450,00020,SPARE-5001,Turbine Blade Set,1010,SPARE,164.98,EA,856.69,1,141336.72
4500090450,00030,SPARE-5002,Brake Disc Assembly,1010,SPARE,110.48,EA,49.5,1,5468.76
4500090451,00010,IT-3001,Ruggedized Laptop,1010,IT,200.76,EA,6612.15,1,1327455.23
4500090451,00020,OFFC-4001,Printer Toner Cartridge,2010,OFFC,5.94,EA,2875.94,1,17083.08
4500090451,00030,MRO-1002,Landing Gear Bushing,2010,MRO,72.06,EA,3534.46,1,254693.19
4500090451,00040,SERV-6002,Cleaning Service Cycle,1010,SERV,456.44,EA,2892.08,1,1320061.0
4500090452,00010,SERV-6001,Ground Handling Labor Hr,1010,SERV,123.74,HR,1583.98,1,196001.69
4500090452,00020,IT-3002,Network Switch 24-port,2010,IT,455.41,EA,187.53,1,85403.04
4500090452,00030,FUEL-2001,Jet A-1 Fuel,1010,FUEL,190.08,L,6303.56,1,1198180.68
4500090453,00010,MRO-1002,Landing Gear Bushing,1010,MRO,60.13,EA,7064.13,1,424766.14
4500090453,00020,IT-3001,Ruggedized Laptop,1020,IT,96.65,EA,3038.0,1,293622.7
4500090453,00030,OFFC-4001,Printer Toner Cartridge,1010,OFFC,300.18,EA,7816.31,1,2346299.94
4500090453,00040,MRO-1001,Hydraulic Pump Assembly,2010,MRO,381.78,EA,4706.86,1,1796985.01
4500090454,00010,MRO-1002,Landing Gear Bushing,2010,MRO,392.55,EA,6332.16,1,2485689.41
4500090454,00020,MRO-1002,Landing Gear Bushing,2010,MRO,84.55,EA,3117.16,1,263555.88
4500090455,00010,SPARE-5002,Brake Disc Assembly,2010,SPARE,237.41,EA,4657.87,1,1105824.92
4500090455,00020,SERV-6002,Cleaning Service Cycle,1010,SERV,325.22,EA,1673.45,1,544239.41
4500090455,00030,SPARE-5002,Brake Disc Assembly,1020,SPARE,431.72,EA,3179.28,1,1372558.76
4500090455,00040,SPARE-5001,Turbine Blade Set,1020,SPARE,444.47,EA,4579.54,1,2035468.14
4500090456,00010,SERV-6002,Cleaning Service Cycle,1020,SERV,21.53,EA,4107.85,1,88442.01
4500090456,00020,SPARE-5001,Turbine Blade Set,1020,SPARE,226.12,EA,3471.4,1,784952.97
4500090457,00010,IT-3002,Network Switch 24-port,1010,IT,323.03,EA,2885.56,1,932122.45
4500090457,00020,IT-3002,Network Switch 24-port,2010,IT,421.46,EA,4112.07,1,1733073.02
4500090458,00010,OFFC-4001,Printer Toner Cartridge,1020,OFFC,99.13,EA,2647.35,1,262431.81
4500090458,00020,IT-3002,Network Switch 24-port,1010,IT,96.13,EA,4840.19,1,465287.46
4500090459,00010,SERV-6002,Cleaning Service Cycle,2010,SERV,379.15,EA,114.89,1,43560.54
4500090459,00020,SERV-6001,Ground Handling Labor Hr,1020,SERV,494.65,HR,7612.88,1,3765711.09
4500090459,00030,IT-3001,Ruggedized Laptop,1020,IT,114.24,EA,5998.11,1,685224.09
4500090459,00040,IT-3001,Ruggedized Laptop,1020,IT,258.4,EA,6292.08,1,1625873.47
4500090460,00010,SPARE-5002,Brake Disc Assembly,1020,SPARE,225.54,EA,4476.41,1,1009609.51
4500090460,00020,FUEL-2001,Jet A-1 Fuel,2010,FUEL,289.18,L,1044.2,1,301961.76
4500090461,00010,SERV-6001,Ground Handling Labor Hr,2010,SERV,150.52,HR,4703.9,1,708031.03
4500090461,00020,MRO-1001,Hydraulic Pump Assembly,1020,MRO,461.15,EA,1246.46,1,574805.03
4500090461,00030,SERV-6002,Cleaning Service Cycle,2010,SERV,315.29,EA,4831.96,1,1523468.67
4500090461,00040,SERV-6002,Cleaning Service Cycle,1010,SERV,433.61,EA,7841.77,1,3400269.89
4500090462,00010,IT-3002,Network Switch 24-port,2010,IT,47.53,EA,852.42,1,40515.52
4500090462,00020,FUEL-2001,Jet A-1 Fuel,1020,FUEL,17.0,L,5518.42,1,93813.14
4500090462,00030,MRO-1001,Hydraulic Pump Assembly,1020,MRO,94.16,EA,574.54,1,54098.69
4500090462,00040,IT-3002,Network Switch 24-port,2010,IT,103.74,EA,2343.02,1,243064.89
4500090463,00010,FUEL-2001,Jet A-1 Fuel,1020,FUEL,494.81,L,1050.52,1,519807.8
4500090463,00020,SPARE-5002,Brake Disc Assembly,1010,SPARE,371.83,EA,3124.16,1,1161656.41
4500090463,00030,FUEL-2001,Jet A-1 Fuel,2010,FUEL,435.35,L,2491.86,1,1084831.25
4500090463,00040,SPARE-5002,Brake Disc Assembly,1020,SPARE,80.23,EA,4609.23,1,369798.52
4500090464,00010,SPARE-5002,Brake Disc Assembly,1010,SPARE,32.92,EA,3205.91,1,105538.56
4500090464,00020,SERV-6001,Ground Handling Labor Hr,1020,SERV,165.12,HR,4562.45,1,753351.74
4500090465,00010,IT-3002,Network Switch 24-port,1010,IT,196.15,EA,6590.97,1,1292818.77
4500090465,00020,SPARE-5001,Turbine Blade Set,2010,SPARE,125.32,EA,7201.72,1,902519.55
4500090465,00030,SPARE-5001,Turbine Blade Set,1010,SPARE,229.46,EA,7288.45,1,1672407.74
4500090466,00010,MRO-1002,Landing Gear Bushing,1010,MRO,349.32,EA,5784.83,1,2020756.82
4500090466,00020,SPARE-5002,Brake Disc Assembly,1010,SPARE,206.23,EA,6099.65,1,1257930.82
4500090466,00030,OFFC-4001,Printer Toner Cartridge,1020,OFFC,39.19,EA,859.69,1,33691.25
4500090467,00010,SPARE-5002,Brake Disc Assembly,1010,SPARE,191.2,EA,5972.74,1,1141987.89
4500090468,00010,SPARE-5002,Brake Disc Assembly,1010,SPARE,35.05,EA,4396.46,1,154095.92
4500090468,00020,SPARE-5002,Brake Disc Assembly,1010,SPARE,70.99,EA,6567.0,1,466191.33
4500090468,00030,FUEL-2001,Jet A-1 Fuel,1010,FUEL,419.41,L,4863.77,1,2039913.78
4500090468,00040,IT-3002,Network Switch 24-port,1010,IT,62.95,EA,5936.74,1,373717.78
4500090469,00010,IT-3001,Ruggedized Laptop,2010,IT,357.49,EA,7143.65,1,2553783.44
4500090469,00020,IT-3001,Ruggedized Laptop,2010,IT,221.59,EA,401.09,1,88877.53
4500090470,00010,MRO-1001,Hydraulic Pump Assembly,1020,MRO,299.5,EA,408.34,1,122297.83
4500090470,00020,IT-3001,Ruggedized Laptop,1010,IT,464.48,EA,3009.66,1,1397926.88
4500090470,00030,IT-3001,Ruggedized Laptop,1010,IT,46.6,EA,3385.03,1,157742.4
4500090470,00040,OFFC-4001,Printer Toner Cartridge,1010,OFFC,410.44,EA,5446.08,1,2235289.08
4500090471,00010,OFFC-4001,Printer Toner Cartridge,1010,OFFC,281.47,EA,1532.59,1,431378.11
4500090471,00020,SERV-6001,Ground Handling Labor Hr,1010,SERV,198.14,HR,3434.48,1,680507.87
4500090471,00030,IT-3001,Ruggedized Laptop,1010,IT,53.84,EA,2600.48,1,140009.84
4500090472,00010,IT-3002,Network Switch 24-port,1010,IT,325.32,EA,2964.46,1,964398.13
4500090473,00010,MRO-1002,Landing Gear Bushing,2010,MRO,300.33,EA,7851.7,1,2358101.06
4500090473,00020,SPARE-5001,Turbine Blade Set,2010,SPARE,339.27,EA,7779.49,1,2639347.57
4500090473,00030,FUEL-2001,Jet A-1 Fuel,2010,FUEL,166.69,L,5090.12,1,848472.1
4500090474,00010,SERV-6001,Ground Handling Labor Hr,2010,SERV,320.66,HR,1874.76,1,601160.54
4500090474,00020,MRO-1001,Hydraulic Pump Assembly,1010,MRO,117.07,EA,4938.46,1,578145.51
4500090474,00030,IT-3002,Network Switch 24-port,1010,IT,118.96,EA,3439.41,1,409152.21
4500090474,00040,SERV-6002,Cleaning Service Cycle,1020,SERV,40.62,EA,1117.69,1,45400.57
4500090475,00010,FUEL-2001,Jet A-1 Fuel,1010,FUEL,139.79,L,5155.94,1,720748.85
4500090475,00020,SERV-6001,Ground Handling Labor Hr,1020,SERV,396.1,HR,3330.85,1,1319349.69
4500090475,00030,MRO-1001,Hydraulic Pump Assembly,1020,MRO,115.28,EA,5868.33,1,676501.08
4500090476,00010,FUEL-2001,Jet A-1 Fuel,1020,FUEL,221.74,L,68.22,1,15127.1
4500090476,00020,MRO-1002,Landing Gear Bushing,1010,MRO,476.88,EA,435.81,1,207829.07
4500090476,00030,IT-3001,Ruggedized Laptop,2010,IT,63.65,EA,1405.93,1,89487.44
4500090477,00010,FUEL-2001,Jet A-1 Fuel,1010,FUEL,361.12,L,1974.5,1,713031.44
4500090477,00020,SERV-6002,Cleaning Service Cycle,1020,SERV,125.24,EA,2297.12,1,287691.31
4500090477,00030,IT-3001,Ruggedized Laptop,1010,IT,136.66,EA,6254.69,1,854765.94
4500090478,00010,SPARE-5002,Brake Disc Assembly,1010,SPARE,10.89,EA,3063.73,1,33364.02
4500090478,00020,IT-3002,Network Switch 24-port,2010,IT,298.0,EA,1239.33,1,369320.34
4500090479,00010,MRO-1002,Landing Gear Bushing,1010,MRO,167.28,EA,5724.61,1,957612.76
4500090479,00020,FUEL-2001,Jet A-1 Fuel,2010,FUEL,458.15,L,53.36,1,24446.88
4500090479,00030,OFFC-4001,Printer Toner Cartridge,1020,OFFC,246.24,EA,7407.01,1,1823902.14
4500090479,00040,OFFC-4001,Printer Toner Cartridge,2010,OFFC,192.63,EA,2476.33,1,477015.45
4500090480,00010,OFFC-4001,Printer Toner Cartridge,2010,OFFC,255.29,EA,3919.2,1,1000532.57
4500090480,00020,OFFC-4001,Printer Toner Cartridge,1020,OFFC,348.53,EA,5214.23,1,1817315.58
4500090480,00030,IT-3001,Ruggedized Laptop,1020,IT,121.93,EA,295.37,1,36014.46
4500090481,00010,IT-3002,Network Switch 24-port,2010,IT,124.46,EA,4635.17,1,576893.26
4500090481,00020,FUEL-2001,Jet A-1 Fuel,2010,FUEL,7.16,L,6172.36,1,44194.1
4500090482,00010,IT-3002,Network Switch 24-port,2010,IT,346.23,EA,4015.16,1,1390168.85
4500090482,00020,SPARE-5001,Turbine Blade Set,2010,SPARE,293.45,EA,5876.79,1,1724544.03
4500090482,00030,MRO-1002,Landing Gear Bushing,1020,MRO,55.53,EA,4589.44,1,254851.6
4500090482,00040,FUEL-2001,Jet A-1 Fuel,2010,FUEL,135.24,L,1692.01,1,228827.43
4500090483,00010,SPARE-5001,Turbine Blade Set,2010,SPARE,262.96,EA,5243.08,1,1378720.32
4500090484,00010,SERV-6001,Ground Handling Labor Hr,1010,SERV,474.29,HR,3616.27,1,1715160.7
4500090484,00020,FUEL-2001,Jet A-1 Fuel,1010,FUEL,101.27,L,6004.33,1,608058.5
4500090485,00010,SPARE-5001,Turbine Blade Set,1010,SPARE,63.22,EA,532.81,1,33684.25
4500090486,00010,SERV-6002,Cleaning Service Cycle,1010,SERV,394.81,EA,354.04,1,139778.53
4500090487,00010,OFFC-4001,Printer Toner Cartridge,1020,OFFC,186.02,EA,7123.41,1,1325096.73
4500090487,00020,IT-3001,Ruggedized Laptop,1020,IT,470.55,EA,5327.32,1,2506770.43
4500090487,00030,SERV-6002,Cleaning Service Cycle,1020,SERV,29.56,EA,2861.11,1,84574.41
4500090487,00040,MRO-1002,Landing Gear Bushing,1020,MRO,2.54,EA,6966.92,1,17695.98
4500090488,00010,SPARE-5002,Brake Disc Assembly,1020,SPARE,309.56,EA,5277.83,1,1633805.05
4500090488,00020,SERV-6001,Ground Handling Labor Hr,2010,SERV,207.15,HR,1519.72,1,314810.0
4500090488,00030,OFFC-4001,Printer Toner Cartridge,1010,OFFC,9.3,EA,2894.44,1,26918.29
4500090489,00010,SPARE-5001,Turbine Blade Set,1020,SPARE,469.6,EA,7532.99,1,3537492.1
4500090489,00020,MRO-1002,Landing Gear Bushing,1010,MRO,367.4,EA,2365.03,1,868912.02
4500090489,00030,FUEL-2001,Jet A-1 Fuel,2010,FUEL,435.06,L,7012.35,1,3050792.99
4500090490,00010,SPARE-5002,Brake Disc Assembly,2010,SPARE,477.57,EA,3867.7,1,1847097.49
4500090490,00020,IT-3001,Ruggedized Laptop,2010,IT,122.43,EA,1380.06,1,168960.75
4500090491,00010,IT-3001,Ruggedized Laptop,2010,IT,359.87,EA,5334.14,1,1919596.96
4500090491,00020,MRO-1002,Landing Gear Bushing,2010,MRO,333.07,EA,7383.43,1,2459199.03
4500090491,00030,SPARE-5002,Brake Disc Assembly,1010,SPARE,46.13,EA,5540.44,1,255580.5
4500090492,00010,IT-3001,Ruggedized Laptop,1010,IT,112.55,EA,943.21,1,106158.29
4500090492,00020,MRO-1002,Landing Gear Bushing,1010,MRO,45.48,EA,5929.84,1,269689.12
4500090492,00030,MRO-1002,Landing Gear Bushing,1020,MRO,286.85,EA,1036.79,1,297403.21
4500090492,00040,SPARE-5001,Turbine Blade Set,1010,SPARE,288.88,EA,33.39,1,9645.7
4500090493,00010,MRO-1002,Landing Gear Bushing,1020,MRO,198.26,EA,4315.58,1,855606.89
4500090493,00020,OFFC-4001,Printer Toner Cartridge,1010,OFFC,73.21,EA,7544.26,1,552315.27
4500090494,00010,IT-3002,Network Switch 24-port,1020,IT,251.69,EA,5515.03,1,1388077.9
4500090494,00020,SERV-6002,Cleaning Service Cycle,1020,SERV,239.66,EA,6632.92,1,1589645.61
4500090494,00030,IT-3002,Network Switch 24-port,1020,IT,352.37,EA,3026.13,1,1066317.43
4500090495,00010,FUEL-2001,Jet A-1 Fuel,1020,FUEL,495.54,L,4392.58,1,2176699.09
4500090495,00020,SPARE-5001,Turbine Blade Set,1020,SPARE,339.27,EA,7922.71,1,2687937.82
4500090495,00030,SPARE-5001,Turbine Blade Set,1020,SPARE,36.84,EA,5819.5,1,214390.38
4500090496,00010,IT-3002,Network Switch 24-port,1010,IT,229.31,EA,1326.28,1,304129.27
4500090497,00010,OFFC-4001,Printer Toner Cartridge,2010,OFFC,363.25,EA,4613.94,1,1676013.7
4500090498,00010,FUEL-2001,Jet A-1 Fuel,2010,FUEL,472.59,L,956.43,1,451999.25
4500090498,00020,OFFC-4001,Printer Toner Cartridge,2010,OFFC,297.1,EA,7758.42,1,2305026.58
4500090498,00030,SPARE-5001,Turbine Blade Set,1020,SPARE,123.26,EA,968.04,1,119320.61
4500090498,00040,SPARE-5002,Brake Disc Assembly,1010,SPARE,152.04,EA,4777.32,1,726343.73
4500090499,00010,SPARE-5002,Brake Disc Assembly,1010,SPARE,184.29,EA,977.6,1,180161.9
4500090499,00020,MRO-1002,Landing Gear Bushing,2010,MRO,245.12,EA,5356.96,1,1313098.04
4500090499,00030,IT-3001,Ruggedized Laptop,2010,IT,12.49,EA,4592.4,1,57359.08
4500090500,00010,IT-3002,Network Switch 24-port,1010,IT,286.14,EA,813.54,1,232786.34
4500090500,00020,SERV-6001,Ground Handling Labor Hr,1010,SERV,93.26,HR,6506.69,1,606813.91
4500090500,00030,SPARE-5001,Turbine Blade Set,2010,SPARE,278.47,EA,4300.61,1,1197590.87
4500090500,00040,SPARE-5002,Brake Disc Assembly,2010,SPARE,32.9,EA,6700.41,1,220443.49
4500090501,00010,SERV-6001,Ground Handling Labor Hr,1010,SERV,224.17,HR,2528.08,1,566719.69
4500090502,00010,MRO-1002,Landing Gear Bushing,1020,MRO,489.98,EA,4059.06,1,1988858.22
4500090503,00010,SERV-6001,Ground Handling Labor Hr,2010,SERV,223.02,HR,4625.03,1,1031474.19
4500090503,00020,OFFC-4001,Printer Toner Cartridge,1020,OFFC,261.81,EA,7888.44,1,2065272.48
4500090503,00030,SERV-6002,Cleaning Service Cycle,1010,SERV,269.57,EA,1694.52,1,456791.76
4500090504,00010,SERV-6002,Cleaning Service Cycle,1020,SERV,276.48,EA,4742.43,1,1311187.05
4500090504,00020,FUEL-2001,Jet A-1 Fuel,2010,FUEL,364.82,L,3387.68,1,1235893.42
4500090505,00010,SPARE-5001,Turbine Blade Set,1010,SPARE,470.16,EA,1163.09,1,546838.39
4500090505,00020,MRO-1002,Landing Gear Bushing,2010,MRO,315.15,EA,2169.81,1,683815.62
4500090505,00030,IT-3001,Ruggedized Laptop,2010,IT,357.51,EA,4517.86,1,1615180.13
4500090506,00010,MRO-1001,Hydraulic Pump Assembly,1020,MRO,482.04,EA,1995.03,1,961684.26
4500090506,00020,MRO-1002,Landing Gear Bushing,1020,MRO,266.2,EA,5478.15,1,1458283.53
4500090506,00030,MRO-1002,Landing Gear Bushing,1020,MRO,165.35,EA,730.01,1,120707.15
4500090506,00040,IT-3002,Network Switch 24-port,1020,IT,74.02,EA,6388.82,1,472900.46
4500090507,00010,SERV-6002,Cleaning Service Cycle,2010,SERV,410.85,EA,3927.16,1,1613473.69
4500090507,00020,OFFC-4001,Printer Toner Cartridge,2010,OFFC,350.53,EA,6925.88,1,2427728.72
4500090507,00030,IT-3002,Network Switch 24-port,1010,IT,304.13,EA,7174.63,1,2182020.22
4500090508,00010,MRO-1001,Hydraulic Pump Assembly,2010,MRO,343.64,EA,5711.52,1,1962706.73
4500090508,00020,FUEL-2001,Jet A-1 Fuel,1020,FUEL,72.19,L,4549.13,1,328401.69
4500090508,00030,MRO-1001,Hydraulic Pump Assembly,1020,MRO,459.3,EA,5120.76,1,2351965.07
4500090509,00010,SPARE-5002,Brake Disc Assembly,1020,SPARE,251.61,EA,2221.07,1,558843.42
4500090509,00020,SERV-6001,Ground Handling Labor Hr,1010,SERV,470.9,HR,7053.47,1,3321479.02
4500090509,00030,IT-3002,Network Switch 24-port,1020,IT,318.18,EA,713.8,1,227116.88
4500090510,00010,FUEL-2001,Jet A-1 Fuel,1020,FUEL,288.08,L,694.99,1,200212.72
4500090511,00010,MRO-1001,Hydraulic Pump Assembly,2010,MRO,308.53,EA,7288.87,1,2248835.06
4500090511,00020,MRO-1001,Hydraulic Pump Assembly,2010,MRO,357.37,EA,5626.68,1,2010806.63
4500090511,00030,OFFC-4001,Printer Toner Cartridge,2010,OFFC,122.87,EA,5917.09,1,727032.85
4500090511,00040,SERV-6002,Cleaning Service Cycle,1010,SERV,22.14,EA,3600.24,1,79709.31
4500090512,00010,SPARE-5001,Turbine Blade Set,1010,SPARE,248.26,EA,1380.46,1,342713.0
4500090513,00010,IT-3002,Network Switch 24-port,2010,IT,107.32,EA,5909.45,1,634202.17
4500090513,00020,SPARE-5001,Turbine Blade Set,2010,SPARE,109.51,EA,2452.46,1,268568.89
4500090513,00030,SERV-6001,Ground Handling Labor Hr,1020,SERV,413.04,HR,302.72,1,125035.47
4500090514,00010,IT-3002,Network Switch 24-port,2010,IT,177.59,EA,61.13,1,10856.08
4500090514,00020,FUEL-2001,Jet A-1 Fuel,1020,FUEL,201.63,L,90.73,1,18293.89
4500090514,00030,SPARE-5002,Brake Disc Assembly,1010,SPARE,99.57,EA,4242.19,1,422394.86
4500090515,00010,OFFC-4001,Printer Toner Cartridge,1010,OFFC,150.34,EA,3438.16,1,516892.97
4500090515,00020,SERV-6001,Ground Handling Labor Hr,1020,SERV,405.96,HR,887.39,1,360244.84
4500090515,00030,SPARE-5002,Brake Disc Assembly,1020,SPARE,81.76,EA,2842.83,1,232429.78
4500090515,00040,MRO-1001,Hydraulic Pump Assembly,1010,MRO,180.26,EA,6966.7,1,1255817.34
4500090516,00010,FUEL-2001,Jet A-1 Fuel,2010,FUEL,333.44,L,7588.04,1,2530156.06
4500090517,00010,FUEL-2001,Jet A-1 Fuel,1010,FUEL,55.76,L,880.88,1,49117.87
4500090517,00020,FUEL-2001,Jet A-1 Fuel,2010,FUEL,78.62,L,4010.01,1,315266.99
4500090517,00030,IT-3001,Ruggedized Laptop,1020,IT,26.97,EA,6642.09,1,179137.17
4500090517,00040,SERV-6002,Cleaning Service Cycle,1020,SERV,368.98,EA,3485.94,1,1286242.14
4500090518,00010,IT-3002,Network Switch 24-port,2010,IT,383.6,EA,6916.05,1,2652996.78
4500090518,00020,IT-3001,Ruggedized Laptop,1020,IT,333.5,EA,3444.69,1,1148804.11
4500090519,00010,MRO-1002,Landing Gear Bushing,1010,MRO,67.02,EA,326.16,1,21859.24
4500090519,00020,FUEL-2001,Jet A-1 Fuel,1010,FUEL,213.73,L,4939.41,1,1055700.1
4500090520,00010,SPARE-5002,Brake Disc Assembly,1010,SPARE,31.61,EA,3428.04,1,108360.34
4500090520,00020,IT-3002,Network Switch 24-port,1020,IT,55.92,EA,2921.34,1,163361.33
4500090520,00030,SPARE-5001,Turbine Blade Set,1010,SPARE,124.24,EA,7162.95,1,889924.91
4500090520,00040,MRO-1001,Hydraulic Pump Assembly,1020,MRO,1.27,EA,5290.24,1,6718.6
4500090521,00010,OFFC-4001,Printer Toner Cartridge,2010,OFFC,167.81,EA,910.0,1,152707.1
4500090521,00020,MRO-1001,Hydraulic Pump Assembly,1010,MRO,341.8,EA,6168.3,1,2108324.94
4500090521,00030,OFFC-4001,Printer Toner Cartridge,2010,OFFC,180.92,EA,6484.08,1,1173099.75
4500090521,00040,SERV-6002,Cleaning Service Cycle,2010,SERV,264.9,EA,2985.31,1,790808.62
4500090522,00010,SERV-6002,Cleaning Service Cycle,1010,SERV,484.2,EA,7074.65,1,3425545.53
4500090523,00010,SERV-6001,Ground Handling Labor Hr,1010,SERV,360.66,HR,369.61,1,133303.54
4500090523,00020,SPARE-5001,Turbine Blade Set,2010,SPARE,275.7,EA,2035.15,1,561090.85
4500090524,00010,SERV-6001,Ground Handling Labor Hr,1010,SERV,465.73,HR,4040.88,1,1881959.04
4500090524,00020,FUEL-2001,Jet A-1 Fuel,1010,FUEL,299.98,L,5579.72,1,1673804.41
4500090524,00030,IT-3002,Network Switch 24-port,2010,IT,23.68,EA,4538.07,1,107461.5
4500090524,00040,IT-3001,Ruggedized Laptop,2010,IT,370.62,EA,3192.0,1,1183019.04
4500090525,00010,SERV-6002,Cleaning Service Cycle,1010,SERV,136.48,EA,1488.85,1,203198.25
4500090525,00020,SERV-6002,Cleaning Service Cycle,2010,SERV,109.69,EA,5579.84,1,612052.65
4500090525,00030,SPARE-5002,Brake Disc Assembly,1020,SPARE,252.41,EA,5770.22,1,1456461.23
4500090525,00040,IT-3002,Network Switch 24-port,1020,IT,426.39,EA,2384.98,1,1016931.62
4500090526,00010,IT-3002,Network Switch 24-port,1010,IT,463.7,EA,2178.07,1,1009971.06
4500090526,00020,IT-3001,Ruggedized Laptop,1010,IT,494.78,EA,1695.58,1,838939.07
4500090527,00010,SPARE-5001,Turbine Blade Set,1010,SPARE,449.27,EA,2373.26,1,1066234.52
4500090527,00020,MRO-1001,Hydraulic Pump Assembly,1020,MRO,412.14,EA,1769.85,1,729425.98
4500090528,00010,SPARE-5002,Brake Disc Assembly,2010,SPARE,111.1,EA,2164.97,1,240528.17
4500090528,00020,SPARE-5001,Turbine Blade Set,2010,SPARE,78.67,EA,1869.15,1,147046.03
4500090529,00010,FUEL-2001,Jet A-1 Fuel,2010,FUEL,95.24,L,3934.34,1,374706.54
4500090529,00020,FUEL-2001,Jet A-1 Fuel,1010,FUEL,324.13,L,187.96,1,60923.47
4500090530,00010,IT-3001,Ruggedized Laptop,1020,IT,228.06,EA,5168.05,1,1178625.48
4500090530,00020,MRO-1002,Landing Gear Bushing,1010,MRO,362.43,EA,1115.58,1,404319.66
4500090530,00030,SERV-6002,Cleaning Service Cycle,1010,SERV,50.77,EA,3084.24,1,156586.86
4500090530,00040,MRO-1001,Hydraulic Pump Assembly,1010,MRO,381.96,EA,5162.97,1,1972048.02
4500090531,00010,MRO-1002,Landing Gear Bushing,2010,MRO,101.96,EA,3853.79,1,392932.43
4500090531,00020,SPARE-5002,Brake Disc Assembly,1020,SPARE,407.92,EA,2472.93,1,1008757.61
4500090531,00030,FUEL-2001,Jet A-1 Fuel,1020,FUEL,122.66,L,4357.34,1,534471.32
4500090532,00010,SERV-6001,Ground Handling Labor Hr,1010,SERV,443.34,HR,3333.97,1,1478082.26
4500090533,00010,IT-3001,Ruggedized Laptop,2010,IT,460.92,EA,5481.65,1,2526602.12
4500090533,00020,MRO-1002,Landing Gear Bushing,1010,MRO,246.42,EA,7926.33,1,1953206.24
4500090533,00030,MRO-1002,Landing Gear Bushing,1010,MRO,478.28,EA,2268.88,1,1085159.93
4500090534,00010,SPARE-5001,Turbine Blade Set,2010,SPARE,265.71,EA,4804.9,1,1276709.98
4500090534,00020,SPARE-5001,Turbine Blade Set,1020,SPARE,75.96,EA,5344.84,1,405994.05
4500090535,00010,MRO-1002,Landing Gear Bushing,1010,MRO,394.64,EA,6896.48,1,2721626.87
4500090535,00020,FUEL-2001,Jet A-1 Fuel,2010,FUEL,160.81,L,3136.98,1,504457.75
4500090535,00030,SPARE-5002,Brake Disc Assembly,1020,SPARE,407.51,EA,923.05,1,376152.11
4500090536,00010,OFFC-4001,Printer Toner Cartridge,1020,OFFC,247.61,EA,3860.68,1,955942.97
4500090536,00020,SERV-6002,Cleaning Service Cycle,2010,SERV,396.96,EA,2681.05,1,1064269.61
4500090536,00030,IT-3001,Ruggedized Laptop,2010,IT,192.21,EA,4403.73,1,846440.94
4500090537,00010,MRO-1002,Landing Gear Bushing,1010,MRO,118.36,EA,42.87,1,5074.09
4500090537,00020,OFFC-4001,Printer Toner Cartridge,1010,OFFC,279.63,EA,7661.77,1,2142460.75
4500090538,00010,IT-3001,Ruggedized Laptop,1010,IT,414.08,EA,465.81,1,192882.6
4500090538,00020,MRO-1002,Landing Gear Bushing,1020,MRO,481.06,EA,5637.62,1,2712033.48
4500090539,00010,SPARE-5002,Brake Disc Assembly,1010,SPARE,418.88,EA,6966.41,1,2918089.82
4500090540,00010,FUEL-2001,Jet A-1 Fuel,2010,FUEL,235.41,L,1138.1,1,267920.12
4500090540,00020,IT-3002,Network Switch 24-port,1020,IT,235.62,EA,5786.01,1,1363299.68
4500090541,00010,SERV-6002,Cleaning Service Cycle,1010,SERV,375.82,EA,4036.3,1,1516922.27
4500090542,00010,FUEL-2001,Jet A-1 Fuel,1020,FUEL,136.64,L,753.65,1,102978.74
4500090542,00020,FUEL-2001,Jet A-1 Fuel,1010,FUEL,371.82,L,3215.21,1,1195479.38
4500090542,00030,IT-3001,Ruggedized Laptop,2010,IT,196.75,EA,6583.59,1,1295321.33
4500090542,00040,SERV-6002,Cleaning Service Cycle,1020,SERV,421.01,EA,6536.14,1,2751780.3
4500090543,00010,SPARE-5001,Turbine Blade Set,1010,SPARE,98.17,EA,885.04,1,86884.38
4500090543,00020,OFFC-4001,Printer Toner Cartridge,1010,OFFC,301.99,EA,6775.94,1,2046266.12
4500090543,00030,IT-3001,Ruggedized Laptop,1010,IT,141.82,EA,4341.71,1,615741.31
4500090544,00010,IT-3002,Network Switch 24-port,1010,IT,43.43,EA,4569.58,1,198456.86
4500090544,00020,SERV-6002,Cleaning Service Cycle,1010,SERV,493.26,EA,3880.78,1,1914233.54
4500090545,00010,SPARE-5001,Turbine Blade Set,2010,SPARE,363.12,EA,7791.33,1,2829187.75
4500090545,00020,MRO-1002,Landing Gear Bushing,2010,MRO,166.33,EA,7174.16,1,1193278.03
4500090545,00030,MRO-1002,Landing Gear Bushing,1010,MRO,251.59,EA,6204.98,1,1561110.92
4500090546,00010,MRO-1002,Landing Gear Bushing,2010,MRO,442.72,EA,764.46,1,338441.73
4500090546,00020,IT-3001,Ruggedized Laptop,2010,IT,442.32,EA,6463.66,1,2859006.09
4500090546,00030,FUEL-2001,Jet A-1 Fuel,2010,FUEL,384.64,L,1305.16,1,502016.74
4500090546,00040,SERV-6001,Ground Handling Labor Hr,2010,SERV,496.15,HR,4877.74,1,2420090.7
4500090547,00010,SPARE-5001,Turbine Blade Set,2010,SPARE,120.32,EA,7976.14,1,959689.16
4500090548,00010,SERV-6001,Ground Handling Labor Hr,1010,SERV,433.9,HR,6383.12,1,2769635.77
4500090548,00020,SPARE-5002,Brake Disc Assembly,1020,SPARE,47.96,EA,2523.48,1,121026.1
4500090548,00030,FUEL-2001,Jet A-1 Fuel,1020,FUEL,35.01,L,4620.56,1,161765.81
4500090549,00010,FUEL-2001,Jet A-1 Fuel,1020,FUEL,469.97,L,7774.01,1,3653551.48
4500090549,00020,MRO-1001,Hydraulic Pump Assembly,1020,MRO,182.37,EA,2307.27,1,420776.83
4500090549,00030,SERV-6002,Cleaning Service Cycle,1020,SERV,458.65,EA,1049.29,1,481256.86
4500090549,00040,SERV-6001,Ground Handling Labor Hr,1020,SERV,422.57,HR,7617.32,1,3218850.91
4500090550,00010,IT-3001,Ruggedized Laptop,1010,IT,350.17,EA,4495.19,1,1574080.68
4500090551,00010,SPARE-5002,Brake Disc Assembly,1020,SPARE,334.91,EA,2804.52,1,939261.79
4500090551,00020,SERV-6001,Ground Handling Labor Hr,1010,SERV,450.16,HR,3729.53,1,1678885.22
4500090551,00030,FUEL-2001,Jet A-1 Fuel,1020,FUEL,366.16,L,7341.33,1,2688101.39
4500090551,00040,SPARE-5001,Turbine Blade Set,1020,SPARE,100.54,EA,2643.19,1,265746.32
4500090552,00010,SERV-6001,Ground Handling Labor Hr,2010,SERV,78.71,HR,3770.34,1,296763.46
4500090553,00010,IT-3001,Ruggedized Laptop,2010,IT,27.98,EA,6946.8,1,194371.46
4500090553,00020,SPARE-5001,Turbine Blade Set,1010,SPARE,135.65,EA,5092.78,1,690835.61
4500090553,00030,FUEL-2001,Jet A-1 Fuel,1020,FUEL,35.56,L,3252.45,1,115657.12
4500090553,00040,SPARE-5002,Brake Disc Assembly,2010,SPARE,435.77,EA,4207.73,1,1833602.5
4500090554,00010,IT-3001,Ruggedized Laptop,1020,IT,175.29,EA,3364.43,1,589750.93
4500090554,00020,SERV-6001,Ground Handling Labor Hr,2010,SERV,344.73,HR,1302.3,1,448941.88
4500090555,00010,SERV-6002,Cleaning Service Cycle,2010,SERV,308.64,EA,2603.39,1,803510.29
4500090556,00010,SPARE-5001,Turbine Blade Set,1020,SPARE,132.14,EA,5783.84,1,764276.62
4500090557,00010,SERV-6001,Ground Handling Labor Hr,1010,SERV,387.42,HR,4815.53,1,1865632.63
4500090557,00020,OFFC-4001,Printer Toner Cartridge,2010,OFFC,105.67,EA,1545.45,1,163307.7
4500090557,00030,SERV-6002,Cleaning Service Cycle,1020,SERV,477.6,EA,2974.65,1,1420692.84
4500090557,00040,MRO-1001,Hydraulic Pump Assembly,1010,MRO,151.67,EA,2469.58,1,374561.2
4500090558,00010,SERV-6001,Ground Handling Labor Hr,1010,SERV,487.06,HR,2699.9,1,1315013.29
4500090558,00020,SPARE-5002,Brake Disc Assembly,2010,SPARE,214.76,EA,1431.62,1,307454.71
4500090558,00030,FUEL-2001,Jet A-1 Fuel,2010,FUEL,271.84,L,3064.88,1,833156.98
4500090558,00040,SPARE-5001,Turbine Blade Set,1010,SPARE,317.42,EA,5622.7,1,1784757.43
4500090559,00010,SPARE-5002,Brake Disc Assembly,2010,SPARE,252.18,EA,6450.85,1,1626775.35
4500090560,00010,MRO-1002,Landing Gear Bushing,1020,MRO,175.96,EA,6354.13,1,1118072.71
4500090560,00020,SPARE-5001,Turbine Blade Set,2010,SPARE,454.09,EA,5165.98,1,2345819.86
4500090560,00030,SPARE-5001,Turbine Blade Set,1010,SPARE,4.79,EA,3009.66,1,14416.27
4500090560,00040,SERV-6001,Ground Handling Labor Hr,1020,SERV,142.52,HR,7039.27,1,1003236.76
4500090561,00010,FUEL-2001,Jet A-1 Fuel,2010,FUEL,395.46,L,6729.34,1,2661184.8
4500090562,00010,SERV-6002,Cleaning Service Cycle,2010,SERV,322.57,EA,6631.83,1,2139229.4
4500090562,00020,SPARE-5001,Turbine Blade Set,2010,SPARE,65.31,EA,5097.46,1,332915.11
4500090563,00010,SERV-6001,Ground Handling Labor Hr,1020,SERV,60.07,HR,4623.93,1,277759.48
4500090563,00020,IT-3002,Network Switch 24-port,1020,IT,418.83,EA,1289.24,1,539972.39
4500090564,00010,SERV-6002,Cleaning Service Cycle,1010,SERV,354.08,EA,7366.34,1,2608273.67
4500090565,00010,IT-3001,Ruggedized Laptop,1010,IT,326.61,EA,1789.61,1,584504.52
4500090565,00020,SERV-6001,Ground Handling Labor Hr,1020,SERV,420.39,HR,5815.97,1,2444975.63
4500090566,00010,MRO-1002,Landing Gear Bushing,1010,MRO,230.1,EA,4775.24,1,1098782.72
4500090567,00010,SPARE-5001,Turbine Blade Set,1020,SPARE,51.24,EA,6367.62,1,326276.85
4500090567,00020,MRO-1002,Landing Gear Bushing,1010,MRO,243.77,EA,5012.95,1,1222006.82
4500090568,00010,FUEL-2001,Jet A-1 Fuel,1010,FUEL,330.17,L,5057.08,1,1669696.1
4500090569,00010,IT-3001,Ruggedized Laptop,2010,IT,303.45,EA,4296.91,1,1303897.34
4500090570,00010,IT-3001,Ruggedized Laptop,1010,IT,42.64,EA,5538.98,1,236182.11
4500090570,00020,IT-3002,Network Switch 24-port,1010,IT,137.56,EA,1609.92,1,221460.6
4500090571,00010,SERV-6001,Ground Handling Labor Hr,1020,SERV,473.23,HR,7380.34,1,3492598.3
4500090571,00020,FUEL-2001,Jet A-1 Fuel,2010,FUEL,99.74,L,6771.37,1,675376.44
4500090571,00030,IT-3002,Network Switch 24-port,2010,IT,480.97,EA,841.1,1,404543.87
4500090571,00040,IT-3002,Network Switch 24-port,2010,IT,83.66,EA,1662.54,1,139088.1
4500090572,00010,SPARE-5001,Turbine Blade Set,2010,SPARE,100.66,EA,2836.27,1,285498.94
4500090572,00020,MRO-1002,Landing Gear Bushing,2010,MRO,225.25,EA,7117.81,1,1603286.7
4500090572,00030,IT-3002,Network Switch 24-port,2010,IT,293.85,EA,2361.92,1,694050.19
4500090572,00040,SERV-6001,Ground Handling Labor Hr,1010,SERV,176.77,HR,258.92,1,45769.29
4500090573,00010,OFFC-4001,Printer Toner Cartridge,1010,OFFC,73.37,EA,2529.33,1,185576.94
4500090573,00020,OFFC-4001,Printer Toner Cartridge,1010,OFFC,344.46,EA,5740.08,1,1977227.96
4500090573,00030,SPARE-5002,Brake Disc Assembly,1010,SPARE,284.17,EA,2586.06,1,734880.67
4500090574,00010,SERV-6002,Cleaning Service Cycle,1020,SERV,446.44,EA,3385.57,1,1511453.87
4500090575,00010,SPARE-5001,Turbine Blade Set,2010,SPARE,60.51,EA,3633.23,1,219846.75
4500090575,00020,OFFC-4001,Printer Toner Cartridge,1010,OFFC,295.99,EA,1906.65,1,564349.33
4500090575,00030,IT-3002,Network Switch 24-port,2010,IT,9.9,EA,6270.78,1,62080.72
4500090576,00010,MRO-1001,Hydraulic Pump Assembly,1020,MRO,35.66,EA,779.06,1,27781.28
4500090576,00020,IT-3002,Network Switch 24-port,1020,IT,138.06,EA,6034.46,1,833117.55
4500090576,00030,MRO-1002,Landing Gear Bushing,2010,MRO,278.67,EA,2519.13,1,702005.96
4500090577,00010,SERV-6002,Cleaning Service Cycle,1010,SERV,52.27,EA,1807.63,1,94484.82
4500090577,00020,FUEL-2001,Jet A-1 Fuel,2010,FUEL,53.46,L,2596.42,1,138804.61
4500090577,00030,SPARE-5001,Turbine Blade Set,2010,SPARE,113.94,EA,722.37,1,82306.84
4500090578,00010,IT-3002,Network Switch 24-port,2010,IT,38.45,EA,2648.05,1,101817.52
4500090579,00010,FUEL-2001,Jet A-1 Fuel,2010,FUEL,160.35,L,1201.05,1,192588.37
4500090580,00010,IT-3002,Network Switch 24-port,1010,IT,161.63,EA,5852.3,1,945907.25
4500090580,00020,MRO-1002,Landing Gear Bushing,1010,MRO,132.64,EA,2383.95,1,316207.13
4500090580,00030,OFFC-4001,Printer Toner Cartridge,2010,OFFC,279.7,EA,6985.52,1,1953849.94
4500090580,00040,IT-3001,Ruggedized Laptop,1020,IT,347.79,EA,619.65,1,215508.07
4500090581,00010,MRO-1002,Landing Gear Bushing,2010,MRO,170.88,EA,6515.68,1,1113399.4
4500090581,00020,SERV-6001,Ground Handling Labor Hr,1020,SERV,429.37,HR,6088.69,1,2614300.83
4500090581,00030,SPARE-5002,Brake Disc Assembly,1010,SPARE,327.99,EA,6785.5,1,2225576.15
4500090581,00040,FUEL-2001,Jet A-1 Fuel,1020,FUEL,110.17,L,2921.88,1,321903.52
4500090582,00010,FUEL-2001,Jet A-1 Fuel,2010,FUEL,343.45,L,7612.93,1,2614660.81
4500090582,00020,MRO-1002,Landing Gear Bushing,2010,MRO,74.5,EA,7012.05,1,522397.73
4500090582,00030,MRO-1002,Landing Gear Bushing,1010,MRO,121.04,EA,7154.9,1,866029.1
4500090582,00040,IT-3002,Network Switch 24-port,1020,IT,15.26,EA,5301.85,1,80906.23
4500090583,00010,SPARE-5001,Turbine Blade Set,1010,SPARE,251.59,EA,4073.26,1,1024791.48
4500090583,00020,SPARE-5002,Brake Disc Assembly,2010,SPARE,137.02,EA,800.55,1,109691.36
4500090584,00010,SERV-6001,Ground Handling Labor Hr,2010,SERV,217.35,HR,5455.66,1,1185787.7
4500090584,00020,IT-3001,Ruggedized Laptop,1010,IT,479.53,EA,1772.25,1,849847.04
4500090584,00030,MRO-1001,Hydraulic Pump Assembly,2010,MRO,288.04,EA,1925.36,1,554580.69
4500090584,00040,MRO-1002,Landing Gear Bushing,2010,MRO,138.45,EA,7063.15,1,977893.12
4500090585,00010,IT-3001,Ruggedized Laptop,2010,IT,86.34,EA,1644.53,1,141988.72
4500090585,00020,IT-3002,Network Switch 24-port,1010,IT,353.22,EA,2318.07,1,818788.69
4500090585,00030,MRO-1002,Landing Gear Bushing,2010,MRO,93.35,EA,7264.1,1,678103.73
4500090585,00040,SPARE-5002,Brake Disc Assembly,2010,SPARE,369.81,EA,6823.46,1,2523383.74
4500090586,00010,FUEL-2001,Jet A-1 Fuel,1020,FUEL,481.16,L,5334.93,1,2566954.92
4500090586,00020,OFFC-4001,Printer Toner Cartridge,1010,OFFC,11.39,EA,7795.48,1,88790.52
4500090586,00030,FUEL-2001,Jet A-1 Fuel,2010,FUEL,339.92,L,6827.66,1,2320858.19
4500090586,00040,OFFC-4001,Printer Toner Cartridge,1020,OFFC,484.8,EA,4673.61,1,2265766.13
4500090587,00010,SERV-6001,Ground Handling Labor Hr,1010,SERV,252.07,HR,6044.84,1,1523722.82
4500090587,00020,MRO-1002,Landing Gear Bushing,1020,MRO,153.0,EA,5894.77,1,901899.81
4500090588,00010,OFFC-4001,Printer Toner Cartridge,2010,OFFC,151.27,EA,2683.24,1,405893.71
4500090589,00010,SPARE-5001,Turbine Blade Set,1010,SPARE,428.28,EA,5281.75,1,2262067.89
4500090589,00020,OFFC-4001,Printer Toner Cartridge,2010,OFFC,249.42,EA,1970.06,1,491372.37
4500090590,00010,SERV-6001,Ground Handling Labor Hr,2010,SERV,449.71,HR,3605.17,1,1621281.0
4500090590,00020,FUEL-2001,Jet A-1 Fuel,1020,FUEL,133.39,L,5438.95,1,725501.54
4500090590,00030,SPARE-5001,Turbine Blade Set,1020,SPARE,294.98,EA,7563.23,1,2231001.59
4500090591,00010,IT-3002,Network Switch 24-port,2010,IT,55.99,EA,86.51,1,4843.69
4500090591,00020,FUEL-2001,Jet A-1 Fuel,1020,FUEL,233.69,L,1218.82,1,284826.05
4500090591,00030,SERV-6002,Cleaning Service Cycle,1020,SERV,279.51,EA,1317.6,1,368282.38
4500090592,00010,MRO-1001,Hydraulic Pump Assembly,1020,MRO,244.69,EA,60.62,1,14833.11
4500090593,00010,IT-3002,Network Switch 24-port,1020,IT,72.18,EA,5869.76,1,423679.28
4500090594,00010,SPARE-5001,Turbine Blade Set,1020,SPARE,200.16,EA,7235.22,1,1448201.64
4500090594,00020,IT-3002,Network Switch 24-port,1020,IT,298.92,EA,1402.95,1,419369.81
4500090594,00030,OFFC-4001,Printer Toner Cartridge,1010,OFFC,402.39,EA,1130.63,1,454954.21
4500090594,00040,IT-3002,Network Switch 24-port,1020,IT,68.71,EA,4443.18,1,305290.9
4500090595,00010,FUEL-2001,Jet A-1 Fuel,2010,FUEL,263.76,L,5559.18,1,1466289.32
4500090596,00010,SPARE-5001,Turbine Blade Set,1010,SPARE,231.18,EA,7302.22,1,1688127.22
4500090596,00020,SPARE-5001,Turbine Blade Set,1020,SPARE,45.13,EA,1141.87,1,51532.59
4500090596,00030,IT-3001,Ruggedized Laptop,2010,IT,290.58,EA,2997.43,1,870993.21
4500090596,00040,SERV-6001,Ground Handling Labor Hr,1010,SERV,450.06,HR,7024.89,1,3161621.99
4500090597,00010,MRO-1002,Landing Gear Bushing,2010,MRO,28.29,EA,6642.56,1,187918.02
4500090598,00010,MRO-1002,Landing Gear Bushing,2010,MRO,370.5,EA,5401.82,1,2001374.31
4500090599,00010,IT-3002,Network Switch 24-port,1010,IT,314.49,EA,5758.75,1,1811069.29
4500090599,00020,SPARE-5002,Brake Disc Assembly,1010,SPARE,312.21,EA,1621.58,1,506273.49
4500090600,00010,MRO-1001,Hydraulic Pump Assembly,1010,MRO,416.53,EA,3561.65,1,1483534.07
4500090600,00020,MRO-1002,Landing Gear Bushing,1010,MRO,150.66,EA,3880.08,1,584572.85
4500090600,00030,IT-3001,Ruggedized Laptop,2010,IT,421.02,EA,4382.82,1,1845254.88
4500090600,00040,SPARE-5002,Brake Disc Assembly,1020,SPARE,429.8,EA,4944.92,1,2125326.62
4500090601,00010,SPARE-5002,Brake Disc Assembly,2010,SPARE,145.73,EA,5346.93,1,779208.11
4500090601,00020,SPARE-5002,Brake Disc Assembly,1020,SPARE,184.3,EA,2215.95,1,408399.58
4500090601,00030,MRO-1002,Landing Gear Bushing,1010,MRO,232.52,EA,6511.68,1,1514095.83
4500090601,00040,MRO-1001,Hydraulic Pump Assembly,1020,MRO,142.43,EA,978.61,1,139383.42
4500090602,00010,SPARE-5002,Brake Disc Assembly,1020,SPARE,139.18,EA,7854.39,1,1093174.0
4500090602,00020,SERV-6001,Ground Handling Labor Hr,1020,SERV,428.06,HR,4035.58,1,1727470.37
4500090602,00030,SERV-6001,Ground Handling Labor Hr,2010,SERV,195.92,HR,520.87,1,102048.85
4500090602,00040,FUEL-2001,Jet A-1 Fuel,1020,FUEL,176.58,L,5759.29,1,1016975.43
4500090603,00010,SPARE-5002,Brake Disc Assembly,2010,SPARE,303.32,EA,1459.39,1,442662.17
4500090603,00020,SERV-6001,Ground Handling Labor Hr,1010,SERV,387.92,HR,4212.96,1,1634291.44
4500090603,00030,OFFC-4001,Printer Toner Cartridge,2010,OFFC,294.84,EA,4654.18,1,1372238.43
4500090603,00040,SERV-6002,Cleaning Service Cycle,1010,SERV,415.11,EA,559.21,1,232133.66
4500090604,00010,IT-3001,Ruggedized Laptop,2010,IT,490.68,EA,6472.27,1,3175813.44
4500090604,00020,IT-3001,Ruggedized Laptop,2010,IT,53.61,EA,7048.43,1,377866.33
4500090604,00030,SPARE-5001,Turbine Blade Set,1010,SPARE,378.15,EA,3372.05,1,1275140.71
4500090605,00010,FUEL-2001,Jet A-1 Fuel,1020,FUEL,161.26,L,5595.83,1,902383.55
4500090606,00010,IT-3002,Network Switch 24-port,1020,IT,113.52,EA,5942.39,1,674580.11
4500090606,00020,SERV-6001,Ground Handling Labor Hr,2010,SERV,404.53,HR,1554.52,1,628849.98
4500090606,00030,MRO-1001,Hydraulic Pump Assembly,1010,MRO,314.93,EA,5355.89,1,1686730.44
4500090606,00040,MRO-1001,Hydraulic Pump Assembly,1020,MRO,405.19,EA,7148.46,1,2896484.51
4500090607,00010,IT-3001,Ruggedized Laptop,1020,IT,285.61,EA,3800.39,1,1085429.39
4500090607,00020,OFFC-4001,Printer Toner Cartridge,1010,OFFC,309.62,EA,4478.4,1,1386602.21
4500090608,00010,SERV-6001,Ground Handling Labor Hr,1010,SERV,149.82,HR,961.06,1,143986.01
4500090608,00020,MRO-1001,Hydraulic Pump Assembly,1010,MRO,301.14,EA,2660.74,1,801255.24
4500090609,00010,SERV-6001,Ground Handling Labor Hr,2010,SERV,288.1,HR,6828.5,1,1967290.85
4500090610,00010,MRO-1001,Hydraulic Pump Assembly,1010,MRO,17.11,EA,3382.82,1,57880.05
4500090610,00020,OFFC-4001,Printer Toner Cartridge,1010,OFFC,444.13,EA,493.95,1,219378.01
4500090610,00030,SERV-6001,Ground Handling Labor Hr,2010,SERV,408.56,HR,2650.28,1,1082798.4
4500090611,00010,SERV-6002,Cleaning Service Cycle,2010,SERV,369.91,EA,7436.32,1,2750769.13
4500090611,00020,SPARE-5002,Brake Disc Assembly,1010,SPARE,473.35,EA,2178.66,1,1031268.71
4500090611,00030,MRO-1002,Landing Gear Bushing,2010,MRO,18.76,EA,4070.68,1,76365.96
4500090611,00040,OFFC-4001,Printer Toner Cartridge,1010,OFFC,216.33,EA,2441.28,1,528122.1
4500090612,00010,SPARE-5001,Turbine Blade Set,1020,SPARE,383.08,EA,5569.62,1,2133610.03
4500090613,00010,IT-3001,Ruggedized Laptop,1010,IT,172.22,EA,7346.19,1,1265160.84
4500090613,00020,IT-3001,Ruggedized Laptop,1020,IT,46.9,EA,100.2,1,4699.38
4500090613,00030,SERV-6001,Ground Handling Labor Hr,1010,SERV,284.46,HR,7927.69,1,2255110.7
4500090614,00010,MRO-1001,Hydraulic Pump Assembly,1010,MRO,157.75,EA,4827.28,1,761503.42
4500090614,00020,IT-3002,Network Switch 24-port,2010,IT,65.73,EA,3194.59,1,209980.4
4500090614,00030,MRO-1002,Landing Gear Bushing,2010,MRO,328.64,EA,629.5,1,206878.88
4500090615,00010,SERV-6001,Ground Handling Labor Hr,2010,SERV,147.05,HR,5236.08,1,769965.56
4500090615,00020,IT-3002,Network Switch 24-port,1010,IT,160.11,EA,4340.53,1,694962.26
4500090615,00030,MRO-1001,Hydraulic Pump Assembly,2010,MRO,173.97,EA,3298.45,1,573831.35
4500090616,00010,OFFC-4001,Printer Toner Cartridge,1010,OFFC,362.73,EA,6307.76,1,2288013.78
4500090617,00010,IT-3002,Network Switch 24-port,1010,IT,139.71,EA,3085.73,1,431107.34
4500090618,00010,MRO-1001,Hydraulic Pump Assembly,2010,MRO,113.0,EA,3047.03,1,344314.39
4500090618,00020,SPARE-5001,Turbine Blade Set,1010,SPARE,266.71,EA,5290.01,1,1410898.57
4500090618,00030,SERV-6001,Ground Handling Labor Hr,2010,SERV,381.74,HR,7499.05,1,2862687.35
4500090618,00040,OFFC-4001,Printer Toner Cartridge,2010,OFFC,461.43,EA,7261.45,1,3350650.87
4500090619,00010,SERV-6001,Ground Handling Labor Hr,2010,SERV,194.67,HR,5775.95,1,1124404.19
4500090620,00010,FUEL-2001,Jet A-1 Fuel,2010,FUEL,453.95,L,2259.99,1,1025922.46
4500090620,00020,IT-3002,Network Switch 24-port,2010,IT,43.68,EA,2014.46,1,87991.61
4500090621,00010,SERV-6002,Cleaning Service Cycle,2010,SERV,7.16,EA,2469.02,1,17678.18
4500090621,00020,OFFC-4001,Printer Toner Cartridge,1020,OFFC,418.16,EA,6783.79,1,2836709.63
4500090621,00030,SPARE-5002,Brake Disc Assembly,1010,SPARE,9.62,EA,90.79,1,873.4
4500090622,00010,SERV-6002,Cleaning Service Cycle,1020,SERV,276.17,EA,7627.28,1,2106425.92
4500090622,00020,FUEL-2001,Jet A-1 Fuel,1020,FUEL,129.75,L,6298.15,1,817184.96
4500090622,00030,SPARE-5002,Brake Disc Assembly,1010,SPARE,64.48,EA,5050.1,1,325630.45
4500090623,00010,SERV-6001,Ground Handling Labor Hr,1010,SERV,430.42,HR,4647.53,1,2000389.86
4500090623,00020,SERV-6001,Ground Handling Labor Hr,2010,SERV,358.96,HR,505.29,1,181378.9
4500090624,00010,MRO-1002,Landing Gear Bushing,2010,MRO,39.66,EA,3561.63,1,141254.25
4500090624,00020,MRO-1002,Landing Gear Bushing,1020,MRO,119.25,EA,2619.8,1,312411.15
4500090624,00030,SPARE-5001,Turbine Blade Set,1020,SPARE,36.63,EA,3423.27,1,125394.38
4500090625,00010,IT-3002,Network Switch 24-port,1010,IT,311.34,EA,1299.3,1,404524.06
4500090625,00020,IT-3002,Network Switch 24-port,1010,IT,465.22,EA,7296.74,1,3394589.38
4500090625,00030,MRO-1002,Landing Gear Bushing,2010,MRO,304.91,EA,6468.11,1,1972191.42
4500090625,00040,SERV-6001,Ground Handling Labor Hr,1010,SERV,391.95,HR,5708.47,1,2237434.82
4500090626,00010,IT-3001,Ruggedized Laptop,2010,IT,283.14,EA,7982.55,1,2260179.21
4500090627,00010,OFFC-4001,Printer Toner Cartridge,1020,OFFC,135.32,EA,6691.35,1,905473.48
4500090627,00020,IT-3001,Ruggedized Laptop,1020,IT,165.01,EA,6396.07,1,1055415.51
4500090627,00030,IT-3001,Ruggedized Laptop,1010,IT,228.45,EA,5990.54,1,1368538.86
4500090627,00040,IT-3001,Ruggedized Laptop,1020,IT,223.06,EA,7661.72,1,1709023.26
4500090628,00010,SPARE-5002,Brake Disc Assembly,1010,SPARE,393.37,EA,1853.51,1,729115.23
4500090628,00020,SERV-6001,Ground Handling Labor Hr,2010,SERV,123.23,HR,7275.94,1,896614.09
4500090629,00010,MRO-1002,Landing Gear Bushing,1010,MRO,204.84,EA,4050.11,1,829624.53
4500090630,00010,SPARE-5001,Turbine Blade Set,1020,SPARE,132.42,EA,4445.54,1,588678.41
4500090631,00010,FUEL-2001,Jet A-1 Fuel,1020,FUEL,257.93,L,4243.89,1,1094626.55
4500090632,00010,OFFC-4001,Printer Toner Cartridge,2010,OFFC,448.82,EA,7188.86,1,3226504.15
4500090633,00010,SPARE-5001,Turbine Blade Set,1020,SPARE,315.79,EA,5930.77,1,1872877.86
4500090633,00020,IT-3002,Network Switch 24-port,2010,IT,379.07,EA,5606.91,1,2125411.37
4500090633,00030,FUEL-2001,Jet A-1 Fuel,2010,FUEL,362.13,L,4724.67,1,1710944.75
4500090633,00040,MRO-1002,Landing Gear Bushing,2010,MRO,76.98,EA,82.11,1,6320.83
4500090634,00010,MRO-1002,Landing Gear Bushing,1010,MRO,116.9,EA,3956.48,1,462512.51
4500090634,00020,SERV-6002,Cleaning Service Cycle,2010,SERV,259.32,EA,4211.05,1,1092009.49
4500090634,00030,SPARE-5001,Turbine Blade Set,1010,SPARE,143.34,EA,3084.86,1,442183.83
4500090635,00010,MRO-1002,Landing Gear Bushing,1020,MRO,174.33,EA,1341.43,1,233851.49
4500090635,00020,IT-3002,Network Switch 24-port,1010,IT,243.83,EA,1804.59,1,440013.18
4500090635,00030,IT-3002,Network Switch 24-port,2010,IT,469.66,EA,2090.24,1,981702.12
4500090636,00010,MRO-1001,Hydraulic Pump Assembly,2010,MRO,299.6,EA,337.17,1,101016.13
4500090636,00020,SERV-6001,Ground Handling Labor Hr,1010,SERV,399.7,HR,73.19,1,29254.04
4500090637,00010,IT-3002,Network Switch 24-port,1010,IT,459.08,EA,5735.68,1,2633135.97
4500090637,00020,SPARE-5002,Brake Disc Assembly,1010,SPARE,444.55,EA,3956.18,1,1758719.82
4500090637,00030,FUEL-2001,Jet A-1 Fuel,1010,FUEL,496.55,L,5858.44,1,2909008.38
4500090637,00040,OFFC-4001,Printer Toner Cartridge,1010,OFFC,402.02,EA,5959.33,1,2395769.85
4500090638,00010,MRO-1001,Hydraulic Pump Assembly,2010,MRO,217.26,EA,7460.3,1,1620824.78
4500090638,00020,OFFC-4001,Printer Toner Cartridge,2010,OFFC,96.01,EA,4474.2,1,429567.94
4500090638,00030,MRO-1001,Hydraulic Pump Assembly,1010,MRO,474.64,EA,5025.73,1,2385412.49
4500090639,00010,FUEL-2001,Jet A-1 Fuel,1010,FUEL,367.05,L,2275.15,1,835093.81
4500090639,00020,MRO-1002,Landing Gear Bushing,2010,MRO,475.47,EA,6860.11,1,3261776.5
4500090639,00030,IT-3001,Ruggedized Laptop,2010,IT,2.6,EA,556.74,1,1447.52
4500090639,00040,SERV-6002,Cleaning Service Cycle,1020,SERV,105.06,EA,1441.36,1,151429.28
4500090640,00010,IT-3001,Ruggedized Laptop,1020,IT,437.64,EA,5350.45,1,2341570.94
4500090640,00020,SPARE-5001,Turbine Blade Set,1020,SPARE,299.32,EA,4356.44,1,1303969.62
4500090640,00030,MRO-1002,Landing Gear Bushing,1020,MRO,110.25,EA,7704.09,1,849375.92
4500090641,00010,MRO-1002,Landing Gear Bushing,1010,MRO,174.44,EA,3196.75,1,557641.07
4500090641,00020,SPARE-5002,Brake Disc Assembly,2010,SPARE,420.22,EA,6914.79,1,2905733.05
4500090641,00030,SPARE-5001,Turbine Blade Set,1020,SPARE,343.92,EA,251.12,1,86365.19
4500090642,00010,SPARE-5001,Turbine Blade Set,1020,SPARE,404.71,EA,3413.09,1,1381311.65
4500090642,00020,MRO-1001,Hydraulic Pump Assembly,1020,MRO,134.89,EA,5830.93,1,786534.15
4500090642,00030,MRO-1001,Hydraulic Pump Assembly,2010,MRO,154.95,EA,3290.3,1,509831.98
4500090642,00040,FUEL-2001,Jet A-1 Fuel,1010,FUEL,268.47,L,6240.82,1,1675472.95
4500090643,00010,OFFC-4001,Printer Toner Cartridge,2010,OFFC,383.65,EA,4432.1,1,1700375.17
4500090643,00020,MRO-1001,Hydraulic Pump Assembly,1010,MRO,259.81,EA,2909.54,1,755927.59
4500090643,00030,FUEL-2001,Jet A-1 Fuel,2010,FUEL,419.24,L,3176.3,1,1331632.01
4500090644,00010,MRO-1001,Hydraulic Pump Assembly,2010,MRO,422.9,EA,6045.87,1,2556798.42
4500090645,00010,IT-3001,Ruggedized Laptop,1010,IT,316.15,EA,5510.8,1,1742239.42
4500090646,00010,MRO-1002,Landing Gear Bushing,2010,MRO,37.87,EA,5782.46,1,218981.76
4500090647,00010,SERV-6002,Cleaning Service Cycle,1020,SERV,429.79,EA,6282.48,1,2700147.08
4500090647,00020,SERV-6001,Ground Handling Labor Hr,1020,SERV,372.0,HR,2431.19,1,904402.68
4500090648,00010,IT-3001,Ruggedized Laptop,1020,IT,483.48,EA,4496.75,1,2174088.69
4500090649,00010,OFFC-4001,Printer Toner Cartridge,1020,OFFC,381.59,EA,5722.34,1,2183587.72
4500090649,00020,IT-3001,Ruggedized Laptop,1010,IT,289.36,EA,218.64,1,63265.67
4500090649,00030,SPARE-5002,Brake Disc Assembly,2010,SPARE,185.54,EA,4513.96,1,837520.14
4500090649,00040,IT-3002,Network Switch 24-port,1010,IT,166.89,EA,6481.25,1,1081655.81
4500090650,00010,SERV-6002,Cleaning Service Cycle,2010,SERV,419.2,EA,4196.78,1,1759290.18
4500090650,00020,IT-3001,Ruggedized Laptop,1020,IT,30.41,EA,3957.47,1,120346.66
4500090650,00030,IT-3002,Network Switch 24-port,1010,IT,370.52,EA,6677.9,1,2474295.51
4500090650,00040,OFFC-4001,Printer Toner Cartridge,1010,OFFC,344.81,EA,4797.87,1,1654353.55
4500090651,00010,SPARE-5002,Brake Disc Assembly,2010,SPARE,354.73,EA,4125.16,1,1463318.01
4500090651,00020,MRO-1002,Landing Gear Bushing,1010,MRO,460.69,EA,3417.1,1,1574223.8
4500090651,00030,SPARE-5001,Turbine Blade Set,2010,SPARE,64.51,EA,128.72,1,8303.73
4500090652,00010,FUEL-2001,Jet A-1 Fuel,1010,FUEL,313.46,L,4206.22,1,1318481.72
4500090652,00020,SERV-6001,Ground Handling Labor Hr,1010,SERV,209.66,HR,93.88,1,19682.88
4500090652,00030,SPARE-5001,Turbine Blade Set,2010,SPARE,497.88,EA,5765.15,1,2870352.88
4500090652,00040,IT-3002,Network Switch 24-port,1020,IT,261.72,EA,4928.5,1,1289887.02
4500090653,00010,SPARE-5002,Brake Disc Assembly,2010,SPARE,231.98,EA,7490.9,1,1737738.98
4500090653,00020,FUEL-2001,Jet A-1 Fuel,1020,FUEL,82.95,L,5726.35,1,475000.73
4500090653,00030,MRO-1001,Hydraulic Pump Assembly,1020,MRO,159.53,EA,1450.22,1,231353.6
4500090654,00010,OFFC-4001,Printer Toner Cartridge,2010,OFFC,48.26,EA,5007.28,1,241651.33
4500090654,00020,FUEL-2001,Jet A-1 Fuel,1010,FUEL,34.32,L,5098.02,1,174964.05
4500090654,00030,OFFC-4001,Printer Toner Cartridge,1020,OFFC,314.78,EA,7424.48,1,2337077.81
4500090654,00040,IT-3002,Network Switch 24-port,2010,IT,410.56,EA,6947.38,1,2852316.33
4500090655,00010,SERV-6002,Cleaning Service Cycle,1020,SERV,77.06,EA,5850.65,1,450851.09
4500090656,00010,IT-3001,Ruggedized Laptop,1010,IT,84.88,EA,6271.25,1,532303.7
4500090656,00020,MRO-1002,Landing Gear Bushing,1010,MRO,464.84,EA,4927.09,1,2290308.52
4500090656,00030,FUEL-2001,Jet A-1 Fuel,1010,FUEL,238.26,L,21.97,1,5234.57
4500090656,00040,MRO-1001,Hydraulic Pump Assembly,1020,MRO,69.35,EA,6461.73,1,448120.98
4500090657,00010,SPARE-5001,Turbine Blade Set,2010,SPARE,353.42,EA,2852.83,1,1008247.18
4500090657,00020,OFFC-4001,Printer Toner Cartridge,1010,OFFC,265.81,EA,7068.62,1,1878909.88
4500090657,00030,FUEL-2001,Jet A-1 Fuel,2010,FUEL,472.8,L,6672.17,1,3154601.98
4500090657,00040,FUEL-2001,Jet A-1 Fuel,1020,FUEL,420.1,L,4492.68,1,1887374.87
4500090658,00010,SPARE-5002,Brake Disc Assembly,1020,SPARE,385.6,EA,2781.01,1,1072357.46
4500090658,00020,IT-3001,Ruggedized Laptop,1010,IT,308.87,EA,7012.83,1,2166052.8
4500090658,00030,SPARE-5001,Turbine Blade Set,1010,SPARE,187.73,EA,7466.88,1,1401757.38
4500090659,00010,MRO-1002,Landing Gear Bushing,2010,MRO,455.61,EA,7328.14,1,3338773.87
4500090659,00020,MRO-1001,Hydraulic Pump Assembly,1020,MRO,303.78,EA,287.55,1,87351.94
4500090659,00030,SPARE-5002,Brake Disc Assembly,2010,SPARE,199.75,EA,7965.99,1,1591206.5
4500090660,00010,FUEL-2001,Jet A-1 Fuel,2010,FUEL,237.25,L,7002.0,1,1661224.5
4500090660,00020,MRO-1002,Landing Gear Bushing,2010,MRO,20.06,EA,250.12,1,5017.41
4500090660,00030,FUEL-2001,Jet A-1 Fuel,1010,FUEL,353.11,L,1431.72,1,505554.65
4500090660,00040,MRO-1002,Landing Gear Bushing,1010,MRO,210.37,EA,6769.51,1,1424101.82
4500090661,00010,SERV-6002,Cleaning Service Cycle,2010,SERV,368.99,EA,2674.67,1,986926.48
4500090661,00020,OFFC-4001,Printer Toner Cartridge,2010,OFFC,448.97,EA,1370.32,1,615232.57
4500090662,00010,IT-3001,Ruggedized Laptop,2010,IT,412.7,EA,4022.18,1,1659953.69
4500090663,00010,FUEL-2001,Jet A-1 Fuel,1010,FUEL,318.01,L,6740.15,1,2143435.1
4500090663,00020,IT-3002,Network Switch 24-port,1020,IT,137.61,EA,2818.46,1,387848.28
4500090663,00030,SPARE-5002,Brake Disc Assembly,2010,SPARE,284.52,EA,5576.41,1,1586600.17
4500090663,00040,SPARE-5002,Brake Disc Assembly,1010,SPARE,44.99,EA,7345.73,1,330484.39
4500090664,00010,SPARE-5002,Brake Disc Assembly,1010,SPARE,41.56,EA,5799.73,1,241036.78
4500090664,00020,IT-3002,Network Switch 24-port,1010,IT,418.82,EA,5145.69,1,2155117.89
4500090664,00030,FUEL-2001,Jet A-1 Fuel,1020,FUEL,155.93,L,3046.9,1,475103.12
4500090665,00010,IT-3001,Ruggedized Laptop,2010,IT,89.38,EA,2373.56,1,212148.79
4500090665,00020,SPARE-5002,Brake Disc Assembly,2010,SPARE,133.01,EA,3929.29,1,522634.86
4500090665,00030,OFFC-4001,Printer Toner Cartridge,1020,OFFC,175.08,EA,5141.77,1,900221.09
4500090666,00010,OFFC-4001,Printer Toner Cartridge,1020,OFFC,323.36,EA,5462.5,1,1766354.0
4500090666,00020,IT-3001,Ruggedized Laptop,2010,IT,171.75,EA,7748.55,1,1330813.46
4500090666,00030,IT-3002,Network Switch 24-port,1020,IT,46.29,EA,6191.8,1,286618.42
4500090666,00040,IT-3001,Ruggedized Laptop,1010,IT,234.38,EA,270.96,1,63507.6
4500090667,00010,SERV-6002,Cleaning Service Cycle,1010,SERV,189.58,EA,4715.36,1,893937.95
4500090667,00020,OFFC-4001,Printer Toner Cartridge,1010,OFFC,350.94,EA,5043.19,1,1769857.1
4500090667,00030,FUEL-2001,Jet A-1 Fuel,2010,FUEL,211.28,L,2691.01,1,568556.59
4500090668,00010,SPARE-5002,Brake Disc Assembly,2010,SPARE,404.8,EA,3662.44,1,1482555.71
4500090669,00010,SPARE-5002,Brake Disc Assembly,1010,SPARE,339.6,EA,2415.38,1,820263.05
4500090669,00020,SERV-6001,Ground Handling Labor Hr,1020,SERV,54.82,HR,3418.64,1,187409.84
4500090669,00030,SERV-6002,Cleaning Service Cycle,2010,SERV,200.97,EA,247.87,1,49814.43
4500090670,00010,MRO-1002,Landing Gear Bushing,1020,MRO,155.33,EA,6131.27,1,952370.17
4500090671,00010,IT-3002,Network Switch 24-port,1010,IT,41.11,EA,1904.74,1,78303.86
4500090671,00020,SPARE-5001,Turbine Blade Set,2010,SPARE,45.99,EA,1972.97,1,90736.89
4500090671,00030,SERV-6001,Ground Handling Labor Hr,1020,SERV,422.99,HR,3006.58,1,1271753.27
4500090672,00010,IT-3001,Ruggedized Laptop,1010,IT,381.77,EA,784.68,1,299567.28
4500090672,00020,OFFC-4001,Printer Toner Cartridge,1020,OFFC,381.76,EA,1085.54,1,414415.75
4500090672,00030,IT-3002,Network Switch 24-port,1020,IT,410.08,EA,5848.37,1,2398299.57
4500090672,00040,SERV-6002,Cleaning Service Cycle,1020,SERV,197.53,EA,591.82,1,116902.2
4500090673,00010,SERV-6001,Ground Handling Labor Hr,1020,SERV,411.8,HR,4892.32,1,2014657.38
4500090673,00020,MRO-1002,Landing Gear Bushing,1010,MRO,323.14,EA,1121.88,1,362524.3
4500090673,00030,MRO-1001,Hydraulic Pump Assembly,1020,MRO,106.4,EA,3494.5,1,371814.8
4500090674,00010,MRO-1001,Hydraulic Pump Assembly,1010,MRO,131.25,EA,7641.04,1,1002886.5
4500090674,00020,FUEL-2001,Jet A-1 Fuel,1010,FUEL,199.71,L,4148.44,1,828484.95
4500090674,00030,SPARE-5002,Brake Disc Assembly,2010,SPARE,403.31,EA,2783.37,1,1122560.95
4500090674,00040,MRO-1002,Landing Gear Bushing,1010,MRO,328.28,EA,3247.7,1,1066154.96
4500090675,00010,SPARE-5001,Turbine Blade Set,1020,SPARE,385.91,EA,2437.58,1,940686.5
4500090675,00020,MRO-1002,Landing Gear Bushing,1020,MRO,302.21,EA,6423.3,1,1941185.49
4500090675,00030,SERV-6001,Ground Handling Labor Hr,1020,SERV,187.04,HR,3798.91,1,710548.13
4500090675,00040,SERV-6001,Ground Handling Labor Hr,1010,SERV,485.91,HR,911.14,1,442732.04
4500090676,00010,IT-3001,Ruggedized Laptop,1020,IT,257.93,EA,4923.87,1,1270013.79
4500090676,00020,SPARE-5001,Turbine Blade Set,1010,SPARE,25.22,EA,2268.08,1,57200.98
4500090676,00030,SPARE-5002,Brake Disc Assembly,2010,SPARE,230.67,EA,419.59,1,96786.83
4500090677,00010,IT-3002,Network Switch 24-port,1020,IT,179.09,EA,159.8,1,28618.58
4500090677,00020,IT-3002,Network Switch 24-port,1020,IT,318.36,EA,4774.32,1,1519952.52
4500090678,00010,FUEL-2001,Jet A-1 Fuel,1020,FUEL,363.67,L,5070.7,1,1844061.47
4500090679,00010,OFFC-4001,Printer Toner Cartridge,2010,OFFC,20.11,EA,4882.64,1,98189.89
4500090679,00020,MRO-1002,Landing Gear Bushing,1010,MRO,191.57,EA,7842.53,1,1502393.47
4500090679,00030,OFFC-4001,Printer Toner Cartridge,1020,OFFC,463.79,EA,5999.15,1,2782345.78
4500090680,00010,SERV-6002,Cleaning Service Cycle,2010,SERV,131.23,EA,2439.55,1,320142.15
4500090680,00020,SERV-6001,Ground Handling Labor Hr,1010,SERV,427.27,HR,1965.14,1,839645.37
4500090681,00010,SERV-6001,Ground Handling Labor Hr,1010,SERV,336.05,HR,4844.89,1,1628125.28
4500090681,00020,IT-3002,Network Switch 24-port,1010,IT,137.07,EA,3269.32,1,448125.69
4500090681,00030,SPARE-5001,Turbine Blade Set,1020,SPARE,328.95,EA,2212.65,1,727851.22
4500090682,00010,MRO-1002,Landing Gear Bushing,2010,MRO,306.08,EA,5830.75,1,1784675.96
4500090682,00020,SPARE-5002,Brake Disc Assembly,1020,SPARE,294.37,EA,5085.49,1,1497015.69
4500090683,00010,SPARE-5002,Brake Disc Assembly,1020,SPARE,76.74,EA,6837.76,1,524729.7
4500090683,00020,IT-3001,Ruggedized Laptop,1020,IT,266.59,EA,1376.71,1,367017.12
4500090683,00030,IT-3002,Network Switch 24-port,2010,IT,202.07,EA,5292.37,1,1069429.21
4500090684,00010,IT-3002,Network Switch 24-port,1020,IT,375.68,EA,3622.96,1,1361073.61
4500090684,00020,MRO-1001,Hydraulic Pump Assembly,2010,MRO,78.79,EA,4687.8,1,369351.76
4500090684,00030,OFFC-4001,Printer Toner Cartridge,1010,OFFC,282.88,EA,3334.84,1,943359.54
4500090685,00010,SERV-6002,Cleaning Service Cycle,1020,SERV,474.46,EA,1005.48,1,477060.04
4500090685,00020,IT-3001,Ruggedized Laptop,1020,IT,106.44,EA,902.85,1,96099.35
4500090685,00030,FUEL-2001,Jet A-1 Fuel,2010,FUEL,432.58,L,6139.66,1,2655894.12
4500090685,00040,SPARE-5001,Turbine Blade Set,1010,SPARE,275.49,EA,2829.16,1,779405.29
4500090686,00010,IT-3001,Ruggedized Laptop,1020,IT,429.67,EA,3968.77,1,1705261.41
4500090686,00020,IT-3002,Network Switch 24-port,1010,IT,413.24,EA,3606.66,1,1490416.18
4500090686,00030,SPARE-5001,Turbine Blade Set,1020,SPARE,144.92,EA,4270.67,1,618905.5
4500090686,00040,SPARE-5002,Brake Disc Assembly,1010,SPARE,328.44,EA,5473.15,1,1797601.39
4500090687,00010,FUEL-2001,Jet A-1 Fuel,1010,FUEL,305.24,L,4036.82,1,1232198.94
4500090687,00020,SERV-6002,Cleaning Service Cycle,1010,SERV,285.72,EA,3282.03,1,937741.61
4500090688,00010,SERV-6001,Ground Handling Labor Hr,1010,SERV,256.16,HR,1560.39,1,399709.5
4500090688,00020,SPARE-5002,Brake Disc Assembly,1010,SPARE,185.16,EA,6999.71,1,1296066.3
4500090688,00030,SPARE-5002,Brake Disc Assembly,1020,SPARE,468.63,EA,7372.66,1,3455049.66
4500090688,00040,FUEL-2001,Jet A-1 Fuel,1010,FUEL,147.2,L,7157.68,1,1053610.5
4500090689,00010,SERV-6002,Cleaning Service Cycle,1010,SERV,419.1,EA,6979.24,1,2924999.48
4500090690,00010,SPARE-5001,Turbine Blade Set,1020,SPARE,36.11,EA,3348.38,1,120910.0
4500090690,00020,SERV-6001,Ground Handling Labor Hr,2010,SERV,61.37,HR,6217.24,1,381552.02
4500090690,00030,SERV-6001,Ground Handling Labor Hr,2010,SERV,357.67,HR,3519.4,1,1258783.8
4500090690,00040,MRO-1001,Hydraulic Pump Assembly,2010,MRO,147.19,EA,3199.21,1,470891.72
4500090691,00010,IT-3002,Network Switch 24-port,1010,IT,379.21,EA,4646.9,1,1762150.95
4500090691,00020,FUEL-2001,Jet A-1 Fuel,1010,FUEL,183.87,L,5259.17,1,967003.59
4500090692,00010,SPARE-5002,Brake Disc Assembly,1020,SPARE,376.5,EA,6060.71,1,2281857.31
4500090692,00020,IT-3002,Network Switch 24-port,1020,IT,344.91,EA,2658.68,1,917005.32
4500090692,00030,IT-3002,Network Switch 24-port,1010,IT,284.55,EA,4763.54,1,1355465.31
4500090692,00040,FUEL-2001,Jet A-1 Fuel,1020,FUEL,261.37,L,227.01,1,59333.6
4500090693,00010,SPARE-5002,Brake Disc Assembly,2010,SPARE,336.97,EA,1252.44,1,422034.71
4500090693,00020,FUEL-2001,Jet A-1 Fuel,1020,FUEL,74.12,L,2352.82,1,174391.02
4500090693,00030,IT-3002,Network Switch 24-port,1010,IT,318.74,EA,243.48,1,77606.82
4500090693,00040,SERV-6002,Cleaning Service Cycle,1020,SERV,152.18,EA,4682.19,1,712535.67
4500090694,00010,FUEL-2001,Jet A-1 Fuel,2010,FUEL,293.98,L,4018.74,1,1181429.19
4500090694,00020,OFFC-4001,Printer Toner Cartridge,2010,OFFC,189.61,EA,7410.14,1,1405036.65
4500090694,00030,FUEL-2001,Jet A-1 Fuel,1020,FUEL,435.52,L,3866.78,1,1684060.03
4500090695,00010,IT-3001,Ruggedized Laptop,2010,IT,75.89,EA,4876.96,1,370112.49
4500090695,00020,MRO-1002,Landing Gear Bushing,1020,MRO,325.35,EA,2864.88,1,932088.71
4500090696,00010,MRO-1002,Landing Gear Bushing,1020,MRO,476.06,EA,4069.18,1,1937173.83
4500090696,00020,SERV-6001,Ground Handling Labor Hr,2010,SERV,480.87,HR,6775.91,1,3258331.84
4500090696,00030,MRO-1002,Landing Gear Bushing,2010,MRO,485.25,EA,466.68,1,226456.47
4500090696,00040,SERV-6001,Ground Handling Labor Hr,2010,SERV,124.74,HR,2063.46,1,257396.0
4500090697,00010,SERV-6001,Ground Handling Labor Hr,2010,SERV,139.46,HR,5950.02,1,829789.79
4500090697,00020,MRO-1002,Landing Gear Bushing,1020,MRO,453.16,EA,1077.74,1,488388.66
4500090697,00030,MRO-1001,Hydraulic Pump Assembly,2010,MRO,104.66,EA,1966.65,1,205829.59
4500090698,00010,SPARE-5002,Brake Disc Assembly,1010,SPARE,59.09,EA,685.42,1,40501.47
4500090698,00020,MRO-1002,Landing Gear Bushing,1020,MRO,271.64,EA,1735.65,1,471471.97
4500090699,00010,SERV-6002,Cleaning Service Cycle,1020,SERV,403.08,EA,4923.02,1,1984370.9
4500090699,00020,MRO-1001,Hydraulic Pump Assembly,1020,MRO,126.62,EA,3269.21,1,413947.37
4500090700,00010,SERV-6001,Ground Handling Labor Hr,2010,SERV,125.26,HR,2216.8,1,277676.37
4500090700,00020,SERV-6001,Ground Handling Labor Hr,1010,SERV,155.09,HR,3531.55,1,547708.09
4500090700,00030,SPARE-5002,Brake Disc Assembly,2010,SPARE,4.25,EA,7149.07,1,30383.55
4500090701,00010,SPARE-5002,Brake Disc Assembly,1010,SPARE,171.87,EA,5501.93,1,945616.71
4500090702,00010,IT-3002,Network Switch 24-port,2010,IT,463.85,EA,1698.13,1,787677.6
4500090703,00010,SERV-6001,Ground Handling Labor Hr,1020,SERV,490.6,HR,5234.86,1,2568222.32
4500090703,00020,IT-3002,Network Switch 24-port,1020,IT,115.13,EA,2117.59,1,243798.14
4500090703,00030,OFFC-4001,Printer Toner Cartridge,1020,OFFC,73.35,EA,2683.1,1,196805.38
4500090704,00010,MRO-1001,Hydraulic Pump Assembly,1010,MRO,484.37,EA,2841.82,1,1376492.35
4500090704,00020,SPARE-5002,Brake Disc Assembly,2010,SPARE,383.76,EA,175.45,1,67330.69
4500090704,00030,IT-3001,Ruggedized Laptop,1020,IT,105.1,EA,5739.05,1,603174.16
4500090704,00040,OFFC-4001,Printer Toner Cartridge,1020,OFFC,12.82,EA,3431.44,1,43991.06
4500090705,00010,MRO-1002,Landing Gear Bushing,2010,MRO,38.14,EA,1300.14,1,49587.34
4500090705,00020,SPARE-5002,Brake Disc Assembly,1010,SPARE,470.81,EA,4751.66,1,2237129.04
4500090705,00030,SPARE-5001,Turbine Blade Set,1020,SPARE,344.21,EA,7272.92,1,2503411.79
4500090706,00010,IT-3002,Network Switch 24-port,1020,IT,269.41,EA,3516.23,1,947307.52
4500090706,00020,MRO-1002,Landing Gear Bushing,1010,MRO,236.45,EA,7049.18,1,1666778.61
4500090706,00030,OFFC-4001,Printer Toner Cartridge,1010,OFFC,488.61,EA,5864.94,1,2865668.33
4500090707,00010,SERV-6002,Cleaning Service Cycle,2010,SERV,273.75,EA,5292.31,1,1448769.86
4500090707,00020,SERV-6001,Ground Handling Labor Hr,1010,SERV,408.84,HR,5522.77,1,2257929.29
4500090707,00030,MRO-1002,Landing Gear Bushing,2010,MRO,435.49,EA,5600.03,1,2438757.06
4500090708,00010,SPARE-5002,Brake Disc Assembly,2010,SPARE,181.74,EA,1607.9,1,292219.75
4500090708,00020,IT-3002,Network Switch 24-port,1010,IT,128.42,EA,5986.25,1,768754.22
4500090709,00010,SERV-6001,Ground Handling Labor Hr,1010,SERV,187.36,HR,4534.4,1,849565.18
4500090710,00010,SERV-6002,Cleaning Service Cycle,1010,SERV,46.98,EA,4475.16,1,210243.02
4500090711,00010,SPARE-5002,Brake Disc Assembly,2010,SPARE,226.19,EA,7046.71,1,1593895.33
4500090711,00020,FUEL-2001,Jet A-1 Fuel,2010,FUEL,325.57,L,602.75,1,196237.32
4500090711,00030,SERV-6002,Cleaning Service Cycle,2010,SERV,170.57,EA,4231.16,1,721708.96
4500090712,00010,MRO-1001,Hydraulic Pump Assembly,1020,MRO,113.39,EA,3428.65,1,388774.62
4500090713,00010,SERV-6002,Cleaning Service Cycle,1010,SERV,77.15,EA,6188.48,1,477441.23
4500090713,00020,IT-3002,Network Switch 24-port,2010,IT,91.61,EA,229.27,1,21003.42
4500090713,00030,MRO-1001,Hydraulic Pump Assembly,1010,MRO,389.95,EA,4329.81,1,1688409.41
4500090714,00010,IT-3002,Network Switch 24-port,1020,IT,117.26,EA,7360.63,1,863107.47
4500090714,00020,MRO-1001,Hydraulic Pump Assembly,1020,MRO,69.52,EA,7193.06,1,500061.53
4500090714,00030,MRO-1002,Landing Gear Bushing,1020,MRO,417.24,EA,3013.41,1,1257315.19
4500090714,00040,IT-3001,Ruggedized Laptop,1020,IT,190.83,EA,3585.56,1,684232.41
4500090715,00010,IT-3001,Ruggedized Laptop,2010,IT,61.06,EA,3923.09,1,239543.88
4500090715,00020,OFFC-4001,Printer Toner Cartridge,1010,OFFC,375.09,EA,2548.7,1,955991.88
4500090716,00010,MRO-1001,Hydraulic Pump Assembly,1020,MRO,4.62,EA,6431.23,1,29712.28
4500090716,00020,MRO-1002,Landing Gear Bushing,1010,MRO,177.99,EA,7566.94,1,1346839.65
4500090716,00030,SPARE-5001,Turbine Blade Set,1010,SPARE,473.02,EA,5222.97,1,2470569.27
4500090716,00040,MRO-1002,Landing Gear Bushing,1020,MRO,325.57,EA,6485.15,1,2111370.29
4500090717,00010,SERV-6002,Cleaning Service Cycle,1010,SERV,5.63,EA,4158.6,1,23412.92
4500090717,00020,SPARE-5002,Brake Disc Assembly,1010,SPARE,381.38,EA,508.23,1,193828.76
4500090718,00010,SERV-6001,Ground Handling Labor Hr,2010,SERV,482.68,HR,5940.89,1,2867548.79
4500090718,00020,FUEL-2001,Jet A-1 Fuel,1010,FUEL,183.17,L,7401.14,1,1355666.81
4500090719,00010,MRO-1001,Hydraulic Pump Assembly,1010,MRO,166.46,EA,7112.79,1,1183995.02
4500090720,00010,OFFC-4001,Printer Toner Cartridge,1010,OFFC,448.7,EA,755.15,1,338835.8
4500090721,00010,SPARE-5002,Brake Disc Assembly,1010,SPARE,235.27,EA,7225.01,1,1699828.1
4500090721,00020,OFFC-4001,Printer Toner Cartridge,2010,OFFC,328.53,EA,2937.35,1,965007.6
4500090721,00030,MRO-1002,Landing Gear Bushing,2010,MRO,239.42,EA,5994.78,1,1435270.23
4500090722,00010,SPARE-5001,Turbine Blade Set,1010,SPARE,141.87,EA,4927.82,1,699109.82
4500090723,00010,FUEL-2001,Jet A-1 Fuel,1010,FUEL,164.64,L,3010.67,1,495676.71
4500090723,00020,SERV-6002,Cleaning Service Cycle,2010,SERV,368.47,EA,6808.97,1,2508901.18
4500090723,00030,SPARE-5001,Turbine Blade Set,1010,SPARE,316.31,EA,6357.67,1,2010994.6
4500090724,00010,SERV-6002,Cleaning Service Cycle,1010,SERV,240.91,EA,6864.29,1,1653676.1
4500090725,00010,MRO-1002,Landing Gear Bushing,2010,MRO,372.74,EA,5250.57,1,1957097.46
4500090725,00020,OFFC-4001,Printer Toner Cartridge,1020,OFFC,169.29,EA,7142.36,1,1209130.12
4500090725,00030,OFFC-4001,Printer Toner Cartridge,2010,OFFC,403.69,EA,3909.09,1,1578060.54
4500090725,00040,SPARE-5002,Brake Disc Assembly,1020,SPARE,331.96,EA,5350.74,1,1776231.65
4500090726,00010,MRO-1002,Landing Gear Bushing,1010,MRO,114.34,EA,3670.32,1,419664.39
4500090726,00020,MRO-1002,Landing Gear Bushing,1020,MRO,275.68,EA,2379.79,1,656060.51
4500090727,00010,IT-3001,Ruggedized Laptop,2010,IT,388.18,EA,1605.44,1,623199.7
4500090727,00020,OFFC-4001,Printer Toner Cartridge,2010,OFFC,263.26,EA,6243.9,1,1643769.11
4500090728,00010,FUEL-2001,Jet A-1 Fuel,2010,FUEL,50.97,L,1341.77,1,68390.02
4500090728,00020,SERV-6002,Cleaning Service Cycle,2010,SERV,113.9,EA,7446.58,1,848165.46
4500090728,00030,FUEL-2001,Jet A-1 Fuel,1020,FUEL,270.87,L,7641.94,1,2069972.29
4500090729,00010,SPARE-5002,Brake Disc Assembly,1020,SPARE,161.64,EA,5777.95,1,933947.84
4500090729,00020,MRO-1001,Hydraulic Pump Assembly,2010,MRO,38.36,EA,5672.56,1,217599.4
4500090729,00030,IT-3002,Network Switch 24-port,2010,IT,105.17,EA,5873.01,1,617664.46
4500090729,00040,MRO-1002,Landing Gear Bushing,1010,MRO,30.55,EA,3294.8,1,100656.14
4500090730,00010,OFFC-4001,Printer Toner Cartridge,1020,OFFC,36.2,EA,7707.59,1,279014.76
4500090730,00020,FUEL-2001,Jet A-1 Fuel,2010,FUEL,446.43,L,1005.3,1,448796.08
4500090731,00010,MRO-1001,Hydraulic Pump Assembly,2010,MRO,318.74,EA,4174.55,1,1330596.07
4500090731,00020,MRO-1002,Landing Gear Bushing,1010,MRO,386.06,EA,4795.6,1,1851389.34
4500090731,00030,SPARE-5002,Brake Disc Assembly,2010,SPARE,150.11,EA,1016.42,1,152574.81
4500090732,00010,MRO-1002,Landing Gear Bushing,1010,MRO,313.82,EA,3418.77,1,1072878.4
4500090732,00020,SPARE-5002,Brake Disc Assembly,1010,SPARE,379.47,EA,1812.57,1,687815.94
4500090732,00030,MRO-1002,Landing Gear Bushing,2010,MRO,498.81,EA,4834.46,1,2411476.99
4500090733,00010,IT-3002,Network Switch 24-port,1020,IT,421.32,EA,5864.89,1,2470995.45
4500090734,00010,SPARE-5002,Brake Disc Assembly,2010,SPARE,122.13,EA,3969.91,1,484845.11
4500090735,00010,SERV-6002,Cleaning Service Cycle,2010,SERV,54.79,EA,6708.88,1,367579.54
4500090736,00010,MRO-1001,Hydraulic Pump Assembly,1020,MRO,174.3,EA,6309.33,1,1099716.22
4500090736,00020,SERV-6002,Cleaning Service Cycle,1020,SERV,431.84,EA,317.46,1,137091.93
4500090736,00030,SPARE-5001,Turbine Blade Set,2010,SPARE,334.87,EA,224.61,1,75215.15
4500090736,00040,FUEL-2001,Jet A-1 Fuel,1010,FUEL,13.05,L,7568.68,1,98771.27
4500090737,00010,IT-3001,Ruggedized Laptop,1020,IT,139.04,EA,6274.0,1,872336.96
4500090737,00020,SPARE-5002,Brake Disc Assembly,1010,SPARE,349.85,EA,5085.76,1,1779253.14
4500090737,00030,IT-3001,Ruggedized Laptop,2010,IT,279.68,EA,6910.59,1,1932753.81
4500090738,00010,OFFC-4001,Printer Toner Cartridge,2010,OFFC,414.51,EA,828.36,1,343363.5
4500090738,00020,MRO-1002,Landing Gear Bushing,1020,MRO,320.09,EA,2517.14,1,805711.34
4500090739,00010,OFFC-4001,Printer Toner Cartridge,1020,OFFC,377.63,EA,7675.28,1,2898415.99
4500090739,00020,MRO-1001,Hydraulic Pump Assembly,2010,MRO,56.63,EA,4663.14,1,264073.62
4500090739,00030,SERV-6001,Ground Handling Labor Hr,1010,SERV,148.81,HR,4488.17,1,667884.58
4500090739,00040,SPARE-5001,Turbine Blade Set,1010,SPARE,309.62,EA,625.96,1,193809.74
4500090740,00010,SPARE-5001,Turbine Blade Set,2010,SPARE,67.38,EA,3094.22,1,208488.54
4500090740,00020,IT-3002,Network Switch 24-port,1020,IT,307.1,EA,7766.55,1,2385107.51
4500090740,00030,IT-3001,Ruggedized Laptop,2010,IT,221.83,EA,345.37,1,76613.43
4500090741,00010,IT-3001,Ruggedized Laptop,1010,IT,220.74,EA,6495.97,1,1433920.42
4500090741,00020,MRO-1001,Hydraulic Pump Assembly,2010,MRO,149.1,EA,7717.43,1,1150668.81
4500090742,00010,IT-3002,Network Switch 24-port,1020,IT,353.67,EA,7855.69,1,2778321.88
4500090742,00020,SPARE-5001,Turbine Blade Set,1010,SPARE,185.74,EA,7202.42,1,1337777.49
4500090742,00030,OFFC-4001,Printer Toner Cartridge,2010,OFFC,270.64,EA,634.78,1,171796.86
4500090742,00040,FUEL-2001,Jet A-1 Fuel,2010,FUEL,161.51,L,6623.03,1,1069685.58
4500090743,00010,SERV-6002,Cleaning Service Cycle,2010,SERV,114.68,EA,2799.78,1,321078.77
4500090744,00010,SERV-6002,Cleaning Service Cycle,1010,SERV,218.66,EA,7626.25,1,1667555.82
4500090744,00020,MRO-1001,Hydraulic Pump Assembly,1010,MRO,280.42,EA,4480.79,1,1256503.13
4500090744,00030,OFFC-4001,Printer Toner Cartridge,1010,OFFC,238.84,EA,5656.35,1,1350962.63
4500090744,00040,OFFC-4001,Printer Toner Cartridge,2010,OFFC,33.64,EA,5756.57,1,193651.01
4500090745,00010,IT-3001,Ruggedized Laptop,2010,IT,331.24,EA,2492.41,1,825585.89
4500090745,00020,IT-3002,Network Switch 24-port,2010,IT,165.94,EA,4567.46,1,757924.31
4500090745,00030,SPARE-5001,Turbine Blade Set,2010,SPARE,72.97,EA,4326.11,1,315676.25
4500090745,00040,SERV-6002,Cleaning Service Cycle,2010,SERV,157.91,EA,74.07,1,11696.39
4500090746,00010,FUEL-2001,Jet A-1 Fuel,2010,FUEL,366.55,L,2005.42,1,735086.7
4500090746,00020,FUEL-2001,Jet A-1 Fuel,1020,FUEL,418.03,L,255.31,1,106727.24
4500090746,00030,MRO-1002,Landing Gear Bushing,1020,MRO,166.56,EA,771.41,1,128486.05
4500090746,00040,SERV-6002,Cleaning Service Cycle,1020,SERV,350.76,EA,5489.12,1,1925363.73
4500090747,00010,FUEL-2001,Jet A-1 Fuel,1020,FUEL,353.92,L,7034.93,1,2489802.43
4500090747,00020,MRO-1002,Landing Gear Bushing,1010,MRO,93.1,EA,3223.39,1,300097.61
4500090747,00030,OFFC-4001,Printer Toner Cartridge,1020,OFFC,492.83,EA,5071.4,1,2499338.06
4500090748,00010,MRO-1002,Landing Gear Bushing,2010,MRO,85.09,EA,7709.53,1,656003.91
4500090748,00020,MRO-1001,Hydraulic Pump Assembly,1010,MRO,3.33,EA,3090.33,1,10290.8
4500090748,00030,SERV-6002,Cleaning Service Cycle,1010,SERV,282.12,EA,6877.68,1,1940331.08
4500090749,00010,SERV-6002,Cleaning Service Cycle,1020,SERV,187.71,EA,1431.89,1,268780.07
4500090749,00020,FUEL-2001,Jet A-1 Fuel,1020,FUEL,254.16,L,6518.6,1,1656767.38
4500090750,00010,FUEL-2001,Jet A-1 Fuel,1010,FUEL,295.46,L,1355.73,1,400563.99
4500090750,00020,SPARE-5002,Brake Disc Assembly,2010,SPARE,97.39,EA,1258.92,1,122606.22
4500090750,00030,OFFC-4001,Printer Toner Cartridge,2010,OFFC,468.97,EA,7430.28,1,3484578.41
4500090751,00010,IT-3001,Ruggedized Laptop,1020,IT,480.23,EA,3936.33,1,1890343.76
4500090751,00020,MRO-1001,Hydraulic Pump Assembly,1020,MRO,179.8,EA,7334.55,1,1318752.09
4500090752,00010,SERV-6001,Ground Handling Labor Hr,1010,SERV,321.96,HR,2274.84,1,732407.49
4500090752,00020,SPARE-5002,Brake Disc Assembly,2010,SPARE,382.0,EA,2357.81,1,900683.42
4500090752,00030,SPARE-5001,Turbine Blade Set,1020,SPARE,202.71,EA,3028.99,1,614006.56
4500090752,00040,MRO-1001,Hydraulic Pump Assembly,1020,MRO,246.13,EA,2585.69,1,636415.88
4500090753,00010,MRO-1002,Landing Gear Bushing,2010,MRO,154.25,EA,4708.01,1,726210.54
4500090753,00020,SERV-6001,Ground Handling Labor Hr,1010,SERV,87.51,HR,2522.96,1,220784.23
4500090754,00010,SERV-6001,Ground Handling Labor Hr,1020,SERV,262.47,HR,1442.76,1,378681.22
4500090754,00020,MRO-1001,Hydraulic Pump Assembly,1010,MRO,455.42,EA,807.23,1,367628.69
4500090754,00030,IT-3001,Ruggedized Laptop,1010,IT,356.49,EA,602.25,1,214696.1
4500090754,00040,SPARE-5002,Brake Disc Assembly,1010,SPARE,104.16,EA,5130.56,1,534399.13
4500090755,00010,FUEL-2001,Jet A-1 Fuel,1020,FUEL,493.56,L,6616.05,1,3265417.64
4500090755,00020,SPARE-5001,Turbine Blade Set,1010,SPARE,23.33,EA,1150.52,1,26841.63
4500090755,00030,SERV-6002,Cleaning Service Cycle,1020,SERV,334.6,EA,7057.92,1,2361580.03
4500090756,00010,MRO-1001,Hydraulic Pump Assembly,1020,MRO,208.53,EA,3320.85,1,692496.85
4500090756,00020,IT-3001,Ruggedized Laptop,2010,IT,408.55,EA,3915.97,1,1599869.54
4500090756,00030,MRO-1001,Hydraulic Pump Assembly,2010,MRO,313.64,EA,3175.84,1,996070.46
4500090756,00040,SPARE-5002,Brake Disc Assembly,1010,SPARE,65.32,EA,5522.2,1,360710.1
4500090757,00010,IT-3002,Network Switch 24-port,2010,IT,477.7,EA,5725.89,1,2735257.65
4500090757,00020,SPARE-5001,Turbine Blade Set,2010,SPARE,143.12,EA,2305.78,1,330003.23
4500090758,00010,FUEL-2001,Jet A-1 Fuel,1020,FUEL,259.59,L,304.85,1,79136.01
4500090758,00020,MRO-1002,Landing Gear Bushing,1020,MRO,56.59,EA,323.49,1,18306.3
4500090759,00010,FUEL-2001,Jet A-1 Fuel,2010,FUEL,221.57,L,6157.63,1,1364346.08
4500090759,00020,SERV-6001,Ground Handling Labor Hr,1010,SERV,383.63,HR,1527.98,1,586178.97
4500090759,00030,OFFC-4001,Printer Toner Cartridge,1010,OFFC,22.84,EA,133.4,1,3046.86
4500090759,00040,OFFC-4001,Printer Toner Cartridge,1010,OFFC,429.88,EA,2021.4,1,868959.43
4500090760,00010,SERV-6001,Ground Handling Labor Hr,1010,SERV,32.76,HR,1488.03,1,48747.86
4500090760,00020,OFFC-4001,Printer Toner Cartridge,1020,OFFC,329.35,EA,3522.2,1,1160036.57
4500090760,00030,MRO-1002,Landing Gear Bushing,1020,MRO,421.87,EA,4821.25,1,2033940.74
4500090761,00010,SERV-6001,Ground Handling Labor Hr,1010,SERV,267.6,HR,4956.32,1,1326311.23
4500090761,00020,OFFC-4001,Printer Toner Cartridge,1010,OFFC,185.82,EA,1165.02,1,216484.02
4500090761,00030,IT-3001,Ruggedized Laptop,1010,IT,3.94,EA,47.3,1,186.36
4500090761,00040,SPARE-5001,Turbine Blade Set,1010,SPARE,384.58,EA,974.74,1,374865.51
4500090762,00010,IT-3002,Network Switch 24-port,2010,IT,343.12,EA,3106.4,1,1065867.97
4500090762,00020,IT-3001,Ruggedized Laptop,1020,IT,341.76,EA,4908.62,1,1677569.97
4500090762,00030,SPARE-5002,Brake Disc Assembly,1020,SPARE,240.09,EA,7190.64,1,1726400.76
4500090762,00040,SERV-6001,Ground Handling Labor Hr,1020,SERV,439.84,HR,1806.24,1,794456.6
4500090763,00010,IT-3002,Network Switch 24-port,2010,IT,72.85,EA,3690.26,1,268835.44
4500090763,00020,SERV-6001,Ground Handling Labor Hr,1010,SERV,425.99,HR,7900.17,1,3365393.42
4500090763,00030,OFFC-4001,Printer Toner Cartridge,1020,OFFC,104.84,EA,3258.22,1,341591.78
4500090763,00040,SPARE-5002,Brake Disc Assembly,1020,SPARE,366.99,EA,3562.27,1,1307317.47
4500090764,00010,IT-3001,Ruggedized Laptop,2010,IT,356.58,EA,4555.73,1,1624482.2
4500090764,00020,SERV-6002,Cleaning Service Cycle,1020,SERV,182.34,EA,3717.74,1,677892.71
4500090765,00010,IT-3002,Network Switch 24-port,2010,IT,452.43,EA,7646.75,1,3459619.1
4500090765,00020,SPARE-5001,Turbine Blade Set,2010,SPARE,26.39,EA,1753.08,1,46263.78
4500090765,00030,FUEL-2001,Jet A-1 Fuel,1020,FUEL,330.17,L,7498.23,1,2475690.6
4500090765,00040,FUEL-2001,Jet A-1 Fuel,1010,FUEL,471.66,L,210.21,1,99147.65
4500090766,00010,FUEL-2001,Jet A-1 Fuel,2010,FUEL,206.23,L,3759.27,1,775274.25
4500090766,00020,FUEL-2001,Jet A-1 Fuel,2010,FUEL,381.55,L,3903.75,1,1489475.81
4500090767,00010,MRO-1001,Hydraulic Pump Assembly,1020,MRO,460.17,EA,6958.32,1,3202010.11
4500090768,00010,OFFC-4001,Printer Toner Cartridge,1020,OFFC,311.99,EA,2537.69,1,791733.9
4500090769,00010,FUEL-2001,Jet A-1 Fuel,2010,FUEL,208.18,L,4267.8,1,888470.6
4500090769,00020,SPARE-5001,Turbine Blade Set,1020,SPARE,79.98,EA,4427.52,1,354113.05
4500090770,00010,FUEL-2001,Jet A-1 Fuel,1020,FUEL,440.24,L,3793.05,1,1669852.33
4500090771,00010,MRO-1001,Hydraulic Pump Assembly,2010,MRO,485.18,EA,7573.9,1,3674704.8
4500090771,00020,OFFC-4001,Printer Toner Cartridge,1020,OFFC,442.92,EA,7902.77,1,3500294.89
4500090771,00030,MRO-1002,Landing Gear Bushing,2010,MRO,89.44,EA,4999.77,1,447179.43
4500090771,00040,SPARE-5001,Turbine Blade Set,2010,SPARE,458.47,EA,905.56,1,415172.09
4500090772,00010,SERV-6002,Cleaning Service Cycle,1010,SERV,445.63,EA,3353.55,1,1494442.49
4500090773,00010,MRO-1001,Hydraulic Pump Assembly,1020,MRO,325.05,EA,5610.11,1,1823566.26
4500090773,00020,SPARE-5002,Brake Disc Assembly,1020,SPARE,498.08,EA,2713.39,1,1351485.29
4500090774,00010,SERV-6002,Cleaning Service Cycle,1020,SERV,6.33,EA,4597.75,1,29103.76
4500090774,00020,SPARE-5001,Turbine Blade Set,1020,SPARE,100.62,EA,3771.57,1,379495.37
4500090775,00010,OFFC-4001,Printer Toner Cartridge,1020,OFFC,67.04,EA,2782.99,1,186571.65
4500090775,00020,SERV-6001,Ground Handling Labor Hr,1010,SERV,97.26,HR,2267.5,1,220537.05
4500090775,00030,SPARE-5002,Brake Disc Assembly,2010,SPARE,459.47,EA,696.67,1,320098.96
4500090775,00040,OFFC-4001,Printer Toner Cartridge,1010,OFFC,430.88,EA,7168.64,1,3088823.6
4500090776,00010,SERV-6002,Cleaning Service Cycle,1010,SERV,400.93,EA,6235.44,1,2499974.96
4500090776,00020,MRO-1001,Hydraulic Pump Assembly,1020,MRO,361.83,EA,5897.3,1,2133820.06
4500090777,00010,MRO-1001,Hydraulic Pump Assembly,2010,MRO,352.37,EA,1612.18,1,568083.87
4500090778,00010,MRO-1001,Hydraulic Pump Assembly,2010,MRO,358.77,EA,3107.47,1,1114867.01
4500090778,00020,SERV-6001,Ground Handling Labor Hr,2010,SERV,97.13,HR,6544.06,1,635624.55
4500090779,00010,FUEL-2001,Jet A-1 Fuel,1010,FUEL,254.28,L,654.88,1,166522.89
4500090779,00020,IT-3002,Network Switch 24-port,1010,IT,72.8,EA,4345.15,1,316326.92
4500090779,00030,MRO-1002,Landing Gear Bushing,1010,MRO,351.73,EA,624.72,1,219732.77
4500090779,00040,OFFC-4001,Printer Toner Cartridge,1020,OFFC,378.39,EA,1837.17,1,695166.76
4500090780,00010,OFFC-4001,Printer Toner Cartridge,2010,OFFC,367.99,EA,4253.8,1,1565355.86
4500090780,00020,IT-3002,Network Switch 24-port,1010,IT,141.44,EA,1306.89,1,184846.52
4500090780,00030,MRO-1002,Landing Gear Bushing,1010,MRO,247.47,EA,7223.49,1,1787597.07
4500090781,00010,SERV-6002,Cleaning Service Cycle,2010,SERV,385.92,EA,7317.52,1,2823977.32
4500090781,00020,SERV-6002,Cleaning Service Cycle,1020,SERV,339.42,EA,545.71,1,185224.89
4500090781,00030,OFFC-4001,Printer Toner Cartridge,1020,OFFC,225.94,EA,5942.7,1,1342693.64
4500090782,00010,OFFC-4001,Printer Toner Cartridge,1020,OFFC,205.46,EA,7042.2,1,1446890.41
4500090783,00010,MRO-1001,Hydraulic Pump Assembly,1020,MRO,436.81,EA,6310.36,1,2756428.35
4500090783,00020,FUEL-2001,Jet A-1 Fuel,2010,FUEL,200.31,L,131.32,1,26304.71
4500090783,00030,FUEL-2001,Jet A-1 Fuel,1010,FUEL,76.37,L,7569.42,1,578076.61
4500090783,00040,MRO-1002,Landing Gear Bushing,1020,MRO,9.18,EA,3788.86,1,34781.73
4500090784,00010,IT-3001,Ruggedized Laptop,1020,IT,243.78,EA,5795.36,1,1412792.86
4500090784,00020,SPARE-5001,Turbine Blade Set,2010,SPARE,473.72,EA,1295.37,1,613642.68
4500090785,00010,IT-3001,Ruggedized Laptop,1010,IT,259.86,EA,3963.97,1,1030077.24
4500090785,00020,SPARE-5001,Turbine Blade Set,2010,SPARE,245.76,EA,7655.72,1,1881469.75
4500090786,00010,OFFC-4001,Printer Toner Cartridge,1010,OFFC,362.65,EA,6460.85,1,2343027.25
4500090786,00020,OFFC-4001,Printer Toner Cartridge,1010,OFFC,283.1,EA,3798.71,1,1075414.8
4500090786,00030,SPARE-5002,Brake Disc Assembly,1020,SPARE,185.63,EA,1983.96,1,368282.49
4500090787,00010,IT-3001,Ruggedized Laptop,2010,IT,451.03,EA,7724.48,1,3483972.21
4500090787,00020,SERV-6002,Cleaning Service Cycle,2010,SERV,485.6,EA,1846.84,1,896825.5
4500090787,00030,SERV-6002,Cleaning Service Cycle,1020,SERV,119.27,EA,6560.86,1,782513.77
4500090788,00010,SERV-6001,Ground Handling Labor Hr,2010,SERV,245.98,HR,4828.75,1,1187775.93
4500090789,00010,MRO-1001,Hydraulic Pump Assembly,1010,MRO,237.4,EA,1802.2,1,427842.28
4500090789,00020,OFFC-4001,Printer Toner Cartridge,2010,OFFC,178.73,EA,4972.81,1,888790.33
4500090789,00030,FUEL-2001,Jet A-1 Fuel,1020,FUEL,392.06,L,7654.21,1,3000909.57
4500090790,00010,SERV-6001,Ground Handling Labor Hr,1020,SERV,399.63,HR,2274.0,1,908758.62
4500090790,00020,SPARE-5001,Turbine Blade Set,1020,SPARE,350.62,EA,6824.55,1,2392823.72
4500090791,00010,OFFC-4001,Printer Toner Cartridge,1010,OFFC,233.0,EA,7280.26,1,1696300.58
4500090792,00010,SPARE-5002,Brake Disc Assembly,1020,SPARE,138.7,EA,5656.25,1,784521.87
4500090792,00020,IT-3002,Network Switch 24-port,1010,IT,82.29,EA,1045.71,1,86051.48
4500090792,00030,MRO-1002,Landing Gear Bushing,1020,MRO,27.16,EA,2625.77,1,71315.91
4500090793,00010,SPARE-5001,Turbine Blade Set,1010,SPARE,89.82,EA,4912.39,1,441230.87
4500090793,00020,IT-3002,Network Switch 24-port,1010,IT,162.68,EA,6056.8,1,985320.22
4500090793,00030,SERV-6001,Ground Handling Labor Hr,1010,SERV,28.87,HR,5743.82,1,165824.08
4500090794,00010,MRO-1002,Landing Gear Bushing,1020,MRO,377.58,EA,7779.11,1,2937236.35
4500090794,00020,MRO-1002,Landing Gear Bushing,1020,MRO,206.91,EA,6011.79,1,1243899.47
4500090795,00010,IT-3001,Ruggedized Laptop,1020,IT,224.8,EA,939.69,1,211242.31
4500090796,00010,MRO-1001,Hydraulic Pump Assembly,1010,MRO,22.05,EA,6073.05,1,133910.75
4500090796,00020,FUEL-2001,Jet A-1 Fuel,2010,FUEL,250.79,L,2597.14,1,651336.74
4500090796,00030,SPARE-5001,Turbine Blade Set,1020,SPARE,10.61,EA,6128.98,1,65028.48
4500090796,00040,MRO-1001,Hydraulic Pump Assembly,2010,MRO,335.15,EA,5583.06,1,1871162.56
4500090797,00010,OFFC-4001,Printer Toner Cartridge,1020,OFFC,351.21,EA,4661.03,1,1637000.35
4500090798,00010,SERV-6001,Ground Handling Labor Hr,1010,SERV,187.78,HR,3119.59,1,585796.61
4500090798,00020,SERV-6002,Cleaning Service Cycle,1020,SERV,128.88,EA,1582.26,1,203921.67
4500090798,00030,SPARE-5001,Turbine Blade Set,1010,SPARE,60.46,EA,2297.35,1,138897.78
4500090799,00010,SPARE-5001,Turbine Blade Set,1010,SPARE,402.51,EA,5947.65,1,2393988.6
4500090800,00010,SPARE-5002,Brake Disc Assembly,2010,SPARE,28.13,EA,5016.42,1,141111.89
4500090800,00020,IT-3002,Network Switch 24-port,1010,IT,109.19,EA,210.02,1,22932.08
4500090800,00030,IT-3001,Ruggedized Laptop,1010,IT,414.96,EA,6885.66,1,2857273.47
4500090801,00010,SPARE-5002,Brake Disc Assembly,2010,SPARE,280.85,EA,2297.03,1,645120.88
4500090801,00020,IT-3001,Ruggedized Laptop,1010,IT,39.76,EA,875.95,1,34827.77
4500090801,00030,MRO-1001,Hydraulic Pump Assembly,1020,MRO,310.02,EA,6860.18,1,2126793.0
4500090801,00040,MRO-1001,Hydraulic Pump Assembly,2010,MRO,152.42,EA,3063.74,1,466975.25
4500090802,00010,IT-3002,Network Switch 24-port,1010,IT,209.33,EA,198.71,1,41595.96
4500090803,00010,SPARE-5002,Brake Disc Assembly,2010,SPARE,88.12,EA,918.44,1,80932.93
4500090804,00010,FUEL-2001,Jet A-1 Fuel,1020,FUEL,108.52,L,3192.36,1,346434.91
4500090805,00010,MRO-1002,Landing Gear Bushing,2010,MRO,479.76,EA,7013.48,1,3364787.16
4500090806,00010,MRO-1001,Hydraulic Pump Assembly,2010,MRO,497.92,EA,372.1,1,185276.03
4500090806,00020,SPARE-5001,Turbine Blade Set,1010,SPARE,279.91,EA,5629.52,1,1575758.94
4500090806,00030,MRO-1001,Hydraulic Pump Assembly,1020,MRO,143.97,EA,725.56,1,104458.87
4500090806,00040,SPARE-5002,Brake Disc Assembly,1020,SPARE,410.54,EA,4365.83,1,1792347.85
4500090807,00010,FUEL-2001,Jet A-1 Fuel,1020,FUEL,290.53,L,2989.44,1,868522.0
4500090807,00020,IT-3002,Network Switch 24-port,1020,IT,74.67,EA,5387.81,1,402307.77
4500090807,00030,SERV-6001,Ground Handling Labor Hr,1010,SERV,204.51,HR,7691.86,1,1573062.29
4500090807,00040,SERV-6002,Cleaning Service Cycle,1020,SERV,127.35,EA,1118.38,1,142425.69
4500090808,00010,SERV-6001,Ground Handling Labor Hr,2010,SERV,316.72,HR,5963.46,1,1888747.05
4500090808,00020,FUEL-2001,Jet A-1 Fuel,2010,FUEL,488.64,L,6342.38,1,3099140.56
4500090808,00030,SPARE-5001,Turbine Blade Set,1010,SPARE,41.79,EA,3363.43,1,140557.74
4500090809,00010,OFFC-4001,Printer Toner Cartridge,1020,OFFC,245.1,EA,2617.39,1,641522.29
4500090809,00020,SERV-6001,Ground Handling Labor Hr,1020,SERV,468.53,HR,4194.51,1,1965253.77
4500090810,00010,IT-3001,Ruggedized Laptop,2010,IT,358.38,EA,7147.6,1,2561556.89
4500090810,00020,MRO-1002,Landing Gear Bushing,2010,MRO,248.11,EA,7328.43,1,1818256.77
4500090811,00010,MRO-1001,Hydraulic Pump Assembly,2010,MRO,148.6,EA,1672.56,1,248542.42
4500090812,00010,SERV-6002,Cleaning Service Cycle,1010,SERV,150.81,EA,3114.22,1,469655.52
4500090813,00010,SPARE-5002,Brake Disc Assembly,2010,SPARE,160.5,EA,267.7,1,42965.85
4500090814,00010,SPARE-5001,Turbine Blade Set,1010,SPARE,20.3,EA,3909.84,1,79369.75
4500090815,00010,SPARE-5001,Turbine Blade Set,1020,SPARE,374.78,EA,1946.2,1,729396.84
4500090815,00020,MRO-1001,Hydraulic Pump Assembly,2010,MRO,162.11,EA,4429.95,1,718139.19
4500090815,00030,SPARE-5002,Brake Disc Assembly,1010,SPARE,109.06,EA,3296.64,1,359531.56
4500090815,00040,FUEL-2001,Jet A-1 Fuel,1010,FUEL,297.12,L,5408.44,1,1606955.69
4500090816,00010,IT-3002,Network Switch 24-port,1020,IT,293.24,EA,5591.77,1,1639730.63
4500090817,00010,MRO-1002,Landing Gear Bushing,1010,MRO,343.72,EA,7749.15,1,2663537.84
4500090817,00020,IT-3001,Ruggedized Laptop,1020,IT,241.59,EA,2007.36,1,484958.1
4500090817,00030,FUEL-2001,Jet A-1 Fuel,1010,FUEL,386.46,L,370.12,1,143036.58
4500090817,00040,IT-3001,Ruggedized Laptop,1020,IT,170.7,EA,5470.6,1,933831.42
4500090818,00010,SERV-6002,Cleaning Service Cycle,1020,SERV,281.82,EA,3516.02,1,990884.76
4500090818,00020,SPARE-5001,Turbine Blade Set,2010,SPARE,11.25,EA,4210.9,1,47372.62
4500090819,00010,SERV-6001,Ground Handling Labor Hr,1010,SERV,351.32,HR,554.17,1,194691.0
4500090819,00020,IT-3002,Network Switch 24-port,1020,IT,439.01,EA,5324.32,1,2337429.72
4500090819,00030,SPARE-5001,Turbine Blade Set,1010,SPARE,254.05,EA,1960.99,1,498189.51
4500090819,00040,MRO-1002,Landing Gear Bushing,1010,MRO,13.03,EA,709.29,1,9242.05
4500090820,00010,SERV-6002,Cleaning Service Cycle,1010,SERV,207.21,EA,4486.14,1,929573.07
4500090820,00020,IT-3001,Ruggedized Laptop,2010,IT,74.55,EA,1083.05,1,80741.38
4500090821,00010,IT-3002,Network Switch 24-port,1010,IT,440.31,EA,1113.75,1,490395.26
4500090822,00010,FUEL-2001,Jet A-1 Fuel,2010,FUEL,194.54,L,5074.5,1,987193.23
4500090823,00010,SERV-6002,Cleaning Service Cycle,1020,SERV,83.2,EA,5022.99,1,417912.77
4500090824,00010,OFFC-4001,Printer Toner Cartridge,2010,OFFC,390.54,EA,240.77,1,94030.32
4500090825,00010,IT-3001,Ruggedized Laptop,1010,IT,299.89,EA,2315.27,1,694326.32
4500090825,00020,SPARE-5001,Turbine Blade Set,2010,SPARE,300.31,EA,3350.19,1,1006095.56
4500090826,00010,SPARE-5002,Brake Disc Assembly,1020,SPARE,325.43,EA,7893.7,1,2568846.79
4500090826,00020,IT-3002,Network Switch 24-port,1020,IT,418.33,EA,4850.26,1,2029009.27
4500090826,00030,SPARE-5002,Brake Disc Assembly,2010,SPARE,256.21,EA,3101.03,1,794514.9
4500090827,00010,OFFC-4001,Printer Toner Cartridge,1010,OFFC,266.84,EA,4938.61,1,1317818.69
4500090827,00020,IT-3002,Network Switch 24-port,1020,IT,314.93,EA,7474.6,1,2353975.78
4500090827,00030,SERV-6002,Cleaning Service Cycle,1020,SERV,257.25,EA,2518.15,1,647794.09
4500090827,00040,IT-3001,Ruggedized Laptop,1020,IT,283.44,EA,2801.14,1,793955.12
4500090828,00010,SERV-6002,Cleaning Service Cycle,2010,SERV,445.38,EA,1131.44,1,503920.75
4500090828,00020,IT-3002,Network Switch 24-port,2010,IT,95.79,EA,5494.12,1,526281.75
4500090829,00010,IT-3001,Ruggedized Laptop,1020,IT,299.47,EA,5074.89,1,1519777.31
4500090829,00020,FUEL-2001,Jet A-1 Fuel,1020,FUEL,443.75,L,6480.43,1,2875690.81
4500090830,00010,IT-3002,Network Switch 24-port,1020,IT,303.39,EA,2035.23,1,617468.43
4500090830,00020,SERV-6001,Ground Handling Labor Hr,1010,SERV,491.95,HR,46.07,1,22664.14
4500090831,00010,SPARE-5001,Turbine Blade Set,1010,SPARE,314.43,EA,3926.69,1,1234669.14
4500090832,00010,MRO-1001,Hydraulic Pump Assembly,1010,MRO,21.48,EA,580.83,1,12476.23
4500090832,00020,SERV-6001,Ground Handling Labor Hr,1010,SERV,268.08,HR,1036.83,1,277953.39
4500090832,00030,SPARE-5001,Turbine Blade Set,2010,SPARE,103.24,EA,7132.67,1,736376.85
4500090833,00010,IT-3001,Ruggedized Laptop,1020,IT,309.54,EA,4573.52,1,1415687.38
4500090833,00020,SERV-6001,Ground Handling Labor Hr,1010,SERV,177.42,HR,1906.17,1,338192.68
4500090834,00010,MRO-1002,Landing Gear Bushing,1020,MRO,286.05,EA,4920.78,1,1407589.12
4500090834,00020,SPARE-5002,Brake Disc Assembly,1020,SPARE,63.16,EA,1984.62,1,125348.6
4500090835,00010,MRO-1001,Hydraulic Pump Assembly,2010,MRO,120.15,EA,2481.78,1,298185.87
4500090836,00010,SPARE-5002,Brake Disc Assembly,1020,SPARE,221.82,EA,5918.53,1,1312848.32
4500090836,00020,SERV-6002,Cleaning Service Cycle,1020,SERV,375.6,EA,203.75,1,76528.5
4500090836,00030,IT-3001,Ruggedized Laptop,2010,IT,441.02,EA,3942.33,1,1738646.38
4500090836,00040,OFFC-4001,Printer Toner Cartridge,2010,OFFC,161.72,EA,4002.28,1,647248.72
4500090837,00010,FUEL-2001,Jet A-1 Fuel,1020,FUEL,394.25,L,1672.9,1,659540.83
4500090837,00020,OFFC-4001,Printer Toner Cartridge,1020,OFFC,203.15,EA,2005.15,1,407346.22
4500090837,00030,IT-3001,Ruggedized Laptop,1010,IT,190.34,EA,7024.29,1,1337003.36
4500090837,00040,SERV-6002,Cleaning Service Cycle,1020,SERV,122.79,EA,5586.7,1,685990.89
4500090838,00010,SPARE-5001,Turbine Blade Set,1010,SPARE,362.37,EA,7275.32,1,2636357.71
4500090838,00020,SPARE-5001,Turbine Blade Set,1020,SPARE,128.21,EA,1843.88,1,236403.85
4500090838,00030,IT-3002,Network Switch 24-port,2010,IT,239.79,EA,1364.96,1,327303.76
4500090838,00040,SERV-6001,Ground Handling Labor Hr,1010,SERV,299.95,HR,6484.93,1,1945154.75
4500090839,00010,MRO-1002,Landing Gear Bushing,1010,MRO,263.1,EA,2056.06,1,540949.39
4500090839,00020,IT-3002,Network Switch 24-port,1010,IT,71.68,EA,3498.43,1,250767.46
4500090839,00030,IT-3001,Ruggedized Laptop,1010,IT,205.32,EA,1349.7,1,277120.4
4500090840,00010,FUEL-2001,Jet A-1 Fuel,1010,FUEL,118.89,L,6465.68,1,768704.7
4500090840,00020,SERV-6002,Cleaning Service Cycle,1010,SERV,356.55,EA,557.71,1,198851.5
4500090840,00030,IT-3002,Network Switch 24-port,1010,IT,408.83,EA,1446.27,1,591278.56
4500090840,00040,SPARE-5002,Brake Disc Assembly,1010,SPARE,277.17,EA,2964.07,1,821551.28
4500090841,00010,SERV-6001,Ground Handling Labor Hr,1010,SERV,252.75,HR,473.66,1,119717.57
4500090842,00010,SPARE-5002,Brake Disc Assembly,1010,SPARE,123.65,EA,1417.66,1,175293.66
4500090842,00020,IT-3001,Ruggedized Laptop,1010,IT,81.88,EA,4855.97,1,397606.82
4500090842,00030,MRO-1002,Landing Gear Bushing,1020,MRO,491.45,EA,1104.52,1,542816.35
4500090843,00010,SERV-6002,Cleaning Service Cycle,1020,SERV,289.16,EA,6704.27,1,1938606.71
4500090843,00020,IT-3002,Network Switch 24-port,2010,IT,262.21,EA,3273.27,1,858284.13
4500090843,00030,SPARE-5002,Brake Disc Assembly,1010,SPARE,63.99,EA,310.61,1,19875.93
4500090844,00010,MRO-1001,Hydraulic Pump Assembly,1010,MRO,157.96,EA,1605.65,1,253628.47
4500090844,00020,IT-3001,Ruggedized Laptop,1010,IT,218.33,EA,5114.86,1,1116727.38
4500090844,00030,SPARE-5002,Brake Disc Assembly,2010,SPARE,432.73,EA,6328.38,1,2738479.88
4500090845,00010,IT-3002,Network Switch 24-port,1020,IT,243.9,EA,3741.47,1,912544.53
4500090845,00020,OFFC-4001,Printer Toner Cartridge,1020,OFFC,441.31,EA,3717.13,1,1640406.64
4500090845,00030,MRO-1001,Hydraulic Pump Assembly,2010,MRO,123.44,EA,1181.39,1,145830.78
4500090845,00040,MRO-1002,Landing Gear Bushing,1020,MRO,148.41,EA,443.89,1,65877.71
4500090846,00010,SPARE-5002,Brake Disc Assembly,1020,SPARE,34.81,EA,2664.99,1,92768.3
4500090847,00010,MRO-1001,Hydraulic Pump Assembly,1020,MRO,255.24,EA,5052.78,1,1289671.57
4500090848,00010,OFFC-4001,Printer Toner Cartridge,1010,OFFC,26.41,EA,4145.64,1,109486.35
4500090848,00020,SPARE-5002,Brake Disc Assembly,2010,SPARE,379.49,EA,3478.6,1,1320093.91
4500090848,00030,MRO-1001,Hydraulic Pump Assembly,2010,MRO,333.49,EA,4392.96,1,1465008.23
4500090849,00010,FUEL-2001,Jet A-1 Fuel,1010,FUEL,71.96,L,7321.66,1,526866.65
4500090849,00020,SERV-6002,Cleaning Service Cycle,1010,SERV,192.56,EA,3167.31,1,609897.21
4500090849,00030,MRO-1001,Hydraulic Pump Assembly,1010,MRO,152.15,EA,7629.41,1,1160814.73
4500090850,00010,MRO-1001,Hydraulic Pump Assembly,1010,MRO,495.52,EA,1323.86,1,655999.11
4500090850,00020,IT-3002,Network Switch 24-port,1010,IT,363.89,EA,6300.36,1,2292638.0
4500090851,00010,SERV-6002,Cleaning Service Cycle,1020,SERV,364.23,EA,2989.49,1,1088861.94
4500090851,00020,IT-3002,Network Switch 24-port,2010,IT,288.94,EA,4392.44,1,1269151.61
4500090851,00030,OFFC-4001,Printer Toner Cartridge,1010,OFFC,316.13,EA,2625.73,1,830072.02
4500090852,00010,SPARE-5002,Brake Disc Assembly,1020,SPARE,136.82,EA,7520.72,1,1028984.91
4500090852,00020,SPARE-5002,Brake Disc Assembly,1010,SPARE,486.41,EA,7930.68,1,3857562.06
4500090852,00030,SERV-6002,Cleaning Service Cycle,1010,SERV,150.87,EA,6907.74,1,1042170.73
4500090852,00040,FUEL-2001,Jet A-1 Fuel,1010,FUEL,277.95,L,6759.02,1,1878669.61
4500090853,00010,SERV-6002,Cleaning Service Cycle,1010,SERV,166.28,EA,667.41,1,110976.93
4500090853,00020,SERV-6002,Cleaning Service Cycle,1010,SERV,241.11,EA,7428.71,1,1791136.27
4500090853,00030,OFFC-4001,Printer Toner Cartridge,1020,OFFC,463.14,EA,474.09,1,219570.04
4500090853,00040,SPARE-5001,Turbine Blade Set,1010,SPARE,77.87,EA,3795.93,1,295589.07
4500090854,00010,SPARE-5001,Turbine Blade Set,1010,SPARE,215.62,EA,1896.19,1,408856.49
4500090854,00020,SERV-6002,Cleaning Service Cycle,2010,SERV,402.46,EA,2702.17,1,1087515.34
4500090855,00010,SERV-6001,Ground Handling Labor Hr,2010,SERV,214.84,HR,7174.72,1,1541416.84
4500090855,00020,FUEL-2001,Jet A-1 Fuel,1010,FUEL,495.93,L,36.66,1,18180.79
4500090856,00010,OFFC-4001,Printer Toner Cartridge,1010,OFFC,50.89,EA,7970.6,1,405623.83
4500090856,00020,MRO-1001,Hydraulic Pump Assembly,1010,MRO,307.57,EA,6575.01,1,2022275.83
4500090856,00030,FUEL-2001,Jet A-1 Fuel,1020,FUEL,448.63,L,6597.04,1,2959630.06
4500090857,00010,SERV-6002,Cleaning Service Cycle,2010,SERV,426.35,EA,1276.0,1,544022.6
4500090857,00020,SERV-6001,Ground Handling Labor Hr,2010,SERV,48.96,HR,4859.74,1,237932.87
4500090857,00030,IT-3002,Network Switch 24-port,2010,IT,16.98,EA,6820.21,1,115807.17
4500090857,00040,FUEL-2001,Jet A-1 Fuel,1020,FUEL,347.76,L,6485.96,1,2255557.45
4500090858,00010,IT-3001,Ruggedized Laptop,1010,IT,121.1,EA,1206.79,1,146142.27
4500090858,00020,MRO-1001,Hydraulic Pump Assembly,1010,MRO,40.65,EA,4709.71,1,191449.71
4500090858,00030,FUEL-2001,Jet A-1 Fuel,1010,FUEL,54.73,L,3602.38,1,197158.26
4500090859,00010,SPARE-5001,Turbine Blade Set,2010,SPARE,62.19,EA,5161.6,1,320999.9
4500090859,00020,SERV-6001,Ground Handling Labor Hr,2010,SERV,364.96,HR,2434.32,1,888429.43
4500090859,00030,IT-3001,Ruggedized Laptop,1020,IT,447.9,EA,5256.33,1,2354310.21
4500090859,00040,FUEL-2001,Jet A-1 Fuel,1010,FUEL,196.01,L,2773.78,1,543688.62
4500090860,00010,SPARE-5002,Brake Disc Assembly,2010,SPARE,67.32,EA,2628.73,1,176966.1
4500090860,00020,SPARE-5001,Turbine Blade Set,2010,SPARE,329.54,EA,7665.36,1,2526042.73
4500090860,00030,FUEL-2001,Jet A-1 Fuel,1020,FUEL,4.71,L,6269.99,1,29531.65
4500090861,00010,IT-3002,Network Switch 24-port,1020,IT,453.75,EA,5771.86,1,2618981.47
4500090861,00020,MRO-1001,Hydraulic Pump Assembly,2010,MRO,385.66,EA,5059.67,1,1951312.33
4500090861,00030,OFFC-4001,Printer Toner Cartridge,1010,OFFC,400.3,EA,2996.73,1,1199591.02
4500090861,00040,MRO-1002,Landing Gear Bushing,2010,MRO,241.92,EA,6598.11,1,1596214.77
4500090862,00010,MRO-1001,Hydraulic Pump Assembly,2010,MRO,228.02,EA,5758.48,1,1313048.61
4500090862,00020,IT-3002,Network Switch 24-port,1010,IT,269.86,EA,6051.07,1,1632941.75
4500090862,00030,IT-3002,Network Switch 24-port,2010,IT,166.97,EA,3270.54,1,546082.06
4500090862,00040,MRO-1002,Landing Gear Bushing,1020,MRO,237.78,EA,7028.31,1,1671191.55
4500090863,00010,MRO-1001,Hydraulic Pump Assembly,2010,MRO,408.55,EA,5354.09,1,2187413.47
4500090863,00020,IT-3002,Network Switch 24-port,1010,IT,198.01,EA,54.19,1,10730.16
4500090863,00030,MRO-1001,Hydraulic Pump Assembly,1010,MRO,111.68,EA,6575.63,1,734366.36
4500090864,00010,SERV-6001,Ground Handling Labor Hr,2010,SERV,434.4,HR,5867.35,1,2548776.84
4500090865,00010,MRO-1002,Landing Gear Bushing,1020,MRO,427.76,EA,7406.52,1,3168213.0
4500090865,00020,SERV-6001,Ground Handling Labor Hr,2010,SERV,363.13,HR,1434.35,1,520855.52
4500090865,00030,IT-3001,Ruggedized Laptop,1020,IT,8.09,EA,3447.41,1,27889.55
4500090866,00010,IT-3002,Network Switch 24-port,1020,IT,336.23,EA,3336.29,1,1121760.79
4500090866,00020,IT-3001,Ruggedized Laptop,1020,IT,364.85,EA,2904.21,1,1059601.02
4500090867,00010,IT-3001,Ruggedized Laptop,1020,IT,33.93,EA,6167.31,1,209256.83
4500090868,00010,SERV-6002,Cleaning Service Cycle,1010,SERV,139.87,EA,684.48,1,95738.22
4500090868,00020,OFFC-4001,Printer Toner Cartridge,2010,OFFC,89.02,EA,6456.68,1,574773.65
4500090868,00030,IT-3002,Network Switch 24-port,2010,IT,362.93,EA,7289.14,1,2645447.58
4500090868,00040,MRO-1002,Landing Gear Bushing,1020,MRO,496.07,EA,1315.09,1,652376.7
4500090869,00010,OFFC-4001,Printer Toner Cartridge,1020,OFFC,426.9,EA,6345.47,1,2708881.14
4500090870,00010,IT-3001,Ruggedized Laptop,1020,IT,417.42,EA,7471.69,1,3118832.84
4500090871,00010,IT-3001,Ruggedized Laptop,2010,IT,2.86,EA,2856.26,1,8168.9
4500090871,00020,OFFC-4001,Printer Toner Cartridge,1010,OFFC,324.71,EA,3335.96,1,1083219.57
4500090871,00030,OFFC-4001,Printer Toner Cartridge,1010,OFFC,431.14,EA,700.1,1,301841.11
4500090871,00040,SERV-6002,Cleaning Service Cycle,2010,SERV,260.74,EA,6133.68,1,1599295.72
4500090872,00010,IT-3001,Ruggedized Laptop,1020,IT,156.72,EA,6580.87,1,1031353.95
4500090872,00020,MRO-1001,Hydraulic Pump Assembly,1020,MRO,429.47,EA,458.21,1,196787.45
4500090872,00030,FUEL-2001,Jet A-1 Fuel,1010,FUEL,348.26,L,6529.23,1,2273869.64
4500090873,00010,SPARE-5001,Turbine Blade Set,1020,SPARE,12.34,EA,7850.41,1,96874.06
4500090873,00020,FUEL-2001,Jet A-1 Fuel,2010,FUEL,356.19,L,6958.65,1,2478601.54
4500090873,00030,SERV-6002,Cleaning Service Cycle,1010,SERV,300.17,EA,818.98,1,245833.23
4500090874,00010,IT-3001,Ruggedized Laptop,2010,IT,25.49,EA,2505.68,1,63869.78
4500090875,00010,IT-3002,Network Switch 24-port,2010,IT,459.5,EA,3372.97,1,1549879.71
4500090876,00010,SPARE-5002,Brake Disc Assembly,1020,SPARE,22.22,EA,6479.81,1,143981.38
4500090877,00010,SERV-6002,Cleaning Service Cycle,1010,SERV,350.65,EA,848.91,1,297670.29
4500090877,00020,SPARE-5002,Brake Disc Assembly,1010,SPARE,109.99,EA,5671.13,1,623767.59
4500090878,00010,SPARE-5002,Brake Disc Assembly,1010,SPARE,274.23,EA,493.79,1,135412.03
4500090878,00020,SERV-6002,Cleaning Service Cycle,2010,SERV,333.77,EA,1555.92,1,519319.42
4500090879,00010,SPARE-5001,Turbine Blade Set,1010,SPARE,128.24,EA,4849.94,1,621956.31
4500090880,00010,IT-3001,Ruggedized Laptop,1010,IT,67.09,EA,340.85,1,22867.63
4500090881,00010,SERV-6002,Cleaning Service Cycle,1010,SERV,2.41,EA,1697.44,1,4090.83
4500090882,00010,FUEL-2001,Jet A-1 Fuel,1020,FUEL,362.43,L,6289.07,1,2279347.64
4500090882,00020,OFFC-4001,Printer Toner Cartridge,2010,OFFC,488.65,EA,3042.22,1,1486580.8
4500090883,00010,IT-3001,Ruggedized Laptop,2010,IT,435.11,EA,6867.75,1,2988226.7
4500090883,00020,IT-3001,Ruggedized Laptop,1020,IT,245.47,EA,7594.16,1,1864138.46
4500090883,00030,MRO-1001,Hydraulic Pump Assembly,1010,MRO,126.8,EA,3477.68,1,440969.82
4500090884,00010,FUEL-2001,Jet A-1 Fuel,1010,FUEL,142.44,L,1432.94,1,204107.97
4500090884,00020,SPARE-5002,Brake Disc Assembly,2010,SPARE,393.06,EA,4246.15,1,1668991.72
4500090884,00030,SPARE-5002,Brake Disc Assembly,1020,SPARE,174.57,EA,5161.12,1,900976.72
4500090885,00010,SPARE-5002,Brake Disc Assembly,1010,SPARE,452.5,EA,156.82,1,70961.05
4500090885,00020,SPARE-5002,Brake Disc Assembly,2010,SPARE,192.91,EA,7892.22,1,1522488.16
4500090886,00010,IT-3002,Network Switch 24-port,1020,IT,431.14,EA,4141.51,1,1785570.62
4500090887,00010,SERV-6001,Ground Handling Labor Hr,2010,SERV,428.07,HR,4603.82,1,1970757.23
4500090887,00020,FUEL-2001,Jet A-1 Fuel,1010,FUEL,314.13,L,7820.06,1,2456515.45
4500090888,00010,FUEL-2001,Jet A-1 Fuel,1020,FUEL,55.12,L,2464.58,1,135847.65
4500090888,00020,IT-3002,Network Switch 24-port,1010,IT,348.32,EA,2190.09,1,762852.15
4500090889,00010,IT-3001,Ruggedized Laptop,1020,IT,163.03,EA,6865.22,1,1119236.82
4500090889,00020,SPARE-5002,Brake Disc Assembly,1020,SPARE,379.7,EA,4269.24,1,1621030.43
4500090890,00010,SPARE-5001,Turbine Blade Set,1020,SPARE,433.41,EA,1655.58,1,717544.93
4500090890,00020,SERV-6001,Ground Handling Labor Hr,2010,SERV,497.98,HR,599.38,1,298479.25
4500090891,00010,MRO-1001,Hydraulic Pump Assembly,1020,MRO,128.97,EA,7347.26,1,947576.12
4500090892,00010,SERV-6002,Cleaning Service Cycle,2010,SERV,60.27,EA,6447.22,1,388573.95
4500090892,00020,SERV-6001,Ground Handling Labor Hr,1010,SERV,373.46,HR,7507.41,1,2803717.34
4500090893,00010,OFFC-4001,Printer Toner Cartridge,1010,OFFC,50.95,EA,4039.53,1,205814.05
4500090893,00020,SERV-6002,Cleaning Service Cycle,1020,SERV,139.56,EA,3428.3,1,478453.55
4500090893,00030,OFFC-4001,Printer Toner Cartridge,1010,OFFC,376.91,EA,4459.17,1,1680705.76
4500090893,00040,MRO-1001,Hydraulic Pump Assembly,2010,MRO,369.71,EA,7846.03,1,2900755.75
4500090894,00010,IT-3001,Ruggedized Laptop,1020,IT,413.81,EA,1597.2,1,660937.33
4500090894,00020,SPARE-5002,Brake Disc Assembly,2010,SPARE,31.58,EA,3606.75,1,113901.16
4500090895,00010,FUEL-2001,Jet A-1 Fuel,1010,FUEL,344.27,L,6672.28,1,2297065.84
4500090895,00020,SPARE-5002,Brake Disc Assembly,1010,SPARE,189.66,EA,1387.57,1,263166.53
4500090895,00030,SERV-6001,Ground Handling Labor Hr,1020,SERV,88.37,HR,6746.4,1,596179.37
4500090895,00040,MRO-1002,Landing Gear Bushing,1010,MRO,43.33,EA,1277.12,1,55337.61
4500090896,00010,FUEL-2001,Jet A-1 Fuel,2010,FUEL,414.56,L,4762.27,1,1974246.65
4500090896,00020,SERV-6002,Cleaning Service Cycle,1010,SERV,108.58,EA,3603.49,1,391266.94
4500090896,00030,SERV-6002,Cleaning Service Cycle,1020,SERV,418.51,EA,3571.7,1,1494792.17
4500090896,00040,IT-3002,Network Switch 24-port,1010,IT,303.53,EA,7411.18,1,2249515.47
4500090897,00010,MRO-1001,Hydraulic Pump Assembly,1010,MRO,115.64,EA,5608.15,1,648526.47
4500090897,00020,SERV-6001,Ground Handling Labor Hr,2010,SERV,240.18,HR,7276.48,1,1747664.97
4500090898,00010,SERV-6001,Ground Handling Labor Hr,1010,SERV,429.29,HR,4358.49,1,1871056.17
4500090899,00010,SERV-6001,Ground Handling Labor Hr,1020,SERV,68.95,HR,1442.91,1,99488.64
4500090899,00020,SPARE-5002,Brake Disc Assembly,1010,SPARE,425.27,EA,1658.3,1,705225.24
4500090899,00030,MRO-1002,Landing Gear Bushing,1010,MRO,259.46,EA,5006.22,1,1298913.84
4500090900,00010,MRO-1001,Hydraulic Pump Assembly,1010,MRO,17.52,EA,112.01,1,1962.42
4500090900,00020,MRO-1001,Hydraulic Pump Assembly,1010,MRO,431.58,EA,5790.26,1,2498960.41
4500090900,00030,OFFC-4001,Printer Toner Cartridge,2010,OFFC,83.3,EA,5942.74,1,495030.24
4500090901,00010,MRO-1001,Hydraulic Pump Assembly,2010,MRO,393.95,EA,5992.8,1,2360863.56
4500090901,00020,MRO-1001,Hydraulic Pump Assembly,1020,MRO,359.89,EA,7907.46,1,2845815.78
4500090901,00030,SPARE-5001,Turbine Blade Set,2010,SPARE,336.42,EA,6361.62,1,2140176.2
4500090902,00010,IT-3002,Network Switch 24-port,1010,IT,246.08,EA,7283.82,1,1792402.43
4500090902,00020,FUEL-2001,Jet A-1 Fuel,2010,FUEL,88.69,L,6110.56,1,541945.57
4500090902,00030,SERV-6002,Cleaning Service Cycle,1020,SERV,394.37,EA,2526.63,1,996427.07
4500090902,00040,MRO-1001,Hydraulic Pump Assembly,1010,MRO,254.06,EA,3749.16,1,952511.59
4500090903,00010,MRO-1002,Landing Gear Bushing,2010,MRO,181.37,EA,4136.81,1,750293.23
4500090903,00020,FUEL-2001,Jet A-1 Fuel,1010,FUEL,203.19,L,4512.75,1,916945.67
4500090903,00030,SPARE-5001,Turbine Blade Set,1010,SPARE,75.49,EA,2169.89,1,163805.0
4500090904,00010,SERV-6001,Ground Handling Labor Hr,1010,SERV,357.43,HR,5007.63,1,1789877.19
4500090905,00010,MRO-1002,Landing Gear Bushing,1010,MRO,31.3,EA,6419.91,1,200943.18
4500090905,00020,SPARE-5001,Turbine Blade Set,2010,SPARE,127.15,EA,4238.03,1,538865.51
4500090906,00010,SPARE-5002,Brake Disc Assembly,1010,SPARE,440.35,EA,2007.14,1,883844.1
4500090906,00020,SPARE-5001,Turbine Blade Set,2010,SPARE,359.37,EA,1517.72,1,545423.04
4500090906,00030,MRO-1002,Landing Gear Bushing,2010,MRO,200.45,EA,1952.97,1,391472.84
4500090906,00040,MRO-1002,Landing Gear Bushing,2010,MRO,71.61,EA,3212.66,1,230058.58
4500090907,00010,IT-3001,Ruggedized Laptop,1010,IT,439.84,EA,6056.71,1,2663983.33
4500090908,00010,MRO-1001,Hydraulic Pump Assembly,2010,MRO,411.2,EA,2347.17,1,965156.3
4500090908,00020,SPARE-5001,Turbine Blade Set,1020,SPARE,79.18,EA,7570.21,1,599409.23
4500090908,00030,IT-3002,Network Switch 24-port,1020,IT,433.27,EA,357.71,1,154985.01
4500090908,00040,IT-3001,Ruggedized Laptop,2010,IT,360.84,EA,2965.0,1,1069890.6
4500090909,00010,SPARE-5001,Turbine Blade Set,2010,SPARE,396.25,EA,6907.41,1,2737061.21
4500090909,00020,SERV-6002,Cleaning Service Cycle,1010,SERV,480.03,EA,4252.23,1,2041197.97
4500090909,00030,IT-3001,Ruggedized Laptop,2010,IT,365.66,EA,2959.61,1,1082210.99
4500090910,00010,SERV-6002,Cleaning Service Cycle,2010,SERV,416.04,EA,511.01,1,212600.6
4500090910,00020,OFFC-4001,Printer Toner Cartridge,1010,OFFC,19.73,EA,5500.88,1,108532.36
4500090910,00030,IT-3002,Network Switch 24-port,1010,IT,120.17,EA,7333.56,1,881273.91
4500090910,00040,OFFC-4001,Printer Toner Cartridge,2010,OFFC,97.97,EA,4219.18,1,413353.06
4500090911,00010,SERV-6002,Cleaning Service Cycle,1010,SERV,227.92,EA,3742.27,1,852938.18
4500090912,00010,IT-3001,Ruggedized Laptop,1010,IT,68.22,EA,5159.35,1,351970.86
4500090912,00020,MRO-1001,Hydraulic Pump Assembly,2010,MRO,441.31,EA,6841.41,1,3019182.65
4500090912,00030,MRO-1002,Landing Gear Bushing,2010,MRO,478.15,EA,7346.68,1,3512815.04
4500090912,00040,SERV-6001,Ground Handling Labor Hr,1020,SERV,248.84,HR,7694.37,1,1914667.03
4500090913,00010,MRO-1001,Hydraulic Pump Assembly,1020,MRO,293.46,EA,2690.02,1,789413.27
4500090914,00010,SPARE-5002,Brake Disc Assembly,2010,SPARE,318.78,EA,3988.87,1,1271571.98
4500090914,00020,IT-3002,Network Switch 24-port,2010,IT,411.7,EA,4776.66,1,1966550.92
4500090914,00030,SPARE-5001,Turbine Blade Set,2010,SPARE,458.42,EA,7060.6,1,3236720.25
4500090915,00010,SERV-6002,Cleaning Service Cycle,2010,SERV,36.39,EA,1002.93,1,36496.62
4500090915,00020,SERV-6002,Cleaning Service Cycle,1010,SERV,144.13,EA,4323.05,1,623081.2
4500090915,00030,IT-3001,Ruggedized Laptop,1010,IT,199.1,EA,3829.23,1,762399.69
4500090916,00010,IT-3001,Ruggedized Laptop,1020,IT,226.19,EA,2694.83,1,609543.6
4500090917,00010,OFFC-4001,Printer Toner Cartridge,1020,OFFC,315.61,EA,6228.59,1,1965805.29
4500090918,00010,FUEL-2001,Jet A-1 Fuel,1010,FUEL,213.83,L,6775.37,1,1448777.37
4500090919,00010,SPARE-5001,Turbine Blade Set,1020,SPARE,77.84,EA,3655.92,1,284576.81
4500090920,00010,SPARE-5001,Turbine Blade Set,2010,SPARE,255.03,EA,1483.56,1,378352.31
4500090921,00010,IT-3002,Network Switch 24-port,1010,IT,375.08,EA,341.93,1,128251.1
4500090921,00020,IT-3002,Network Switch 24-port,2010,IT,448.28,EA,59.57,1,26704.04
4500090921,00030,SPARE-5002,Brake Disc Assembly,1010,SPARE,390.34,EA,2754.02,1,1075004.17
4500090922,00010,OFFC-4001,Printer Toner Cartridge,1010,OFFC,307.64,EA,1010.61,1,310904.06
4500090922,00020,OFFC-4001,Printer Toner Cartridge,2010,OFFC,226.32,EA,5557.86,1,1257854.88
4500090923,00010,SPARE-5002,Brake Disc Assembly,1010,SPARE,495.96,EA,4671.53,1,2316892.02
4500090924,00010,MRO-1002,Landing Gear Bushing,2010,MRO,444.69,EA,2378.47,1,1057681.82
4500090924,00020,OFFC-4001,Printer Toner Cartridge,2010,OFFC,290.06,EA,5101.48,1,1479735.29
4500090924,00030,IT-3001,Ruggedized Laptop,1020,IT,74.32,EA,4531.41,1,336774.39
4500090924,00040,MRO-1001,Hydraulic Pump Assembly,2010,MRO,386.38,EA,7100.96,1,2743668.92
4500090925,00010,SPARE-5001,Turbine Blade Set,1010,SPARE,202.7,EA,4487.59,1,909634.49
4500090925,00020,SPARE-5001,Turbine Blade Set,2010,SPARE,311.49,EA,203.23,1,63304.11
4500090926,00010,FUEL-2001,Jet A-1 Fuel,2010,FUEL,374.89,L,2489.82,1,933408.62
4500090926,00020,IT-3001,Ruggedized Laptop,2010,IT,260.48,EA,1778.77,1,463334.01
4500090926,00030,SERV-6002,Cleaning Service Cycle,2010,SERV,454.02,EA,5208.51,1,2364767.71
4500090926,00040,FUEL-2001,Jet A-1 Fuel,1010,FUEL,328.97,L,4498.0,1,1479707.06
4500090927,00010,MRO-1001,Hydraulic Pump Assembly,1010,MRO,275.08,EA,6794.79,1,1869110.83
4500090927,00020,SPARE-5001,Turbine Blade Set,2010,SPARE,295.67,EA,2882.6,1,852298.34
4500090927,00030,FUEL-2001,Jet A-1 Fuel,2010,FUEL,217.64,L,2142.99,1,466400.34
4500090928,00010,SPARE-5001,Turbine Blade Set,1010,SPARE,50.03,EA,6648.3,1,332614.45
4500090928,00020,IT-3001,Ruggedized Laptop,1020,IT,403.81,EA,2523.28,1,1018925.7
4500090928,00030,MRO-1002,Landing Gear Bushing,1020,MRO,126.71,EA,1552.49,1,196716.01
4500090928,00040,SPARE-5001,Turbine Blade Set,1020,SPARE,271.19,EA,1939.99,1,526105.89
4500090929,00010,MRO-1001,Hydraulic Pump Assembly,1020,MRO,4.25,EA,6820.62,1,28987.63
4500090929,00020,SERV-6002,Cleaning Service Cycle,1010,SERV,195.95,EA,7084.17,1,1388143.11
4500090930,00010,MRO-1001,Hydraulic Pump Assembly,2010,MRO,24.91,EA,548.46,1,13662.14
4500090930,00020,MRO-1001,Hydraulic Pump Assembly,1020,MRO,306.42,EA,2248.39,1,688951.66
4500090930,00030,SERV-6002,Cleaning Service Cycle,1010,SERV,37.51,EA,5907.09,1,221574.95
4500090931,00010,MRO-1001,Hydraulic Pump Assembly,1020,MRO,365.26,EA,1779.68,1,650045.92
4500090931,00020,IT-3002,Network Switch 24-port,1020,IT,9.39,EA,3972.24,1,37299.33
4500090932,00010,FUEL-2001,Jet A-1 Fuel,2010,FUEL,298.56,L,2769.51,1,826864.91
4500090932,00020,MRO-1002,Landing Gear Bushing,2010,MRO,373.19,EA,3946.91,1,1472947.34
4500090932,00030,SPARE-5002,Brake Disc Assembly,1010,SPARE,461.49,EA,7386.26,1,3408685.13
4500090932,00040,SERV-6002,Cleaning Service Cycle,1020,SERV,349.94,EA,4822.35,1,1687533.16
4500090933,00010,SPARE-5002,Brake Disc Assembly,1020,SPARE,116.82,EA,7499.19,1,876055.38
4500090933,00020,OFFC-4001,Printer Toner Cartridge,1020,OFFC,357.74,EA,1386.56,1,496027.97
4500090934,00010,MRO-1002,Landing Gear Bushing,1020,MRO,40.22,EA,1323.79,1,53242.83
4500090934,00020,MRO-1002,Landing Gear Bushing,2010,MRO,110.22,EA,3386.76,1,373288.69
4500090935,00010,IT-3001,Ruggedized Laptop,2010,IT,224.3,EA,7133.38,1,1600017.13
4500090935,00020,IT-3002,Network Switch 24-port,2010,IT,154.24,EA,4748.59,1,732422.52
4500090936,00010,SPARE-5001,Turbine Blade Set,1010,SPARE,138.42,EA,7959.53,1,1101758.14
4500090937,00010,SPARE-5002,Brake Disc Assembly,2010,SPARE,370.72,EA,4007.27,1,1485575.13
4500090937,00020,FUEL-2001,Jet A-1 Fuel,1010,FUEL,457.67,L,619.92,1,283718.79
4500090938,00010,SERV-6001,Ground Handling Labor Hr,2010,SERV,465.36,HR,3370.54,1,1568514.49
4500090938,00020,SERV-6001,Ground Handling Labor Hr,2010,SERV,170.73,HR,6641.38,1,1133882.81
4500090938,00030,SERV-6002,Cleaning Service Cycle,1010,SERV,219.53,EA,6067.87,1,1332079.5
4500090939,00010,IT-3001,Ruggedized Laptop,2010,IT,286.64,EA,3608.15,1,1034240.12
4500090939,00020,MRO-1001,Hydraulic Pump Assembly,2010,MRO,246.92,EA,5628.5,1,1389789.22
4500090939,00030,SPARE-5001,Turbine Blade Set,1010,SPARE,201.99,EA,7418.3,1,1498422.42
4500090940,00010,MRO-1001,Hydraulic Pump Assembly,2010,MRO,183.18,EA,37.97,1,6955.34
4500090940,00020,FUEL-2001,Jet A-1 Fuel,1010,FUEL,43.09,L,6728.63,1,289936.67
4500090941,00010,OFFC-4001,Printer Toner Cartridge,1010,OFFC,270.0,EA,3589.31,1,969113.7
4500090942,00010,SERV-6002,Cleaning Service Cycle,1020,SERV,70.23,EA,4551.58,1,319657.46
4500090943,00010,FUEL-2001,Jet A-1 Fuel,1020,FUEL,64.31,L,7350.32,1,472699.08
4500090944,00010,FUEL-2001,Jet A-1 Fuel,2010,FUEL,149.77,L,4852.67,1,726784.39
4500090944,00020,SERV-6002,Cleaning Service Cycle,2010,SERV,256.59,EA,5043.54,1,1294121.93
4500090944,00030,MRO-1002,Landing Gear Bushing,2010,MRO,142.5,EA,3625.87,1,516686.47
4500090945,00010,SERV-6001,Ground Handling Labor Hr,1010,SERV,201.43,HR,3136.16,1,631716.71
4500090945,00020,SERV-6001,Ground Handling Labor Hr,1010,SERV,384.78,HR,5260.68,1,2024204.45
4500090946,00010,SPARE-5002,Brake Disc Assembly,2010,SPARE,305.61,EA,3949.92,1,1207135.05
4500090946,00020,FUEL-2001,Jet A-1 Fuel,1020,FUEL,428.65,L,4605.25,1,1974040.41
4500090946,00030,SERV-6001,Ground Handling Labor Hr,1010,SERV,249.12,HR,6767.18,1,1685839.88
4500090946,00040,OFFC-4001,Printer Toner Cartridge,2010,OFFC,258.54,EA,1585.31,1,409866.05
4500090947,00010,OFFC-4001,Printer Toner Cartridge,1010,OFFC,26.88,EA,2169.23,1,58308.9
4500090947,00020,OFFC-4001,Printer Toner Cartridge,2010,OFFC,378.03,EA,3133.43,1,1184530.54
4500090948,00010,IT-3002,Network Switch 24-port,2010,IT,449.98,EA,1423.74,1,640654.53
4500090948,00020,OFFC-4001,Printer Toner Cartridge,1010,OFFC,426.39,EA,2161.21,1,921518.33
4500090949,00010,FUEL-2001,Jet A-1 Fuel,1010,FUEL,319.51,L,5078.91,1,1622762.53
4500090949,00020,SERV-6001,Ground Handling Labor Hr,1020,SERV,369.94,HR,6777.01,1,2507087.08
4500090949,00030,IT-3001,Ruggedized Laptop,2010,IT,433.28,EA,1572.65,1,681397.79
4500090950,00010,SERV-6001,Ground Handling Labor Hr,1020,SERV,380.99,HR,5784.92,1,2203996.67
4500090950,00020,FUEL-2001,Jet A-1 Fuel,1010,FUEL,457.06,L,2759.94,1,1261458.18
4500090951,00010,IT-3001,Ruggedized Laptop,1010,IT,430.36,EA,7517.84,1,3235377.62
4500090952,00010,SPARE-5001,Turbine Blade Set,1010,SPARE,474.84,EA,4478.31,1,2126480.72
4500090952,00020,SERV-6002,Cleaning Service Cycle,2010,SERV,160.9,EA,3912.39,1,629503.55
4500090952,00030,IT-3002,Network Switch 24-port,1010,IT,412.61,EA,1809.17,1,746481.63
4500090953,00010,MRO-1001,Hydraulic Pump Assembly,1020,MRO,100.37,EA,6667.54,1,669220.99
4500090953,00020,SERV-6002,Cleaning Service Cycle,1010,SERV,118.77,EA,6351.74,1,754396.16
4500090954,00010,MRO-1002,Landing Gear Bushing,1010,MRO,164.06,EA,2635.57,1,432391.61
4500090954,00020,IT-3001,Ruggedized Laptop,1010,IT,364.74,EA,2941.56,1,1072904.59
4500090954,00030,SPARE-5001,Turbine Blade Set,2010,SPARE,238.45,EA,6770.09,1,1614327.96
4500090954,00040,MRO-1002,Landing Gear Bushing,1020,MRO,119.84,EA,3421.48,1,410030.16
4500090955,00010,OFFC-4001,Printer Toner Cartridge,2010,OFFC,89.49,EA,3075.8,1,275253.34
4500090956,00010,MRO-1001,Hydraulic Pump Assembly,2010,MRO,136.57,EA,1055.61,1,144164.66
4500090956,00020,SERV-6001,Ground Handling Labor Hr,1020,SERV,279.34,HR,6140.55,1,1715301.24
4500090956,00030,FUEL-2001,Jet A-1 Fuel,2010,FUEL,445.2,L,7482.69,1,3331293.59
4500090956,00040,SPARE-5001,Turbine Blade Set,2010,SPARE,208.63,EA,7645.26,1,1595030.59
4500090957,00010,SPARE-5002,Brake Disc Assembly,2010,SPARE,353.34,EA,4091.46,1,1445676.48
4500090957,00020,IT-3002,Network Switch 24-port,2010,IT,271.13,EA,2729.5,1,740049.33
4500090958,00010,SERV-6002,Cleaning Service Cycle,2010,SERV,455.33,EA,7741.72,1,3525037.37
4500090958,00020,SPARE-5001,Turbine Blade Set,1010,SPARE,492.71,EA,222.66,1,109706.81
4500090958,00030,MRO-1001,Hydraulic Pump Assembly,1020,MRO,22.39,EA,6416.94,1,143675.29
4500090959,00010,OFFC-4001,Printer Toner Cartridge,1010,OFFC,434.37,EA,572.56,1,248702.89
4500090960,00010,IT-3002,Network Switch 24-port,2010,IT,152.33,EA,6811.95,1,1037664.34
4500090961,00010,SPARE-5002,Brake Disc Assembly,2010,SPARE,449.54,EA,6314.84,1,2838773.17
4500090961,00020,IT-3002,Network Switch 24-port,1010,IT,321.93,EA,1214.64,1,391029.06
4500090961,00030,FUEL-2001,Jet A-1 Fuel,2010,FUEL,183.78,L,4132.21,1,759417.55
4500090961,00040,FUEL-2001,Jet A-1 Fuel,1010,FUEL,459.7,L,2317.55,1,1065377.74
4500090962,00010,IT-3001,Ruggedized Laptop,2010,IT,303.68,EA,7031.74,1,2135398.8
4500090962,00020,MRO-1001,Hydraulic Pump Assembly,1010,MRO,313.83,EA,5000.06,1,1569168.83
4500090963,00010,IT-3001,Ruggedized Laptop,1010,IT,359.05,EA,3716.22,1,1334308.79
4500090963,00020,SERV-6001,Ground Handling Labor Hr,2010,SERV,83.36,HR,3783.85,1,315421.74
4500090964,00010,OFFC-4001,Printer Toner Cartridge,2010,OFFC,130.91,EA,7786.9,1,1019383.08
4500090964,00020,IT-3002,Network Switch 24-port,2010,IT,242.43,EA,3043.7,1,737884.19
4500090964,00030,MRO-1001,Hydraulic Pump Assembly,2010,MRO,163.39,EA,4956.52,1,809845.8
4500090964,00040,SPARE-5002,Brake Disc Assembly,1010,SPARE,191.82,EA,5268.27,1,1010559.55
4500090965,00010,MRO-1002,Landing Gear Bushing,1020,MRO,229.13,EA,1736.25,1,397826.96
4500090965,00020,IT-3001,Ruggedized Laptop,1010,IT,462.97,EA,5250.06,1,2430620.28
4500090966,00010,FUEL-2001,Jet A-1 Fuel,1020,FUEL,477.72,L,5867.78,1,2803155.86
4500090966,00020,SERV-6002,Cleaning Service Cycle,2010,SERV,38.61,EA,2439.52,1,94189.87
4500090966,00030,SERV-6001,Ground Handling Labor Hr,1020,SERV,72.79,HR,7175.72,1,522320.66
4500090966,00040,OFFC-4001,Printer Toner Cartridge,2010,OFFC,351.53,EA,1971.28,1,692964.06
4500090967,00010,SPARE-5002,Brake Disc Assembly,1010,SPARE,368.82,EA,7062.4,1,2604754.37
4500090967,00020,FUEL-2001,Jet A-1 Fuel,1010,FUEL,404.31,L,2332.95,1,943235.01
4500090967,00030,SERV-6002,Cleaning Service Cycle,2010,SERV,166.98,EA,6926.16,1,1156530.2
4500090967,00040,SPARE-5002,Brake Disc Assembly,1010,SPARE,306.0,EA,5805.74,1,1776556.44
4500090968,00010,MRO-1002,Landing Gear Bushing,2010,MRO,81.88,EA,2662.26,1,217985.85
4500090968,00020,SERV-6002,Cleaning Service Cycle,1020,SERV,234.79,EA,4225.46,1,992095.75
4500090968,00030,MRO-1002,Landing Gear Bushing,1020,MRO,107.9,EA,5669.19,1,611705.6
4500090968,00040,FUEL-2001,Jet A-1 Fuel,2010,FUEL,290.21,L,4475.33,1,1298785.52
4500090969,00010,SERV-6001,Ground Handling Labor Hr,1010,SERV,95.03,HR,320.5,1,30457.12
4500090970,00010,SERV-6001,Ground Handling Labor Hr,2010,SERV,179.32,HR,1909.63,1,342434.85
4500090970,00020,SPARE-5001,Turbine Blade Set,1010,SPARE,462.23,EA,6393.56,1,2955295.24
4500090970,00030,IT-3001,Ruggedized Laptop,1010,IT,9.65,EA,7824.36,1,75505.07
4500090971,00010,FUEL-2001,Jet A-1 Fuel,2010,FUEL,477.09,L,6978.61,1,3329425.04
4500090971,00020,MRO-1002,Landing Gear Bushing,2010,MRO,12.4,EA,1210.74,1,15013.18
4500090971,00030,FUEL-2001,Jet A-1 Fuel,2010,FUEL,389.83,L,5843.54,1,2277987.2
4500090972,00010,SERV-6001,Ground Handling Labor Hr,1010,SERV,97.23,HR,4904.4,1,476854.81
4500090972,00020,MRO-1001,Hydraulic Pump Assembly,1010,MRO,288.7,EA,7937.58,1,2291579.35
4500090972,00030,IT-3001,Ruggedized Laptop,2010,IT,343.7,EA,4008.92,1,1377865.8
4500090973,00010,MRO-1002,Landing Gear Bushing,1020,MRO,433.5,EA,7393.42,1,3205047.57
4500090973,00020,SPARE-5001,Turbine Blade Set,1010,SPARE,233.81,EA,5288.26,1,1236448.07
4500090974,00010,MRO-1002,Landing Gear Bushing,1010,MRO,65.62,EA,1462.04,1,95939.06
4500090974,00020,SERV-6002,Cleaning Service Cycle,2010,SERV,361.11,EA,3583.0,1,1293857.13
4500090974,00030,OFFC-4001,Printer Toner Cartridge,1020,OFFC,331.2,EA,7405.73,1,2452777.78
4500090974,00040,IT-3001,Ruggedized Laptop,2010,IT,99.78,EA,4991.33,1,498034.91
4500090975,00010,SERV-6001,Ground Handling Labor Hr,2010,SERV,7.69,HR,1447.12,1,11128.35
4500090975,00020,IT-3002,Network Switch 24-port,1020,IT,388.55,EA,846.96,1,329086.31
4500090976,00010,MRO-1001,Hydraulic Pump Assembly,1010,MRO,288.64,EA,2626.58,1,758136.05
4500090976,00020,FUEL-2001,Jet A-1 Fuel,1010,FUEL,298.57,L,3017.1,1,900815.55
4500090976,00030,SERV-6002,Cleaning Service Cycle,1020,SERV,97.63,EA,6778.05,1,661741.02
4500090977,00010,SERV-6002,Cleaning Service Cycle,1010,SERV,248.78,EA,156.37,1,38901.73
4500090977,00020,IT-3001,Ruggedized Laptop,1020,IT,484.47,EA,966.83,1,468400.13
4500090978,00010,IT-3001,Ruggedized Laptop,1010,IT,423.32,EA,2089.67,1,884599.1
4500090978,00020,FUEL-2001,Jet A-1 Fuel,1010,FUEL,13.8,L,7921.0,1,109309.8
4500090979,00010,MRO-1001,Hydraulic Pump Assembly,1020,MRO,84.01,EA,4963.01,1,416942.47
4500090979,00020,MRO-1002,Landing Gear Bushing,1010,MRO,216.18,EA,6898.48,1,1491313.41
4500090979,00030,SPARE-5001,Turbine Blade Set,1020,SPARE,114.87,EA,1029.33,1,118239.14
4500090980,00010,IT-3002,Network Switch 24-port,1010,IT,17.16,EA,488.01,1,8374.25
4500090980,00020,SERV-6002,Cleaning Service Cycle,1020,SERV,182.23,EA,7242.67,1,1319831.75
4500090981,00010,SPARE-5002,Brake Disc Assembly,1020,SPARE,295.47,EA,6231.48,1,1841215.4
4500090981,00020,OFFC-4001,Printer Toner Cartridge,1010,OFFC,143.24,EA,6751.17,1,967037.59
4500090981,00030,IT-3002,Network Switch 24-port,1020,IT,240.31,EA,869.27,1,208894.27
4500090982,00010,IT-3001,Ruggedized Laptop,1020,IT,14.3,EA,7293.51,1,104297.19
4500090983,00010,SPARE-5001,Turbine Blade Set,2010,SPARE,258.62,EA,4364.09,1,1128640.96
4500090983,00020,MRO-1002,Landing Gear Bushing,1020,MRO,406.36,EA,5368.15,1,2181401.43
4500090984,00010,MRO-1002,Landing Gear Bushing,1020,MRO,98.55,EA,358.76,1,35355.8
4500090984,00020,MRO-1002,Landing Gear Bushing,1010,MRO,124.0,EA,3706.33,1,459584.92
4500090984,00030,OFFC-4001,Printer Toner Cartridge,1020,OFFC,40.77,EA,401.43,1,16366.3
4500090984,00040,OFFC-4001,Printer Toner Cartridge,1020,OFFC,485.01,EA,7632.02,1,3701606.02
4500090985,00010,FUEL-2001,Jet A-1 Fuel,2010,FUEL,175.12,L,6878.05,1,1204484.12
4500090985,00020,OFFC-4001,Printer Toner Cartridge,2010,OFFC,223.96,EA,5633.19,1,1261609.23
4500090985,00030,IT-3002,Network Switch 24-port,2010,IT,248.59,EA,1652.4,1,410770.12
4500090985,00040,MRO-1001,Hydraulic Pump Assembly,1010,MRO,167.55,EA,7998.07,1,1340076.63
4500090986,00010,MRO-1002,Landing Gear Bushing,1010,MRO,177.26,EA,531.31,1,94180.01
4500090986,00020,FUEL-2001,Jet A-1 Fuel,1010,FUEL,350.04,L,3810.53,1,1333837.92
4500090987,00010,MRO-1002,Landing Gear Bushing,2010,MRO,397.76,EA,423.61,1,168495.11
4500090988,00010,SERV-6001,Ground Handling Labor Hr,2010,SERV,384.37,HR,4425.24,1,1700929.5
4500090988,00020,SERV-6002,Cleaning Service Cycle,2010,SERV,378.89,EA,6866.2,1,2601534.52
4500090989,00010,FUEL-2001,Jet A-1 Fuel,2010,FUEL,22.11,L,4892.26,1,108167.87
4500090989,00020,MRO-1001,Hydraulic Pump Assembly,2010,MRO,404.11,EA,2395.08,1,967875.78
4500090989,00030,SPARE-5002,Brake Disc Assembly,2010,SPARE,464.7,EA,3172.1,1,1474074.87
4500090990,00010,SPARE-5001,Turbine Blade Set,1020,SPARE,191.73,EA,4461.21,1,855347.79
4500090991,00010,SPARE-5002,Brake Disc Assembly,1010,SPARE,240.47,EA,2144.07,1,515584.51
4500090992,00010,SERV-6002,Cleaning Service Cycle,2010,SERV,223.59,EA,136.99,1,30629.59
4500090993,00010,SERV-6001,Ground Handling Labor Hr,1010,SERV,230.91,HR,7234.53,1,1670525.32
4500090994,00010,SERV-6001,Ground Handling Labor Hr,1010,SERV,471.91,HR,6397.5,1,3019044.23
4500090995,00010,MRO-1001,Hydraulic Pump Assembly,2010,MRO,365.75,EA,4309.26,1,1576111.84
4500090995,00020,SERV-6002,Cleaning Service Cycle,2010,SERV,482.33,EA,7423.87,1,3580755.22
4500090995,00030,MRO-1001,Hydraulic Pump Assembly,2010,MRO,407.84,EA,6814.18,1,2779095.17
4500090995,00040,SPARE-5001,Turbine Blade Set,1010,SPARE,447.19,EA,2446.83,1,1094197.91
4500090996,00010,MRO-1001,Hydraulic Pump Assembly,1010,MRO,270.01,EA,512.48,1,138374.72
4500090996,00020,IT-3002,Network Switch 24-port,1020,IT,270.51,EA,3361.92,1,909432.98
4500090996,00030,SPARE-5002,Brake Disc Assembly,1010,SPARE,333.63,EA,6633.91,1,2213271.39
4500090996,00040,IT-3001,Ruggedized Laptop,2010,IT,190.74,EA,699.32,1,133388.3
4500090997,00010,FUEL-2001,Jet A-1 Fuel,2010,FUEL,300.35,L,3399.33,1,1020988.77
4500090997,00020,FUEL-2001,Jet A-1 Fuel,2010,FUEL,232.22,L,6022.21,1,1398477.61
4500090997,00030,SPARE-5002,Brake Disc Assembly,1010,SPARE,332.63,EA,419.2,1,139438.5
4500090998,00010,OFFC-4001,Printer Toner Cartridge,2010,OFFC,214.15,EA,3964.96,1,849096.18
4500090999,00010,MRO-1002,Landing Gear Bushing,2010,MRO,389.74,EA,3692.71,1,1439196.8
4500090999,00020,SPARE-5001,Turbine Blade Set,2010,SPARE,91.68,EA,5127.19,1,470060.78
4500090999,00030,SPARE-5001,Turbine Blade Set,2010,SPARE,351.3,EA,2278.66,1,800493.26
4500091000,00010,SERV-6001,Ground Handling Labor Hr,1010,SERV,156.88,HR,536.78,1,84210.05
4500091000,00020,FUEL-2001,Jet A-1 Fuel,1010,FUEL,280.86,L,835.63,1,234695.04
4500091000,00030,FUEL-2001,Jet A-1 Fuel,1010,FUEL,490.63,L,2857.46,1,1401955.6
4500091000,00040,SPARE-5001,Turbine Blade Set,1010,SPARE,138.33,EA,4382.76,1,606267.19
4500091001,00010,FUEL-2001,Jet A-1 Fuel,1010,FUEL,492.52,L,3173.6,1,1563061.47
4500091001,00020,SERV-6001,Ground Handling Labor Hr,1020,SERV,223.14,HR,4614.49,1,1029677.3
4500091001,00030,MRO-1001,Hydraulic Pump Assembly,1020,MRO,312.0,EA,526.01,1,164115.12
4500091001,00040,MRO-1002,Landing Gear Bushing,2010,MRO,108.01,EA,6640.98,1,717292.25
4500091002,00010,IT-3001,Ruggedized Laptop,1010,IT,107.46,EA,5763.32,1,619326.37
4500091003,00010,OFFC-4001,Printer Toner Cartridge,1010,OFFC,390.1,EA,5608.65,1,2187934.36
4500091003,00020,OFFC-4001,Printer Toner Cartridge,1020,OFFC,453.31,EA,2241.76,1,1016212.23
4500091003,00030,SPARE-5002,Brake Disc Assembly,1010,SPARE,73.18,EA,1014.06,1,74208.91
4500091003,00040,SPARE-5001,Turbine Blade Set,1010,SPARE,159.62,EA,271.9,1,43400.68
4500091004,00010,MRO-1002,Landing Gear Bushing,1020,MRO,386.43,EA,1031.68,1,398672.1
4500091004,00020,SERV-6002,Cleaning Service Cycle,2010,SERV,269.58,EA,6029.01,1,1625300.52
4500091004,00030,MRO-1001,Hydraulic Pump Assembly,2010,MRO,273.81,EA,7652.28,1,2095270.79
4500091004,00040,MRO-1001,Hydraulic Pump Assembly,2010,MRO,433.28,EA,3704.57,1,1605116.09
4500091005,00010,OFFC-4001,Printer Toner Cartridge,2010,OFFC,311.65,EA,7354.55,1,2292045.51
4500091005,00020,SPARE-5001,Turbine Blade Set,2010,SPARE,473.65,EA,4376.4,1,2072881.86
4500091006,00010,MRO-1002,Landing Gear Bushing,1020,MRO,164.34,EA,4715.05,1,774871.32
4500091006,00020,MRO-1001,Hydraulic Pump Assembly,2010,MRO,56.21,EA,4917.3,1,276401.43
4500091006,00030,SERV-6002,Cleaning Service Cycle,2010,SERV,340.08,EA,487.53,1,165799.2
4500091007,00010,SPARE-5002,Brake Disc Assembly,1010,SPARE,40.22,EA,5468.47,1,219941.86
4500091008,00010,SPARE-5001,Turbine Blade Set,1010,SPARE,487.96,EA,5188.0,1,2531536.48
4500091008,00020,SERV-6001,Ground Handling Labor Hr,2010,SERV,290.06,HR,2634.68,1,764215.28
4500091009,00010,IT-3002,Network Switch 24-port,1010,IT,265.65,EA,4651.3,1,1235617.84
4500091009,00020,MRO-1001,Hydraulic Pump Assembly,1020,MRO,147.37,EA,3023.16,1,445523.09
4500091010,00010,OFFC-4001,Printer Toner Cartridge,1010,OFFC,394.8,EA,2111.8,1,833738.64
4500091011,00010,SERV-6002,Cleaning Service Cycle,1020,SERV,225.86,EA,7624.87,1,1722153.14
4500091012,00010,IT-3002,Network Switch 24-port,1010,IT,399.67,EA,7009.57,1,2801514.84
4500091012,00020,FUEL-2001,Jet A-1 Fuel,1020,FUEL,385.44,L,2705.33,1,1042742.4
4500091012,00030,MRO-1001,Hydraulic Pump Assembly,2010,MRO,55.09,EA,5068.34,1,279214.85
4500091013,00010,FUEL-2001,Jet A-1 Fuel,1020,FUEL,76.93,L,1464.73,1,112681.68
4500091014,00010,SERV-6002,Cleaning Service Cycle,1010,SERV,34.6,EA,241.44,1,8353.82
4500091014,00020,FUEL-2001,Jet A-1 Fuel,1010,FUEL,141.18,L,7868.28,1,1110843.77
4500091014,00030,OFFC-4001,Printer Toner Cartridge,1020,OFFC,455.45,EA,6817.26,1,3104921.07
4500091015,00010,SPARE-5002,Brake Disc Assembly,1020,SPARE,294.82,EA,7856.19,1,2316161.94
4500091016,00010,MRO-1001,Hydraulic Pump Assembly,1010,MRO,465.56,EA,2200.11,1,1024283.21
4500091016,00020,SPARE-5001,Turbine Blade Set,2010,SPARE,396.47,EA,6824.88,1,2705860.17
4500091016,00030,SPARE-5001,Turbine Blade Set,1010,SPARE,38.99,EA,5848.97,1,228051.34
4500091016,00040,MRO-1001,Hydraulic Pump Assembly,2010,MRO,102.74,EA,2024.8,1,208027.95
4500091017,00010,SPARE-5002,Brake Disc Assembly,2010,SPARE,277.5,EA,7790.15,1,2161766.62
4500091018,00010,SERV-6001,Ground Handling Labor Hr,1020,SERV,162.83,HR,2040.68,1,332283.92
4500091018,00020,MRO-1001,Hydraulic Pump Assembly,1020,MRO,16.69,EA,7557.69,1,126137.85
4500091019,00010,MRO-1002,Landing Gear Bushing,1010,MRO,56.59,EA,7556.83,1,427641.01
4500091019,00020,SPARE-5002,Brake Disc Assembly,2010,SPARE,143.45,EA,4307.39,1,617895.1
4500091020,00010,IT-3001,Ruggedized Laptop,2010,IT,332.58,EA,5167.62,1,1718647.06
4500091020,00020,FUEL-2001,Jet A-1 Fuel,2010,FUEL,245.15,L,265.03,1,64972.1
4500091021,00010,MRO-1002,Landing Gear Bushing,1010,MRO,303.76,EA,3108.46,1,944225.81
4500091022,00010,SERV-6001,Ground Handling Labor Hr,2010,SERV,252.02,HR,1175.71,1,296302.43
4500091022,00020,IT-3001,Ruggedized Laptop,1020,IT,166.18,EA,1851.56,1,307692.24
4500091022,00030,MRO-1001,Hydraulic Pump Assembly,2010,MRO,18.85,EA,7368.24,1,138891.32
4500091023,00010,SERV-6001,Ground Handling Labor Hr,1020,SERV,452.6,HR,6743.63,1,3052166.94
4500091023,00020,FUEL-2001,Jet A-1 Fuel,2010,FUEL,140.15,L,2050.06,1,287315.91
4500091023,00030,OFFC-4001,Printer Toner Cartridge,2010,OFFC,131.56,EA,3431.43,1,451438.93
4500091024,00010,SERV-6001,Ground Handling Labor Hr,2010,SERV,54.47,HR,5141.46,1,280055.33
4500091024,00020,OFFC-4001,Printer Toner Cartridge,1010,OFFC,121.22,EA,4774.14,1,578721.25
4500091024,00030,SERV-6001,Ground Handling Labor Hr,2010,SERV,228.79,HR,4028.67,1,921719.41
4500091024,00040,IT-3002,Network Switch 24-port,2010,IT,437.19,EA,5888.02,1,2574183.46
4500091025,00010,SERV-6002,Cleaning Service Cycle,1010,SERV,351.84,EA,6703.33,1,2358499.63
4500091025,00020,IT-3002,Network Switch 24-port,1020,IT,420.03,EA,5454.57,1,2291083.04
4500091025,00030,SPARE-5001,Turbine Blade Set,2010,SPARE,117.04,EA,6485.59,1,759073.45
4500091025,00040,SERV-6002,Cleaning Service Cycle,2010,SERV,270.68,EA,7708.79,1,2086615.28
4500091026,00010,SERV-6001,Ground Handling Labor Hr,1010,SERV,118.5,HR,4552.75,1,539500.88
4500091026,00020,FUEL-2001,Jet A-1 Fuel,2010,FUEL,487.92,L,7882.94,1,3846244.08
4500091027,00010,FUEL-2001,Jet A-1 Fuel,1010,FUEL,73.71,L,377.36,1,27815.21
4500091027,00020,MRO-1001,Hydraulic Pump Assembly,1010,MRO,93.37,EA,1422.32,1,132802.02
4500091028,00010,MRO-1001,Hydraulic Pump Assembly,2010,MRO,455.11,EA,4073.23,1,1853767.71
4500091029,00010,IT-3002,Network Switch 24-port,1010,IT,95.49,EA,3082.05,1,294304.95
4500091030,00010,SERV-6002,Cleaning Service Cycle,1020,SERV,255.66,EA,397.97,1,101745.01
4500091031,00010,SERV-6002,Cleaning Service Cycle,1010,SERV,158.88,EA,5416.72,1,860608.47
4500091031,00020,MRO-1001,Hydraulic Pump Assembly,1010,MRO,2.82,EA,5872.02,1,16559.1
4500091031,00030,SPARE-5002,Brake Disc Assembly,1010,SPARE,417.82,EA,3246.14,1,1356302.21
4500091031,00040,MRO-1001,Hydraulic Pump Assembly,1020,MRO,185.66,EA,6528.33,1,1212049.75
4500091032,00010,SPARE-5001,Turbine Blade Set,1020,SPARE,486.25,EA,5354.17,1,2603465.16
4500091032,00020,IT-3002,Network Switch 24-port,2010,IT,46.92,EA,124.07,1,5821.36
4500091032,00030,SPARE-5001,Turbine Blade Set,1010,SPARE,458.15,EA,2406.74,1,1102647.93
4500091032,00040,MRO-1002,Landing Gear Bushing,1010,MRO,352.34,EA,7136.64,1,2514523.74
4500091033,00010,MRO-1001,Hydraulic Pump Assembly,2010,MRO,261.87,EA,140.05,1,36674.89
4500091033,00020,IT-3001,Ruggedized Laptop,1020,IT,215.52,EA,4394.91,1,947191.0
4500091033,00030,SERV-6001,Ground Handling Labor Hr,2010,SERV,71.27,HR,4283.68,1,305297.87
4500091033,00040,SERV-6002,Cleaning Service Cycle,2010,SERV,311.29,EA,1291.26,1,401956.33
4500091034,00010,OFFC-4001,Printer Toner Cartridge,1020,OFFC,16.29,EA,6426.75,1,104691.76
4500091035,00010,MRO-1001,Hydraulic Pump Assembly,2010,MRO,471.69,EA,1078.95,1,508929.93
4500091035,00020,OFFC-4001,Printer Toner Cartridge,2010,OFFC,227.82,EA,7707.87,1,1756006.94
4500091036,00010,FUEL-2001,Jet A-1 Fuel,1020,FUEL,470.43,L,6276.04,1,2952437.5
4500091036,00020,OFFC-4001,Printer Toner Cartridge,1010,OFFC,255.74,EA,7772.69,1,1987787.74
4500091036,00030,SPARE-5002,Brake Disc Assembly,1010,SPARE,243.84,EA,2340.48,1,570702.64
4500091037,00010,IT-3002,Network Switch 24-port,1020,IT,46.86,EA,5707.91,1,267472.66
4500091037,00020,FUEL-2001,Jet A-1 Fuel,1010,FUEL,218.44,L,1432.67,1,312952.43
4500091038,00010,IT-3002,Network Switch 24-port,2010,IT,458.21,EA,859.78,1,393959.79
4500091038,00020,OFFC-4001,Printer Toner Cartridge,1010,OFFC,340.83,EA,2995.33,1,1020898.32
4500091038,00030,OFFC-4001,Printer Toner Cartridge,1010,OFFC,218.12,EA,4056.26,1,884751.43
4500091039,00010,MRO-1002,Landing Gear Bushing,2010,MRO,316.43,EA,1772.07,1,560736.11
4500091040,00010,IT-3002,Network Switch 24-port,1010,IT,423.96,EA,3770.62,1,1598592.06
4500091040,00020,SERV-6001,Ground Handling Labor Hr,1020,SERV,82.31,HR,4488.72,1,369466.54
4500091041,00010,IT-3002,Network Switch 24-port,1010,IT,358.82,EA,1938.16,1,695450.57
4500091041,00020,SPARE-5001,Turbine Blade Set,2010,SPARE,37.17,EA,7533.95,1,280036.92
4500091042,00010,MRO-1002,Landing Gear Bushing,2010,MRO,287.61,EA,7798.3,1,2242869.06
4500091043,00010,MRO-1001,Hydraulic Pump Assembly,1020,MRO,372.19,EA,1834.75,1,682875.6
4500091044,00010,SERV-6002,Cleaning Service Cycle,1020,SERV,157.64,EA,137.35,1,21651.85
4500091044,00020,IT-3002,Network Switch 24-port,2010,IT,453.12,EA,6643.22,1,3010175.85
4500091044,00030,MRO-1002,Landing Gear Bushing,1020,MRO,438.75,EA,4600.54,1,2018486.93
4500091044,00040,SERV-6001,Ground Handling Labor Hr,1010,SERV,355.98,HR,5599.03,1,1993142.7
4500091045,00010,OFFC-4001,Printer Toner Cartridge,1020,OFFC,66.62,EA,2071.58,1,138008.66
4500091045,00020,MRO-1002,Landing Gear Bushing,2010,MRO,207.3,EA,5866.97,1,1216222.88
4500091045,00030,SERV-6001,Ground Handling Labor Hr,1010,SERV,462.92,HR,7819.69,1,3619890.89
4500091045,00040,IT-3002,Network Switch 24-port,2010,IT,405.66,EA,679.49,1,275641.91
4500091046,00010,IT-3001,Ruggedized Laptop,1020,IT,342.62,EA,568.39,1,194741.78
4500091046,00020,IT-3001,Ruggedized Laptop,2010,IT,485.44,EA,6273.7,1,3045504.93
4500091046,00030,OFFC-4001,Printer Toner Cartridge,1010,OFFC,219.49,EA,4201.66,1,922222.35
4500091046,00040,OFFC-4001,Printer Toner Cartridge,2010,OFFC,435.81,EA,1228.04,1,535192.11
4500091047,00010,IT-3001,Ruggedized Laptop,2010,IT,294.55,EA,1767.85,1,520720.22
4500091047,00020,IT-3002,Network Switch 24-port,2010,IT,445.61,EA,7448.97,1,3319335.52
4500091047,00030,IT-3001,Ruggedized Laptop,1020,IT,274.03,EA,7742.03,1,2121548.48
4500091047,00040,IT-3001,Ruggedized Laptop,2010,IT,191.93,EA,7851.55,1,1506947.99
4500091048,00010,SPARE-5002,Brake Disc Assembly,1020,SPARE,463.58,EA,5643.41,1,2616172.01
4500091048,00020,OFFC-4001,Printer Toner Cartridge,1010,OFFC,225.04,EA,2697.8,1,607112.91
4500091048,00030,OFFC-4001,Printer Toner Cartridge,2010,OFFC,480.5,EA,1292.46,1,621027.03
4500091048,00040,FUEL-2001,Jet A-1 Fuel,1010,FUEL,364.86,L,97.67,1,35635.88
4500091049,00010,SERV-6002,Cleaning Service Cycle,1010,SERV,51.76,EA,1883.9,1,97510.66
4500091050,00010,SPARE-5002,Brake Disc Assembly,2010,SPARE,341.31,EA,450.79,1,153859.13
4500091050,00020,FUEL-2001,Jet A-1 Fuel,2010,FUEL,84.93,L,209.87,1,17824.26
4500091050,00030,SERV-6002,Cleaning Service Cycle,1020,SERV,186.1,EA,1885.79,1,350945.52
4500091051,00010,SPARE-5002,Brake Disc Assembly,2010,SPARE,450.66,EA,6283.77,1,2831843.79
4500091051,00020,OFFC-4001,Printer Toner Cartridge,1010,OFFC,436.09,EA,494.98,1,215855.83
4500091052,00010,FUEL-2001,Jet A-1 Fuel,2010,FUEL,453.35,L,2789.26,1,1264511.02
4500091052,00020,SERV-6002,Cleaning Service Cycle,2010,SERV,130.56,EA,5077.06,1,662860.95
4500091053,00010,FUEL-2001,Jet A-1 Fuel,1020,FUEL,232.38,L,4414.94,1,1025943.76
4500091053,00020,SERV-6002,Cleaning Service Cycle,1010,SERV,337.36,EA,5158.43,1,1740247.94
4500091054,00010,MRO-1001,Hydraulic Pump Assembly,1010,MRO,102.43,EA,7180.15,1,735462.76
4500091054,00020,MRO-1001,Hydraulic Pump Assembly,1010,MRO,139.44,EA,1025.93,1,143055.68
4500091054,00030,IT-3001,Ruggedized Laptop,2010,IT,214.78,EA,4061.73,1,872378.37
4500091055,00010,SERV-6001,Ground Handling Labor Hr,1010,SERV,180.23,HR,6084.52,1,1096613.04
4500091055,00020,OFFC-4001,Printer Toner Cartridge,1010,OFFC,343.33,EA,2736.93,1,939670.18
4500091056,00010,SPARE-5001,Turbine Blade Set,2010,SPARE,286.03,EA,7544.38,1,2157919.01
4500091057,00010,SPARE-5002,Brake Disc Assembly,1010,SPARE,250.98,EA,5561.22,1,1395755.0
4500091057,00020,IT-3001,Ruggedized Laptop,1020,IT,331.44,EA,4570.8,1,1514945.95
4500091058,00010,SPARE-5002,Brake Disc Assembly,1010,SPARE,189.11,EA,6787.57,1,1283597.36
4500091058,00020,OFFC-4001,Printer Toner Cartridge,2010,OFFC,164.72,EA,1759.37,1,289803.43
4500091058,00030,OFFC-4001,Printer Toner Cartridge,1010,OFFC,414.39,EA,601.57,1,249284.59
4500091058,00040,SPARE-5001,Turbine Blade Set,1020,SPARE,157.24,EA,1057.46,1,166275.01
4500091059,00010,SERV-6002,Cleaning Service Cycle,1010,SERV,351.53,EA,1212.62,1,426272.31
4500091059,00020,IT-3002,Network Switch 24-port,1010,IT,166.18,EA,780.09,1,129635.36
4500091060,00010,SERV-6001,Ground Handling Labor Hr,1020,SERV,278.34,HR,3323.76,1,925135.36
4500091061,00010,FUEL-2001,Jet A-1 Fuel,2010,FUEL,308.52,L,71.83,1,22160.99
4500091061,00020,OFFC-4001,Printer Toner Cartridge,1020,OFFC,478.89,EA,7389.77,1,3538886.96
4500091062,00010,FUEL-2001,Jet A-1 Fuel,1020,FUEL,297.12,L,4756.9,1,1413370.13
4500091063,00010,FUEL-2001,Jet A-1 Fuel,1010,FUEL,229.33,L,2842.71,1,651918.68
4500091064,00010,MRO-1002,Landing Gear Bushing,1010,MRO,400.78,EA,6737.99,1,2700451.63
4500091065,00010,SERV-6002,Cleaning Service Cycle,1020,SERV,363.05,EA,1383.92,1,502432.16
4500091066,00010,SPARE-5001,Turbine Blade Set,1020,SPARE,54.1,EA,914.28,1,49462.55
4500091067,00010,FUEL-2001,Jet A-1 Fuel,2010,FUEL,352.28,L,771.69,1,271850.95
4500091067,00020,SERV-6001,Ground Handling Labor Hr,1020,SERV,23.18,HR,421.74,1,9775.93
4500091067,00030,IT-3001,Ruggedized Laptop,2010,IT,239.9,EA,6129.39,1,1470440.66
4500091067,00040,SERV-6002,Cleaning Service Cycle,1020,SERV,429.18,EA,556.01,1,238628.37
4500091068,00010,IT-3002,Network Switch 24-port,2010,IT,433.25,EA,5265.71,1,2281368.86
4500091068,00020,FUEL-2001,Jet A-1 Fuel,1010,FUEL,84.89,L,6036.86,1,512469.05
4500091068,00030,MRO-1001,Hydraulic Pump Assembly,2010,MRO,27.93,EA,4418.57,1,123410.66
4500091069,00010,IT-3002,Network Switch 24-port,1020,IT,45.25,EA,2244.38,1,101558.2
4500091070,00010,MRO-1001,Hydraulic Pump Assembly,2010,MRO,336.89,EA,5891.04,1,1984632.47
4500091070,00020,MRO-1001,Hydraulic Pump Assembly,1010,MRO,64.66,EA,5079.67,1,328451.46
4500091071,00010,OFFC-4001,Printer Toner Cartridge,1010,OFFC,425.39,EA,1034.99,1,440274.4
4500091071,00020,IT-3001,Ruggedized Laptop,1010,IT,187.09,EA,1567.83,1,293325.31
4500091071,00030,SERV-6001,Ground Handling Labor Hr,1010,SERV,47.67,HR,2697.01,1,128566.47
4500091071,00040,SPARE-5001,Turbine Blade Set,2010,SPARE,127.48,EA,1592.39,1,202997.88
4500091072,00010,SPARE-5001,Turbine Blade Set,2010,SPARE,451.64,EA,785.71,1,354858.06
4500091072,00020,IT-3001,Ruggedized Laptop,1010,IT,66.88,EA,586.88,1,39250.53
4500091072,00030,FUEL-2001,Jet A-1 Fuel,2010,FUEL,495.34,L,735.48,1,364312.66
4500091073,00010,SERV-6002,Cleaning Service Cycle,1010,SERV,374.79,EA,4256.47,1,1595282.39
4500091073,00020,MRO-1001,Hydraulic Pump Assembly,2010,MRO,132.57,EA,6740.33,1,893565.55
4500091074,00010,IT-3001,Ruggedized Laptop,1010,IT,469.5,EA,3370.0,1,1582215.0
4500091075,00010,SPARE-5001,Turbine Blade Set,1010,SPARE,117.7,EA,3164.13,1,372418.1
4500091076,00010,IT-3002,Network Switch 24-port,1020,IT,150.95,EA,308.7,1,46598.26
4500091076,00020,SPARE-5001,Turbine Blade Set,2010,SPARE,489.87,EA,5485.17,1,2687020.23
4500091076,00030,IT-3001,Ruggedized Laptop,1020,IT,358.92,EA,4549.07,1,1632752.2
4500091077,00010,FUEL-2001,Jet A-1 Fuel,1010,FUEL,193.28,L,3482.04,1,673008.69
4500091077,00020,MRO-1002,Landing Gear Bushing,1010,MRO,148.46,EA,1191.93,1,176953.93
4500091078,00010,SERV-6001,Ground Handling Labor Hr,1010,SERV,425.23,HR,5097.13,1,2167452.59
4500091079,00010,MRO-1002,Landing Gear Bushing,1020,MRO,329.35,EA,4575.73,1,1507016.68
4500091079,00020,IT-3002,Network Switch 24-port,1010,IT,111.08,EA,4486.45,1,498354.87
4500091079,00030,FUEL-2001,Jet A-1 Fuel,1020,FUEL,360.36,L,7700.0,1,2774772.0
4500091080,00010,IT-3001,Ruggedized Laptop,1010,IT,131.11,EA,1634.41,1,214287.5
4500091080,00020,IT-3001,Ruggedized Laptop,1020,IT,39.7,EA,5657.12,1,224587.66
4500091081,00010,SPARE-5002,Brake Disc Assembly,2010,SPARE,389.4,EA,3135.43,1,1220936.44
4500091081,00020,SERV-6002,Cleaning Service Cycle,1020,SERV,337.89,EA,4005.05,1,1353266.34
4500091081,00030,SPARE-5001,Turbine Blade Set,1020,SPARE,293.83,EA,7161.42,1,2104240.04
4500091082,00010,IT-3002,Network Switch 24-port,2010,IT,197.12,EA,7450.92,1,1468725.35
4500091082,00020,SERV-6001,Ground Handling Labor Hr,1020,SERV,191.77,HR,6459.01,1,1238644.35
4500091082,00030,IT-3001,Ruggedized Laptop,1010,IT,453.07,EA,1029.26,1,466326.83
4500091082,00040,OFFC-4001,Printer Toner Cartridge,2010,OFFC,143.49,EA,196.57,1,28205.83
4500091083,00010,SERV-6002,Cleaning Service Cycle,1020,SERV,72.16,EA,6296.49,1,454354.72
4500091083,00020,SERV-6002,Cleaning Service Cycle,1020,SERV,191.26,EA,2430.65,1,464886.12
4500091083,00030,FUEL-2001,Jet A-1 Fuel,1010,FUEL,57.31,L,7382.65,1,423099.67
4500091083,00040,SPARE-5002,Brake Disc Assembly,1010,SPARE,435.19,EA,2223.95,1,967840.8
4500091084,00010,IT-3002,Network Switch 24-port,1010,IT,325.68,EA,4676.5,1,1523042.52
4500091085,00010,SPARE-5002,Brake Disc Assembly,1020,SPARE,283.72,EA,1775.69,1,503798.77
4500091086,00010,FUEL-2001,Jet A-1 Fuel,2010,FUEL,466.03,L,653.62,1,304606.53
4500091086,00020,SERV-6001,Ground Handling Labor Hr,2010,SERV,223.87,HR,7330.88,1,1641164.11
4500091087,00010,SERV-6001,Ground Handling Labor Hr,2010,SERV,398.96,HR,2092.9,1,834983.38
4500091087,00020,SPARE-5002,Brake Disc Assembly,2010,SPARE,25.26,EA,3987.82,1,100732.33
4500091087,00030,FUEL-2001,Jet A-1 Fuel,2010,FUEL,434.98,L,7471.4,1,3249909.57
4500091087,00040,MRO-1001,Hydraulic Pump Assembly,1020,MRO,346.06,EA,3299.16,1,1141707.31
4500091088,00010,OFFC-4001,Printer Toner Cartridge,1010,OFFC,203.96,EA,1575.93,1,321426.68
4500091088,00020,MRO-1002,Landing Gear Bushing,1010,MRO,140.05,EA,514.32,1,72030.52
4500091088,00030,OFFC-4001,Printer Toner Cartridge,2010,OFFC,407.83,EA,6513.1,1,2656237.57
4500091088,00040,MRO-1002,Landing Gear Bushing,1020,MRO,13.27,EA,7489.69,1,99388.19
4500091089,00010,FUEL-2001,Jet A-1 Fuel,1020,FUEL,33.79,L,1506.74,1,50912.74
4500091089,00020,IT-3001,Ruggedized Laptop,1020,IT,60.84,EA,231.23,1,14068.03
4500091090,00010,FUEL-2001,Jet A-1 Fuel,1010,FUEL,454.31,L,1603.71,1,728581.49
4500091090,00020,SPARE-5001,Turbine Blade Set,1010,SPARE,311.59,EA,2821.49,1,879148.07
4500091090,00030,SERV-6001,Ground Handling Labor Hr,2010,SERV,388.01,HR,1424.56,1,552743.53
4500091090,00040,MRO-1001,Hydraulic Pump Assembly,2010,MRO,300.87,EA,1508.17,1,453763.11
4500091091,00010,IT-3001,Ruggedized Laptop,2010,IT,75.03,EA,1223.19,1,91775.95
4500091091,00020,SPARE-5002,Brake Disc Assembly,2010,SPARE,114.19,EA,4935.27,1,563558.48
4500091092,00010,IT-3001,Ruggedized Laptop,1010,IT,65.47,EA,3397.35,1,222424.5
4500091092,00020,SERV-6001,Ground Handling Labor Hr,1020,SERV,175.65,HR,297.37,1,52233.04
4500091092,00030,MRO-1002,Landing Gear Bushing,1020,MRO,453.79,EA,4418.79,1,2005202.71
4500091093,00010,SPARE-5001,Turbine Blade Set,1010,SPARE,20.25,EA,132.99,1,2693.05
4500091093,00020,FUEL-2001,Jet A-1 Fuel,2010,FUEL,198.82,L,2846.68,1,565976.92
4500091094,00010,SERV-6001,Ground Handling Labor Hr,1020,SERV,429.91,HR,6239.22,1,2682303.07
4500091094,00020,IT-3001,Ruggedized Laptop,1010,IT,162.83,EA,6034.94,1,982669.28
4500091094,00030,FUEL-2001,Jet A-1 Fuel,1010,FUEL,105.7,L,7759.52,1,820181.26
4500091095,00010,FUEL-2001,Jet A-1 Fuel,2010,FUEL,173.71,L,7923.31,1,1376358.18
4500091095,00020,SERV-6002,Cleaning Service Cycle,2010,SERV,77.99,EA,6529.18,1,509210.75
4500091095,00030,FUEL-2001,Jet A-1 Fuel,1020,FUEL,90.14,L,7667.67,1,691163.77
4500091096,00010,IT-3001,Ruggedized Laptop,2010,IT,416.72,EA,5090.75,1,2121417.34
4500091096,00020,SPARE-5002,Brake Disc Assembly,2010,SPARE,432.38,EA,1972.24,1,852757.13
4500091096,00030,MRO-1002,Landing Gear Bushing,2010,MRO,266.25,EA,2187.02,1,582294.07
4500091096,00040,SPARE-5002,Brake Disc Assembly,1010,SPARE,138.61,EA,6624.83,1,918267.69
4500091097,00010,MRO-1001,Hydraulic Pump Assembly,1020,MRO,444.35,EA,592.46,1,263259.6
4500091097,00020,FUEL-2001,Jet A-1 Fuel,1020,FUEL,201.25,L,477.51,1,96098.89
4500091098,00010,IT-3002,Network Switch 24-port,1020,IT,395.59,EA,379.36,1,150071.02
4500091098,00020,IT-3002,Network Switch 24-port,2010,IT,284.77,EA,6398.27,1,1822035.35
4500091098,00030,MRO-1002,Landing Gear Bushing,2010,MRO,184.78,EA,3436.39,1,634976.14
4500091099,00010,SERV-6002,Cleaning Service Cycle,2010,SERV,466.74,EA,748.77,1,349480.91
4500091100,00010,FUEL-2001,Jet A-1 Fuel,1010,FUEL,31.04,L,6431.36,1,199629.41
4500091100,00020,MRO-1001,Hydraulic Pump Assembly,1010,MRO,127.56,EA,3488.08,1,444939.48
4500091100,00030,MRO-1001,Hydraulic Pump Assembly,1020,MRO,36.49,EA,6937.68,1,253155.94
4500091101,00010,SERV-6002,Cleaning Service Cycle,2010,SERV,122.58,EA,5737.29,1,703277.01
4500091101,00020,SPARE-5001,Turbine Blade Set,1020,SPARE,231.92,EA,4540.91,1,1053127.85
4500091102,00010,SPARE-5002,Brake Disc Assembly,2010,SPARE,446.7,EA,1865.97,1,833528.8
4500091102,00020,FUEL-2001,Jet A-1 Fuel,2010,FUEL,66.79,L,5223.23,1,348859.53
4500091102,00030,MRO-1001,Hydraulic Pump Assembly,2010,MRO,230.73,EA,2726.17,1,629009.2
4500091102,00040,SERV-6001,Ground Handling Labor Hr,2010,SERV,267.85,HR,3811.73,1,1020971.88
4500091103,00010,SPARE-5001,Turbine Blade Set,2010,SPARE,165.08,EA,1523.24,1,251456.46
4500091104,00010,FUEL-2001,Jet A-1 Fuel,1010,FUEL,61.4,L,572.64,1,35160.1
4500091105,00010,SPARE-5002,Brake Disc Assembly,1010,SPARE,4.44,EA,418.53,1,1858.27
4500091105,00020,SPARE-5001,Turbine Blade Set,1020,SPARE,484.12,EA,3724.85,1,1803274.38
4500091105,00030,IT-3002,Network Switch 24-port,1020,IT,272.83,EA,6104.87,1,1665591.68
4500091106,00010,SPARE-5001,Turbine Blade Set,1010,SPARE,445.37,EA,3424.51,1,1525174.02
4500091106,00020,IT-3002,Network Switch 24-port,1020,IT,429.09,EA,283.55,1,121668.47
4500091107,00010,IT-3002,Network Switch 24-port,1020,IT,282.96,EA,4939.34,1,1397635.65
4500091107,00020,SPARE-5002,Brake Disc Assembly,2010,SPARE,40.46,EA,7064.2,1,285817.53
4500091107,00030,OFFC-4001,Printer Toner Cartridge,1010,OFFC,69.54,EA,5573.64,1,387590.93
4500091107,00040,OFFC-4001,Printer Toner Cartridge,2010,OFFC,103.74,EA,5563.88,1,577196.91
4500091108,00010,SPARE-5001,Turbine Blade Set,1010,SPARE,337.54,EA,3424.0,1,1155736.96
4500091108,00020,MRO-1002,Landing Gear Bushing,2010,MRO,426.81,EA,4920.37,1,2100063.12
4500091108,00030,SERV-6002,Cleaning Service Cycle,1020,SERV,425.12,EA,6727.16,1,2859850.26
4500091108,00040,SERV-6002,Cleaning Service Cycle,1020,SERV,197.34,EA,7382.37,1,1456836.9
4500091109,00010,IT-3002,Network Switch 24-port,1020,IT,393.0,EA,6337.82,1,2490763.26
4500091109,00020,SERV-6002,Cleaning Service Cycle,2010,SERV,61.53,EA,4563.7,1,280804.46
4500091109,00030,SERV-6002,Cleaning Service Cycle,2010,SERV,123.05,EA,4867.54,1,598950.8
4500091110,00010,IT-3002,Network Switch 24-port,2010,IT,9.57,EA,6077.38,1,58160.53
4500091110,00020,SERV-6001,Ground Handling Labor Hr,2010,SERV,86.5,HR,1811.74,1,156715.51
4500091110,00030,OFFC-4001,Printer Toner Cartridge,2010,OFFC,250.75,EA,1043.86,1,261747.89
4500091110,00040,SPARE-5002,Brake Disc Assembly,2010,SPARE,362.05,EA,1763.84,1,638598.27
4500091111,00010,MRO-1001,Hydraulic Pump Assembly,1020,MRO,498.86,EA,6086.79,1,3036456.06
4500091112,00010,IT-3002,Network Switch 24-port,1010,IT,449.72,EA,4158.21,1,1870030.2
4500091112,00020,IT-3002,Network Switch 24-port,1020,IT,315.52,EA,6279.26,1,1981232.12
4500091112,00030,OFFC-4001,Printer Toner Cartridge,1010,OFFC,236.84,EA,4693.13,1,1111520.91
4500091113,00010,SPARE-5001,Turbine Blade Set,2010,SPARE,464.52,EA,1204.09,1,559323.89
4500091113,00020,IT-3001,Ruggedized Laptop,1010,IT,283.72,EA,6587.22,1,1868926.06
4500091113,00030,OFFC-4001,Printer Toner Cartridge,1010,OFFC,54.21,EA,6234.71,1,337983.63
4500091114,00010,SPARE-5002,Brake Disc Assembly,1020,SPARE,481.96,EA,4451.91,1,2145642.54
4500091114,00020,MRO-1002,Landing Gear Bushing,1010,MRO,461.43,EA,4883.68,1,2253476.46
4500091114,00030,IT-3002,Network Switch 24-port,1010,IT,353.2,EA,4429.35,1,1564446.42
4500091115,00010,SERV-6001,Ground Handling Labor Hr,1010,SERV,275.81,HR,403.5,1,111289.34
4500091115,00020,IT-3002,Network Switch 24-port,1020,IT,445.23,EA,1540.14,1,685716.53
4500091116,00010,IT-3002,Network Switch 24-port,2010,IT,92.37,EA,3264.49,1,301540.94
4500091116,00020,MRO-1002,Landing Gear Bushing,1020,MRO,10.34,EA,1871.29,1,19349.14
4500091116,00030,SERV-6002,Cleaning Service Cycle,2010,SERV,208.43,EA,5936.78,1,1237403.06
4500091116,00040,SPARE-5001,Turbine Blade Set,1010,SPARE,390.93,EA,4331.37,1,1693262.47
4500091117,00010,MRO-1002,Landing Gear Bushing,1020,MRO,323.67,EA,7778.79,1,2517760.96
4500091117,00020,IT-3002,Network Switch 24-port,1010,IT,33.14,EA,2122.7,1,70346.28
4500091118,00010,FUEL-2001,Jet A-1 Fuel,1020,FUEL,81.83,L,4481.49,1,366720.33
4500091119,00010,IT-3001,Ruggedized Laptop,2010,IT,67.6,EA,7952.25,1,537572.1
4500091119,00020,IT-3001,Ruggedized Laptop,1020,IT,5.65,EA,149.61,1,845.3
4500091120,00010,IT-3001,Ruggedized Laptop,1010,IT,127.57,EA,3758.2,1,479433.57
4500091120,00020,MRO-1002,Landing Gear Bushing,1020,MRO,335.49,EA,3433.65,1,1151955.24
4500091121,00010,IT-3001,Ruggedized Laptop,1020,IT,449.42,EA,472.19,1,212211.63
4500091121,00020,OFFC-4001,Printer Toner Cartridge,1010,OFFC,106.09,EA,644.37,1,68361.21
4500091121,00030,IT-3001,Ruggedized Laptop,1020,IT,367.62,EA,4457.91,1,1638816.87
4500091122,00010,FUEL-2001,Jet A-1 Fuel,2010,FUEL,270.55,L,3678.45,1,995204.65
4500091123,00010,MRO-1001,Hydraulic Pump Assembly,2010,MRO,440.66,EA,486.75,1,214491.26
4500091123,00020,SPARE-5001,Turbine Blade Set,2010,SPARE,458.23,EA,2086.37,1,956037.33
4500091123,00030,SPARE-5002,Brake Disc Assembly,1020,SPARE,365.09,EA,7668.36,1,2799641.55
4500091124,00010,IT-3002,Network Switch 24-port,2010,IT,25.97,EA,2890.89,1,75076.41
4500091124,00020,IT-3001,Ruggedized Laptop,1010,IT,268.87,EA,7365.58,1,1980383.49
4500091125,00010,FUEL-2001,Jet A-1 Fuel,2010,FUEL,159.01,L,340.02,1,54066.58
4500091125,00020,OFFC-4001,Printer Toner Cartridge,1020,OFFC,193.25,EA,6070.83,1,1173187.9
4500091126,00010,SPARE-5002,Brake Disc Assembly,1010,SPARE,287.13,EA,7525.1,1,2160681.96
4500091126,00020,MRO-1002,Landing Gear Bushing,1010,MRO,65.87,EA,705.9,1,46497.63
4500091127,00010,SERV-6002,Cleaning Service Cycle,1010,SERV,25.95,EA,7332.32,1,190273.7
4500091127,00020,SPARE-5002,Brake Disc Assembly,1020,SPARE,427.67,EA,6906.37,1,2953647.26
4500091127,00030,IT-3002,Network Switch 24-port,1010,IT,347.1,EA,6387.54,1,2217115.13
4500091127,00040,SERV-6002,Cleaning Service Cycle,2010,SERV,76.37,EA,846.48,1,64645.68
4500091128,00010,MRO-1002,Landing Gear Bushing,1020,MRO,87.16,EA,1154.0,1,100582.64
4500091128,00020,SPARE-5001,Turbine Blade Set,2010,SPARE,374.47,EA,2013.19,1,753879.26
4500091128,00030,SPARE-5002,Brake Disc Assembly,1020,SPARE,91.71,EA,191.28,1,17542.29
4500091128,00040,FUEL-2001,Jet A-1 Fuel,1020,FUEL,73.03,L,3017.93,1,220399.43
4500091129,00010,IT-3001,Ruggedized Laptop,1020,IT,488.1,EA,2369.53,1,1156567.59
4500091129,00020,MRO-1001,Hydraulic Pump Assembly,1020,MRO,153.06,EA,6728.13,1,1029807.58
4500091130,00010,MRO-1001,Hydraulic Pump Assembly,1020,MRO,430.23,EA,4918.52,1,2116094.86
4500091130,00020,SERV-6001,Ground Handling Labor Hr,1020,SERV,342.49,HR,589.54,1,201911.55
4500091131,00010,FUEL-2001,Jet A-1 Fuel,1020,FUEL,473.87,L,4789.91,1,2269794.65
4500091131,00020,SPARE-5001,Turbine Blade Set,1020,SPARE,117.35,EA,1496.19,1,175577.9
4500091132,00010,SPARE-5001,Turbine Blade Set,2010,SPARE,175.3,EA,688.05,1,120615.16
4500091133,00010,MRO-1002,Landing Gear Bushing,1020,MRO,161.97,EA,6920.19,1,1120863.17
4500091134,00010,SPARE-5001,Turbine Blade Set,1010,SPARE,122.94,EA,5353.63,1,658175.27
4500091134,00020,SPARE-5001,Turbine Blade Set,1020,SPARE,87.01,EA,4986.94,1,433913.65
4500091135,00010,SERV-6001,Ground Handling Labor Hr,2010,SERV,170.48,HR,1572.36,1,268055.93
4500091136,00010,MRO-1002,Landing Gear Bushing,1010,MRO,409.64,EA,687.99,1,281828.22
4500091136,00020,MRO-1002,Landing Gear Bushing,1010,MRO,474.93,EA,1399.71,1,664764.27
4500091137,00010,SERV-6001,Ground Handling Labor Hr,1020,SERV,209.16,HR,4006.04,1,837903.33
4500091137,00020,IT-3002,Network Switch 24-port,2010,IT,446.92,EA,849.77,1,379779.21
4500091137,00030,MRO-1002,Landing Gear Bushing,2010,MRO,265.89,EA,2111.91,1,561535.75
4500091137,00040,MRO-1001,Hydraulic Pump Assembly,1010,MRO,195.34,EA,7910.8,1,1545295.67
4500091138,00010,SERV-6001,Ground Handling Labor Hr,2010,SERV,240.74,HR,6658.63,1,1602998.59
4500091138,00020,OFFC-4001,Printer Toner Cartridge,2010,OFFC,388.19,EA,7678.91,1,2980876.07
4500091138,00030,SPARE-5001,Turbine Blade Set,2010,SPARE,141.6,EA,6964.33,1,986149.13
4500091138,00040,IT-3002,Network Switch 24-port,1020,IT,387.76,EA,967.64,1,375212.09
4500091139,00010,FUEL-2001,Jet A-1 Fuel,1010,FUEL,90.34,L,1562.6,1,141165.28
4500091139,00020,IT-3002,Network Switch 24-port,1010,IT,345.4,EA,382.87,1,132243.3
4500091139,00030,SERV-6002,Cleaning Service Cycle,1010,SERV,127.21,EA,1751.33,1,222786.69
4500091139,00040,IT-3002,Network Switch 24-port,2010,IT,366.64,EA,7502.53,1,2750727.6
4500091140,00010,SERV-6002,Cleaning Service Cycle,1010,SERV,345.64,EA,790.35,1,273176.57
4500091140,00020,SERV-6001,Ground Handling Labor Hr,2010,SERV,349.46,HR,904.93,1,316236.84
4500091140,00030,MRO-1001,Hydraulic Pump Assembly,1020,MRO,29.45,EA,7003.96,1,206266.62
4500091141,00010,IT-3001,Ruggedized Laptop,1010,IT,374.25,EA,4323.15,1,1617938.89
4500091141,00020,SERV-6001,Ground Handling Labor Hr,1010,SERV,198.62,HR,6986.29,1,1387616.92
4500091141,00030,OFFC-4001,Printer Toner Cartridge,1010,OFFC,316.27,EA,2626.57,1,830705.29
4500091142,00010,SERV-6002,Cleaning Service Cycle,2010,SERV,86.29,EA,6231.26,1,537695.43
4500091142,00020,MRO-1001,Hydraulic Pump Assembly,2010,MRO,30.76,EA,3196.9,1,98336.64
4500091142,00030,SPARE-5001,Turbine Blade Set,1020,SPARE,82.84,EA,3669.96,1,304019.49
4500091142,00040,IT-3001,Ruggedized Laptop,2010,IT,429.04,EA,1434.94,1,615646.66
4500091143,00010,MRO-1002,Landing Gear Bushing,2010,MRO,253.32,EA,5087.3,1,1288714.84
4500091143,00020,SERV-6001,Ground Handling Labor Hr,1020,SERV,456.61,HR,6005.34,1,2742098.3
4500091143,00030,FUEL-2001,Jet A-1 Fuel,1020,FUEL,199.43,L,855.94,1,170700.11
4500091143,00040,SERV-6001,Ground Handling Labor Hr,1010,SERV,153.05,HR,6220.23,1,952006.2
4500091144,00010,SERV-6001,Ground Handling Labor Hr,1010,SERV,424.73,HR,5854.1,1,2486411.89
4500091145,00010,SPARE-5002,Brake Disc Assembly,1010,SPARE,247.01,EA,777.88,1,192144.14
4500091145,00020,SPARE-5001,Turbine Blade Set,2010,SPARE,378.0,EA,5792.35,1,2189508.3
4500091145,00030,FUEL-2001,Jet A-1 Fuel,2010,FUEL,4.13,L,7192.85,1,29706.47
4500091145,00040,SERV-6001,Ground Handling Labor Hr,1020,SERV,51.13,HR,5240.43,1,267943.19
4500091146,00010,SERV-6001,Ground Handling Labor Hr,2010,SERV,347.7,HR,2831.7,1,984582.09
4500091146,00020,SPARE-5001,Turbine Blade Set,1010,SPARE,290.2,EA,4275.26,1,1240680.45
4500091146,00030,SERV-6001,Ground Handling Labor Hr,1020,SERV,346.7,HR,2812.55,1,975111.09
4500091146,00040,FUEL-2001,Jet A-1 Fuel,2010,FUEL,367.48,L,152.76,1,56136.24
4500091147,00010,FUEL-2001,Jet A-1 Fuel,1010,FUEL,306.21,L,2844.14,1,870904.11
4500091147,00020,FUEL-2001,Jet A-1 Fuel,2010,FUEL,162.51,L,1649.04,1,267985.49
4500091147,00030,SERV-6001,Ground Handling Labor Hr,1010,SERV,297.0,HR,7131.05,1,2117921.85
4500091147,00040,OFFC-4001,Printer Toner Cartridge,2010,OFFC,163.75,EA,4826.7,1,790372.12
4500091148,00010,IT-3002,Network Switch 24-port,2010,IT,314.07,EA,1158.9,1,363975.72
4500091148,00020,SPARE-5001,Turbine Blade Set,1020,SPARE,212.1,EA,7907.93,1,1677271.95
4500091148,00030,MRO-1002,Landing Gear Bushing,1020,MRO,382.47,EA,4601.27,1,1759847.74
4500091148,00040,SPARE-5002,Brake Disc Assembly,2010,SPARE,11.78,EA,50.7,1,597.25
4500091149,00010,SPARE-5001,Turbine Blade Set,1010,SPARE,138.62,EA,7629.79,1,1057641.49
4500091149,00020,SERV-6002,Cleaning Service Cycle,1010,SERV,401.19,EA,6778.9,1,2719626.89
4500091149,00030,SPARE-5001,Turbine Blade Set,1020,SPARE,231.56,EA,2326.02,1,538613.19
4500091150,00010,IT-3002,Network Switch 24-port,2010,IT,145.72,EA,98.81,1,14398.59
4500091151,00010,MRO-1001,Hydraulic Pump Assembly,1020,MRO,82.85,EA,1133.54,1,93913.79
4500091152,00010,SERV-6001,Ground Handling Labor Hr,1010,SERV,416.95,HR,2881.38,1,1201391.39
4500091152,00020,IT-3001,Ruggedized Laptop,2010,IT,1.27,EA,7020.53,1,8916.07
4500091152,00030,SERV-6001,Ground Handling Labor Hr,1010,SERV,95.79,HR,5332.49,1,510799.22
4500091153,00010,SPARE-5001,Turbine Blade Set,1010,SPARE,492.14,EA,1907.77,1,938889.93
4500091153,00020,SPARE-5002,Brake Disc Assembly,1010,SPARE,394.36,EA,7323.28,1,2888008.7
4500091153,00030,MRO-1001,Hydraulic Pump Assembly,2010,MRO,107.21,EA,5443.66,1,583614.79
4500091154,00010,IT-3002,Network Switch 24-port,2010,IT,49.45,EA,2103.25,1,104005.71
4500091154,00020,IT-3001,Ruggedized Laptop,2010,IT,412.91,EA,7830.41,1,3233254.59
4500091154,00030,IT-3002,Network Switch 24-port,2010,IT,216.56,EA,4564.47,1,988481.62
4500091154,00040,SPARE-5002,Brake Disc Assembly,2010,SPARE,457.08,EA,7299.88,1,3336629.15
4500091155,00010,SPARE-5001,Turbine Blade Set,1010,SPARE,186.81,EA,5509.7,1,1029267.06
4500091155,00020,IT-3001,Ruggedized Laptop,1020,IT,136.42,EA,2379.1,1,324556.82
4500091156,00010,SERV-6001,Ground Handling Labor Hr,1020,SERV,451.29,HR,3218.94,1,1452675.43
4500091156,00020,FUEL-2001,Jet A-1 Fuel,1010,FUEL,151.14,L,328.18,1,49601.13
4500091156,00030,FUEL-2001,Jet A-1 Fuel,2010,FUEL,59.3,L,7283.09,1,431887.24
4500091156,00040,SERV-6002,Cleaning Service Cycle,1020,SERV,218.66,EA,3831.94,1,837892.0
4500091157,00010,IT-3001,Ruggedized Laptop,2010,IT,108.51,EA,5088.91,1,552197.62
4500091157,00020,IT-3002,Network Switch 24-port,1020,IT,220.35,EA,254.61,1,56103.31
4500091157,00030,IT-3002,Network Switch 24-port,2010,IT,240.72,EA,3122.61,1,751674.68
4500091158,00010,IT-3001,Ruggedized Laptop,1020,IT,267.65,EA,2514.07,1,672890.84
4500091159,00010,SERV-6002,Cleaning Service Cycle,1020,SERV,29.12,EA,5933.36,1,172779.44
4500091159,00020,FUEL-2001,Jet A-1 Fuel,1010,FUEL,329.55,L,7573.11,1,2495718.4
4500091160,00010,IT-3002,Network Switch 24-port,1010,IT,268.5,EA,4373.71,1,1174341.14
4500091160,00020,SERV-6002,Cleaning Service Cycle,2010,SERV,173.91,EA,2581.46,1,448941.71
4500091160,00030,OFFC-4001,Printer Toner Cartridge,2010,OFFC,277.52,EA,1384.33,1,384179.26
4500091160,00040,IT-3002,Network Switch 24-port,1010,IT,85.99,EA,6736.75,1,579293.13
4500091161,00010,SPARE-5002,Brake Disc Assembly,1010,SPARE,34.21,EA,2701.19,1,92407.71
4500091162,00010,IT-3002,Network Switch 24-port,1020,IT,135.35,EA,1857.96,1,251474.89
4500091162,00020,IT-3001,Ruggedized Laptop,1020,IT,178.95,EA,1146.35,1,205139.33
4500091162,00030,SERV-6001,Ground Handling Labor Hr,1020,SERV,366.17,HR,6828.34,1,2500333.26
4500091162,00040,MRO-1002,Landing Gear Bushing,1010,MRO,416.8,EA,6755.95,1,2815879.96
4500091163,00010,MRO-1001,Hydraulic Pump Assembly,2010,MRO,167.35,EA,3916.88,1,655489.87
4500091163,00020,MRO-1001,Hydraulic Pump Assembly,1010,MRO,111.9,EA,1016.0,1,113690.4
4500091164,00010,MRO-1001,Hydraulic Pump Assembly,1010,MRO,256.98,EA,4058.1,1,1042850.54
4500091164,00020,SERV-6001,Ground Handling Labor Hr,1020,SERV,35.09,HR,6359.34,1,223149.24
4500091164,00030,SERV-6001,Ground Handling Labor Hr,2010,SERV,238.13,HR,96.95,1,23086.7
4500091164,00040,SPARE-5001,Turbine Blade Set,1020,SPARE,92.79,EA,5480.48,1,508533.74
4500091165,00010,IT-3001,Ruggedized Laptop,2010,IT,241.83,EA,6450.1,1,1559827.68
4500091165,00020,MRO-1001,Hydraulic Pump Assembly,1010,MRO,51.66,EA,4524.91,1,233756.85
4500091165,00030,OFFC-4001,Printer Toner Cartridge,1020,OFFC,213.0,EA,3837.36,1,817357.68
4500091166,00010,SERV-6002,Cleaning Service Cycle,1010,SERV,404.73,EA,4719.03,1,1909933.01
4500091166,00020,IT-3002,Network Switch 24-port,1010,IT,113.02,EA,6512.79,1,736075.53
4500091167,00010,SERV-6002,Cleaning Service Cycle,1010,SERV,294.18,EA,4694.98,1,1381169.22
4500091168,00010,OFFC-4001,Printer Toner Cartridge,2010,OFFC,82.7,EA,5640.09,1,466435.44
4500091168,00020,SERV-6002,Cleaning Service Cycle,1020,SERV,205.39,EA,4186.1,1,859783.08
4500091169,00010,SPARE-5002,Brake Disc Assembly,1020,SPARE,86.18,EA,7288.49,1,628122.07
4500091169,00020,SPARE-5002,Brake Disc Assembly,1020,SPARE,164.97,EA,5685.63,1,937958.38
4500091169,00030,SERV-6001,Ground Handling Labor Hr,1010,SERV,64.08,HR,4156.14,1,266325.45
4500091170,00010,FUEL-2001,Jet A-1 Fuel,2010,FUEL,150.32,L,4332.77,1,651301.99
4500091171,00010,OFFC-4001,Printer Toner Cartridge,1010,OFFC,405.63,EA,6323.46,1,2564985.08
4500091171,00020,SPARE-5001,Turbine Blade Set,2010,SPARE,248.67,EA,6993.31,1,1739026.4
4500091171,00030,SPARE-5001,Turbine Blade Set,1010,SPARE,491.04,EA,856.39,1,420521.75
4500091172,00010,SERV-6002,Cleaning Service Cycle,1020,SERV,123.64,EA,7888.85,1,975377.41
4500091173,00010,SPARE-5002,Brake Disc Assembly,1020,SPARE,234.54,EA,395.01,1,92645.65
4500091174,00010,SERV-6001,Ground Handling Labor Hr,2010,SERV,269.69,HR,184.93,1,49873.77
4500091174,00020,SPARE-5002,Brake Disc Assembly,2010,SPARE,480.63,EA,114.87,1,55209.97
4500091174,00030,OFFC-4001,Printer Toner Cartridge,1010,OFFC,98.38,EA,5393.21,1,530584.0
4500091175,00010,SERV-6002,Cleaning Service Cycle,2010,SERV,492.39,EA,2472.84,1,1217601.69
4500091175,00020,OFFC-4001,Printer Toner Cartridge,1020,OFFC,175.43,EA,1961.93,1,344181.38
4500091176,00010,IT-3002,Network Switch 24-port,1020,IT,164.54,EA,7036.97,1,1157863.04
4500091177,00010,SPARE-5001,Turbine Blade Set,1020,SPARE,379.01,EA,1136.09,1,430589.47
4500091177,00020,MRO-1002,Landing Gear Bushing,2010,MRO,109.3,EA,2802.46,1,306308.88
4500091178,00010,OFFC-4001,Printer Toner Cartridge,1020,OFFC,272.73,EA,7803.91,1,2128360.37
4500091179,00010,SPARE-5001,Turbine Blade Set,1010,SPARE,120.46,EA,3909.0,1,470878.14
4500091179,00020,OFFC-4001,Printer Toner Cartridge,1010,OFFC,174.01,EA,7020.22,1,1221588.48
4500091179,00030,SPARE-5001,Turbine Blade Set,2010,SPARE,145.8,EA,3155.24,1,460033.99
4500091179,00040,SERV-6002,Cleaning Service Cycle,2010,SERV,22.25,EA,1089.51,1,24241.6
4500091180,00010,SPARE-5001,Turbine Blade Set,1010,SPARE,205.52,EA,2758.06,1,566836.49
4500091180,00020,IT-3002,Network Switch 24-port,1020,IT,89.37,EA,676.01,1,60415.01
4500091180,00030,IT-3002,Network Switch 24-port,1020,IT,35.28,EA,5644.27,1,199129.85
4500091180,00040,MRO-1002,Landing Gear Bushing,2010,MRO,18.45,EA,856.65,1,15805.19
4500091181,00010,OFFC-4001,Printer Toner Cartridge,2010,OFFC,481.7,EA,319.04,1,153681.57
4500091182,00010,SPARE-5002,Brake Disc Assembly,2010,SPARE,210.43,EA,3389.32,1,713214.61
4500091182,00020,MRO-1002,Landing Gear Bushing,1020,MRO,132.39,EA,2088.12,1,276446.21
4500091183,00010,SERV-6002,Cleaning Service Cycle,1020,SERV,398.85,EA,3358.74,1,1339633.45
4500091183,00020,IT-3002,Network Switch 24-port,2010,IT,347.89,EA,6887.3,1,2396022.8
4500091183,00030,SERV-6002,Cleaning Service Cycle,1010,SERV,313.72,EA,5542.6,1,1738824.47
4500091183,00040,SERV-6002,Cleaning Service Cycle,1020,SERV,87.68,EA,4055.14,1,355554.68
4500091184,00010,SERV-6001,Ground Handling Labor Hr,1020,SERV,374.56,HR,3640.32,1,1363518.26
4500091184,00020,MRO-1002,Landing Gear Bushing,1010,MRO,227.3,EA,7108.36,1,1615730.23
4500091184,00030,SPARE-5001,Turbine Blade Set,1010,SPARE,403.22,EA,7679.65,1,3096588.47
4500091185,00010,SERV-6001,Ground Handling Labor Hr,1020,SERV,247.22,HR,4396.05,1,1086791.48
4500091186,00010,SPARE-5002,Brake Disc Assembly,1010,SPARE,7.95,EA,2023.53,1,16087.06
4500091186,00020,MRO-1001,Hydraulic Pump Assembly,1010,MRO,302.92,EA,4989.06,1,1511286.06
4500091186,00030,OFFC-4001,Printer Toner Cartridge,1020,OFFC,97.31,EA,6610.72,1,643289.16
4500091186,00040,MRO-1001,Hydraulic Pump Assembly,1010,MRO,93.96,EA,1039.18,1,97641.35
4500091187,00010,MRO-1002,Landing Gear Bushing,1020,MRO,306.0,EA,5798.81,1,1774435.86
4500091187,00020,SPARE-5002,Brake Disc Assembly,1020,SPARE,231.45,EA,78.44,1,18154.94
4500091188,00010,IT-3002,Network Switch 24-port,2010,IT,186.24,EA,6250.65,1,1164121.06
4500091188,00020,MRO-1002,Landing Gear Bushing,2010,MRO,30.69,EA,3872.12,1,118835.36
4500091189,00010,SERV-6002,Cleaning Service Cycle,1010,SERV,365.36,EA,4473.01,1,1634258.93
4500091190,00010,MRO-1002,Landing Gear Bushing,1010,MRO,495.94,EA,6739.02,1,3342149.58
4500091190,00020,FUEL-2001,Jet A-1 Fuel,2010,FUEL,145.52,L,2134.82,1,310659.01
4500091190,00030,IT-3001,Ruggedized Laptop,2010,IT,87.02,EA,815.44,1,70959.59
4500091191,00010,SPARE-5001,Turbine Blade Set,1010,SPARE,108.34,EA,3809.63,1,412735.31
4500091192,00010,SERV-6002,Cleaning Service Cycle,1020,SERV,168.28,EA,6343.53,1,1067489.23
4500091193,00010,MRO-1001,Hydraulic Pump Assembly,1020,MRO,170.14,EA,3816.85,1,649398.86
4500091194,00010,SPARE-5002,Brake Disc Assembly,1010,SPARE,108.88,EA,3702.6,1,403139.09
4500091195,00010,SERV-6001,Ground Handling Labor Hr,2010,SERV,406.69,HR,4539.65,1,1846230.26
4500091195,00020,SERV-6001,Ground Handling Labor Hr,1020,SERV,236.83,HR,623.05,1,147556.93
4500091196,00010,MRO-1002,Landing Gear Bushing,1010,MRO,499.4,EA,905.46,1,452186.72
4500091196,00020,SERV-6001,Ground Handling Labor Hr,1020,SERV,404.06,HR,7716.02,1,3117735.04
4500091196,00030,MRO-1001,Hydraulic Pump Assembly,1020,MRO,227.94,EA,2465.02,1,561876.66
4500091196,00040,MRO-1001,Hydraulic Pump Assembly,1010,MRO,491.64,EA,1174.7,1,577529.51
4500091197,00010,MRO-1001,Hydraulic Pump Assembly,2010,MRO,72.89,EA,1465.05,1,106787.49
4500091197,00020,IT-3002,Network Switch 24-port,2010,IT,377.91,EA,1152.49,1,435537.5
4500091197,00030,MRO-1001,Hydraulic Pump Assembly,1020,MRO,292.09,EA,2454.63,1,716972.88
4500091197,00040,SPARE-5002,Brake Disc Assembly,1010,SPARE,441.77,EA,3019.1,1,1333747.81
4500091198,00010,SPARE-5002,Brake Disc Assembly,2010,SPARE,205.08,EA,5219.33,1,1070380.2
4500091198,00020,IT-3002,Network Switch 24-port,2010,IT,360.38,EA,212.37,1,76533.9
4500091199,00010,FUEL-2001,Jet A-1 Fuel,1010,FUEL,53.78,L,4608.28,1,247833.3
4500091200,00010,SERV-6002,Cleaning Service Cycle,1020,SERV,401.36,EA,7081.47,1,2842218.8
4500091200,00020,SPARE-5002,Brake Disc Assembly,2010,SPARE,278.45,EA,6333.49,1,1763560.29
4500091200,00030,SPARE-5001,Turbine Blade Set,1010,SPARE,64.32,EA,3719.6,1,239244.67
4500091201,00010,SERV-6001,Ground Handling Labor Hr,2010,SERV,374.85,HR,3517.81,1,1318651.08
4500091202,00010,SPARE-5001,Turbine Blade Set,2010,SPARE,151.09,EA,421.81,1,63731.27
4500091203,00010,SERV-6001,Ground Handling Labor Hr,1020,SERV,135.24,HR,3507.63,1,474371.88
4500091203,00020,MRO-1001,Hydraulic Pump Assembly,2010,MRO,252.58,EA,955.8,1,241415.96
4500091203,00030,SERV-6001,Ground Handling Labor Hr,1010,SERV,205.7,HR,2209.08,1,454407.76
4500091204,00010,MRO-1001,Hydraulic Pump Assembly,1010,MRO,180.28,EA,2644.25,1,476705.39
4500091204,00020,IT-3001,Ruggedized Laptop,2010,IT,1.99,EA,184.56,1,367.27
4500091205,00010,MRO-1001,Hydraulic Pump Assembly,2010,MRO,258.56,EA,4582.46,1,1184840.86
4500091206,00010,SERV-6002,Cleaning Service Cycle,1010,SERV,376.73,EA,5029.65,1,1894820.04
4500091206,00020,FUEL-2001,Jet A-1 Fuel,1020,FUEL,343.07,L,1628.3,1,558620.88
4500091206,00030,SERV-6002,Cleaning Service Cycle,2010,SERV,336.95,EA,7561.67,1,2547904.71
4500091206,00040,SPARE-5002,Brake Disc Assembly,1020,SPARE,370.27,EA,4949.85,1,1832780.96
4500091207,00010,IT-3002,Network Switch 24-port,1010,IT,194.87,EA,344.23,1,67080.1
4500091207,00020,SERV-6002,Cleaning Service Cycle,2010,SERV,408.15,EA,7780.08,1,3175439.65
4500091207,00030,IT-3002,Network Switch 24-port,1010,IT,342.46,EA,2007.35,1,687437.08
4500091207,00040,MRO-1002,Landing Gear Bushing,1020,MRO,361.78,EA,1969.66,1,712583.59
4500091208,00010,OFFC-4001,Printer Toner Cartridge,1020,OFFC,251.12,EA,6078.65,1,1526470.59
4500091208,00020,FUEL-2001,Jet A-1 Fuel,1020,FUEL,486.42,L,1529.12,1,743794.55
4500091208,00030,MRO-1001,Hydraulic Pump Assembly,1010,MRO,35.14,EA,1643.56,1,57754.7
4500091209,00010,SERV-6002,Cleaning Service Cycle,1020,SERV,445.39,EA,2201.24,1,980410.28
4500091209,00020,SPARE-5001,Turbine Blade Set,1010,SPARE,221.37,EA,5734.59,1,1269466.19
4500091209,00030,MRO-1001,Hydraulic Pump Assembly,2010,MRO,275.72,EA,2150.63,1,592971.7
4500091210,00010,SERV-6002,Cleaning Service Cycle,1010,SERV,461.3,EA,2326.11,1,1073034.54
4500091210,00020,FUEL-2001,Jet A-1 Fuel,1010,FUEL,480.53,L,3140.83,1,1509263.04
4500091210,00030,SERV-6001,Ground Handling Labor Hr,1020,SERV,173.98,HR,7100.2,1,1235292.8
4500091210,00040,IT-3002,Network Switch 24-port,1020,IT,344.72,EA,7240.58,1,2495972.74
4500091211,00010,SPARE-5002,Brake Disc Assembly,1010,SPARE,9.68,EA,2371.38,1,22954.96
4500091211,00020,SERV-6002,Cleaning Service Cycle,1010,SERV,48.26,EA,6177.28,1,298115.53
4500091211,00030,SERV-6001,Ground Handling Labor Hr,1010,SERV,350.91,HR,875.32,1,307158.54
4500091212,00010,SPARE-5001,Turbine Blade Set,1020,SPARE,58.1,EA,273.02,1,15862.46
4500091212,00020,SERV-6002,Cleaning Service Cycle,1020,SERV,87.27,EA,461.94,1,40313.5
4500091212,00030,SPARE-5001,Turbine Blade Set,2010,SPARE,12.74,EA,700.32,1,8922.08
4500091213,00010,FUEL-2001,Jet A-1 Fuel,2010,FUEL,284.33,L,7921.84,1,2252416.77
4500091213,00020,SPARE-5001,Turbine Blade Set,1010,SPARE,35.25,EA,734.78,1,25900.99
4500091214,00010,OFFC-4001,Printer Toner Cartridge,2010,OFFC,112.97,EA,6522.88,1,736889.75
4500091214,00020,IT-3002,Network Switch 24-port,1020,IT,156.72,EA,5808.74,1,910345.73
4500091214,00030,FUEL-2001,Jet A-1 Fuel,1020,FUEL,447.02,L,7828.19,1,3499357.49
4500091214,00040,IT-3001,Ruggedized Laptop,1010,IT,426.21,EA,2412.77,1,1028346.7
4500091215,00010,IT-3002,Network Switch 24-port,1010,IT,246.42,EA,1208.23,1,297732.04
4500091215,00020,OFFC-4001,Printer Toner Cartridge,1020,OFFC,279.61,EA,3386.41,1,946874.1
4500091216,00010,FUEL-2001,Jet A-1 Fuel,2010,FUEL,197.73,L,7895.19,1,1561115.92
4500091216,00020,SPARE-5001,Turbine Blade Set,1020,SPARE,423.8,EA,5634.67,1,2387973.15
4500091216,00030,OFFC-4001,Printer Toner Cartridge,1010,OFFC,466.01,EA,6269.71,1,2921747.56
4500091216,00040,FUEL-2001,Jet A-1 Fuel,2010,FUEL,138.75,L,631.18,1,87576.22
4500091217,00010,SPARE-5002,Brake Disc Assembly,2010,SPARE,415.1,EA,5305.88,1,2202470.79
4500091217,00020,MRO-1001,Hydraulic Pump Assembly,1010,MRO,319.92,EA,2905.61,1,929562.75
4500091217,00030,SPARE-5001,Turbine Blade Set,2010,SPARE,487.51,EA,888.65,1,433225.76
4500091217,00040,IT-3002,Network Switch 24-port,1020,IT,250.8,EA,3877.31,1,972429.35
4500091218,00010,SPARE-5001,Turbine Blade Set,2010,SPARE,439.47,EA,6036.12,1,2652693.66
4500091218,00020,FUEL-2001,Jet A-1 Fuel,1020,FUEL,473.79,L,1223.51,1,579686.8
4500091218,00030,SPARE-5001,Turbine Blade Set,1020,SPARE,421.89,EA,4844.72,1,2043938.92
4500091219,00010,MRO-1002,Landing Gear Bushing,2010,MRO,383.44,EA,826.58,1,316943.84
4500091219,00020,SERV-6002,Cleaning Service Cycle,2010,SERV,247.04,EA,1580.61,1,390473.89
4500091219,00030,MRO-1002,Landing Gear Bushing,1010,MRO,266.07,EA,3719.52,1,989652.69
4500091220,00010,MRO-1002,Landing Gear Bushing,1020,MRO,264.59,EA,2232.27,1,590636.32
4500091220,00020,SERV-6001,Ground Handling Labor Hr,1020,SERV,12.58,HR,3253.11,1,40924.12
4500091221,00010,OFFC-4001,Printer Toner Cartridge,1020,OFFC,156.19,EA,5258.96,1,821396.96
4500091221,00020,MRO-1002,Landing Gear Bushing,1010,MRO,401.27,EA,1508.18,1,605187.39
4500091222,00010,FUEL-2001,Jet A-1 Fuel,2010,FUEL,51.14,L,5845.25,1,298926.09
4500091222,00020,SPARE-5001,Turbine Blade Set,1010,SPARE,27.38,EA,486.46,1,13319.27
4500091222,00030,MRO-1001,Hydraulic Pump Assembly,2010,MRO,499.75,EA,1629.12,1,814152.72
4500091222,00040,SPARE-5002,Brake Disc Assembly,2010,SPARE,275.83,EA,4745.97,1,1309080.91
4500091223,00010,SPARE-5002,Brake Disc Assembly,2010,SPARE,406.83,EA,1940.8,1,789575.66
4500091223,00020,SPARE-5002,Brake Disc Assembly,1020,SPARE,374.02,EA,4725.76,1,1767528.76
4500091223,00030,SERV-6001,Ground Handling Labor Hr,1010,SERV,208.06,HR,6249.78,1,1300329.23
4500091224,00010,SERV-6002,Cleaning Service Cycle,2010,SERV,324.36,EA,6766.3,1,2194717.07
4500091225,00010,OFFC-4001,Printer Toner Cartridge,2010,OFFC,112.5,EA,4250.27,1,478155.38
4500091225,00020,MRO-1002,Landing Gear Bushing,2010,MRO,12.29,EA,7382.54,1,90731.42
4500091225,00030,SERV-6001,Ground Handling Labor Hr,2010,SERV,338.32,HR,6700.23,1,2266821.81
4500091225,00040,MRO-1001,Hydraulic Pump Assembly,2010,MRO,236.37,EA,6239.53,1,1474837.71
4500091226,00010,MRO-1001,Hydraulic Pump Assembly,2010,MRO,276.71,EA,4105.65,1,1136074.41
4500091226,00020,SPARE-5002,Brake Disc Assembly,1010,SPARE,488.0,EA,1253.94,1,611922.72
4500091226,00030,SERV-6002,Cleaning Service Cycle,1020,SERV,439.68,EA,4712.87,1,2072154.68
4500091226,00040,IT-3002,Network Switch 24-port,2010,IT,241.08,EA,6203.65,1,1495575.94
4500091227,00010,FUEL-2001,Jet A-1 Fuel,2010,FUEL,399.34,L,4385.3,1,1751225.7
4500091228,00010,IT-3002,Network Switch 24-port,1010,IT,97.88,EA,6148.9,1,601854.33
4500091228,00020,SPARE-5001,Turbine Blade Set,1010,SPARE,482.04,EA,1314.91,1,633839.22
4500091228,00030,SPARE-5001,Turbine Blade Set,1020,SPARE,292.96,EA,6318.95,1,1851199.59
4500091229,00010,MRO-1001,Hydraulic Pump Assembly,2010,MRO,195.08,EA,3551.02,1,692732.98
4500091229,00020,OFFC-4001,Printer Toner Cartridge,1010,OFFC,34.08,EA,4965.56,1,169226.28
4500091229,00030,IT-3001,Ruggedized Laptop,1020,IT,289.45,EA,7860.69,1,2275276.72
4500091229,00040,FUEL-2001,Jet A-1 Fuel,1010,FUEL,45.63,L,458.25,1,20909.95
4500091230,00010,IT-3001,Ruggedized Laptop,2010,IT,99.61,EA,390.44,1,38891.73
4500091231,00010,IT-3002,Network Switch 24-port,1010,IT,271.37,EA,2356.82,1,639570.24
4500091231,00020,IT-3001,Ruggedized Laptop,1010,IT,12.77,EA,2425.39,1,30972.23
4500091232,00010,MRO-1002,Landing Gear Bushing,1020,MRO,184.78,EA,588.72,1,108783.68
4500091232,00020,OFFC-4001,Printer Toner Cartridge,1020,OFFC,382.06,EA,5720.17,1,2185448.15
4500091233,00010,IT-3002,Network Switch 24-port,1020,IT,275.43,EA,765.91,1,210954.59
4500091233,00020,MRO-1001,Hydraulic Pump Assembly,1020,MRO,410.27,EA,7046.11,1,2890807.55
4500091234,00010,OFFC-4001,Printer Toner Cartridge,1020,OFFC,236.76,EA,4423.44,1,1047293.65
4500091235,00010,FUEL-2001,Jet A-1 Fuel,2010,FUEL,117.87,L,2989.49,1,352371.19
4500091236,00010,SERV-6002,Cleaning Service Cycle,1020,SERV,231.47,EA,1832.12,1,424080.82
4500091237,00010,SPARE-5002,Brake Disc Assembly,1020,SPARE,71.53,EA,2877.66,1,205839.02
4500091237,00020,MRO-1002,Landing Gear Bushing,2010,MRO,14.63,EA,1644.52,1,24059.33
4500091237,00030,SPARE-5002,Brake Disc Assembly,1020,SPARE,62.13,EA,3086.51,1,191764.87
4500091237,00040,SPARE-5002,Brake Disc Assembly,1010,SPARE,266.25,EA,5136.91,1,1367702.29
4500091238,00010,IT-3001,Ruggedized Laptop,1020,IT,265.51,EA,6215.01,1,1650147.31
4500091238,00020,IT-3002,Network Switch 24-port,2010,IT,410.85,EA,6727.48,1,2763985.16
4500091238,00030,OFFC-4001,Printer Toner Cartridge,1020,OFFC,353.13,EA,5380.32,1,1899952.4
4500091239,00010,SPARE-5002,Brake Disc Assembly,1020,SPARE,93.78,EA,4139.23,1,388176.99
4500091239,00020,MRO-1001,Hydraulic Pump Assembly,1010,MRO,224.9,EA,3440.31,1,773725.72
4500091240,00010,OFFC-4001,Printer Toner Cartridge,1020,OFFC,104.91,EA,4396.95,1,461284.02
4500091240,00020,SPARE-5002,Brake Disc Assembly,2010,SPARE,209.37,EA,1124.14,1,235361.19
4500091241,00010,SERV-6001,Ground Handling Labor Hr,1020,SERV,459.34,HR,4196.06,1,1927418.2
4500091241,00020,SERV-6002,Cleaning Service Cycle,2010,SERV,340.03,EA,1427.39,1,485355.42
4500091241,00030,OFFC-4001,Printer Toner Cartridge,1020,OFFC,390.31,EA,6223.82,1,2429219.18
4500091242,00010,OFFC-4001,Printer Toner Cartridge,1020,OFFC,298.49,EA,3605.99,1,1076351.96
4500091243,00010,SERV-6001,Ground Handling Labor Hr,2010,SERV,298.09,HR,3717.72,1,1108215.15
4500091243,00020,OFFC-4001,Printer Toner Cartridge,1010,OFFC,172.79,EA,1287.11,1,222399.74
4500091243,00030,SERV-6002,Cleaning Service Cycle,2010,SERV,352.53,EA,240.42,1,84755.26
4500091243,00040,IT-3002,Network Switch 24-port,1010,IT,74.43,EA,1463.8,1,108950.63
4500091244,00010,FUEL-2001,Jet A-1 Fuel,1010,FUEL,471.9,L,1194.86,1,563854.43
4500091244,00020,MRO-1002,Landing Gear Bushing,1020,MRO,381.03,EA,6690.61,1,2549323.13
4500091245,00010,MRO-1001,Hydraulic Pump Assembly,2010,MRO,389.94,EA,1277.76,1,498249.73
4500091245,00020,OFFC-4001,Printer Toner Cartridge,2010,OFFC,57.9,EA,2160.27,1,125079.63
4500091246,00010,SERV-6002,Cleaning Service Cycle,1010,SERV,4.92,EA,4684.42,1,23047.35
4500091246,00020,FUEL-2001,Jet A-1 Fuel,1020,FUEL,15.76,L,1457.86,1,22975.87
4500091246,00030,SERV-6002,Cleaning Service Cycle,1020,SERV,397.56,EA,131.04,1,52096.26
4500091246,00040,FUEL-2001,Jet A-1 Fuel,1010,FUEL,339.63,L,2163.73,1,734867.62
4500091247,00010,MRO-1002,Landing Gear Bushing,1010,MRO,200.63,EA,1568.26,1,314640.0
4500091247,00020,OFFC-4001,Printer Toner Cartridge,1020,OFFC,342.94,EA,7532.07,1,2583048.09
4500091248,00010,SPARE-5001,Turbine Blade Set,1020,SPARE,289.21,EA,6825.44,1,1973985.5
4500091248,00020,FUEL-2001,Jet A-1 Fuel,1020,FUEL,282.04,L,6264.51,1,1766842.4
4500091248,00030,IT-3001,Ruggedized Laptop,1010,IT,458.02,EA,62.53,1,28639.99
4500091249,00010,SERV-6002,Cleaning Service Cycle,2010,SERV,364.54,EA,6544.64,1,2385783.07
4500091249,00020,OFFC-4001,Printer Toner Cartridge,2010,OFFC,55.25,EA,4836.91,1,267239.28
4500091249,00030,SERV-6002,Cleaning Service Cycle,1010,SERV,113.21,EA,3706.9,1,419658.15
4500091250,00010,IT-3001,Ruggedized Laptop,2010,IT,174.68,EA,401.11,1,70065.89
4500091250,00020,SPARE-5001,Turbine Blade Set,2010,SPARE,30.69,EA,6646.95,1,203994.9
4500091250,00030,SPARE-5001,Turbine Blade Set,1010,SPARE,226.83,EA,5174.14,1,1173650.18
4500091250,00040,SPARE-5002,Brake Disc Assembly,1020,SPARE,431.64,EA,4432.66,1,1913313.36
4500091251,00010,SERV-6001,Ground Handling Labor Hr,1010,SERV,429.72,HR,3490.1,1,1499765.77
4500091252,00010,SERV-6002,Cleaning Service Cycle,2010,SERV,479.96,EA,6758.65,1,3243881.65
4500091253,00010,IT-3002,Network Switch 24-port,2010,IT,271.56,EA,7312.68,1,1985831.38
4500091253,00020,IT-3001,Ruggedized Laptop,1010,IT,87.5,EA,1271.88,1,111289.5
4500091253,00030,IT-3001,Ruggedized Laptop,1010,IT,103.94,EA,72.35,1,7520.06
4500091254,00010,MRO-1001,Hydraulic Pump Assembly,1010,MRO,57.65,EA,7080.2,1,408173.53
4500091254,00020,OFFC-4001,Printer Toner Cartridge,2010,OFFC,142.56,EA,6373.79,1,908647.5
4500091254,00030,MRO-1001,Hydraulic Pump Assembly,2010,MRO,113.79,EA,3250.46,1,369869.84
4500091255,00010,IT-3002,Network Switch 24-port,1010,IT,425.05,EA,3165.03,1,1345296.0
4500091255,00020,SERV-6002,Cleaning Service Cycle,2010,SERV,213.95,EA,77.79,1,16643.17
4500091256,00010,MRO-1002,Landing Gear Bushing,1020,MRO,81.68,EA,4646.7,1,379542.46
4500091256,00020,OFFC-4001,Printer Toner Cartridge,2010,OFFC,375.93,EA,3154.72,1,1185953.89
4500091256,00030,SERV-6002,Cleaning Service Cycle,1010,SERV,307.78,EA,7612.0,1,2342821.36
4500091257,00010,SERV-6002,Cleaning Service Cycle,1010,SERV,186.48,EA,1297.22,1,241905.59
4500091257,00020,SPARE-5001,Turbine Blade Set,1020,SPARE,91.94,EA,6203.49,1,570348.87
4500091257,00030,MRO-1002,Landing Gear Bushing,1020,MRO,283.61,EA,7215.46,1,2046376.61
4500091258,00010,MRO-1002,Landing Gear Bushing,1020,MRO,241.33,EA,1872.31,1,451844.57
4500091258,00020,FUEL-2001,Jet A-1 Fuel,1020,FUEL,472.13,L,6842.67,1,3230629.79
4500091259,00010,MRO-1001,Hydraulic Pump Assembly,1020,MRO,445.29,EA,3417.27,1,1521676.16
4500091259,00020,IT-3001,Ruggedized Laptop,1010,IT,14.2,EA,4577.23,1,64996.67
4500091260,00010,MRO-1002,Landing Gear Bushing,1020,MRO,32.33,EA,5534.84,1,178941.38
4500091260,00020,OFFC-4001,Printer Toner Cartridge,1010,OFFC,5.96,EA,770.82,1,4594.09
4500091261,00010,SPARE-5002,Brake Disc Assembly,1010,SPARE,458.75,EA,3698.74,1,1696796.97
4500091261,00020,IT-3002,Network Switch 24-port,1020,IT,233.6,EA,7791.12,1,1820005.63
4500091261,00030,IT-3002,Network Switch 24-port,1010,IT,430.12,EA,1243.54,1,534871.42
4500091261,00040,SERV-6001,Ground Handling Labor Hr,1020,SERV,273.08,HR,5671.4,1,1548745.91
4500091262,00010,SERV-6001,Ground Handling Labor Hr,1020,SERV,242.07,HR,350.75,1,84906.05
4500091262,00020,SPARE-5001,Turbine Blade Set,1010,SPARE,414.93,EA,1602.23,1,664813.29
4500091262,00030,IT-3001,Ruggedized Laptop,2010,IT,379.02,EA,4719.52,1,1788792.47
4500091263,00010,SPARE-5001,Turbine Blade Set,1020,SPARE,138.19,EA,7069.69,1,976960.46
4500091263,00020,SERV-6001,Ground Handling Labor Hr,2010,SERV,393.02,HR,2887.03,1,1134660.53
4500091263,00030,SERV-6001,Ground Handling Labor Hr,1010,SERV,96.86,HR,5915.76,1,573000.51
4500091264,00010,SERV-6001,Ground Handling Labor Hr,2010,SERV,133.8,HR,3868.4,1,517591.92
4500091265,00010,SERV-6002,Cleaning Service Cycle,1010,SERV,196.5,EA,4452.48,1,874912.32
4500091266,00010,IT-3002,Network Switch 24-port,1010,IT,224.16,EA,4428.72,1,992741.88
4500091266,00020,SERV-6002,Cleaning Service Cycle,2010,SERV,380.48,EA,7048.88,1,2681957.86
4500091267,00010,SERV-6002,Cleaning Service Cycle,2010,SERV,6.71,EA,127.29,1,854.12
4500091267,00020,SPARE-5001,Turbine Blade Set,1020,SPARE,197.82,EA,6655.17,1,1316525.73
4500091268,00010,SPARE-5001,Turbine Blade Set,1020,SPARE,97.91,EA,552.69,1,54113.88
4500091268,00020,MRO-1001,Hydraulic Pump Assembly,1010,MRO,10.36,EA,1868.16,1,19354.14
4500091268,00030,MRO-1001,Hydraulic Pump Assembly,1010,MRO,368.92,EA,693.53,1,255857.09
4500091269,00010,MRO-1002,Landing Gear Bushing,1020,MRO,44.33,EA,4743.25,1,210268.27
4500091269,00020,MRO-1001,Hydraulic Pump Assembly,1010,MRO,347.72,EA,3370.58,1,1172018.08
4500091269,00030,SERV-6001,Ground Handling Labor Hr,1010,SERV,72.64,HR,3897.11,1,283086.07
4500091269,00040,OFFC-4001,Printer Toner Cartridge,2010,OFFC,200.59,EA,3213.86,1,644668.18
4500091270,00010,SERV-6001,Ground Handling Labor Hr,1010,SERV,356.9,HR,2844.83,1,1015319.83
4500091270,00020,SERV-6002,Cleaning Service Cycle,1010,SERV,163.46,EA,3714.97,1,607249.0
4500091271,00010,IT-3001,Ruggedized Laptop,2010,IT,393.46,EA,935.04,1,367900.84
4500091271,00020,SERV-6002,Cleaning Service Cycle,1020,SERV,130.23,EA,5706.16,1,743113.22
4500091272,00010,MRO-1002,Landing Gear Bushing,1010,MRO,457.78,EA,1589.09,1,727453.62
4500091272,00020,SPARE-5002,Brake Disc Assembly,2010,SPARE,235.46,EA,7160.18,1,1685935.98
4500091272,00030,OFFC-4001,Printer Toner Cartridge,1010,OFFC,238.83,EA,3373.38,1,805664.35
4500091273,00010,SPARE-5001,Turbine Blade Set,1020,SPARE,404.62,EA,3797.58,1,1536576.82
4500091273,00020,MRO-1002,Landing Gear Bushing,1010,MRO,256.29,EA,3542.21,1,907833.0
4500091273,00030,SPARE-5002,Brake Disc Assembly,1010,SPARE,310.24,EA,4525.76,1,1404071.78
4500091274,00010,IT-3002,Network Switch 24-port,1020,IT,134.04,EA,2153.21,1,288616.27
4500091274,00020,FUEL-2001,Jet A-1 Fuel,1020,FUEL,110.29,L,2775.9,1,306154.01
4500091274,00030,IT-3001,Ruggedized Laptop,1020,IT,250.99,EA,3122.0,1,783590.78
4500091274,00040,SPARE-5002,Brake Disc Assembly,1010,SPARE,285.57,EA,7979.52,1,2278711.53
4500091275,00010,IT-3002,Network Switch 24-port,2010,IT,344.42,EA,1400.19,1,482253.44
4500091276,00010,SERV-6001,Ground Handling Labor Hr,1020,SERV,437.32,HR,5014.06,1,2192748.72
4500091276,00020,SPARE-5002,Brake Disc Assembly,1010,SPARE,371.22,EA,2157.98,1,801085.34
4500091277,00010,SERV-6001,Ground Handling Labor Hr,1010,SERV,39.75,HR,5382.25,1,213944.44
4500091277,00020,IT-3002,Network Switch 24-port,1020,IT,244.88,EA,5187.4,1,1270290.51
4500091277,00030,MRO-1002,Landing Gear Bushing,2010,MRO,147.51,EA,3655.77,1,539262.63
4500091277,00040,IT-3002,Network Switch 24-port,1020,IT,138.63,EA,3667.15,1,508377.0
4500091278,00010,SPARE-5002,Brake Disc Assembly,1010,SPARE,66.56,EA,7017.18,1,467063.5
4500091278,00020,SPARE-5001,Turbine Blade Set,1010,SPARE,277.17,EA,6476.9,1,1795202.37
4500091278,00030,OFFC-4001,Printer Toner Cartridge,1010,OFFC,329.9,EA,7060.5,1,2329258.95
4500091278,00040,SERV-6001,Ground Handling Labor Hr,2010,SERV,187.01,HR,4149.88,1,776069.06
4500091279,00010,MRO-1001,Hydraulic Pump Assembly,1010,MRO,388.76,EA,2478.36,1,963487.23
4500091280,00010,SPARE-5001,Turbine Blade Set,1020,SPARE,376.7,EA,3438.67,1,1295346.99
4500091280,00020,MRO-1001,Hydraulic Pump Assembly,1020,MRO,114.72,EA,1998.87,1,229310.37
4500091280,00030,SPARE-5001,Turbine Blade Set,1010,SPARE,296.48,EA,1980.26,1,587107.48
4500091281,00010,SERV-6001,Ground Handling Labor Hr,1010,SERV,466.57,HR,1480.63,1,690817.54
4500091282,00010,SERV-6001,Ground Handling Labor Hr,1010,SERV,323.87,HR,3458.65,1,1120152.98
4500091282,00020,SERV-6001,Ground Handling Labor Hr,1010,SERV,380.2,HR,5416.5,1,2059353.3
4500091282,00030,SPARE-5001,Turbine Blade Set,1020,SPARE,235.89,EA,1657.86,1,391072.6
4500091282,00040,IT-3001,Ruggedized Laptop,2010,IT,153.04,EA,6509.39,1,996197.05
4500091283,00010,MRO-1001,Hydraulic Pump Assembly,2010,MRO,422.08,EA,5101.67,1,2153312.87
4500091283,00020,FUEL-2001,Jet A-1 Fuel,1020,FUEL,70.36,L,961.23,1,67632.14
4500091283,00030,MRO-1001,Hydraulic Pump Assembly,1020,MRO,131.92,EA,6854.45,1,904239.04
4500091284,00010,IT-3001,Ruggedized Laptop,1010,IT,94.22,EA,508.31,1,47892.97
4500091284,00020,SPARE-5001,Turbine Blade Set,2010,SPARE,381.74,EA,4631.49,1,1768024.99
4500091284,00030,MRO-1001,Hydraulic Pump Assembly,2010,MRO,237.81,EA,7549.17,1,1795268.12
4500091284,00040,SERV-6002,Cleaning Service Cycle,2010,SERV,89.48,EA,6699.08,1,599433.68
4500091285,00010,OFFC-4001,Printer Toner Cartridge,1010,OFFC,482.92,EA,6160.33,1,2974946.56
4500091285,00020,SPARE-5002,Brake Disc Assembly,1010,SPARE,46.13,EA,5905.55,1,272423.02
4500091285,00030,SERV-6001,Ground Handling Labor Hr,2010,SERV,212.02,HR,6647.06,1,1409309.66
4500091285,00040,IT-3002,Network Switch 24-port,1010,IT,86.64,EA,4706.75,1,407792.82
4500091286,00010,IT-3002,Network Switch 24-port,2010,IT,343.86,EA,5125.07,1,1762306.57
4500091286,00020,MRO-1001,Hydraulic Pump Assembly,2010,MRO,57.36,EA,2883.16,1,165378.06
4500091286,00030,SERV-6002,Cleaning Service Cycle,1020,SERV,489.22,EA,3608.14,1,1765174.25
4500091287,00010,IT-3002,Network Switch 24-port,1020,IT,498.12,EA,4253.41,1,2118708.59
4500091287,00020,IT-3001,Ruggedized Laptop,1020,IT,281.14,EA,4110.78,1,1155704.69
4500091287,00030,IT-3001,Ruggedized Laptop,2010,IT,406.05,EA,5585.05,1,2267809.55
4500091288,00010,SPARE-5001,Turbine Blade Set,1010,SPARE,476.97,EA,2183.21,1,1041325.67
4500091288,00020,MRO-1002,Landing Gear Bushing,2010,MRO,172.53,EA,5168.69,1,891754.09
4500091288,00030,MRO-1001,Hydraulic Pump Assembly,1020,MRO,52.38,EA,5210.92,1,272947.99
4500091288,00040,SERV-6002,Cleaning Service Cycle,2010,SERV,460.58,EA,5272.19,1,2428265.27
4500091289,00010,MRO-1001,Hydraulic Pump Assembly,1020,MRO,468.52,EA,7819.07,1,3663390.68
4500091289,00020,IT-3002,Network Switch 24-port,1010,IT,22.22,EA,7041.09,1,156453.02
4500091289,00030,MRO-1001,Hydraulic Pump Assembly,2010,MRO,257.08,EA,4324.58,1,1111763.03
4500091289,00040,MRO-1002,Landing Gear Bushing,2010,MRO,227.68,EA,3228.85,1,735144.57
4500091290,00010,MRO-1001,Hydraulic Pump Assembly,2010,MRO,229.36,EA,4140.39,1,949639.85
4500091291,00010,SERV-6001,Ground Handling Labor Hr,2010,SERV,2.09,HR,7497.73,1,15670.26
4500091291,00020,MRO-1002,Landing Gear Bushing,1020,MRO,359.9,EA,7078.78,1,2547652.92
4500091291,00030,MRO-1002,Landing Gear Bushing,1020,MRO,86.57,EA,3788.54,1,327973.91
4500091291,00040,FUEL-2001,Jet A-1 Fuel,1010,FUEL,8.76,L,284.09,1,2488.63
4500091292,00010,IT-3001,Ruggedized Laptop,1020,IT,336.59,EA,7061.26,1,2376749.5
4500091292,00020,IT-3002,Network Switch 24-port,1020,IT,109.95,EA,6428.49,1,706812.48
4500091292,00030,FUEL-2001,Jet A-1 Fuel,2010,FUEL,321.32,L,2685.38,1,862866.3
4500091292,00040,SPARE-5002,Brake Disc Assembly,1010,SPARE,450.1,EA,668.16,1,300738.82
4500091293,00010,SPARE-5001,Turbine Blade Set,1010,SPARE,298.74,EA,4692.82,1,1401933.05
4500091293,00020,IT-3001,Ruggedized Laptop,1010,IT,229.81,EA,2004.18,1,460580.61
4500091294,00010,MRO-1001,Hydraulic Pump Assembly,1010,MRO,66.8,EA,6038.63,1,403380.48
4500091294,00020,SPARE-5001,Turbine Blade Set,2010,SPARE,159.8,EA,6758.8,1,1080056.24
4500091294,00030,IT-3002,Network Switch 24-port,2010,IT,21.97,EA,2851.78,1,62653.61
4500091294,00040,SPARE-5001,Turbine Blade Set,2010,SPARE,128.67,EA,6036.12,1,776667.56
4500091295,00010,MRO-1002,Landing Gear Bushing,1020,MRO,176.79,EA,5740.46,1,1014855.92
4500091295,00020,SPARE-5002,Brake Disc Assembly,2010,SPARE,125.14,EA,2968.12,1,371430.54
4500091296,00010,SPARE-5001,Turbine Blade Set,2010,SPARE,403.59,EA,4842.47,1,1954372.47
4500091296,00020,SERV-6001,Ground Handling Labor Hr,1010,SERV,204.47,HR,4690.75,1,959117.65
4500091296,00030,OFFC-4001,Printer Toner Cartridge,1020,OFFC,291.16,EA,4544.24,1,1323100.92
4500091296,00040,FUEL-2001,Jet A-1 Fuel,1020,FUEL,68.31,L,422.97,1,28893.08
4500091297,00010,SPARE-5001,Turbine Blade Set,1020,SPARE,209.06,EA,599.92,1,125419.28
4500091298,00010,SERV-6002,Cleaning Service Cycle,2010,SERV,457.49,EA,4833.56,1,2211305.36
4500091298,00020,SERV-6001,Ground Handling Labor Hr,2010,SERV,124.73,HR,2578.52,1,321618.8
4500091299,00010,SPARE-5001,Turbine Blade Set,1020,SPARE,7.17,EA,988.92,1,7090.56
4500091299,00020,SERV-6001,Ground Handling Labor Hr,1020,SERV,87.16,HR,4195.59,1,365687.62
4500091299,00030,SERV-6002,Cleaning Service Cycle,1010,SERV,406.74,EA,783.25,1,318579.1
4500091300,00010,MRO-1001,Hydraulic Pump Assembly,1020,MRO,3.21,EA,550.66,1,1767.62
4500091301,00010,IT-3001,Ruggedized Laptop,2010,IT,426.6,EA,6968.31,1,2972681.05
4500091301,00020,SERV-6002,Cleaning Service Cycle,1010,SERV,36.29,EA,2418.14,1,87754.3
4500091301,00030,IT-3001,Ruggedized Laptop,1020,IT,258.78,EA,4607.8,1,1192406.48
4500091302,00010,SPARE-5001,Turbine Blade Set,2010,SPARE,149.26,EA,5943.42,1,887114.87
4500091302,00020,FUEL-2001,Jet A-1 Fuel,2010,FUEL,149.13,L,110.63,1,16498.25
4500091302,00030,FUEL-2001,Jet A-1 Fuel,1020,FUEL,28.75,L,1477.56,1,42479.85
4500091303,00010,SERV-6001,Ground Handling Labor Hr,2010,SERV,452.97,HR,3217.42,1,1457394.74
4500091303,00020,SERV-6001,Ground Handling Labor Hr,1010,SERV,460.69,HR,7832.4,1,3608308.36
4500091303,00030,OFFC-4001,Printer Toner Cartridge,1010,OFFC,201.75,EA,1071.03,1,216080.3
4500091304,00010,MRO-1002,Landing Gear Bushing,1020,MRO,468.29,EA,3456.3,1,1618550.73
4500091304,00020,SPARE-5002,Brake Disc Assembly,2010,SPARE,77.31,EA,6120.56,1,473180.49
4500091304,00030,IT-3002,Network Switch 24-port,1010,IT,424.94,EA,73.69,1,31313.83
4500091304,00040,IT-3002,Network Switch 24-port,1010,IT,245.89,EA,981.72,1,241395.13
4500091305,00010,MRO-1002,Landing Gear Bushing,1020,MRO,7.35,EA,3979.68,1,29250.65
4500091305,00020,IT-3001,Ruggedized Laptop,1020,IT,321.54,EA,604.73,1,194444.88
4500091305,00030,MRO-1001,Hydraulic Pump Assembly,2010,MRO,113.65,EA,707.56,1,80414.19
4500091305,00040,FUEL-2001,Jet A-1 Fuel,1020,FUEL,483.03,L,1189.97,1,574791.21
4500091306,00010,IT-3001,Ruggedized Laptop,2010,IT,230.35,EA,1535.22,1,353637.93
4500091306,00020,FUEL-2001,Jet A-1 Fuel,1020,FUEL,405.37,L,6817.24,1,2763504.58
4500091307,00010,SPARE-5002,Brake Disc Assembly,1010,SPARE,375.15,EA,4285.67,1,1607769.1
4500091308,00010,SERV-6002,Cleaning Service Cycle,1010,SERV,36.57,EA,3780.31,1,138245.94
4500091309,00010,SERV-6001,Ground Handling Labor Hr,1020,SERV,296.95,HR,646.09,1,191856.43
4500091309,00020,SPARE-5001,Turbine Blade Set,2010,SPARE,97.1,EA,2061.23,1,200145.43
4500091310,00010,OFFC-4001,Printer Toner Cartridge,1020,OFFC,447.7,EA,3626.1,1,1623404.97
4500091311,00010,MRO-1001,Hydraulic Pump Assembly,1010,MRO,323.66,EA,6573.64,1,2127624.32
4500091311,00020,MRO-1001,Hydraulic Pump Assembly,1010,MRO,143.24,EA,4710.9,1,674789.32
4500091311,00030,IT-3002,Network Switch 24-port,2010,IT,160.15,EA,2507.83,1,401628.97
4500091311,00040,IT-3002,Network Switch 24-port,1010,IT,492.37,EA,7955.8,1,3917197.25
4500091312,00010,SERV-6002,Cleaning Service Cycle,2010,SERV,191.93,EA,6156.18,1,1181555.63
4500091312,00020,MRO-1001,Hydraulic Pump Assembly,2010,MRO,120.04,EA,2986.54,1,358504.26
4500091313,00010,SPARE-5001,Turbine Blade Set,1020,SPARE,161.53,EA,4872.48,1,787051.69
4500091313,00020,MRO-1002,Landing Gear Bushing,2010,MRO,485.44,EA,3069.45,1,1490033.81
4500091314,00010,IT-3001,Ruggedized Laptop,1020,IT,28.69,EA,1535.19,1,44044.6
4500091314,00020,IT-3002,Network Switch 24-port,2010,IT,132.56,EA,184.91,1,24511.67
4500091315,00010,MRO-1002,Landing Gear Bushing,2010,MRO,300.14,EA,4928.77,1,1479321.03
4500091316,00010,SPARE-5001,Turbine Blade Set,2010,SPARE,189.91,EA,788.06,1,149660.47
4500091316,00020,IT-3002,Network Switch 24-port,1020,IT,277.22,EA,4495.8,1,1246325.68
4500091317,00010,IT-3002,Network Switch 24-port,2010,IT,497.1,EA,6393.79,1,3178353.01
4500091318,00010,SPARE-5002,Brake Disc Assembly,1020,SPARE,476.03,EA,2919.6,1,1389817.19
4500091318,00020,IT-3002,Network Switch 24-port,1010,IT,240.64,EA,5591.83,1,1345617.97
4500091318,00030,SERV-6001,Ground Handling Labor Hr,1010,SERV,339.77,HR,5437.71,1,1847570.73
4500091318,00040,IT-3001,Ruggedized Laptop,1020,IT,40.88,EA,6010.71,1,245717.82
4500091319,00010,SPARE-5002,Brake Disc Assembly,1010,SPARE,402.15,EA,7982.46,1,3210146.29
4500091319,00020,SPARE-5001,Turbine Blade Set,2010,SPARE,90.72,EA,2627.2,1,238339.58
4500091319,00030,SPARE-5001,Turbine Blade Set,1010,SPARE,461.5,EA,2919.15,1,1347187.73
4500091319,00040,FUEL-2001,Jet A-1 Fuel,2010,FUEL,374.77,L,607.91,1,227826.43
4500091320,00010,SERV-6001,Ground Handling Labor Hr,1010,SERV,201.24,HR,2658.54,1,535004.59
4500091320,00020,SPARE-5001,Turbine Blade Set,1010,SPARE,119.02,EA,3181.89,1,378708.55
4500091320,00030,SPARE-5001,Turbine Blade Set,1010,SPARE,414.79,EA,2980.3,1,1236198.64
4500091320,00040,SERV-6001,Ground Handling Labor Hr,2010,SERV,443.66,HR,720.09,1,319475.13
4500091321,00010,FUEL-2001,Jet A-1 Fuel,2010,FUEL,30.29,L,5931.42,1,179662.71
4500091322,00010,SPARE-5002,Brake Disc Assembly,2010,SPARE,378.73,EA,4556.02,1,1725501.45
4500091322,00020,SERV-6002,Cleaning Service Cycle,2010,SERV,183.97,EA,6862.6,1,1262512.52
4500091323,00010,OFFC-4001,Printer Toner Cartridge,1020,OFFC,458.7,EA,7581.23,1,3477510.2
4500091323,00020,OFFC-4001,Printer Toner Cartridge,2010,OFFC,129.64,EA,2201.37,1,285385.61
4500091323,00030,SERV-6002,Cleaning Service Cycle,1020,SERV,475.96,EA,369.88,1,176048.08
4500091323,00040,SERV-6001,Ground Handling Labor Hr,1020,SERV,481.36,HR,2266.5,1,1091002.44
4500091324,00010,SERV-6001,Ground Handling Labor Hr,1020,SERV,298.03,HR,2795.93,1,833271.02
4500091325,00010,SERV-6002,Cleaning Service Cycle,1010,SERV,397.31,EA,2980.54,1,1184198.35
4500091325,00020,SPARE-5002,Brake Disc Assembly,2010,SPARE,308.65,EA,437.62,1,135071.41
4500091326,00010,SERV-6001,Ground Handling Labor Hr,1020,SERV,212.11,HR,3592.21,1,761943.66
4500091326,00020,SPARE-5002,Brake Disc Assembly,1020,SPARE,431.98,EA,1251.02,1,540415.62
4500091326,00030,SPARE-5001,Turbine Blade Set,1010,SPARE,9.0,EA,1589.99,1,14309.91
4500091327,00010,SPARE-5002,Brake Disc Assembly,1010,SPARE,115.97,EA,5812.17,1,674037.35
4500091328,00010,OFFC-4001,Printer Toner Cartridge,1010,OFFC,65.35,EA,2060.17,1,134632.11
4500091329,00010,SPARE-5001,Turbine Blade Set,1020,SPARE,484.35,EA,5860.74,1,2838649.42
4500091330,00010,SERV-6002,Cleaning Service Cycle,2010,SERV,466.85,EA,658.02,1,307196.64
4500091331,00010,SERV-6002,Cleaning Service Cycle,1010,SERV,108.19,EA,2654.18,1,287155.73
4500091331,00020,SERV-6001,Ground Handling Labor Hr,2010,SERV,118.29,HR,7051.23,1,834090.0
4500091331,00030,SERV-6002,Cleaning Service Cycle,2010,SERV,247.95,EA,5025.07,1,1245966.11
4500091331,00040,SPARE-5002,Brake Disc Assembly,1020,SPARE,198.6,EA,7639.67,1,1517238.46
4500091332,00010,IT-3001,Ruggedized Laptop,1010,IT,427.91,EA,6449.57,1,2759835.5
4500091332,00020,SERV-6002,Cleaning Service Cycle,1020,SERV,93.62,EA,223.76,1,20948.41
4500091332,00030,SPARE-5001,Turbine Blade Set,1010,SPARE,244.95,EA,1751.77,1,429096.06
4500091333,00010,SERV-6002,Cleaning Service Cycle,1020,SERV,499.15,EA,3250.88,1,1622676.75
4500091333,00020,MRO-1001,Hydraulic Pump Assembly,1010,MRO,93.84,EA,4494.15,1,421731.04
4500091334,00010,FUEL-2001,Jet A-1 Fuel,2010,FUEL,220.21,L,7349.2,1,1618367.33
4500091334,00020,FUEL-2001,Jet A-1 Fuel,1020,FUEL,112.69,L,4288.64,1,483286.84
4500091334,00030,FUEL-2001,Jet A-1 Fuel,1010,FUEL,24.32,L,1921.62,1,46733.8
4500091335,00010,FUEL-2001,Jet A-1 Fuel,1010,FUEL,258.62,L,2360.81,1,610552.68
4500091335,00020,IT-3002,Network Switch 24-port,2010,IT,247.83,EA,583.4,1,144584.02
4500091336,00010,IT-3002,Network Switch 24-port,1020,IT,345.33,EA,1032.17,1,356439.27
4500091336,00020,MRO-1001,Hydraulic Pump Assembly,1020,MRO,457.5,EA,3551.67,1,1624889.03
4500091336,00030,SERV-6002,Cleaning Service Cycle,1010,SERV,345.17,EA,4986.24,1,1721100.46
4500091337,00010,FUEL-2001,Jet A-1 Fuel,2010,FUEL,92.97,L,6071.78,1,564493.39
4500091337,00020,FUEL-2001,Jet A-1 Fuel,1020,FUEL,456.89,L,3952.25,1,1805743.5
4500091338,00010,SPARE-5002,Brake Disc Assembly,1010,SPARE,15.11,EA,6425.19,1,97084.62
4500091338,00020,IT-3001,Ruggedized Laptop,1020,IT,279.7,EA,437.83,1,122461.05
4500091338,00030,MRO-1001,Hydraulic Pump Assembly,2010,MRO,168.19,EA,2519.27,1,423716.02
4500091339,00010,IT-3002,Network Switch 24-port,1020,IT,364.23,EA,1075.57,1,391754.86
4500091339,00020,IT-3002,Network Switch 24-port,1020,IT,10.23,EA,5191.07,1,53104.65
4500091339,00030,SPARE-5002,Brake Disc Assembly,1010,SPARE,390.97,EA,2947.25,1,1152286.33
4500091339,00040,SPARE-5001,Turbine Blade Set,2010,SPARE,227.27,EA,1119.01,1,254317.4
4500091340,00010,SERV-6001,Ground Handling Labor Hr,1020,SERV,331.52,HR,2867.5,1,950633.6
4500091340,00020,IT-3002,Network Switch 24-port,1020,IT,472.99,EA,5836.85,1,2760771.68
4500091341,00010,SERV-6002,Cleaning Service Cycle,2010,SERV,419.48,EA,5670.38,1,2378611.0
4500091341,00020,MRO-1002,Landing Gear Bushing,2010,MRO,129.59,EA,7312.88,1,947676.12
4500091341,00030,SPARE-5001,Turbine Blade Set,1020,SPARE,18.16,EA,5925.94,1,107615.07
4500091341,00040,OFFC-4001,Printer Toner Cartridge,2010,OFFC,8.09,EA,2271.12,1,18373.36
4500091342,00010,FUEL-2001,Jet A-1 Fuel,1020,FUEL,372.91,L,7803.37,1,2909954.71
4500091342,00020,SPARE-5001,Turbine Blade Set,2010,SPARE,51.61,EA,824.74,1,42564.83
4500091343,00010,IT-3001,Ruggedized Laptop,1010,IT,126.49,EA,52.59,1,6652.11
4500091343,00020,FUEL-2001,Jet A-1 Fuel,2010,FUEL,342.84,L,3506.76,1,1202257.6
4500091343,00030,FUEL-2001,Jet A-1 Fuel,2010,FUEL,69.6,L,1561.01,1,108646.3
4500091344,00010,SPARE-5001,Turbine Blade Set,2010,SPARE,357.85,EA,5977.26,1,2138962.49
4500091344,00020,SPARE-5002,Brake Disc Assembly,2010,SPARE,33.04,EA,4116.87,1,136021.38
4500091344,00030,SERV-6001,Ground Handling Labor Hr,1010,SERV,71.53,HR,7722.22,1,552370.4
4500091345,00010,SPARE-5001,Turbine Blade Set,1010,SPARE,261.56,EA,3087.67,1,807610.97
4500091346,00010,SERV-6002,Cleaning Service Cycle,1020,SERV,300.13,EA,7780.28,1,2335095.44
4500091346,00020,SPARE-5001,Turbine Blade Set,2010,SPARE,13.23,EA,5442.0,1,71997.66
4500091346,00030,SPARE-5001,Turbine Blade Set,2010,SPARE,343.66,EA,4995.79,1,1716853.19
4500091346,00040,SPARE-5001,Turbine Blade Set,1010,SPARE,97.21,EA,5432.6,1,528103.05
4500091347,00010,SERV-6002,Cleaning Service Cycle,1020,SERV,440.15,EA,3349.1,1,1474106.36
4500091348,00010,SERV-6001,Ground Handling Labor Hr,1020,SERV,203.77,HR,2236.71,1,455774.4
4500091348,00020,SERV-6001,Ground Handling Labor Hr,1020,SERV,473.56,HR,2593.34,1,1228102.09
4500091348,00030,SPARE-5002,Brake Disc Assembly,1010,SPARE,176.68,EA,7929.76,1,1401030.0
4500091348,00040,IT-3002,Network Switch 24-port,1010,IT,235.66,EA,2211.29,1,521112.6
4500091349,00010,MRO-1001,Hydraulic Pump Assembly,1020,MRO,179.35,EA,3329.49,1,597144.03
4500091349,00020,IT-3002,Network Switch 24-port,1020,IT,163.22,EA,1248.17,1,203726.31
4500091349,00030,IT-3002,Network Switch 24-port,2010,IT,130.75,EA,6163.33,1,805855.4
4500091350,00010,MRO-1001,Hydraulic Pump Assembly,1020,MRO,256.77,EA,1882.38,1,483338.71
4500091350,00020,SPARE-5002,Brake Disc Assembly,1020,SPARE,433.76,EA,5846.91,1,2536155.68
4500091350,00030,MRO-1001,Hydraulic Pump Assembly,1010,MRO,479.21,EA,3277.51,1,1570615.57
4500091350,00040,SERV-6002,Cleaning Service Cycle,1010,SERV,149.85,EA,7494.15,1,1122998.38
4500091351,00010,MRO-1001,Hydraulic Pump Assembly,1010,MRO,270.74,EA,5892.36,1,1595297.55
4500091351,00020,MRO-1001,Hydraulic Pump Assembly,1020,MRO,491.58,EA,6219.34,1,3057303.16
4500091351,00030,MRO-1002,Landing Gear Bushing,1010,MRO,107.08,EA,5350.43,1,572924.04
4500091352,00010,IT-3002,Network Switch 24-port,1020,IT,168.98,EA,1239.8,1,209501.4
4500091352,00020,MRO-1002,Landing Gear Bushing,1020,MRO,105.66,EA,3126.14,1,330307.95
4500091353,00010,SPARE-5002,Brake Disc Assembly,1010,SPARE,150.28,EA,4085.33,1,613943.39
4500091353,00020,SERV-6002,Cleaning Service Cycle,1010,SERV,161.61,EA,5128.95,1,828889.61
4500091353,00030,SERV-6002,Cleaning Service Cycle,1020,SERV,126.36,EA,170.33,1,21522.9
4500091353,00040,SERV-6002,Cleaning Service Cycle,1010,SERV,414.37,EA,6094.92,1,2525552.0
4500091354,00010,IT-3001,Ruggedized Laptop,2010,IT,484.75,EA,2843.12,1,1378202.42
4500091355,00010,FUEL-2001,Jet A-1 Fuel,2010,FUEL,21.39,L,789.02,1,16877.14
4500091355,00020,SPARE-5002,Brake Disc Assembly,2010,SPARE,332.83,EA,3779.9,1,1258064.12
4500091355,00030,SPARE-5001,Turbine Blade Set,1010,SPARE,230.68,EA,4885.11,1,1126897.17
4500091356,00010,MRO-1001,Hydraulic Pump Assembly,1010,MRO,250.93,EA,6041.82,1,1516073.89
4500091356,00020,SERV-6002,Cleaning Service Cycle,1020,SERV,160.68,EA,5138.27,1,825617.22
4500091357,00010,SPARE-5001,Turbine Blade Set,2010,SPARE,16.53,EA,5149.74,1,85125.2
4500091357,00020,SERV-6001,Ground Handling Labor Hr,1020,SERV,189.0,HR,4989.23,1,942964.47
4500091358,00010,MRO-1001,Hydraulic Pump Assembly,2010,MRO,192.59,EA,1470.71,1,283244.04
4500091358,00020,IT-3001,Ruggedized Laptop,2010,IT,328.94,EA,5145.09,1,1692425.9
4500091359,00010,FUEL-2001,Jet A-1 Fuel,1020,FUEL,443.29,L,6590.16,1,2921352.03
4500091359,00020,SERV-6002,Cleaning Service Cycle,2010,SERV,156.89,EA,4990.4,1,782943.86
4500091359,00030,MRO-1001,Hydraulic Pump Assembly,1010,MRO,466.85,EA,7424.25,1,3466011.11
4500091360,00010,FUEL-2001,Jet A-1 Fuel,2010,FUEL,442.07,L,1839.43,1,813156.82
4500091361,00010,SERV-6001,Ground Handling Labor Hr,1020,SERV,141.0,HR,3738.8,1,527170.8
4500091362,00010,OFFC-4001,Printer Toner Cartridge,2010,OFFC,102.06,EA,4208.15,1,429483.79
4500091362,00020,SERV-6001,Ground Handling Labor Hr,1020,SERV,312.53,HR,337.54,1,105491.38
4500091362,00030,IT-3001,Ruggedized Laptop,2010,IT,231.92,EA,549.15,1,127358.87
4500091363,00010,SPARE-5001,Turbine Blade Set,1020,SPARE,413.56,EA,1696.58,1,701637.62
4500091363,00020,SERV-6001,Ground Handling Labor Hr,2010,SERV,256.35,HR,3299.98,1,845949.87
4500091364,00010,SERV-6002,Cleaning Service Cycle,1010,SERV,200.17,EA,888.02,1,177754.96
4500091364,00020,SERV-6002,Cleaning Service Cycle,2010,SERV,14.9,EA,6800.8,1,101331.92
4500091365,00010,MRO-1001,Hydraulic Pump Assembly,1020,MRO,324.78,EA,3917.87,1,1272445.82
4500091365,00020,SPARE-5001,Turbine Blade Set,2010,SPARE,357.92,EA,6801.48,1,2434385.72
4500091366,00010,SPARE-5001,Turbine Blade Set,1010,SPARE,277.09,EA,7149.86,1,1981154.71
4500091366,00020,IT-3002,Network Switch 24-port,1020,IT,452.74,EA,4100.82,1,1856605.25
4500091367,00010,SPARE-5001,Turbine Blade Set,2010,SPARE,245.92,EA,3692.73,1,908116.16
4500091368,00010,SPARE-5002,Brake Disc Assembly,1010,SPARE,221.69,EA,5923.09,1,1313089.82
4500091369,00010,SPARE-5002,Brake Disc Assembly,1010,SPARE,338.38,EA,281.22,1,95159.22
4500091369,00020,MRO-1002,Landing Gear Bushing,2010,MRO,262.87,EA,4950.58,1,1301358.96
4500091369,00030,IT-3001,Ruggedized Laptop,1020,IT,258.77,EA,5693.05,1,1473190.55
4500091370,00010,IT-3002,Network Switch 24-port,2010,IT,443.99,EA,7608.77,1,3378217.79
4500091371,00010,SERV-6001,Ground Handling Labor Hr,2010,SERV,495.25,HR,928.37,1,459775.24
4500091371,00020,SPARE-5001,Turbine Blade Set,2010,SPARE,409.75,EA,6216.03,1,2547018.29
4500091371,00030,MRO-1002,Landing Gear Bushing,1020,MRO,372.08,EA,4670.58,1,1737829.41
4500091371,00040,SPARE-5002,Brake Disc Assembly,1010,SPARE,309.34,EA,4311.06,1,1333583.3
4500091372,00010,SPARE-5001,Turbine Blade Set,1020,SPARE,488.19,EA,4604.55,1,2247895.26
4500091372,00020,MRO-1001,Hydraulic Pump Assembly,1020,MRO,457.57,EA,7917.61,1,3622860.81
4500091372,00030,SPARE-5001,Turbine Blade Set,1010,SPARE,476.94,EA,6518.94,1,3109143.24
4500091373,00010,MRO-1002,Landing Gear Bushing,1020,MRO,178.18,EA,7560.33,1,1347099.6
4500091373,00020,SPARE-5002,Brake Disc Assembly,2010,SPARE,353.5,EA,1298.13,1,458888.96
4500091374,00010,MRO-1001,Hydraulic Pump Assembly,1020,MRO,69.22,EA,6642.33,1,459782.08
4500091374,00020,SERV-6001,Ground Handling Labor Hr,1020,SERV,184.78,HR,5647.66,1,1043574.61
4500091375,00010,MRO-1002,Landing Gear Bushing,1020,MRO,275.45,EA,5022.09,1,1383334.69
4500091375,00020,SERV-6001,Ground Handling Labor Hr,1020,SERV,124.47,HR,3474.23,1,432437.41
4500091375,00030,MRO-1001,Hydraulic Pump Assembly,1020,MRO,473.42,EA,7284.85,1,3448793.69
4500091376,00010,SERV-6002,Cleaning Service Cycle,1010,SERV,179.01,EA,2281.81,1,408466.81
4500091376,00020,SPARE-5002,Brake Disc Assembly,2010,SPARE,134.6,EA,7456.49,1,1003643.55
4500091376,00030,MRO-1002,Landing Gear Bushing,1020,MRO,212.92,EA,3546.79,1,755182.53
4500091377,00010,MRO-1002,Landing Gear Bushing,1020,MRO,114.74,EA,6110.4,1,701107.3
4500091377,00020,SPARE-5002,Brake Disc Assembly,2010,SPARE,193.92,EA,7117.09,1,1380146.09
4500091377,00030,SERV-6002,Cleaning Service Cycle,2010,SERV,128.32,EA,4508.37,1,578514.04
4500091378,00010,IT-3001,Ruggedized Laptop,1010,IT,485.58,EA,6169.79,1,2995926.63
4500091378,00020,FUEL-2001,Jet A-1 Fuel,1020,FUEL,212.95,L,6824.88,1,1453358.2
4500091378,00030,MRO-1001,Hydraulic Pump Assembly,1020,MRO,287.99,EA,5173.56,1,1489933.54
4500091379,00010,MRO-1002,Landing Gear Bushing,1020,MRO,300.29,EA,3032.88,1,910743.54
4500091379,00020,SPARE-5001,Turbine Blade Set,1010,SPARE,218.32,EA,642.12,1,140187.64
4500091379,00030,OFFC-4001,Printer Toner Cartridge,1020,OFFC,373.56,EA,7323.86,1,2735901.14
4500091379,00040,FUEL-2001,Jet A-1 Fuel,1010,FUEL,405.84,L,7375.32,1,2993199.87
4500091380,00010,IT-3001,Ruggedized Laptop,2010,IT,362.87,EA,7776.16,1,2821735.18
4500091381,00010,OFFC-4001,Printer Toner Cartridge,1020,OFFC,75.71,EA,2449.34,1,185439.53
4500091382,00010,SPARE-5002,Brake Disc Assembly,1020,SPARE,152.72,EA,3175.71,1,484994.43
4500091383,00010,SPARE-5002,Brake Disc Assembly,1010,SPARE,376.05,EA,3049.29,1,1146685.5
4500091383,00020,SERV-6002,Cleaning Service Cycle,2010,SERV,292.69,EA,6008.5,1,1758627.86
4500091384,00010,SPARE-5002,Brake Disc Assembly,1020,SPARE,342.97,EA,3017.52,1,1034918.83
4500091384,00020,MRO-1002,Landing Gear Bushing,1010,MRO,150.02,EA,378.95,1,56850.08
4500091385,00010,IT-3002,Network Switch 24-port,1020,IT,389.96,EA,7404.37,1,2887408.13
4500091385,00020,SERV-6001,Ground Handling Labor Hr,2010,SERV,200.27,HR,1142.64,1,228836.51
4500091386,00010,MRO-1002,Landing Gear Bushing,1020,MRO,127.09,EA,2902.35,1,368859.66
4500091386,00020,MRO-1002,Landing Gear Bushing,2010,MRO,187.52,EA,3867.97,1,725321.73
4500091387,00010,SERV-6002,Cleaning Service Cycle,1010,SERV,412.13,EA,1724.98,1,710916.01
4500091387,00020,MRO-1001,Hydraulic Pump Assembly,1020,MRO,145.47,EA,4673.64,1,679874.41
4500091387,00030,IT-3001,Ruggedized Laptop,1020,IT,220.97,EA,5212.04,1,1151704.48
4500091387,00040,MRO-1002,Landing Gear Bushing,2010,MRO,257.4,EA,433.1,1,111479.94
4500091388,00010,MRO-1002,Landing Gear Bushing,1020,MRO,156.7,EA,4666.73,1,731276.59
4500091388,00020,MRO-1002,Landing Gear Bushing,1020,MRO,469.22,EA,2016.36,1,946116.44
4500091389,00010,MRO-1002,Landing Gear Bushing,2010,MRO,23.62,EA,5377.68,1,127020.8
4500091389,00020,SERV-6001,Ground Handling Labor Hr,1020,SERV,160.72,HR,2423.51,1,389506.53
4500091389,00030,SPARE-5002,Brake Disc Assembly,2010,SPARE,419.64,EA,3264.24,1,1369805.67
4500091389,00040,MRO-1001,Hydraulic Pump Assembly,2010,MRO,72.25,EA,3433.95,1,248102.89
4500091390,00010,MRO-1001,Hydraulic Pump Assembly,1010,MRO,202.72,EA,441.29,1,89458.31
4500091390,00020,MRO-1001,Hydraulic Pump Assembly,1020,MRO,93.32,EA,4027.58,1,375853.77
4500091391,00010,MRO-1002,Landing Gear Bushing,1010,MRO,48.82,EA,6310.33,1,308070.31
4500091391,00020,SPARE-5001,Turbine Blade Set,1020,SPARE,205.02,EA,312.61,1,64091.3
4500091391,00030,MRO-1002,Landing Gear Bushing,2010,MRO,128.79,EA,5913.51,1,761600.95
4500091392,00010,FUEL-2001,Jet A-1 Fuel,1010,FUEL,426.59,L,2237.45,1,954473.8
4500091392,00020,OFFC-4001,Printer Toner Cartridge,1010,OFFC,116.82,EA,7818.97,1,913412.08
4500091393,00010,SERV-6002,Cleaning Service Cycle,1010,SERV,379.0,EA,6805.68,1,2579352.72
4500091394,00010,IT-3001,Ruggedized Laptop,2010,IT,321.23,EA,2921.67,1,938528.05
4500091394,00020,SPARE-5001,Turbine Blade Set,1010,SPARE,477.72,EA,951.61,1,454603.13
4500091395,00010,FUEL-2001,Jet A-1 Fuel,1020,FUEL,109.07,L,1501.65,1,163784.97
4500091395,00020,IT-3002,Network Switch 24-port,1020,IT,386.49,EA,2397.63,1,926660.02
4500091395,00030,SPARE-5001,Turbine Blade Set,2010,SPARE,396.73,EA,1402.64,1,556469.37
4500091396,00010,IT-3001,Ruggedized Laptop,2010,IT,219.2,EA,3641.46,1,798208.03
4500091396,00020,SPARE-5002,Brake Disc Assembly,1010,SPARE,312.93,EA,6938.42,1,2171239.77
4500091396,00030,IT-3002,Network Switch 24-port,2010,IT,331.27,EA,4410.17,1,1460957.02
4500091397,00010,FUEL-2001,Jet A-1 Fuel,1020,FUEL,498.64,L,7855.05,1,3916842.13
4500091397,00020,OFFC-4001,Printer Toner Cartridge,1010,OFFC,407.22,EA,4510.51,1,1836769.88
4500091397,00030,IT-3002,Network Switch 24-port,1010,IT,244.47,EA,7179.86,1,1755260.37
4500091398,00010,IT-3002,Network Switch 24-port,1010,IT,236.89,EA,7941.1,1,1881167.18
4500091399,00010,SPARE-5001,Turbine Blade Set,1010,SPARE,217.72,EA,2555.89,1,556468.37
4500091399,00020,OFFC-4001,Printer Toner Cartridge,2010,OFFC,104.98,EA,4652.87,1,488458.29
4500091399,00030,SPARE-5001,Turbine Blade Set,2010,SPARE,64.51,EA,5077.65,1,327559.2
4500091400,00010,SERV-6002,Cleaning Service Cycle,1020,SERV,76.22,EA,844.0,1,64329.68
4500091400,00020,MRO-1002,Landing Gear Bushing,2010,MRO,79.17,EA,3672.18,1,290726.49
4500091400,00030,SPARE-5001,Turbine Blade Set,2010,SPARE,475.5,EA,5964.67,1,2836200.58
4500091400,00040,IT-3001,Ruggedized Laptop,2010,IT,162.67,EA,1715.77,1,279104.31
4500091401,00010,MRO-1002,Landing Gear Bushing,1020,MRO,197.25,EA,4316.43,1,851415.82
4500091401,00020,SERV-6002,Cleaning Service Cycle,2010,SERV,235.72,EA,5118.55,1,1206544.61
4500091401,00030,SERV-6002,Cleaning Service Cycle,2010,SERV,376.27,EA,6076.16,1,2286276.72
4500091401,00040,MRO-1002,Landing Gear Bushing,1010,MRO,208.22,EA,2848.79,1,593175.05
4500091402,00010,MRO-1001,Hydraulic Pump Assembly,1010,MRO,123.18,EA,3986.88,1,491103.88
4500091403,00010,SERV-6001,Ground Handling Labor Hr,2010,SERV,307.16,HR,6519.86,1,2002640.2
4500091403,00020,MRO-1001,Hydraulic Pump Assembly,2010,MRO,278.41,EA,1136.7,1,316468.65
4500091403,00030,IT-3002,Network Switch 24-port,1010,IT,287.35,EA,960.24,1,275924.96
4500091404,00010,IT-3002,Network Switch 24-port,2010,IT,419.33,EA,5994.35,1,2513610.79
4500091404,00020,FUEL-2001,Jet A-1 Fuel,1020,FUEL,194.91,L,5626.2,1,1096602.64
4500091404,00030,SPARE-5001,Turbine Blade Set,2010,SPARE,103.35,EA,6531.24,1,675003.65
4500091405,00010,SERV-6001,Ground Handling Labor Hr,2010,SERV,423.39,HR,657.79,1,278501.71
4500091405,00020,MRO-1002,Landing Gear Bushing,1020,MRO,91.58,EA,3320.62,1,304102.38
4500091405,00030,IT-3002,Network Switch 24-port,1020,IT,284.01,EA,725.68,1,206100.38
4500091406,00010,MRO-1001,Hydraulic Pump Assembly,1010,MRO,53.33,EA,3129.24,1,166882.37
4500091407,00010,MRO-1002,Landing Gear Bushing,1020,MRO,98.15,EA,1868.36,1,183379.53
4500091408,00010,IT-3002,Network Switch 24-port,2010,IT,23.75,EA,4515.55,1,107244.31
4500091409,00010,MRO-1002,Landing Gear Bushing,1010,MRO,496.99,EA,7271.5,1,3613862.79
4500091410,00010,MRO-1001,Hydraulic Pump Assembly,1020,MRO,76.11,EA,4503.33,1,342748.45
4500091410,00020,SPARE-5001,Turbine Blade Set,2010,SPARE,462.99,EA,3245.5,1,1502634.04
4500091411,00010,IT-3001,Ruggedized Laptop,1020,IT,129.65,EA,7164.64,1,928895.58
4500091412,00010,SPARE-5001,Turbine Blade Set,2010,SPARE,31.63,EA,3834.88,1,121297.25
4500091413,00010,SPARE-5002,Brake Disc Assembly,1010,SPARE,50.34,EA,5621.08,1,282965.17
4500091413,00020,SPARE-5002,Brake Disc Assembly,2010,SPARE,58.89,EA,7017.7,1,413272.35
4500091413,00030,MRO-1002,Landing Gear Bushing,1010,MRO,291.9,EA,2489.31,1,726629.59
4500091414,00010,MRO-1002,Landing Gear Bushing,1020,MRO,60.5,EA,6726.25,1,406938.12
4500091414,00020,IT-3002,Network Switch 24-port,2010,IT,159.24,EA,7270.94,1,1157824.49
4500091414,00030,MRO-1002,Landing Gear Bushing,1020,MRO,386.53,EA,4868.42,1,1881790.38
4500091415,00010,IT-3001,Ruggedized Laptop,1010,IT,277.5,EA,7712.59,1,2140243.73
4500091416,00010,IT-3001,Ruggedized Laptop,1020,IT,321.07,EA,969.38,1,311238.84
4500091416,00020,MRO-1001,Hydraulic Pump Assembly,1020,MRO,38.99,EA,1915.0,1,74665.85
4500091417,00010,SERV-6001,Ground Handling Labor Hr,1010,SERV,127.38,HR,2768.26,1,352620.96
4500091417,00020,OFFC-4001,Printer Toner Cartridge,2010,OFFC,88.57,EA,5254.78,1,465415.86
4500091417,00030,IT-3002,Network Switch 24-port,2010,IT,446.82,EA,36.09,1,16125.73
4500091417,00040,OFFC-4001,Printer Toner Cartridge,1010,OFFC,142.21,EA,5770.9,1,820679.69
4500091418,00010,SERV-6001,Ground Handling Labor Hr,1010,SERV,285.54,HR,7598.11,1,2169564.33
4500091418,00020,MRO-1001,Hydraulic Pump Assembly,2010,MRO,16.28,EA,865.62,1,14092.29
4500091418,00030,OFFC-4001,Printer Toner Cartridge,2010,OFFC,216.91,EA,2795.99,1,606478.19
4500091419,00010,MRO-1002,Landing Gear Bushing,1010,MRO,228.39,EA,3129.94,1,714847.0
4500091419,00020,OFFC-4001,Printer Toner Cartridge,1020,OFFC,203.14,EA,226.6,1,46031.52
4500091419,00030,MRO-1001,Hydraulic Pump Assembly,1010,MRO,238.73,EA,5313.43,1,1268475.14
4500091419,00040,IT-3002,Network Switch 24-port,1020,IT,429.65,EA,5238.2,1,2250592.63
4500091420,00010,MRO-1002,Landing Gear Bushing,2010,MRO,438.6,EA,47.37,1,20776.48
4500091420,00020,SPARE-5001,Turbine Blade Set,2010,SPARE,205.18,EA,4804.05,1,985694.98
4500091420,00030,IT-3002,Network Switch 24-port,1010,IT,494.15,EA,6437.57,1,3181125.22
4500091420,00040,SPARE-5002,Brake Disc Assembly,1020,SPARE,68.65,EA,1142.93,1,78462.14
4500091421,00010,IT-3001,Ruggedized Laptop,1010,IT,72.27,EA,1201.7,1,86846.86
4500091421,00020,SERV-6001,Ground Handling Labor Hr,1020,SERV,78.36,HR,125.1,1,9802.84
4500091422,00010,MRO-1001,Hydraulic Pump Assembly,2010,MRO,137.19,EA,331.33,1,45455.16
4500091423,00010,OFFC-4001,Printer Toner Cartridge,1020,OFFC,333.84,EA,6611.82,1,2207289.99
4500091423,00020,IT-3001,Ruggedized Laptop,1020,IT,160.02,EA,6242.55,1,998932.85
4500091424,00010,OFFC-4001,Printer Toner Cartridge,1010,OFFC,478.29,EA,4461.07,1,2133685.17
4500091425,00010,MRO-1001,Hydraulic Pump Assembly,1020,MRO,447.58,EA,836.57,1,374432.0
4500091426,00010,SERV-6001,Ground Handling Labor Hr,2010,SERV,380.71,HR,782.94,1,298073.09
4500091426,00020,IT-3002,Network Switch 24-port,1020,IT,144.67,EA,4454.25,1,644396.35
4500091427,00010,SPARE-5001,Turbine Blade Set,2010,SPARE,111.78,EA,2767.94,1,309400.33
4500091428,00010,MRO-1002,Landing Gear Bushing,2010,MRO,111.74,EA,5292.01,1,591329.2
4500091428,00020,SPARE-5002,Brake Disc Assembly,1010,SPARE,126.04,EA,7343.34,1,925554.57
4500091429,00010,SPARE-5002,Brake Disc Assembly,1020,SPARE,392.34,EA,4747.0,1,1862437.98
4500091429,00020,MRO-1001,Hydraulic Pump Assembly,2010,MRO,272.82,EA,2240.49,1,611250.48
4500091429,00030,MRO-1001,Hydraulic Pump Assembly,1020,MRO,417.22,EA,4829.89,1,2015126.71
4500091430,00010,SPARE-5001,Turbine Blade Set,1020,SPARE,34.27,EA,406.8,1,13941.04
4500091431,00010,MRO-1002,Landing Gear Bushing,1020,MRO,200.14,EA,1168.33,1,233829.57
4500091432,00010,OFFC-4001,Printer Toner Cartridge,1020,OFFC,110.76,EA,183.56,1,20331.11
4500091432,00020,IT-3001,Ruggedized Laptop,2010,IT,239.98,EA,3199.78,1,767883.2
4500091433,00010,FUEL-2001,Jet A-1 Fuel,1010,FUEL,162.23,L,7013.99,1,1137879.6
4500091433,00020,SERV-6001,Ground Handling Labor Hr,2010,SERV,141.71,HR,1489.8,1,211119.56
4500091433,00030,FUEL-2001,Jet A-1 Fuel,1020,FUEL,450.58,L,1409.39,1,635042.95
4500091433,00040,SERV-6001,Ground Handling Labor Hr,1010,SERV,3.38,HR,274.64,1,928.28
4500091434,00010,SERV-6002,Cleaning Service Cycle,1020,SERV,54.9,EA,4285.93,1,235297.56
4500091434,00020,SPARE-5002,Brake Disc Assembly,1010,SPARE,141.61,EA,7654.37,1,1083935.34
4500091434,00030,SPARE-5001,Turbine Blade Set,1020,SPARE,87.88,EA,4001.92,1,351688.73
4500091434,00040,MRO-1001,Hydraulic Pump Assembly,1020,MRO,81.91,EA,1333.05,1,109190.13
4500091435,00010,FUEL-2001,Jet A-1 Fuel,1020,FUEL,465.53,L,6789.62,1,3160771.8
4500091435,00020,SERV-6001,Ground Handling Labor Hr,1020,SERV,460.89,HR,1131.61,1,521547.73
4500091435,00030,IT-3001,Ruggedized Laptop,1010,IT,24.0,EA,181.64,1,4359.36
4500091436,00010,IT-3002,Network Switch 24-port,1010,IT,475.69,EA,4809.91,1,2288026.09
4500091436,00020,MRO-1001,Hydraulic Pump Assembly,2010,MRO,151.72,EA,3270.02,1,496127.43
4500091436,00030,FUEL-2001,Jet A-1 Fuel,1010,FUEL,452.68,L,2886.28,1,1306561.23
4500091436,00040,SERV-6002,Cleaning Service Cycle,2010,SERV,88.87,EA,3260.84,1,289790.85
4500091437,00010,MRO-1002,Landing Gear Bushing,2010,MRO,419.66,EA,4699.23,1,1972078.86
4500091437,00020,MRO-1001,Hydraulic Pump Assembly,1020,MRO,151.73,EA,6246.28,1,947748.06
4500091438,00010,SERV-6002,Cleaning Service Cycle,1020,SERV,120.44,EA,1963.28,1,236457.44
4500091439,00010,MRO-1001,Hydraulic Pump Assembly,2010,MRO,323.42,EA,1486.78,1,480854.39
4500091440,00010,IT-3002,Network Switch 24-port,2010,IT,350.31,EA,530.64,1,185888.5
4500091440,00020,OFFC-4001,Printer Toner Cartridge,1010,OFFC,177.59,EA,4805.62,1,853430.06
4500091440,00030,SPARE-5002,Brake Disc Assembly,1010,SPARE,290.1,EA,4980.76,1,1444918.48
4500091440,00040,IT-3001,Ruggedized Laptop,1020,IT,1.23,EA,6355.5,1,7817.27
4500091441,00010,SERV-6001,Ground Handling Labor Hr,1020,SERV,384.42,HR,2293.21,1,881555.79
4500091441,00020,IT-3002,Network Switch 24-port,1010,IT,221.1,EA,2317.76,1,512456.74
4500091441,00030,SPARE-5002,Brake Disc Assembly,2010,SPARE,7.41,EA,5925.92,1,43911.07
4500091441,00040,IT-3002,Network Switch 24-port,2010,IT,472.55,EA,2834.9,1,1339632.0
4500091442,00010,OFFC-4001,Printer Toner Cartridge,1020,OFFC,30.15,EA,1430.83,1,43139.52
4500091442,00020,SPARE-5001,Turbine Blade Set,2010,SPARE,34.38,EA,231.49,1,7958.63
4500091442,00030,FUEL-2001,Jet A-1 Fuel,2010,FUEL,277.33,L,6574.51,1,1823308.86
4500091442,00040,OFFC-4001,Printer Toner Cartridge,2010,OFFC,238.92,EA,458.45,1,109532.87
4500091443,00010,SPARE-5002,Brake Disc Assembly,1020,SPARE,313.41,EA,5444.43,1,1706338.81
4500091443,00020,MRO-1001,Hydraulic Pump Assembly,2010,MRO,193.8,EA,6610.73,1,1281159.47
4500091443,00030,SPARE-5001,Turbine Blade Set,1010,SPARE,103.04,EA,1983.67,1,204397.36
4500091443,00040,IT-3001,Ruggedized Laptop,1020,IT,342.29,EA,1002.37,1,343101.23
4500091444,00010,IT-3001,Ruggedized Laptop,1020,IT,455.9,EA,688.63,1,313946.42
4500091444,00020,FUEL-2001,Jet A-1 Fuel,1010,FUEL,303.53,L,1556.67,1,472496.05
4500091444,00030,MRO-1001,Hydraulic Pump Assembly,1020,MRO,469.54,EA,1973.83,1,926792.14
4500091444,00040,IT-3001,Ruggedized Laptop,2010,IT,285.33,EA,4312.23,1,1230408.59
4500091445,00010,OFFC-4001,Printer Toner Cartridge,1020,OFFC,300.12,EA,5018.43,1,1506131.21
4500091445,00020,SPARE-5001,Turbine Blade Set,1020,SPARE,306.69,EA,1031.94,1,316485.68
4500091445,00030,SERV-6001,Ground Handling Labor Hr,2010,SERV,357.09,HR,844.19,1,301451.81
4500091445,00040,SERV-6001,Ground Handling Labor Hr,1020,SERV,101.65,HR,5470.43,1,556069.21
4500091446,00010,IT-3002,Network Switch 24-port,1020,IT,333.98,EA,262.06,1,87522.8
4500091447,00010,SPARE-5002,Brake Disc Assembly,1020,SPARE,433.03,EA,7017.06,1,3038597.49
4500091447,00020,MRO-1002,Landing Gear Bushing,1020,MRO,402.94,EA,3913.06,1,1576728.4
4500091447,00030,OFFC-4001,Printer Toner Cartridge,1010,OFFC,471.59,EA,1780.45,1,839642.42
4500091447,00040,SPARE-5002,Brake Disc Assembly,1020,SPARE,475.14,EA,2936.14,1,1395077.56
4500091448,00010,SERV-6002,Cleaning Service Cycle,2010,SERV,213.5,EA,1334.2,1,284851.7
4500091448,00020,IT-3002,Network Switch 24-port,1010,IT,354.37,EA,6647.08,1,2355525.74
4500091448,00030,IT-3002,Network Switch 24-port,1010,IT,203.99,EA,1121.96,1,228868.62
4500091449,00010,FUEL-2001,Jet A-1 Fuel,1020,FUEL,409.39,L,452.81,1,185375.89
4500091450,00010,MRO-1001,Hydraulic Pump Assembly,1010,MRO,307.33,EA,4682.77,1,1439155.7
4500091450,00020,IT-3002,Network Switch 24-port,1010,IT,342.72,EA,2168.94,1,743339.12
4500091450,00030,MRO-1002,Landing Gear Bushing,1020,MRO,66.36,EA,899.77,1,59708.74
4500091451,00010,SPARE-5002,Brake Disc Assembly,2010,SPARE,275.5,EA,6859.11,1,1889684.8
4500091451,00020,MRO-1001,Hydraulic Pump Assembly,1020,MRO,144.15,EA,2772.21,1,399614.07
4500091451,00030,SERV-6002,Cleaning Service Cycle,1020,SERV,232.36,EA,7020.22,1,1631218.32
4500091451,00040,MRO-1002,Landing Gear Bushing,2010,MRO,432.15,EA,2344.63,1,1013231.85
4500091452,00010,SERV-6001,Ground Handling Labor Hr,1010,SERV,340.64,HR,7575.74,1,2580600.07
4500091452,00020,IT-3001,Ruggedized Laptop,1010,IT,97.34,EA,5167.96,1,503049.23
4500091452,00030,MRO-1001,Hydraulic Pump Assembly,1020,MRO,463.31,EA,5595.76,1,2592571.57
4500091452,00040,OFFC-4001,Printer Toner Cartridge,1020,OFFC,32.95,EA,7381.78,1,243229.65
4500091453,00010,SERV-6001,Ground Handling Labor Hr,1010,SERV,213.74,HR,54.67,1,11685.17
4500091453,00020,FUEL-2001,Jet A-1 Fuel,1010,FUEL,441.76,L,6607.02,1,2918717.16
4500091454,00010,SERV-6001,Ground Handling Labor Hr,1010,SERV,102.57,HR,7942.95,1,814708.38
4500091454,00020,SPARE-5001,Turbine Blade Set,1020,SPARE,424.71,EA,5412.05,1,2298551.76
4500091454,00030,MRO-1001,Hydraulic Pump Assembly,2010,MRO,473.55,EA,4085.88,1,1934868.47
4500091455,00010,IT-3002,Network Switch 24-port,1020,IT,303.69,EA,2302.6,1,699276.59
4500091455,00020,SERV-6002,Cleaning Service Cycle,1020,SERV,67.41,EA,4507.08,1,303822.26
4500091455,00030,SPARE-5001,Turbine Blade Set,1010,SPARE,140.69,EA,5727.23,1,805763.99
4500091456,00010,MRO-1001,Hydraulic Pump Assembly,1010,MRO,412.61,EA,7753.6,1,3199212.9
4500091456,00020,MRO-1002,Landing Gear Bushing,1020,MRO,55.03,EA,2667.78,1,146807.93
4500091456,00030,MRO-1002,Landing Gear Bushing,2010,MRO,238.12,EA,6300.92,1,1500375.07
4500091457,00010,IT-3002,Network Switch 24-port,1010,IT,319.39,EA,508.78,1,162499.24
4500091457,00020,IT-3002,Network Switch 24-port,1020,IT,121.75,EA,2801.6,1,341094.8
4500091457,00030,SERV-6001,Ground Handling Labor Hr,1020,SERV,170.63,HR,5503.09,1,938992.25
4500091458,00010,IT-3002,Network Switch 24-port,1010,IT,229.58,EA,2831.06,1,649954.75
4500091458,00020,IT-3001,Ruggedized Laptop,1010,IT,21.99,EA,5120.51,1,112600.01
4500091458,00030,SPARE-5001,Turbine Blade Set,1020,SPARE,258.64,EA,2555.73,1,661014.01
4500091458,00040,SPARE-5002,Brake Disc Assembly,1020,SPARE,55.88,EA,6729.54,1,376046.7
4500091459,00010,SERV-6002,Cleaning Service Cycle,2010,SERV,264.03,EA,4478.86,1,1182553.41
4500091459,00020,IT-3001,Ruggedized Laptop,1010,IT,242.38,EA,840.59,1,203742.2
4500091459,00030,MRO-1002,Landing Gear Bushing,1020,MRO,183.54,EA,7424.19,1,1362635.83
4500091459,00040,SERV-6001,Ground Handling Labor Hr,2010,SERV,488.91,HR,920.33,1,449958.54
4500091460,00010,SPARE-5001,Turbine Blade Set,2010,SPARE,33.77,EA,6960.89,1,235069.26
4500091460,00020,OFFC-4001,Printer Toner Cartridge,2010,OFFC,432.55,EA,2676.06,1,1157529.75
4500091461,00010,OFFC-4001,Printer Toner Cartridge,1020,OFFC,220.43,EA,1216.61,1,268177.34
4500091461,00020,IT-3001,Ruggedized Laptop,1010,IT,183.01,EA,1930.54,1,353308.13
4500091461,00030,SERV-6002,Cleaning Service Cycle,2010,SERV,328.41,EA,6168.3,1,2025731.4
4500091461,00040,FUEL-2001,Jet A-1 Fuel,2010,FUEL,141.86,L,3115.41,1,441952.06
4500091462,00010,OFFC-4001,Printer Toner Cartridge,1020,OFFC,270.17,EA,2156.12,1,582518.94
4500091463,00010,SERV-6001,Ground Handling Labor Hr,1020,SERV,171.15,HR,1277.57,1,218656.11
4500091463,00020,FUEL-2001,Jet A-1 Fuel,2010,FUEL,240.02,L,3086.3,1,740773.73
4500091464,00010,FUEL-2001,Jet A-1 Fuel,1020,FUEL,160.65,L,7000.81,1,1124680.13
4500091465,00010,FUEL-2001,Jet A-1 Fuel,2010,FUEL,443.11,L,6742.11,1,2987496.36
4500091465,00020,SPARE-5002,Brake Disc Assembly,2010,SPARE,383.0,EA,1805.61,1,691548.63
4500091465,00030,FUEL-2001,Jet A-1 Fuel,1020,FUEL,475.12,L,6351.0,1,3017487.12
4500091465,00040,SPARE-5002,Brake Disc Assembly,1010,SPARE,460.01,EA,7602.01,1,3497000.62
4500091466,00010,IT-3001,Ruggedized Laptop,1010,IT,1.55,EA,4828.26,1,7483.8
4500091466,00020,SPARE-5002,Brake Disc Assembly,1010,SPARE,453.79,EA,1188.49,1,539324.88
4500091466,00030,FUEL-2001,Jet A-1 Fuel,1010,FUEL,358.45,L,2243.69,1,804250.68
4500091466,00040,IT-3002,Network Switch 24-port,2010,IT,337.89,EA,3921.1,1,1324900.48
4500091467,00010,MRO-1002,Landing Gear Bushing,1020,MRO,339.25,EA,4668.86,1,1583910.75
4500091467,00020,MRO-1002,Landing Gear Bushing,1020,MRO,188.72,EA,5684.02,1,1072688.25
4500091467,00030,OFFC-4001,Printer Toner Cartridge,1020,OFFC,386.17,EA,3233.03,1,1248499.2
4500091467,00040,SPARE-5001,Turbine Blade Set,2010,SPARE,148.7,EA,4865.9,1,723559.33
4500091468,00010,SERV-6002,Cleaning Service Cycle,1020,SERV,356.99,EA,1235.67,1,441121.83
4500091469,00010,FUEL-2001,Jet A-1 Fuel,1020,FUEL,419.06,L,4644.05,1,1946135.59
4500091469,00020,IT-3001,Ruggedized Laptop,1020,IT,492.05,EA,5633.29,1,2771860.34
4500091470,00010,OFFC-4001,Printer Toner Cartridge,1010,OFFC,246.93,EA,5131.51,1,1267123.76
4500091471,00010,SPARE-5001,Turbine Blade Set,1010,SPARE,5.45,EA,4041.28,1,22024.98
4500091471,00020,SPARE-5001,Turbine Blade Set,1010,SPARE,174.98,EA,4583.13,1,801956.09
4500091472,00010,SERV-6001,Ground Handling Labor Hr,1020,SERV,250.7,HR,1671.99,1,419167.89
4500091472,00020,MRO-1002,Landing Gear Bushing,2010,MRO,300.46,EA,880.22,1,264470.9
4500091472,00030,SPARE-5001,Turbine Blade Set,1020,SPARE,236.52,EA,748.49,1,177032.85
4500091473,00010,MRO-1001,Hydraulic Pump Assembly,1020,MRO,438.42,EA,751.12,1,329306.03
4500091473,00020,FUEL-2001,Jet A-1 Fuel,1020,FUEL,408.83,L,3273.19,1,1338178.27
4500091474,00010,FUEL-2001,Jet A-1 Fuel,1010,FUEL,145.76,L,334.39,1,48740.69
4500091474,00020,FUEL-2001,Jet A-1 Fuel,1010,FUEL,11.37,L,3141.16,1,35714.99
4500091474,00030,MRO-1002,Landing Gear Bushing,1010,MRO,152.79,EA,5975.34,1,912972.2
4500091474,00040,OFFC-4001,Printer Toner Cartridge,1020,OFFC,43.92,EA,212.22,1,9320.7
4500091475,00010,IT-3001,Ruggedized Laptop,1020,IT,494.19,EA,2575.74,1,1272904.95
4500091476,00010,MRO-1001,Hydraulic Pump Assembly,2010,MRO,295.08,EA,4220.06,1,1245255.3
4500091477,00010,SERV-6001,Ground Handling Labor Hr,2010,SERV,483.62,HR,1404.45,1,679220.11
4500091477,00020,IT-3001,Ruggedized Laptop,1010,IT,168.63,EA,7615.68,1,1284232.12
4500091477,00030,OFFC-4001,Printer Toner Cartridge,1010,OFFC,272.33,EA,7547.73,1,2055473.31
4500091478,00010,SPARE-5001,Turbine Blade Set,1020,SPARE,212.92,EA,1954.68,1,416190.47
4500091478,00020,SPARE-5001,Turbine Blade Set,1010,SPARE,86.03,EA,7331.2,1,630703.14
4500091478,00030,SERV-6001,Ground Handling Labor Hr,1010,SERV,394.65,HR,677.13,1,267229.35
4500091478,00040,SPARE-5001,Turbine Blade Set,2010,SPARE,260.44,EA,2803.35,1,730104.47
4500091479,00010,MRO-1002,Landing Gear Bushing,2010,MRO,19.13,EA,2803.84,1,53637.46
4500091480,00010,SERV-6002,Cleaning Service Cycle,1010,SERV,252.42,EA,7830.28,1,1976519.28
4500091480,00020,SERV-6001,Ground Handling Labor Hr,1020,SERV,292.68,HR,1015.84,1,297316.05
4500091480,00030,FUEL-2001,Jet A-1 Fuel,1020,FUEL,333.97,L,4859.1,1,1622793.63
4500091480,00040,SPARE-5001,Turbine Blade Set,1010,SPARE,366.99,EA,2860.71,1,1049851.96
4500091481,00010,SPARE-5002,Brake Disc Assembly,2010,SPARE,199.67,EA,7185.58,1,1434744.76
4500091481,00020,SERV-6001,Ground Handling Labor Hr,1020,SERV,271.8,HR,7666.36,1,2083716.65
4500091481,00030,IT-3001,Ruggedized Laptop,2010,IT,216.79,EA,4217.2,1,914246.79
4500091481,00040,OFFC-4001,Printer Toner Cartridge,1020,OFFC,13.26,EA,5835.1,1,77373.43
4500091482,00010,SPARE-5001,Turbine Blade Set,2010,SPARE,216.7,EA,3561.95,1,771874.56
4500091482,00020,SERV-6001,Ground Handling Labor Hr,1010,SERV,6.59,HR,5599.91,1,36903.41
4500091483,00010,SPARE-5002,Brake Disc Assembly,1020,SPARE,146.43,EA,4678.18,1,685025.9
4500091484,00010,SPARE-5002,Brake Disc Assembly,2010,SPARE,76.99,EA,2595.27,1,199809.84
4500091484,00020,SPARE-5002,Brake Disc Assembly,1010,SPARE,190.71,EA,219.0,1,41765.49
4500091484,00030,SERV-6001,Ground Handling Labor Hr,1010,SERV,185.31,HR,5941.58,1,1101034.19
4500091484,00040,OFFC-4001,Printer Toner Cartridge,2010,OFFC,15.63,EA,598.07,1,9347.83
4500091485,00010,SERV-6002,Cleaning Service Cycle,2010,SERV,35.92,EA,6587.26,1,236614.38
4500091485,00020,OFFC-4001,Printer Toner Cartridge,1010,OFFC,433.83,EA,2820.33,1,1223543.76
4500091486,00010,MRO-1001,Hydraulic Pump Assembly,1010,MRO,436.65,EA,2901.27,1,1266839.55
4500091487,00010,OFFC-4001,Printer Toner Cartridge,2010,OFFC,320.09,EA,7939.5,1,2541354.55
4500091487,00020,IT-3001,Ruggedized Laptop,2010,IT,321.64,EA,6196.05,1,1992897.52
4500091487,00030,IT-3001,Ruggedized Laptop,1010,IT,9.99,EA,831.37,1,8305.39
4500091487,00040,OFFC-4001,Printer Toner Cartridge,2010,OFFC,317.18,EA,529.19,1,167848.48
4500091488,00010,SERV-6002,Cleaning Service Cycle,1010,SERV,172.97,EA,7963.8,1,1377498.49
4500091488,00020,IT-3001,Ruggedized Laptop,1010,IT,425.64,EA,3276.43,1,1394579.67
4500091488,00030,MRO-1002,Landing Gear Bushing,1010,MRO,317.36,EA,145.1,1,46048.94
4500091488,00040,MRO-1001,Hydraulic Pump Assembly,2010,MRO,7.81,EA,7618.76,1,59502.52
4500091489,00010,IT-3002,Network Switch 24-port,1020,IT,351.17,EA,4602.26,1,1616175.64
4500091489,00020,IT-3001,Ruggedized Laptop,2010,IT,235.32,EA,6344.99,1,1493103.05
4500091490,00010,SPARE-5001,Turbine Blade Set,1020,SPARE,473.07,EA,7689.03,1,3637449.42
4500091490,00020,SPARE-5001,Turbine Blade Set,1020,SPARE,339.47,EA,7268.37,1,2467393.56
4500091490,00030,MRO-1001,Hydraulic Pump Assembly,1020,MRO,360.46,EA,4351.15,1,1568415.53
4500091491,00010,OFFC-4001,Printer Toner Cartridge,2010,OFFC,362.55,EA,2259.89,1,819323.12
4500091491,00020,SPARE-5001,Turbine Blade Set,2010,SPARE,448.27,EA,7801.96,1,3497384.61
4500091491,00030,SPARE-5001,Turbine Blade Set,1010,SPARE,177.61,EA,6994.51,1,1242294.92
4500091492,00010,FUEL-2001,Jet A-1 Fuel,1010,FUEL,427.48,L,6660.36,1,2847170.69
4500091492,00020,SPARE-5001,Turbine Blade Set,2010,SPARE,489.34,EA,6642.37,1,3250377.34
4500091492,00030,OFFC-4001,Printer Toner Cartridge,2010,OFFC,120.93,EA,253.8,1,30692.03
4500091492,00040,SPARE-5002,Brake Disc Assembly,1010,SPARE,236.91,EA,4205.71,1,996374.76
4500091493,00010,IT-3002,Network Switch 24-port,2010,IT,151.08,EA,6972.71,1,1053437.03
4500091493,00020,SPARE-5001,Turbine Blade Set,2010,SPARE,498.41,EA,5530.26,1,2756336.89
4500091494,00010,SERV-6002,Cleaning Service Cycle,1020,SERV,88.26,EA,2167.74,1,191324.73
4500091495,00010,SPARE-5002,Brake Disc Assembly,1020,SPARE,223.97,EA,7319.13,1,1639265.55
4500091496,00010,SERV-6001,Ground Handling Labor Hr,1010,SERV,462.76,HR,526.22,1,243513.57
4500091496,00020,OFFC-4001,Printer Toner Cartridge,1020,OFFC,279.99,EA,2822.29,1,790212.98
4500091497,00010,SERV-6001,Ground Handling Labor Hr,1010,SERV,48.01,HR,1693.55,1,81307.34
4500091497,00020,MRO-1002,Landing Gear Bushing,1020,MRO,70.5,EA,3722.68,1,262448.94
4500091498,00010,MRO-1002,Landing Gear Bushing,1010,MRO,398.95,EA,5804.57,1,2315733.2
4500091498,00020,MRO-1002,Landing Gear Bushing,2010,MRO,71.98,EA,5261.43,1,378717.73
4500091499,00010,SERV-6001,Ground Handling Labor Hr,1010,SERV,217.63,HR,5411.64,1,1177735.21
4500091499,00020,OFFC-4001,Printer Toner Cartridge,1020,OFFC,56.39,EA,427.88,1,24128.15
4500091500,00010,IT-3002,Network Switch 24-port,1010,IT,316.33,EA,3462.48,1,1095286.3
4500091501,00010,IT-3002,Network Switch 24-port,2010,IT,172.67,EA,2872.68,1,496025.66
4500091501,00020,IT-3001,Ruggedized Laptop,1020,IT,344.63,EA,5594.33,1,1927973.95
4500091501,00030,FUEL-2001,Jet A-1 Fuel,1010,FUEL,237.48,L,4359.65,1,1035329.68
4500091501,00040,SPARE-5001,Turbine Blade Set,1020,SPARE,228.36,EA,1994.66,1,455500.56
4500091502,00010,SPARE-5001,Turbine Blade Set,1020,SPARE,129.41,EA,830.0,1,107410.3
4500091502,00020,MRO-1001,Hydraulic Pump Assembly,2010,MRO,257.33,EA,4215.24,1,1084707.71
4500091503,00010,SERV-6002,Cleaning Service Cycle,1020,SERV,117.79,EA,4835.99,1,569631.26
4500091503,00020,IT-3001,Ruggedized Laptop,2010,IT,11.07,EA,6755.78,1,74786.48
4500091503,00030,SERV-6002,Cleaning Service Cycle,2010,SERV,168.68,EA,608.55,1,102650.21
4500091503,00040,SPARE-5002,Brake Disc Assembly,1010,SPARE,470.57,EA,2499.9,1,1176377.94
4500091504,00010,IT-3001,Ruggedized Laptop,1010,IT,338.67,EA,817.67,1,276920.3
4500091504,00020,IT-3001,Ruggedized Laptop,2010,IT,140.92,EA,1848.63,1,260508.94
4500091504,00030,SERV-6001,Ground Handling Labor Hr,2010,SERV,265.77,HR,327.06,1,86922.74
4500091504,00040,OFFC-4001,Printer Toner Cartridge,1020,OFFC,425.25,EA,741.8,1,315450.45
4500091505,00010,MRO-1001,Hydraulic Pump Assembly,1010,MRO,429.65,EA,1175.13,1,504894.6
4500091505,00020,IT-3001,Ruggedized Laptop,1020,IT,54.43,EA,2057.71,1,112001.16
4500091505,00030,OFFC-4001,Printer Toner Cartridge,1020,OFFC,383.79,EA,3543.68,1,1360028.95
4500091506,00010,IT-3002,Network Switch 24-port,2010,IT,97.85,EA,698.95,1,68392.26
4500091506,00020,IT-3001,Ruggedized Laptop,2010,IT,323.8,EA,2004.88,1,649180.14
4500091506,00030,OFFC-4001,Printer Toner Cartridge,1010,OFFC,113.29,EA,6368.45,1,721481.7
4500091507,00010,MRO-1001,Hydraulic Pump Assembly,1010,MRO,204.59,EA,5472.89,1,1119698.57
4500091507,00020,SPARE-5002,Brake Disc Assembly,1020,SPARE,302.87,EA,3130.82,1,948231.45
4500091507,00030,MRO-1002,Landing Gear Bushing,1010,MRO,454.94,EA,1724.76,1,784662.31
4500091508,00010,SERV-6002,Cleaning Service Cycle,2010,SERV,78.65,EA,801.64,1,63048.99
4500091508,00020,IT-3001,Ruggedized Laptop,1020,IT,199.14,EA,7201.14,1,1434035.02
4500091509,00010,FUEL-2001,Jet A-1 Fuel,1020,FUEL,282.88,L,5465.91,1,1546196.62
4500091509,00020,MRO-1001,Hydraulic Pump Assembly,2010,MRO,221.59,EA,2350.3,1,520802.98
4500091509,00030,SERV-6002,Cleaning Service Cycle,1010,SERV,420.4,EA,666.18,1,280062.07
4500091510,00010,SPARE-5001,Turbine Blade Set,2010,SPARE,371.46,EA,4175.53,1,1551042.37
4500091510,00020,SPARE-5002,Brake Disc Assembly,1010,SPARE,277.92,EA,293.04,1,81441.68
4500091511,00010,SPARE-5002,Brake Disc Assembly,2010,SPARE,380.85,EA,396.9,1,151159.36
4500091511,00020,MRO-1001,Hydraulic Pump Assembly,2010,MRO,136.83,EA,4844.6,1,662886.62
4500091511,00030,IT-3001,Ruggedized Laptop,1020,IT,137.3,EA,5485.06,1,753098.74
4500091511,00040,OFFC-4001,Printer Toner Cartridge,2010,OFFC,149.5,EA,569.08,1,85077.46
4500091512,00010,SPARE-5002,Brake Disc Assembly,1020,SPARE,87.09,EA,406.78,1,35426.47
4500091512,00020,MRO-1002,Landing Gear Bushing,1010,MRO,122.6,EA,2260.92,1,277188.79
4500091513,00010,OFFC-4001,Printer Toner Cartridge,2010,OFFC,398.25,EA,1407.02,1,560345.71
4500091513,00020,IT-3001,Ruggedized Laptop,2010,IT,342.89,EA,632.84,1,216994.51
4500091514,00010,SERV-6001,Ground Handling Labor Hr,1010,SERV,283.1,HR,5347.16,1,1513781.0
4500091514,00020,SPARE-5002,Brake Disc Assembly,2010,SPARE,495.19,EA,5911.47,1,2927300.83
4500091515,00010,MRO-1001,Hydraulic Pump Assembly,1010,MRO,22.33,EA,2841.63,1,63453.6
4500091515,00020,IT-3002,Network Switch 24-port,1010,IT,349.68,EA,815.79,1,285265.45
4500091516,00010,SERV-6001,Ground Handling Labor Hr,1010,SERV,419.14,HR,2578.72,1,1080844.7
4500091517,00010,IT-3002,Network Switch 24-port,1020,IT,181.54,EA,7479.23,1,1357779.41
4500091517,00020,SERV-6002,Cleaning Service Cycle,1020,SERV,236.83,EA,4942.35,1,1170496.75
4500091517,00030,OFFC-4001,Printer Toner Cartridge,1010,OFFC,195.35,EA,936.77,1,182998.02
4500091518,00010,FUEL-2001,Jet A-1 Fuel,1020,FUEL,423.38,L,1939.33,1,821073.54
4500091518,00020,SPARE-5001,Turbine Blade Set,1020,SPARE,54.17,EA,5942.64,1,321912.81
4500091518,00030,SPARE-5002,Brake Disc Assembly,1020,SPARE,272.41,EA,7520.85,1,2048754.75
4500091518,00040,OFFC-4001,Printer Toner Cartridge,1010,OFFC,247.72,EA,3680.96,1,911847.41
4500091519,00010,IT-3002,Network Switch 24-port,1020,IT,333.94,EA,7692.09,1,2568696.53
4500091519,00020,IT-3002,Network Switch 24-port,1010,IT,393.94,EA,7088.26,1,2792349.14
4500091520,00010,SPARE-5002,Brake Disc Assembly,1020,SPARE,208.63,EA,792.16,1,165268.34
4500091521,00010,SERV-6002,Cleaning Service Cycle,1020,SERV,198.99,EA,4264.28,1,848549.08
4500091522,00010,SERV-6001,Ground Handling Labor Hr,2010,SERV,488.5,HR,3112.24,1,1520329.24
4500091522,00020,SPARE-5002,Brake Disc Assembly,2010,SPARE,463.56,EA,1747.28,1,809969.12
4500091522,00030,SERV-6001,Ground Handling Labor Hr,1010,SERV,389.93,HR,1865.99,1,727605.48
4500091522,00040,IT-3002,Network Switch 24-port,2010,IT,271.1,EA,3901.64,1,1057734.6
4500091523,00010,SERV-6002,Cleaning Service Cycle,1020,SERV,57.69,EA,5157.92,1,297560.4
4500091523,00020,MRO-1001,Hydraulic Pump Assembly,1020,MRO,192.27,EA,4794.51,1,921840.44
4500091524,00010,SERV-6001,Ground Handling Labor Hr,1010,SERV,226.38,HR,1043.69,1,236270.54
4500091525,00010,SERV-6002,Cleaning Service Cycle,2010,SERV,386.57,EA,7569.08,1,2925979.26
4500091525,00020,MRO-1001,Hydraulic Pump Assembly,2010,MRO,424.14,EA,3854.06,1,1634661.01
4500091525,00030,SPARE-5002,Brake Disc Assembly,2010,SPARE,263.38,EA,5838.2,1,1537665.12
4500091525,00040,SERV-6001,Ground Handling Labor Hr,1020,SERV,328.43,HR,6664.39,1,2188785.61
4500091526,00010,MRO-1002,Landing Gear Bushing,2010,MRO,245.68,EA,900.82,1,221313.46
4500091526,00020,SPARE-5001,Turbine Blade Set,1020,SPARE,395.47,EA,7903.0,1,3125399.41
4500091527,00010,IT-3001,Ruggedized Laptop,2010,IT,316.29,EA,5484.0,1,1734534.36
4500091527,00020,OFFC-4001,Printer Toner Cartridge,1020,OFFC,203.78,EA,1961.17,1,399647.22
4500091527,00030,IT-3001,Ruggedized Laptop,1020,IT,414.72,EA,1361.94,1,564823.76
4500091527,00040,OFFC-4001,Printer Toner Cartridge,1010,OFFC,416.57,EA,3600.08,1,1499685.33
4500091528,00010,MRO-1002,Landing Gear Bushing,2010,MRO,287.41,EA,7135.26,1,2050745.08
4500091529,00010,MRO-1002,Landing Gear Bushing,1010,MRO,382.04,EA,5151.16,1,1967949.17
4500091530,00010,SPARE-5001,Turbine Blade Set,1010,SPARE,111.68,EA,7869.68,1,878885.86
4500091531,00010,IT-3002,Network Switch 24-port,1010,IT,344.93,EA,6681.65,1,2304701.53
4500091532,00010,OFFC-4001,Printer Toner Cartridge,1010,OFFC,347.73,EA,7232.37,1,2514912.02
4500091532,00020,SERV-6002,Cleaning Service Cycle,1010,SERV,458.62,EA,4394.31,1,2015318.45
4500091533,00010,MRO-1002,Landing Gear Bushing,2010,MRO,219.53,EA,2193.19,1,481471.0
4500091533,00020,FUEL-2001,Jet A-1 Fuel,1010,FUEL,162.01,L,7047.07,1,1141695.81
4500091533,00030,IT-3002,Network Switch 24-port,1010,IT,416.2,EA,6943.82,1,2890017.88
4500091534,00010,IT-3001,Ruggedized Laptop,1020,IT,286.15,EA,2103.74,1,601985.2
4500091534,00020,MRO-1002,Landing Gear Bushing,2010,MRO,412.58,EA,5792.16,1,2389729.37
4500091534,00030,IT-3002,Network Switch 24-port,1020,IT,159.85,EA,768.65,1,122868.7
4500091534,00040,IT-3001,Ruggedized Laptop,1010,IT,388.21,EA,4832.8,1,1876141.29
4500091535,00010,OFFC-4001,Printer Toner Cartridge,1020,OFFC,441.08,EA,4642.77,1,2047832.99
4500091535,00020,FUEL-2001,Jet A-1 Fuel,1010,FUEL,315.19,L,7319.04,1,2306888.22
4500091535,00030,SERV-6001,Ground Handling Labor Hr,1010,SERV,492.65,HR,4898.01,1,2413004.63
4500091536,00010,SPARE-5001,Turbine Blade Set,1010,SPARE,254.6,EA,551.01,1,140287.15
4500091536,00020,IT-3001,Ruggedized Laptop,1020,IT,481.53,EA,3774.34,1,1817457.94
4500091536,00030,SPARE-5002,Brake Disc Assembly,1010,SPARE,15.36,EA,5545.44,1,85177.96
4500091536,00040,SPARE-5002,Brake Disc Assembly,1010,SPARE,328.77,EA,5658.77,1,1860433.81
4500091537,00010,SERV-6002,Cleaning Service Cycle,2010,SERV,263.08,EA,6339.46,1,1667785.14
4500091538,00010,OFFC-4001,Printer Toner Cartridge,2010,OFFC,154.96,EA,135.04,1,20925.8
4500091538,00020,MRO-1002,Landing Gear Bushing,1020,MRO,324.76,EA,2493.83,1,809896.23
4500091538,00030,FUEL-2001,Jet A-1 Fuel,1020,FUEL,148.97,L,7776.75,1,1158502.45
4500091538,00040,FUEL-2001,Jet A-1 Fuel,1010,FUEL,335.03,L,5351.86,1,1793033.66
4500091539,00010,MRO-1002,Landing Gear Bushing,1020,MRO,59.89,EA,5891.99,1,352871.28
4500091539,00020,MRO-1002,Landing Gear Bushing,1020,MRO,489.96,EA,3343.9,1,1638377.24
4500091539,00030,MRO-1001,Hydraulic Pump Assembly,1010,MRO,306.73,EA,4616.15,1,1415911.69
4500091540,00010,IT-3002,Network Switch 24-port,1020,IT,415.58,EA,1091.2,1,453480.9
4500091540,00020,MRO-1002,Landing Gear Bushing,2010,MRO,342.5,EA,4996.24,1,1711212.2
4500091540,00030,FUEL-2001,Jet A-1 Fuel,1010,FUEL,193.39,L,627.22,1,121298.08
4500091541,00010,SERV-6002,Cleaning Service Cycle,2010,SERV,297.22,EA,1419.92,1,422028.62
4500091541,00020,FUEL-2001,Jet A-1 Fuel,1020,FUEL,121.69,L,3070.2,1,373612.64
4500091542,00010,IT-3001,Ruggedized Laptop,1020,IT,269.09,EA,764.3,1,205665.49
4500091542,00020,MRO-1002,Landing Gear Bushing,2010,MRO,417.55,EA,5008.4,1,2091257.42
4500091543,00010,FUEL-2001,Jet A-1 Fuel,2010,FUEL,147.73,L,3040.8,1,449217.38
4500091543,00020,FUEL-2001,Jet A-1 Fuel,1020,FUEL,256.68,L,1518.81,1,389848.15
4500091543,00030,IT-3001,Ruggedized Laptop,2010,IT,101.58,EA,2413.27,1,245139.97
4500091544,00010,SERV-6001,Ground Handling Labor Hr,1020,SERV,191.24,HR,7222.19,1,1381171.62
4500091545,00010,SERV-6001,Ground Handling Labor Hr,1010,SERV,89.12,HR,7551.34,1,672975.42
4500091545,00020,SERV-6001,Ground Handling Labor Hr,1020,SERV,165.55,HR,186.17,1,30820.44
4500091546,00010,SPARE-5002,Brake Disc Assembly,1010,SPARE,421.92,EA,6927.72,1,2922943.62
4500091546,00020,SERV-6002,Cleaning Service Cycle,1020,SERV,214.03,EA,7236.37,1,1548800.27
4500091546,00030,IT-3002,Network Switch 24-port,1010,IT,164.05,EA,2595.27,1,425754.04
4500091547,00010,MRO-1001,Hydraulic Pump Assembly,2010,MRO,19.78,EA,4743.5,1,93826.43
4500091547,00020,OFFC-4001,Printer Toner Cartridge,1020,OFFC,137.71,EA,4412.82,1,607689.44
4500091548,00010,SPARE-5002,Brake Disc Assembly,1020,SPARE,294.93,EA,4898.1,1,1444596.63
4500091548,00020,SPARE-5002,Brake Disc Assembly,1020,SPARE,9.18,EA,5612.35,1,51521.37
4500091548,00030,MRO-1001,Hydraulic Pump Assembly,1020,MRO,436.22,EA,6934.96,1,3025168.25
4500091548,00040,SERV-6002,Cleaning Service Cycle,2010,SERV,26.69,EA,6773.31,1,180779.64
4500091549,00010,OFFC-4001,Printer Toner Cartridge,1020,OFFC,196.7,EA,6637.57,1,1305610.02
4500091550,00010,MRO-1002,Landing Gear Bushing,1020,MRO,192.8,EA,5304.25,1,1022659.4
4500091551,00010,MRO-1001,Hydraulic Pump Assembly,1020,MRO,441.59,EA,7937.7,1,3505208.94
4500091551,00020,OFFC-4001,Printer Toner Cartridge,1020,OFFC,379.97,EA,152.78,1,58051.82
4500091551,00030,SPARE-5001,Turbine Blade Set,1010,SPARE,204.86,EA,5665.13,1,1160558.53
4500091552,00010,SPARE-5002,Brake Disc Assembly,1010,SPARE,415.89,EA,4305.73,1,1790710.05
4500091553,00010,IT-3001,Ruggedized Laptop,1020,IT,269.92,EA,6972.92,1,1882130.57
4500091554,00010,SPARE-5001,Turbine Blade Set,2010,SPARE,429.87,EA,6948.02,1,2986745.36
4500091554,00020,SPARE-5001,Turbine Blade Set,1010,SPARE,98.74,EA,4106.95,1,405520.24
4500091555,00010,MRO-1002,Landing Gear Bushing,1010,MRO,483.45,EA,4890.91,1,2364510.44
4500091555,00020,MRO-1001,Hydraulic Pump Assembly,2010,MRO,379.79,EA,5148.75,1,1955443.76
4500091555,00030,OFFC-4001,Printer Toner Cartridge,2010,OFFC,74.57,EA,6948.45,1,518145.92
4500091556,00010,OFFC-4001,Printer Toner Cartridge,1010,OFFC,208.06,EA,431.81,1,89842.39
4500091556,00020,SPARE-5001,Turbine Blade Set,1020,SPARE,108.6,EA,2446.28,1,265666.01
4500091556,00030,IT-3001,Ruggedized Laptop,2010,IT,314.81,EA,2080.16,1,654855.17
4500091556,00040,SERV-6002,Cleaning Service Cycle,1010,SERV,189.38,EA,5915.22,1,1120224.36
4500091557,00010,SPARE-5001,Turbine Blade Set,2010,SPARE,45.3,EA,5718.23,1,259035.82
4500091557,00020,MRO-1001,Hydraulic Pump Assembly,1010,MRO,224.8,EA,1774.33,1,398869.38
4500091557,00030,SPARE-5002,Brake Disc Assembly,1020,SPARE,151.43,EA,6933.77,1,1049980.79
4500091557,00040,SPARE-5002,Brake Disc Assembly,1020,SPARE,443.18,EA,1401.01,1,620899.61
4500091558,00010,SERV-6001,Ground Handling Labor Hr,2010,SERV,307.51,HR,7277.73,1,2237974.75
4500091559,00010,IT-3002,Network Switch 24-port,1010,IT,419.82,EA,5708.64,1,2396601.24
4500091559,00020,SERV-6002,Cleaning Service Cycle,2010,SERV,177.72,EA,1538.26,1,273379.57
4500091560,00010,IT-3002,Network Switch 24-port,1010,IT,13.49,EA,6979.51,1,94153.59
4500091560,00020,SPARE-5002,Brake Disc Assembly,1020,SPARE,211.2,EA,2850.44,1,602012.93
4500091560,00030,SERV-6002,Cleaning Service Cycle,1010,SERV,223.13,EA,1613.78,1,360082.73
4500091560,00040,MRO-1002,Landing Gear Bushing,1010,MRO,159.23,EA,3780.05,1,601897.36
4500091561,00010,MRO-1001,Hydraulic Pump Assembly,1020,MRO,398.36,EA,2993.35,1,1192430.91
4500091561,00020,SERV-6001,Ground Handling Labor Hr,2010,SERV,75.86,HR,5964.02,1,452430.56
4500091561,00030,IT-3002,Network Switch 24-port,1020,IT,172.36,EA,4212.16,1,726007.9
4500091562,00010,SPARE-5001,Turbine Blade Set,2010,SPARE,215.49,EA,274.5,1,59152.01
4500091562,00020,MRO-1001,Hydraulic Pump Assembly,1020,MRO,430.99,EA,313.82,1,135253.28
4500091563,00010,SERV-6002,Cleaning Service Cycle,1020,SERV,494.81,EA,5332.09,1,2638371.45
4500091563,00020,MRO-1002,Landing Gear Bushing,2010,MRO,40.25,EA,5521.69,1,222248.02
4500091563,00030,SERV-6001,Ground Handling Labor Hr,1020,SERV,284.28,HR,5890.07,1,1674429.1
4500091564,00010,SPARE-5001,Turbine Blade Set,1020,SPARE,213.77,EA,2509.43,1,536440.85
4500091564,00020,SPARE-5002,Brake Disc Assembly,2010,SPARE,224.89,EA,7388.07,1,1661503.06
4500091564,00030,SPARE-5001,Turbine Blade Set,1020,SPARE,256.05,EA,5358.06,1,1371931.26
4500091565,00010,SERV-6002,Cleaning Service Cycle,1010,SERV,8.9,EA,2995.45,1,26659.51
4500091565,00020,OFFC-4001,Printer Toner Cartridge,2010,OFFC,202.65,EA,7824.05,1,1585543.73
4500091566,00010,IT-3001,Ruggedized Laptop,2010,IT,2.8,EA,1460.24,1,4088.67
4500091566,00020,FUEL-2001,Jet A-1 Fuel,1010,FUEL,248.69,L,7267.98,1,1807473.95
4500091567,00010,IT-3002,Network Switch 24-port,1010,IT,28.34,EA,556.52,1,15771.78
4500091568,00010,IT-3001,Ruggedized Laptop,1020,IT,276.33,EA,6707.31,1,1853430.97
4500091568,00020,SPARE-5002,Brake Disc Assembly,1010,SPARE,366.88,EA,4012.73,1,1472190.38
4500091569,00010,IT-3002,Network Switch 24-port,2010,IT,52.45,EA,7441.58,1,390310.87
4500091569,00020,FUEL-2001,Jet A-1 Fuel,2010,FUEL,458.25,L,1822.92,1,835353.09
4500091569,00030,SPARE-5002,Brake Disc Assembly,1010,SPARE,322.92,EA,6709.66,1,2166683.41
4500091570,00010,MRO-1002,Landing Gear Bushing,1020,MRO,102.69,EA,7755.61,1,796423.59
4500091570,00020,MRO-1002,Landing Gear Bushing,1010,MRO,253.24,EA,1519.43,1,384780.45
4500091570,00030,OFFC-4001,Printer Toner Cartridge,1020,OFFC,257.54,EA,1580.85,1,407132.11
4500091571,00010,MRO-1002,Landing Gear Bushing,1020,MRO,244.99,EA,4826.49,1,1182441.79
4500091571,00020,SERV-6002,Cleaning Service Cycle,2010,SERV,403.56,EA,481.93,1,194487.67
4500091572,00010,OFFC-4001,Printer Toner Cartridge,1010,OFFC,404.02,EA,6719.24,1,2714707.34
4500091572,00020,SPARE-5001,Turbine Blade Set,1010,SPARE,230.9,EA,6068.03,1,1401108.13
4500091572,00030,IT-3001,Ruggedized Laptop,1010,IT,269.48,EA,7540.86,1,2032110.95
4500091573,00010,SERV-6001,Ground Handling Labor Hr,1020,SERV,33.45,HR,2080.44,1,69590.72
4500091573,00020,IT-3001,Ruggedized Laptop,1010,IT,130.3,EA,5634.55,1,734181.87
4500091574,00010,SERV-6002,Cleaning Service Cycle,1010,SERV,368.02,EA,830.81,1,305754.7
4500091575,00010,SPARE-5001,Turbine Blade Set,1020,SPARE,44.97,EA,2010.68,1,90420.28
4500091575,00020,OFFC-4001,Printer Toner Cartridge,1010,OFFC,181.86,EA,6794.82,1,1235705.97
4500091575,00030,OFFC-4001,Printer Toner Cartridge,1020,OFFC,112.51,EA,1534.68,1,172666.85
4500091576,00010,SERV-6002,Cleaning Service Cycle,1020,SERV,274.97,EA,5315.88,1,1461707.52
4500091576,00020,OFFC-4001,Printer Toner Cartridge,2010,OFFC,228.85,EA,5936.55,1,1358579.47
4500091576,00030,SPARE-5001,Turbine Blade Set,1020,SPARE,119.45,EA,6405.76,1,765168.03
4500091577,00010,OFFC-4001,Printer Toner Cartridge,2010,OFFC,77.2,EA,3347.47,1,258424.68
4500091577,00020,MRO-1002,Landing Gear Bushing,1010,MRO,467.53,EA,7340.54,1,3431922.67
4500091577,00030,MRO-1001,Hydraulic Pump Assembly,2010,MRO,210.26,EA,855.04,1,179780.71
4500091578,00010,IT-3002,Network Switch 24-port,1020,IT,67.86,EA,5925.63,1,402113.25
4500091578,00020,SERV-6001,Ground Handling Labor Hr,1010,SERV,71.56,HR,6597.33,1,472104.93
4500091579,00010,SPARE-5001,Turbine Blade Set,1020,SPARE,417.99,EA,4556.48,1,1904563.08
4500091579,00020,FUEL-2001,Jet A-1 Fuel,1020,FUEL,16.21,L,1564.55,1,25361.36
4500091580,00010,OFFC-4001,Printer Toner Cartridge,2010,OFFC,246.65,EA,6085.31,1,1500941.71
4500091580,00020,SPARE-5002,Brake Disc Assembly,1010,SPARE,25.53,EA,1625.87,1,41508.46
4500091581,00010,FUEL-2001,Jet A-1 Fuel,1020,FUEL,127.79,L,1547.17,1,197712.85
4500091581,00020,MRO-1002,Landing Gear Bushing,1020,MRO,73.23,EA,2810.19,1,205790.21
4500091581,00030,OFFC-4001,Printer Toner Cartridge,1010,OFFC,93.95,EA,5743.4,1,539592.43
4500091581,00040,OFFC-4001,Printer Toner Cartridge,2010,OFFC,338.77,EA,4103.52,1,1390149.47
4500091582,00010,SERV-6001,Ground Handling Labor Hr,1010,SERV,15.31,HR,6334.53,1,96981.65
4500091582,00020,IT-3002,Network Switch 24-port,1020,IT,7.38,EA,6269.74,1,46270.68
4500091582,00030,SPARE-5002,Brake Disc Assembly,1020,SPARE,132.48,EA,7637.86,1,1011863.69
4500091583,00010,SPARE-5001,Turbine Blade Set,1010,SPARE,481.51,EA,2091.49,1,1007073.35
4500091583,00020,MRO-1002,Landing Gear Bushing,1020,MRO,450.39,EA,2647.25,1,1192294.93
4500091583,00030,SPARE-5001,Turbine Blade Set,2010,SPARE,402.82,EA,1780.05,1,717039.74
4500091583,00040,SPARE-5002,Brake Disc Assembly,1020,SPARE,265.89,EA,7415.43,1,1971688.68
4500091584,00010,SPARE-5001,Turbine Blade Set,1010,SPARE,323.93,EA,7082.69,1,2294295.77
4500091585,00010,IT-3002,Network Switch 24-port,2010,IT,241.52,EA,4721.19,1,1140261.81
4500091586,00010,OFFC-4001,Printer Toner Cartridge,1020,OFFC,61.51,EA,5773.83,1,355148.28
4500091586,00020,SERV-6001,Ground Handling Labor Hr,1020,SERV,293.84,HR,7922.82,1,2328041.43
4500091587,00010,SPARE-5002,Brake Disc Assembly,1020,SPARE,404.63,EA,5853.99,1,2368699.97
4500091587,00020,IT-3001,Ruggedized Laptop,1010,IT,154.51,EA,1042.6,1,161092.13
4500091587,00030,SERV-6002,Cleaning Service Cycle,2010,SERV,179.85,EA,761.95,1,137036.71
4500091588,00010,SPARE-5001,Turbine Blade Set,1020,SPARE,247.22,EA,6466.47,1,1598640.71
4500091588,00020,SERV-6001,Ground Handling Labor Hr,2010,SERV,379.81,HR,3244.02,1,1232111.24
4500091589,00010,SERV-6001,Ground Handling Labor Hr,1010,SERV,453.21,HR,5740.9,1,2601833.29
4500091589,00020,MRO-1002,Landing Gear Bushing,1020,MRO,263.94,EA,1251.01,1,330191.58
4500091590,00010,SPARE-5002,Brake Disc Assembly,2010,SPARE,453.42,EA,5120.33,1,2321660.03
4500091590,00020,MRO-1001,Hydraulic Pump Assembly,1020,MRO,305.8,EA,3205.8,1,980333.64
4500091590,00030,SERV-6001,Ground Handling Labor Hr,2010,SERV,110.19,HR,7789.06,1,858276.52
4500091590,00040,IT-3002,Network Switch 24-port,1020,IT,287.69,EA,6650.99,1,1913423.31
4500091591,00010,OFFC-4001,Printer Toner Cartridge,2010,OFFC,342.16,EA,5678.77,1,1943047.94
4500091591,00020,FUEL-2001,Jet A-1 Fuel,1020,FUEL,461.96,L,5606.16,1,2589821.67
4500091591,00030,IT-3002,Network Switch 24-port,1020,IT,269.19,EA,3669.68,1,987841.16
4500091592,00010,SPARE-5002,Brake Disc Assembly,2010,SPARE,162.29,EA,980.0,1,159044.2
4500091592,00020,MRO-1002,Landing Gear Bushing,1020,MRO,395.16,EA,4958.17,1,1959270.46
4500091592,00030,IT-3002,Network Switch 24-port,1020,IT,167.99,EA,2160.4,1,362925.6
4500091592,00040,OFFC-4001,Printer Toner Cartridge,1020,OFFC,393.78,EA,594.09,1,233940.76
4500091593,00010,MRO-1001,Hydraulic Pump Assembly,1010,MRO,456.84,EA,417.57,1,190762.68
4500091593,00020,OFFC-4001,Printer Toner Cartridge,1010,OFFC,368.46,EA,6549.05,1,2413062.96
4500091594,00010,FUEL-2001,Jet A-1 Fuel,1010,FUEL,87.1,L,2260.64,1,196901.74
4500091594,00020,SERV-6001,Ground Handling Labor Hr,2010,SERV,141.1,HR,4340.77,1,612482.65
4500091594,00030,IT-3001,Ruggedized Laptop,1010,IT,153.35,EA,5309.29,1,814179.62
4500091594,00040,SPARE-5002,Brake Disc Assembly,2010,SPARE,191.4,EA,4435.31,1,848918.33
4500091595,00010,MRO-1001,Hydraulic Pump Assembly,1020,MRO,397.02,EA,1588.35,1,630606.72
4500091595,00020,SERV-6001,Ground Handling Labor Hr,1020,SERV,3.5,HR,6711.27,1,23489.44
4500091595,00030,IT-3001,Ruggedized Laptop,2010,IT,219.88,EA,1951.25,1,429040.85
4500091596,00010,SPARE-5001,Turbine Blade Set,2010,SPARE,440.49,EA,2773.5,1,1221699.02
4500091596,00020,FUEL-2001,Jet A-1 Fuel,1020,FUEL,446.36,L,346.41,1,154623.57
4500091596,00030,SPARE-5002,Brake Disc Assembly,1020,SPARE,428.04,EA,7452.53,1,3189980.94
4500091597,00010,SPARE-5001,Turbine Blade Set,1020,SPARE,462.66,EA,6823.48,1,3156951.26
4500091597,00020,SERV-6002,Cleaning Service Cycle,2010,SERV,287.12,EA,874.54,1,251097.92
4500091598,00010,MRO-1001,Hydraulic Pump Assembly,1020,MRO,86.19,EA,702.22,1,60524.34
4500091598,00020,OFFC-4001,Printer Toner Cartridge,2010,OFFC,361.6,EA,6801.34,1,2459364.54
4500091598,00030,IT-3001,Ruggedized Laptop,2010,IT,278.98,EA,6889.95,1,1922158.25
4500091599,00010,SPARE-5001,Turbine Blade Set,1020,SPARE,130.65,EA,7540.3,1,985140.2
4500091599,00020,SPARE-5001,Turbine Blade Set,1020,SPARE,239.37,EA,4105.75,1,982793.38
4500091600,00010,SERV-6002,Cleaning Service Cycle,1020,SERV,252.93,EA,3659.56,1,925612.51
4500091601,00010,OFFC-4001,Printer Toner Cartridge,1020,OFFC,103.8,EA,820.48,1,85165.82
4500091601,00020,SERV-6002,Cleaning Service Cycle,2010,SERV,271.21,EA,4169.71,1,1130867.05
4500091602,00010,SPARE-5001,Turbine Blade Set,2010,SPARE,175.9,EA,6245.45,1,1098574.66
4500091602,00020,MRO-1001,Hydraulic Pump Assembly,1020,MRO,241.22,EA,2905.93,1,700968.43
4500091602,00030,SERV-6002,Cleaning Service Cycle,1010,SERV,132.4,EA,6354.46,1,841330.5
4500091602,00040,IT-3002,Network Switch 24-port,2010,IT,112.1,EA,6131.36,1,687325.46
4500091603,00010,MRO-1001,Hydraulic Pump Assembly,2010,MRO,415.2,EA,2139.74,1,888420.05
4500091603,00020,MRO-1001,Hydraulic Pump Assembly,2010,MRO,243.95,EA,7573.94,1,1847662.66
4500091604,00010,MRO-1002,Landing Gear Bushing,1010,MRO,497.06,EA,5318.64,1,2643683.2
4500091604,00020,MRO-1002,Landing Gear Bushing,1020,MRO,474.92,EA,5154.72,1,2448079.62
4500091604,00030,SPARE-5002,Brake Disc Assembly,2010,SPARE,429.55,EA,6136.67,1,2636006.6
4500091604,00040,IT-3002,Network Switch 24-port,2010,IT,120.96,EA,592.62,1,71683.32
4500091605,00010,SERV-6001,Ground Handling Labor Hr,1010,SERV,169.05,HR,2051.41,1,346790.86
4500091605,00020,OFFC-4001,Printer Toner Cartridge,2010,OFFC,135.91,EA,7731.9,1,1050842.53
4500091605,00030,SPARE-5002,Brake Disc Assembly,1020,SPARE,155.2,EA,3160.19,1,490461.49
4500091605,00040,OFFC-4001,Printer Toner Cartridge,1020,OFFC,234.33,EA,4964.2,1,1163260.99
4500091606,00010,SPARE-5002,Brake Disc Assembly,1020,SPARE,373.67,EA,2425.27,1,906250.64
4500091606,00020,OFFC-4001,Printer Toner Cartridge,1020,OFFC,464.06,EA,799.81,1,371159.83
4500091606,00030,SPARE-5001,Turbine Blade Set,2010,SPARE,23.11,EA,6303.57,1,145675.5
4500091607,00010,IT-3001,Ruggedized Laptop,2010,IT,371.09,EA,5248.5,1,1947665.86
4500091607,00020,IT-3002,Network Switch 24-port,1020,IT,222.58,EA,2418.65,1,538343.12
4500091608,00010,IT-3001,Ruggedized Laptop,1020,IT,487.12,EA,1013.39,1,493642.54
4500091608,00020,OFFC-4001,Printer Toner Cartridge,2010,OFFC,286.38,EA,7957.66,1,2278914.67
4500091608,00030,IT-3001,Ruggedized Laptop,2010,IT,250.16,EA,2281.54,1,570750.05
4500091608,00040,SPARE-5001,Turbine Blade Set,1010,SPARE,19.5,EA,3702.61,1,72200.9
4500091609,00010,MRO-1002,Landing Gear Bushing,1020,MRO,219.73,EA,301.42,1,66231.02
4500091610,00010,SERV-6001,Ground Handling Labor Hr,1020,SERV,156.99,HR,5445.63,1,854909.45
4500091610,00020,FUEL-2001,Jet A-1 Fuel,2010,FUEL,55.81,L,6389.05,1,356572.88
4500091611,00010,IT-3001,Ruggedized Laptop,1010,IT,395.5,EA,3904.72,1,1544316.76
4500091611,00020,OFFC-4001,Printer Toner Cartridge,2010,OFFC,439.72,EA,6368.76,1,2800471.15
4500091611,00030,SERV-6001,Ground Handling Labor Hr,1010,SERV,297.58,HR,382.89,1,113940.41
4500091612,00010,OFFC-4001,Printer Toner Cartridge,2010,OFFC,410.32,EA,6031.19,1,2474717.88
4500091612,00020,MRO-1001,Hydraulic Pump Assembly,2010,MRO,38.13,EA,1532.7,1,58441.85
4500091613,00010,OFFC-4001,Printer Toner Cartridge,2010,OFFC,240.41,EA,6179.69,1,1485659.27
4500091613,00020,SPARE-5001,Turbine Blade Set,1010,SPARE,221.37,EA,6565.07,1,1453309.55
4500091614,00010,IT-3001,Ruggedized Laptop,1020,IT,402.49,EA,6197.95,1,2494612.9
4500091614,00020,OFFC-4001,Printer Toner Cartridge,1010,OFFC,280.8,EA,1243.87,1,349278.7
4500091614,00030,SERV-6001,Ground Handling Labor Hr,1010,SERV,87.88,HR,6801.41,1,597707.91
4500091614,00040,SPARE-5001,Turbine Blade Set,2010,SPARE,119.41,EA,5841.09,1,697484.56
4500091615,00010,FUEL-2001,Jet A-1 Fuel,1010,FUEL,336.44,L,7656.17,1,2575841.83
4500091616,00010,MRO-1002,Landing Gear Bushing,2010,MRO,293.2,EA,6321.95,1,1853595.74
4500091617,00010,IT-3002,Network Switch 24-port,1010,IT,189.39,EA,2990.97,1,566459.81
4500091617,00020,FUEL-2001,Jet A-1 Fuel,1020,FUEL,188.02,L,6555.4,1,1232546.31
4500091617,00030,IT-3002,Network Switch 24-port,1010,IT,462.34,EA,892.82,1,412786.4
4500091618,00010,IT-3001,Ruggedized Laptop,1020,IT,256.09,EA,165.96,1,42500.7
4500091618,00020,FUEL-2001,Jet A-1 Fuel,2010,FUEL,29.91,L,4429.88,1,132497.71
4500091618,00030,SERV-6001,Ground Handling Labor Hr,1020,SERV,51.03,HR,4753.03,1,242547.12
4500091618,00040,SPARE-5001,Turbine Blade Set,2010,SPARE,256.98,EA,6246.98,1,1605348.92
4500091619,00010,MRO-1001,Hydraulic Pump Assembly,2010,MRO,473.11,EA,2103.06,1,994978.72
4500091619,00020,IT-3001,Ruggedized Laptop,1010,IT,99.96,EA,2602.67,1,260162.89
4500091620,00010,MRO-1001,Hydraulic Pump Assembly,1020,MRO,98.6,EA,4075.1,1,401804.86
4500091620,00020,IT-3002,Network Switch 24-port,2010,IT,234.89,EA,3873.58,1,909865.21
4500091620,00030,SERV-6002,Cleaning Service Cycle,2010,SERV,6.27,EA,3385.87,1,21229.4
4500091620,00040,SPARE-5002,Brake Disc Assembly,1010,SPARE,218.31,EA,7771.17,1,1696524.12
4500091621,00010,MRO-1002,Landing Gear Bushing,1010,MRO,318.62,EA,1500.62,1,478127.54
4500091621,00020,SPARE-5002,Brake Disc Assembly,2010,SPARE,74.49,EA,2269.87,1,169082.62
4500091621,00030,SERV-6001,Ground Handling Labor Hr,1020,SERV,197.98,HR,413.62,1,81888.49
4500091621,00040,MRO-1002,Landing Gear Bushing,1010,MRO,251.0,EA,6515.1,1,1635290.1
4500091622,00010,IT-3002,Network Switch 24-port,1010,IT,307.76,EA,3748.8,1,1153730.69
4500091622,00020,SERV-6002,Cleaning Service Cycle,1020,SERV,306.82,EA,3222.2,1,988635.4
4500091622,00030,IT-3001,Ruggedized Laptop,1020,IT,305.0,EA,183.06,1,55833.3
4500091622,00040,SERV-6002,Cleaning Service Cycle,2010,SERV,17.56,EA,4525.19,1,79462.34
4500091623,00010,SERV-6002,Cleaning Service Cycle,2010,SERV,225.86,EA,443.58,1,100186.98
4500091624,00010,SPARE-5002,Brake Disc Assembly,1010,SPARE,477.29,EA,3709.72,1,1770612.26
4500091624,00020,MRO-1002,Landing Gear Bushing,1010,MRO,480.4,EA,7379.74,1,3545227.1
4500091624,00030,SERV-6002,Cleaning Service Cycle,2010,SERV,125.24,EA,7212.6,1,903306.02
4500091624,00040,FUEL-2001,Jet A-1 Fuel,1010,FUEL,390.7,L,2740.61,1,1070756.33
4500091625,00010,OFFC-4001,Printer Toner Cartridge,1010,OFFC,396.54,EA,4124.9,1,1635687.85
4500091625,00020,SERV-6002,Cleaning Service Cycle,1020,SERV,116.72,EA,6186.17,1,722049.76
4500091625,00030,SERV-6001,Ground Handling Labor Hr,1020,SERV,116.16,HR,4037.81,1,469032.01
4500091625,00040,IT-3001,Ruggedized Laptop,1010,IT,341.54,EA,4980.03,1,1700879.45
4500091626,00010,OFFC-4001,Printer Toner Cartridge,1010,OFFC,459.22,EA,3031.51,1,1392130.02
4500091626,00020,OFFC-4001,Printer Toner Cartridge,2010,OFFC,61.94,EA,7011.13,1,434269.39
4500091626,00030,MRO-1002,Landing Gear Bushing,1010,MRO,152.82,EA,7260.62,1,1109567.95
4500091627,00010,IT-3001,Ruggedized Laptop,2010,IT,170.1,EA,6071.77,1,1032808.08
4500091628,00010,MRO-1001,Hydraulic Pump Assembly,1010,MRO,173.35,EA,4012.53,1,695572.08
4500091628,00020,SERV-6002,Cleaning Service Cycle,2010,SERV,152.43,EA,1053.96,1,160655.12
4500091629,00010,IT-3001,Ruggedized Laptop,1020,IT,120.29,EA,3093.78,1,372150.8
4500091629,00020,MRO-1002,Landing Gear Bushing,1020,MRO,378.27,EA,3639.29,1,1376634.23
4500091629,00030,SPARE-5002,Brake Disc Assembly,1010,SPARE,232.93,EA,5344.5,1,1244894.39
4500091630,00010,MRO-1002,Landing Gear Bushing,1010,MRO,319.89,EA,3789.9,1,1212351.11
4500091630,00020,MRO-1001,Hydraulic Pump Assembly,2010,MRO,114.6,EA,1432.84,1,164203.46
4500091631,00010,MRO-1002,Landing Gear Bushing,1020,MRO,389.96,EA,2431.51,1,948191.64
4500091631,00020,SERV-6001,Ground Handling Labor Hr,2010,SERV,429.53,HR,4701.46,1,2019418.11
4500091631,00030,SPARE-5002,Brake Disc Assembly,1010,SPARE,362.96,EA,1753.39,1,636410.43
4500091632,00010,MRO-1001,Hydraulic Pump Assembly,2010,MRO,228.05,EA,6240.01,1,1423034.28
4500091632,00020,OFFC-4001,Printer Toner Cartridge,1020,OFFC,409.0,EA,5750.59,1,2351991.31
4500091632,00030,SPARE-5002,Brake Disc Assembly,1010,SPARE,207.36,EA,956.59,1,198358.5
4500091632,00040,MRO-1001,Hydraulic Pump Assembly,1020,MRO,242.57,EA,7945.97,1,1927453.94
4500091633,00010,FUEL-2001,Jet A-1 Fuel,1010,FUEL,256.36,L,6326.19,1,1621782.07
4500091633,00020,FUEL-2001,Jet A-1 Fuel,1020,FUEL,194.31,L,4621.39,1,897982.29
4500091633,00030,SERV-6001,Ground Handling Labor Hr,2010,SERV,169.59,HR,7547.32,1,1279950.0
4500091633,00040,MRO-1001,Hydraulic Pump Assembly,2010,MRO,379.35,EA,4648.16,1,1763279.5
4500091634,00010,SERV-6002,Cleaning Service Cycle,2010,SERV,364.73,EA,1472.33,1,537002.92
4500091634,00020,SPARE-5001,Turbine Blade Set,1020,SPARE,34.77,EA,4164.84,1,144811.49
4500091634,00030,SERV-6001,Ground Handling Labor Hr,1020,SERV,238.7,HR,5005.87,1,1194901.17
4500091634,00040,SPARE-5002,Brake Disc Assembly,1020,SPARE,445.29,EA,3523.48,1,1568970.41
4500091635,00010,SPARE-5002,Brake Disc Assembly,1020,SPARE,295.04,EA,7037.15,1,2076240.74
4500091635,00020,MRO-1002,Landing Gear Bushing,1020,MRO,335.37,EA,701.48,1,235255.35
4500091635,00030,IT-3001,Ruggedized Laptop,2010,IT,494.19,EA,1003.16,1,495751.64
4500091635,00040,SERV-6002,Cleaning Service Cycle,1010,SERV,210.3,EA,1515.7,1,318751.71
4500091636,00010,IT-3001,Ruggedized Laptop,2010,IT,26.89,EA,1161.92,1,31244.03
4500091636,00020,SERV-6002,Cleaning Service Cycle,1020,SERV,464.61,EA,2032.8,1,944459.21
4500091637,00010,SPARE-5001,Turbine Blade Set,1010,SPARE,306.37,EA,5241.84,1,1605942.52
4500091638,00010,FUEL-2001,Jet A-1 Fuel,2010,FUEL,253.42,L,1954.67,1,495352.47
4500091639,00010,SERV-6001,Ground Handling Labor Hr,1010,SERV,239.96,HR,7577.71,1,1818347.29
4500091639,00020,MRO-1002,Landing Gear Bushing,2010,MRO,59.11,EA,4637.69,1,274133.86
4500091639,00030,MRO-1001,Hydraulic Pump Assembly,1020,MRO,128.71,EA,2909.64,1,374499.76
4500091640,00010,FUEL-2001,Jet A-1 Fuel,1020,FUEL,183.22,L,6409.7,1,1174385.23
4500091640,00020,SERV-6001,Ground Handling Labor Hr,2010,SERV,429.96,HR,7610.55,1,3272232.08
4500091640,00030,SERV-6001,Ground Handling Labor Hr,1020,SERV,319.13,HR,3584.11,1,1143797.02
4500091641,00010,MRO-1002,Landing Gear Bushing,1010,MRO,458.61,EA,292.78,1,134271.84
4500091641,00020,SERV-6002,Cleaning Service Cycle,2010,SERV,484.45,EA,7230.46,1,3502796.35
4500091642,00010,SERV-6001,Ground Handling Labor Hr,2010,SERV,249.03,HR,6614.4,1,1647184.03
4500091642,00020,MRO-1002,Landing Gear Bushing,1020,MRO,126.55,EA,1276.89,1,161590.43
4500091643,00010,IT-3002,Network Switch 24-port,1010,IT,58.31,EA,86.57,1,5047.9
4500091643,00020,FUEL-2001,Jet A-1 Fuel,1020,FUEL,271.41,L,4062.34,1,1102559.7
4500091643,00030,MRO-1001,Hydraulic Pump Assembly,1010,MRO,10.67,EA,647.08,1,6904.34
4500091644,00010,FUEL-2001,Jet A-1 Fuel,1010,FUEL,365.58,L,5255.55,1,1921323.97
4500091644,00020,MRO-1002,Landing Gear Bushing,1020,MRO,361.86,EA,3923.01,1,1419580.4
4500091645,00010,MRO-1001,Hydraulic Pump Assembly,1020,MRO,434.35,EA,2167.1,1,941279.89
4500091646,00010,SERV-6002,Cleaning Service Cycle,1010,SERV,224.21,EA,2220.68,1,497898.66
4500091646,00020,IT-3001,Ruggedized Laptop,1020,IT,433.99,EA,3197.98,1,1387891.34
4500091646,00030,SERV-6001,Ground Handling Labor Hr,2010,SERV,454.37,HR,2746.4,1,1247881.77
4500091646,00040,SERV-6001,Ground Handling Labor Hr,1010,SERV,466.07,HR,6443.97,1,3003341.1
4500091647,00010,SERV-6001,Ground Handling Labor Hr,1010,SERV,353.9,HR,103.52,1,36635.73
4500091647,00020,MRO-1002,Landing Gear Bushing,2010,MRO,432.35,EA,2697.87,1,1166424.09
4500091647,00030,FUEL-2001,Jet A-1 Fuel,1010,FUEL,115.33,L,3222.66,1,371669.38
4500091647,00040,IT-3002,Network Switch 24-port,2010,IT,371.02,EA,4261.57,1,1581127.7
4500091648,00010,MRO-1002,Landing Gear Bushing,1020,MRO,283.18,EA,3980.88,1,1127305.6
4500091649,00010,MRO-1002,Landing Gear Bushing,2010,MRO,424.34,EA,1254.8,1,532461.83
4500091650,00010,IT-3002,Network Switch 24-port,1020,IT,288.1,EA,6810.95,1,1962234.7
4500091651,00010,MRO-1002,Landing Gear Bushing,2010,MRO,39.59,EA,6741.7,1,266903.9
4500091651,00020,SPARE-5002,Brake Disc Assembly,1010,SPARE,42.56,EA,4820.3,1,205151.97
4500091651,00030,SPARE-5002,Brake Disc Assembly,1020,SPARE,167.79,EA,7491.83,1,1257054.16
4500091652,00010,SPARE-5001,Turbine Blade Set,2010,SPARE,66.01,EA,4818.3,1,318055.98
4500091652,00020,SERV-6001,Ground Handling Labor Hr,1020,SERV,119.63,HR,579.32,1,69304.05
4500091653,00010,SPARE-5002,Brake Disc Assembly,1020,SPARE,86.75,EA,6016.94,1,521969.54
4500091653,00020,IT-3001,Ruggedized Laptop,1020,IT,318.04,EA,1596.47,1,507741.32
4500091653,00030,IT-3002,Network Switch 24-port,1020,IT,311.7,EA,3710.27,1,1156491.16
4500091653,00040,FUEL-2001,Jet A-1 Fuel,1020,FUEL,302.2,L,6938.74,1,2096887.23
4500091654,00010,SERV-6002,Cleaning Service Cycle,1010,SERV,457.98,EA,394.06,1,180471.6
4500091654,00020,IT-3002,Network Switch 24-port,2010,IT,464.12,EA,5185.25,1,2406578.23
4500091655,00010,SERV-6002,Cleaning Service Cycle,1020,SERV,144.25,EA,4819.23,1,695173.93
4500091656,00010,SPARE-5001,Turbine Blade Set,2010,SPARE,191.59,EA,6238.06,1,1195149.92
4500091656,00020,FUEL-2001,Jet A-1 Fuel,1010,FUEL,63.82,L,2108.36,1,134555.54
4500091657,00010,MRO-1001,Hydraulic Pump Assembly,1010,MRO,456.27,EA,5436.58,1,2480548.36
4500091657,00020,SPARE-5002,Brake Disc Assembly,1010,SPARE,121.62,EA,7554.9,1,918826.94
4500091657,00030,SPARE-5002,Brake Disc Assembly,1020,SPARE,92.99,EA,1474.59,1,137122.12
4500091658,00010,MRO-1002,Landing Gear Bushing,2010,MRO,261.33,EA,1024.47,1,267724.75
4500091659,00010,SERV-6002,Cleaning Service Cycle,2010,SERV,269.81,EA,1954.01,1,527211.44
4500091659,00020,OFFC-4001,Printer Toner Cartridge,2010,OFFC,308.61,EA,5481.45,1,1691630.28
4500091660,00010,FUEL-2001,Jet A-1 Fuel,1010,FUEL,371.14,L,3730.49,1,1384534.06
4500091660,00020,SPARE-5001,Turbine Blade Set,1010,SPARE,162.9,EA,360.79,1,58772.69
4500091660,00030,FUEL-2001,Jet A-1 Fuel,1010,FUEL,302.95,L,146.88,1,44497.3
4500091660,00040,MRO-1001,Hydraulic Pump Assembly,1020,MRO,216.73,EA,6742.57,1,1461317.2
4500091661,00010,OFFC-4001,Printer Toner Cartridge,1010,OFFC,159.73,EA,5276.1,1,842751.45
4500091661,00020,IT-3002,Network Switch 24-port,1020,IT,88.84,EA,2003.7,1,178008.71
4500091662,00010,SERV-6002,Cleaning Service Cycle,1010,SERV,113.09,EA,1587.69,1,179551.86
4500091662,00020,SERV-6002,Cleaning Service Cycle,1020,SERV,200.72,EA,173.41,1,34806.86
4500091662,00030,IT-3001,Ruggedized Laptop,1010,IT,369.93,EA,5381.51,1,1990781.99
4500091663,00010,IT-3001,Ruggedized Laptop,1010,IT,413.79,EA,6611.44,1,2735747.76
4500091663,00020,IT-3001,Ruggedized Laptop,1010,IT,123.89,EA,7475.34,1,926119.87
4500091664,00010,IT-3002,Network Switch 24-port,1020,IT,51.63,EA,1446.13,1,74663.69
4500091664,00020,SPARE-5002,Brake Disc Assembly,2010,SPARE,466.77,EA,192.68,1,89937.24
4500091664,00030,SERV-6001,Ground Handling Labor Hr,1020,SERV,187.78,HR,5722.34,1,1074541.01
4500091664,00040,FUEL-2001,Jet A-1 Fuel,1010,FUEL,28.43,L,1856.61,1,52783.42
4500091665,00010,MRO-1001,Hydraulic Pump Assembly,1020,MRO,244.25,EA,736.4,1,179865.7
4500091666,00010,IT-3002,Network Switch 24-port,1010,IT,473.21,EA,3158.3,1,1494539.14
4500091666,00020,MRO-1002,Landing Gear Bushing,1020,MRO,297.27,EA,1267.03,1,376650.01
4500091667,00010,IT-3001,Ruggedized Laptop,1020,IT,411.33,EA,5867.43,1,2413449.98
4500091668,00010,SERV-6002,Cleaning Service Cycle,1020,SERV,356.76,EA,3774.16,1,1346469.32
4500091669,00010,FUEL-2001,Jet A-1 Fuel,1010,FUEL,479.44,L,5061.79,1,2426824.6
4500091669,00020,IT-3002,Network Switch 24-port,1020,IT,205.38,EA,159.25,1,32706.76
4500091670,00010,MRO-1001,Hydraulic Pump Assembly,1020,MRO,437.13,EA,26.19,1,11448.43
4500091670,00020,MRO-1002,Landing Gear Bushing,1010,MRO,157.02,EA,2327.51,1,365465.62
4500091671,00010,SPARE-5002,Brake Disc Assembly,2010,SPARE,438.75,EA,2462.45,1,1080399.94
4500091671,00020,IT-3001,Ruggedized Laptop,2010,IT,346.67,EA,3391.22,1,1175634.24
4500091671,00030,MRO-1001,Hydraulic Pump Assembly,1010,MRO,372.84,EA,4751.03,1,1771374.03
4500091671,00040,MRO-1001,Hydraulic Pump Assembly,1020,MRO,40.24,EA,2290.55,1,92171.73
4500091672,00010,MRO-1001,Hydraulic Pump Assembly,1020,MRO,141.24,EA,7791.01,1,1100402.25
4500091672,00020,MRO-1002,Landing Gear Bushing,2010,MRO,193.55,EA,1959.72,1,379303.81
4500091673,00010,SERV-6002,Cleaning Service Cycle,1010,SERV,23.83,EA,2817.13,1,67132.21
4500091673,00020,SERV-6002,Cleaning Service Cycle,2010,SERV,191.52,EA,7946.22,1,1521860.05
4500091673,00030,SERV-6001,Ground Handling Labor Hr,1010,SERV,379.57,HR,3053.94,1,1159184.01
4500091673,00040,SERV-6001,Ground Handling Labor Hr,1010,SERV,18.1,HR,3843.76,1,69572.06
4500091674,00010,SPARE-5002,Brake Disc Assembly,1010,SPARE,106.18,EA,3371.4,1,357975.25
4500091674,00020,SPARE-5002,Brake Disc Assembly,2010,SPARE,258.37,EA,5822.67,1,1504403.25
4500091675,00010,MRO-1002,Landing Gear Bushing,1020,MRO,321.13,EA,2786.5,1,894828.74
4500091675,00020,SERV-6002,Cleaning Service Cycle,1010,SERV,274.76,EA,3305.02,1,908087.3
4500091675,00030,IT-3002,Network Switch 24-port,1010,IT,194.38,EA,2122.22,1,412517.12
4500091676,00010,SPARE-5002,Brake Disc Assembly,1020,SPARE,446.71,EA,690.33,1,308377.31
4500091676,00020,OFFC-4001,Printer Toner Cartridge,2010,OFFC,216.12,EA,2821.73,1,609832.29
4500091676,00030,OFFC-4001,Printer Toner Cartridge,1020,OFFC,410.69,EA,1673.68,1,687363.64
4500091677,00010,MRO-1001,Hydraulic Pump Assembly,1020,MRO,68.22,EA,4243.46,1,289488.84
4500091678,00010,IT-3001,Ruggedized Laptop,2010,IT,50.61,EA,3971.13,1,200978.89
4500091679,00010,FUEL-2001,Jet A-1 Fuel,1020,FUEL,7.3,L,845.9,1,6175.07
4500091679,00020,MRO-1001,Hydraulic Pump Assembly,1020,MRO,70.11,EA,3012.09,1,211177.63
4500091679,00030,OFFC-4001,Printer Toner Cartridge,1020,OFFC,161.3,EA,5272.31,1,850423.6
4500091679,00040,IT-3002,Network Switch 24-port,2010,IT,295.34,EA,270.18,1,79794.96
4500091680,00010,SERV-6001,Ground Handling Labor Hr,1020,SERV,255.49,HR,1098.13,1,280561.23
4500091680,00020,MRO-1002,Landing Gear Bushing,1020,MRO,196.47,EA,125.25,1,24607.87
4500091681,00010,IT-3001,Ruggedized Laptop,2010,IT,157.12,EA,4928.4,1,774350.21
4500091681,00020,IT-3001,Ruggedized Laptop,2010,IT,492.97,EA,3943.91,1,1944229.31
4500091681,00030,IT-3002,Network Switch 24-port,2010,IT,54.07,EA,7932.89,1,428931.36
4500091682,00010,OFFC-4001,Printer Toner Cartridge,1020,OFFC,50.79,EA,4852.97,1,246482.35
4500091682,00020,FUEL-2001,Jet A-1 Fuel,1020,FUEL,73.49,L,1258.52,1,92488.63
4500091683,00010,IT-3001,Ruggedized Laptop,1020,IT,448.42,EA,2310.02,1,1035859.17
4500091683,00020,SPARE-5001,Turbine Blade Set,1010,SPARE,372.04,EA,3623.83,1,1348209.71
4500091684,00010,SERV-6001,Ground Handling Labor Hr,1010,SERV,441.4,HR,115.54,1,50999.36
4500091684,00020,SPARE-5001,Turbine Blade Set,2010,SPARE,201.87,EA,366.69,1,74023.71
4500091685,00010,SPARE-5002,Brake Disc Assembly,2010,SPARE,317.81,EA,288.49,1,91685.01
4500091685,00020,SPARE-5001,Turbine Blade Set,1020,SPARE,400.03,EA,3341.95,1,1336880.26
4500091685,00030,FUEL-2001,Jet A-1 Fuel,2010,FUEL,237.34,L,4899.76,1,1162909.04
4500091686,00010,SERV-6001,Ground Handling Labor Hr,1020,SERV,75.44,HR,4302.8,1,324603.23
4500091686,00020,IT-3001,Ruggedized Laptop,1020,IT,362.37,EA,1969.64,1,713738.45
4500091686,00030,IT-3001,Ruggedized Laptop,1010,IT,231.55,EA,2415.62,1,559336.81
4500091687,00010,IT-3002,Network Switch 24-port,1010,IT,394.21,EA,4842.18,1,1908835.78
4500091688,00010,MRO-1002,Landing Gear Bushing,2010,MRO,436.81,EA,4551.53,1,1988153.82
4500091688,00020,MRO-1002,Landing Gear Bushing,2010,MRO,415.58,EA,6520.37,1,2709735.36
4500091688,00030,FUEL-2001,Jet A-1 Fuel,1020,FUEL,367.09,L,6779.05,1,2488521.46
4500091688,00040,SERV-6002,Cleaning Service Cycle,1020,SERV,72.36,EA,2444.11,1,176855.8
4500091689,00010,IT-3002,Network Switch 24-port,1010,IT,40.17,EA,764.03,1,30691.09
4500091689,00020,SERV-6001,Ground Handling Labor Hr,2010,SERV,52.72,HR,7552.07,1,398145.13
4500091690,00010,OFFC-4001,Printer Toner Cartridge,2010,OFFC,318.45,EA,3570.58,1,1137051.2
4500091690,00020,MRO-1001,Hydraulic Pump Assembly,2010,MRO,155.55,EA,3614.48,1,562232.36
4500091691,00010,IT-3002,Network Switch 24-port,2010,IT,330.63,EA,4036.56,1,1334607.83
4500091692,00010,OFFC-4001,Printer Toner Cartridge,1010,OFFC,237.43,EA,7572.0,1,1797819.96
4500091692,00020,SPARE-5002,Brake Disc Assembly,2010,SPARE,164.73,EA,7814.2,1,1287233.17
4500091692,00030,IT-3002,Network Switch 24-port,1020,IT,395.49,EA,3650.85,1,1443874.67
4500091693,00010,SERV-6002,Cleaning Service Cycle,1010,SERV,471.34,EA,1990.52,1,938211.7
4500091694,00010,MRO-1002,Landing Gear Bushing,1010,MRO,3.15,EA,3094.76,1,9748.49
4500091694,00020,FUEL-2001,Jet A-1 Fuel,1020,FUEL,213.89,L,6476.34,1,1385224.36
4500091694,00030,IT-3001,Ruggedized Laptop,2010,IT,470.21,EA,5628.53,1,2646591.09
4500091695,00010,MRO-1001,Hydraulic Pump Assembly,2010,MRO,498.23,EA,4828.43,1,2405668.68
4500091696,00010,SPARE-5001,Turbine Blade Set,1020,SPARE,465.58,EA,190.12,1,88516.07
4500091697,00010,SERV-6001,Ground Handling Labor Hr,1010,SERV,126.91,HR,573.3,1,72757.5
4500091697,00020,IT-3001,Ruggedized Laptop,1010,IT,203.24,EA,870.06,1,176830.99
4500091697,00030,SPARE-5002,Brake Disc Assembly,1010,SPARE,399.17,EA,51.35,1,20497.38
4500091698,00010,IT-3001,Ruggedized Laptop,1020,IT,408.12,EA,7475.17,1,3050766.38
4500091698,00020,SERV-6001,Ground Handling Labor Hr,1010,SERV,52.53,HR,7453.99,1,391558.09
4500091699,00010,FUEL-2001,Jet A-1 Fuel,1020,FUEL,461.03,L,2159.04,1,995382.21
4500091700,00010,IT-3001,Ruggedized Laptop,2010,IT,333.13,EA,4161.48,1,1386313.83
4500091700,00020,SERV-6002,Cleaning Service Cycle,1020,SERV,365.48,EA,7879.72,1,2879880.07
4500091701,00010,IT-3001,Ruggedized Laptop,1010,IT,180.74,EA,7256.83,1,1311599.45
4500091701,00020,IT-3002,Network Switch 24-port,2010,IT,308.98,EA,6379.8,1,1971230.6
4500091702,00010,SERV-6002,Cleaning Service Cycle,1010,SERV,239.33,EA,6655.14,1,1592774.66
4500091703,00010,SERV-6001,Ground Handling Labor Hr,1010,SERV,248.16,HR,5787.74,1,1436285.56
4500091703,00020,SERV-6001,Ground Handling Labor Hr,1020,SERV,411.52,HR,6769.46,1,2785768.18
4500091703,00030,OFFC-4001,Printer Toner Cartridge,2010,OFFC,484.9,EA,1963.94,1,952314.51
4500091704,00010,IT-3002,Network Switch 24-port,1020,IT,288.68,EA,6332.43,1,1828045.89
4500091704,00020,SERV-6002,Cleaning Service Cycle,1020,SERV,195.87,EA,7499.06,1,1468840.88
4500091705,00010,SERV-6002,Cleaning Service Cycle,1010,SERV,63.52,EA,7049.07,1,447756.93
4500091705,00020,SPARE-5001,Turbine Blade Set,2010,SPARE,68.99,EA,215.49,1,14866.66
4500091705,00030,SERV-6002,Cleaning Service Cycle,1020,SERV,279.09,EA,1520.06,1,424233.55
4500091705,00040,IT-3002,Network Switch 24-port,2010,IT,197.18,EA,3217.14,1,634355.67
4500091706,00010,SPARE-5002,Brake Disc Assembly,2010,SPARE,3.45,EA,6993.97,1,24129.2
4500091706,00020,IT-3001,Ruggedized Laptop,2010,IT,126.02,EA,1075.92,1,135587.44
4500091706,00030,MRO-1002,Landing Gear Bushing,1020,MRO,362.43,EA,7884.81,1,2857691.69
4500091707,00010,MRO-1001,Hydraulic Pump Assembly,1010,MRO,310.95,EA,1405.6,1,437071.32
4500091707,00020,MRO-1001,Hydraulic Pump Assembly,1010,MRO,24.91,EA,660.03,1,16441.35
4500091707,00030,MRO-1001,Hydraulic Pump Assembly,1010,MRO,42.5,EA,2627.09,1,111651.33
4500091708,00010,MRO-1002,Landing Gear Bushing,2010,MRO,427.85,EA,29.63,1,12677.2
4500091708,00020,SERV-6001,Ground Handling Labor Hr,1010,SERV,256.48,HR,5248.09,1,1346030.12
4500091709,00010,IT-3001,Ruggedized Laptop,1020,IT,37.71,EA,2124.29,1,80106.98
4500091709,00020,SERV-6001,Ground Handling Labor Hr,1020,SERV,63.31,HR,5416.63,1,342926.85
4500091710,00010,SERV-6002,Cleaning Service Cycle,2010,SERV,70.11,EA,7902.85,1,554068.81
4500091711,00010,MRO-1002,Landing Gear Bushing,2010,MRO,240.87,EA,523.78,1,126162.89
4500091711,00020,IT-3001,Ruggedized Laptop,1020,IT,414.41,EA,1261.21,1,522658.04
4500091711,00030,IT-3002,Network Switch 24-port,1020,IT,382.52,EA,5528.42,1,2114731.22
4500091712,00010,SPARE-5002,Brake Disc Assembly,1010,SPARE,217.84,EA,139.31,1,30347.29
4500091712,00020,FUEL-2001,Jet A-1 Fuel,1010,FUEL,113.44,L,4627.69,1,524965.15
4500091712,00030,SERV-6002,Cleaning Service Cycle,1020,SERV,367.35,EA,5275.54,1,1937969.62
4500091712,00040,FUEL-2001,Jet A-1 Fuel,2010,FUEL,394.41,L,4278.61,1,1687526.57
4500091713,00010,SERV-6002,Cleaning Service Cycle,2010,SERV,130.76,EA,6768.8,1,885088.29
4500091713,00020,OFFC-4001,Printer Toner Cartridge,1010,OFFC,422.98,EA,1340.02,1,566801.66
4500091713,00030,OFFC-4001,Printer Toner Cartridge,1020,OFFC,93.32,EA,4926.91,1,459779.24
4500091713,00040,IT-3002,Network Switch 24-port,1010,IT,151.34,EA,4171.48,1,631311.78
4500091714,00010,IT-3001,Ruggedized Laptop,1010,IT,111.17,EA,3420.16,1,380219.19
4500091714,00020,SERV-6002,Cleaning Service Cycle,2010,SERV,354.06,EA,215.68,1,76363.66
4500091714,00030,SPARE-5002,Brake Disc Assembly,1020,SPARE,239.97,EA,6730.47,1,1615110.89
4500091715,00010,SERV-6001,Ground Handling Labor Hr,1010,SERV,239.98,HR,4885.8,1,1172494.28
4500091715,00020,OFFC-4001,Printer Toner Cartridge,1010,OFFC,288.99,EA,5511.0,1,1592623.89
4500091715,00030,IT-3002,Network Switch 24-port,1020,IT,477.31,EA,7630.65,1,3642185.55
4500091715,00040,FUEL-2001,Jet A-1 Fuel,2010,FUEL,59.0,L,1445.05,1,85257.95
4500091716,00010,MRO-1002,Landing Gear Bushing,2010,MRO,268.06,EA,73.57,1,19721.17
4500091716,00020,OFFC-4001,Printer Toner Cartridge,2010,OFFC,173.01,EA,4961.44,1,858378.73
4500091716,00030,SPARE-5002,Brake Disc Assembly,1020,SPARE,234.74,EA,1834.48,1,430625.84
4500091717,00010,MRO-1002,Landing Gear Bushing,1010,MRO,282.6,EA,5155.12,1,1456836.91
4500091717,00020,IT-3002,Network Switch 24-port,1010,IT,360.19,EA,2170.07,1,781637.51
4500091717,00030,MRO-1002,Landing Gear Bushing,1020,MRO,33.13,EA,5409.79,1,179226.34
4500091718,00010,SPARE-5001,Turbine Blade Set,2010,SPARE,52.93,EA,1299.3,1,68771.95
4500091718,00020,IT-3002,Network Switch 24-port,1010,IT,365.41,EA,1299.73,1,474934.34
4500091718,00030,MRO-1001,Hydraulic Pump Assembly,1020,MRO,398.44,EA,4353.46,1,1734592.6
4500091718,00040,SPARE-5001,Turbine Blade Set,2010,SPARE,478.16,EA,275.95,1,131948.25
4500091719,00010,FUEL-2001,Jet A-1 Fuel,1020,FUEL,399.89,L,333.74,1,133459.29
4500091719,00020,SERV-6001,Ground Handling Labor Hr,2010,SERV,262.86,HR,684.13,1,179830.41
4500091720,00010,FUEL-2001,Jet A-1 Fuel,1010,FUEL,2.33,L,1087.2,1,2533.18
4500091720,00020,SERV-6002,Cleaning Service Cycle,1020,SERV,225.15,EA,199.6,1,44939.94
4500091721,00010,SERV-6002,Cleaning Service Cycle,1010,SERV,349.4,EA,6101.02,1,2131696.39
4500091721,00020,SPARE-5001,Turbine Blade Set,2010,SPARE,163.8,EA,1272.94,1,208507.57
4500091721,00030,OFFC-4001,Printer Toner Cartridge,2010,OFFC,177.39,EA,749.17,1,132895.27
4500091721,00040,MRO-1001,Hydraulic Pump Assembly,1010,MRO,10.14,EA,2920.19,1,29610.73
4500091722,00010,SPARE-5001,Turbine Blade Set,1010,SPARE,438.68,EA,1679.77,1,736881.5
4500091722,00020,MRO-1001,Hydraulic Pump Assembly,1020,MRO,105.69,EA,105.67,1,11168.26
4500091723,00010,IT-3001,Ruggedized Laptop,2010,IT,335.16,EA,5468.77,1,1832912.95
4500091724,00010,SERV-6002,Cleaning Service Cycle,1020,SERV,56.82,EA,3336.03,1,189553.22
4500091725,00010,IT-3001,Ruggedized Laptop,1020,IT,103.96,EA,31.45,1,3269.54
4500091726,00010,SERV-6002,Cleaning Service Cycle,2010,SERV,232.69,EA,264.41,1,61525.56
4500091726,00020,IT-3002,Network Switch 24-port,2010,IT,145.78,EA,5880.36,1,857238.88
4500091726,00030,MRO-1001,Hydraulic Pump Assembly,1010,MRO,50.83,EA,5836.37,1,296662.69
4500091727,00010,IT-3002,Network Switch 24-port,1020,IT,48.85,EA,2882.15,1,140793.03
4500091727,00020,MRO-1001,Hydraulic Pump Assembly,1020,MRO,327.44,EA,7715.3,1,2526297.83
4500091728,00010,OFFC-4001,Printer Toner Cartridge,2010,OFFC,186.87,EA,5591.08,1,1044805.12
4500091728,00020,FUEL-2001,Jet A-1 Fuel,2010,FUEL,67.45,L,6349.6,1,428280.52
4500091729,00010,IT-3001,Ruggedized Laptop,1010,IT,175.57,EA,2182.69,1,383214.88
4500091729,00020,IT-3002,Network Switch 24-port,1020,IT,248.98,EA,3248.64,1,808846.39
4500091729,00030,IT-3001,Ruggedized Laptop,1010,IT,298.31,EA,392.85,1,117191.08
4500091730,00010,SPARE-5002,Brake Disc Assembly,2010,SPARE,223.22,EA,4355.52,1,972239.17
4500091730,00020,FUEL-2001,Jet A-1 Fuel,1020,FUEL,201.53,L,1783.97,1,359523.47
4500091731,00010,SERV-6002,Cleaning Service Cycle,1020,SERV,235.97,EA,6697.42,1,1580390.2
4500091732,00010,OFFC-4001,Printer Toner Cartridge,1020,OFFC,298.53,EA,1464.75,1,437271.82
4500091732,00020,OFFC-4001,Printer Toner Cartridge,1020,OFFC,282.2,EA,3554.78,1,1003158.92
4500091732,00030,SPARE-5002,Brake Disc Assembly,1010,SPARE,300.19,EA,7860.78,1,2359727.55
4500091733,00010,SPARE-5002,Brake Disc Assembly,1020,SPARE,206.43,EA,1159.51,1,239357.65
4500091733,00020,OFFC-4001,Printer Toner Cartridge,1010,OFFC,383.76,EA,5468.97,1,2098771.93
4500091733,00030,SPARE-5001,Turbine Blade Set,1020,SPARE,1.28,EA,4568.5,1,5847.68
4500091734,00010,MRO-1002,Landing Gear Bushing,2010,MRO,388.52,EA,1627.31,1,632242.48
4500091734,00020,SERV-6001,Ground Handling Labor Hr,1010,SERV,297.96,HR,3020.17,1,899889.85
4500091735,00010,SERV-6001,Ground Handling Labor Hr,2010,SERV,318.17,HR,7107.21,1,2261301.01
4500091735,00020,SERV-6002,Cleaning Service Cycle,1020,SERV,361.04,EA,76.12,1,27482.36
4500091736,00010,SPARE-5002,Brake Disc Assembly,1020,SPARE,53.46,EA,7252.78,1,387733.62
4500091736,00020,SPARE-5001,Turbine Blade Set,1010,SPARE,467.59,EA,7300.68,1,3413724.96
4500091737,00010,SERV-6001,Ground Handling Labor Hr,1020,SERV,326.33,HR,4377.86,1,1428627.05
4500091737,00020,IT-3001,Ruggedized Laptop,2010,IT,484.61,EA,3749.94,1,1817258.42
4500091737,00030,IT-3001,Ruggedized Laptop,2010,IT,26.52,EA,7276.75,1,192979.41
4500091737,00040,MRO-1001,Hydraulic Pump Assembly,1020,MRO,322.88,EA,3772.71,1,1218132.6
4500091738,00010,IT-3002,Network Switch 24-port,1010,IT,139.27,EA,6802.99,1,947452.42
4500091738,00020,SPARE-5002,Brake Disc Assembly,1010,SPARE,202.09,EA,7246.9,1,1464526.02
4500091738,00030,SPARE-5001,Turbine Blade Set,1020,SPARE,68.58,EA,5129.19,1,351759.85
4500091739,00010,MRO-1001,Hydraulic Pump Assembly,1010,MRO,468.4,EA,5874.33,1,2751536.17
4500091739,00020,OFFC-4001,Printer Toner Cartridge,1010,OFFC,290.29,EA,7358.43,1,2136078.64
4500091739,00030,SERV-6002,Cleaning Service Cycle,2010,SERV,258.35,EA,7639.34,1,1973623.49
4500091739,00040,SERV-6002,Cleaning Service Cycle,2010,SERV,370.65,EA,3707.25,1,1374092.21
4500091740,00010,OFFC-4001,Printer Toner Cartridge,2010,OFFC,208.9,EA,7890.05,1,1648231.45
4500091740,00020,MRO-1002,Landing Gear Bushing,1010,MRO,189.83,EA,4219.46,1,800980.09
4500091740,00030,IT-3002,Network Switch 24-port,2010,IT,338.92,EA,3920.67,1,1328793.48
4500091740,00040,IT-3001,Ruggedized Laptop,2010,IT,29.34,EA,3554.0,1,104274.36
4500091741,00010,MRO-1001,Hydraulic Pump Assembly,2010,MRO,321.32,EA,40.86,1,13129.14
4500091741,00020,SERV-6001,Ground Handling Labor Hr,1010,SERV,109.74,HR,4679.27,1,513503.09
4500091741,00030,IT-3001,Ruggedized Laptop,1020,IT,99.49,EA,5698.56,1,566949.73
4500091742,00010,FUEL-2001,Jet A-1 Fuel,1010,FUEL,112.88,L,6124.53,1,691336.95
4500091743,00010,OFFC-4001,Printer Toner Cartridge,1020,OFFC,404.62,EA,2292.25,1,927490.2
4500091743,00020,FUEL-2001,Jet A-1 Fuel,1010,FUEL,131.98,L,5525.98,1,729318.84
4500091743,00030,FUEL-2001,Jet A-1 Fuel,1020,FUEL,484.32,L,1980.42,1,959157.01
4500091744,00010,OFFC-4001,Printer Toner Cartridge,1010,OFFC,184.7,EA,5564.99,1,1027853.65
4500091744,00020,FUEL-2001,Jet A-1 Fuel,1020,FUEL,19.34,L,3300.36,1,63828.96
4500091744,00030,IT-3002,Network Switch 24-port,1020,IT,37.75,EA,3356.41,1,126704.48
4500091745,00010,SERV-6001,Ground Handling Labor Hr,2010,SERV,282.3,HR,7418.83,1,2094335.71
4500091746,00010,SPARE-5001,Turbine Blade Set,1010,SPARE,52.58,EA,1247.49,1,65593.02
4500091746,00020,SERV-6001,Ground Handling Labor Hr,2010,SERV,324.9,HR,5256.6,1,1707869.34
4500091746,00030,MRO-1001,Hydraulic Pump Assembly,1020,MRO,182.97,EA,2382.4,1,435907.73
4500091746,00040,SERV-6001,Ground Handling Labor Hr,1010,SERV,347.79,HR,2001.69,1,696167.77
4500091747,00010,FUEL-2001,Jet A-1 Fuel,1020,FUEL,484.79,L,1713.72,1,830794.32
4500091748,00010,SPARE-5002,Brake Disc Assembly,2010,SPARE,205.56,EA,7889.59,1,1621784.12
4500091748,00020,SERV-6002,Cleaning Service Cycle,1020,SERV,31.8,EA,5433.43,1,172783.07
4500091749,00010,SPARE-5001,Turbine Blade Set,1010,SPARE,445.01,EA,4511.19,1,2007524.66
4500091749,00020,FUEL-2001,Jet A-1 Fuel,1020,FUEL,75.68,L,4522.59,1,342269.61
4500091750,00010,SPARE-5002,Brake Disc Assembly,1020,SPARE,12.85,EA,5775.99,1,74221.47
4500091750,00020,MRO-1002,Landing Gear Bushing,2010,MRO,87.15,EA,465.42,1,40561.35
4500091750,00030,IT-3001,Ruggedized Laptop,1020,IT,127.17,EA,4900.58,1,623206.76
4500091750,00040,SPARE-5001,Turbine Blade Set,1010,SPARE,299.97,EA,7154.49,1,2146132.37
4500091751,00010,SERV-6002,Cleaning Service Cycle,2010,SERV,79.62,EA,7360.52,1,586044.6
4500091752,00010,FUEL-2001,Jet A-1 Fuel,1010,FUEL,87.49,L,3354.87,1,293517.58
4500091753,00010,SPARE-5002,Brake Disc Assembly,2010,SPARE,389.92,EA,2538.14,1,989671.55
4500091753,00020,SERV-6001,Ground Handling Labor Hr,2010,SERV,162.75,HR,5888.0,1,958272.0
4500091754,00010,FUEL-2001,Jet A-1 Fuel,2010,FUEL,346.79,L,4158.05,1,1441970.16
4500091754,00020,MRO-1001,Hydraulic Pump Assembly,1010,MRO,480.03,EA,7847.19,1,3766886.62
4500091755,00010,SERV-6001,Ground Handling Labor Hr,1020,SERV,290.22,HR,1116.09,1,323911.64
4500091755,00020,SPARE-5002,Brake Disc Assembly,1020,SPARE,204.77,EA,6760.25,1,1384296.39
4500091755,00030,MRO-1001,Hydraulic Pump Assembly,1020,MRO,323.72,EA,7091.21,1,2295566.5
4500091756,00010,IT-3001,Ruggedized Laptop,1020,IT,227.07,EA,3736.9,1,848537.88
4500091756,00020,SPARE-5002,Brake Disc Assembly,1020,SPARE,247.91,EA,7251.0,1,1797595.41
4500091756,00030,MRO-1001,Hydraulic Pump Assembly,2010,MRO,221.32,EA,6487.5,1,1435813.5
4500091756,00040,SERV-6002,Cleaning Service Cycle,1020,SERV,137.02,EA,2558.28,1,350535.53
4500091757,00010,SPARE-5001,Turbine Blade Set,1010,SPARE,261.7,EA,6368.61,1,1666665.24
4500091757,00020,SERV-6001,Ground Handling Labor Hr,1020,SERV,398.53,HR,1190.09,1,474286.57
4500091758,00010,MRO-1001,Hydraulic Pump Assembly,1010,MRO,171.46,EA,6928.18,1,1187905.74
4500091759,00010,IT-3001,Ruggedized Laptop,2010,IT,38.06,EA,6717.85,1,255681.37
4500091760,00010,MRO-1002,Landing Gear Bushing,1020,MRO,440.18,EA,6092.54,1,2681814.26
4500091760,00020,FUEL-2001,Jet A-1 Fuel,1020,FUEL,278.77,L,2900.49,1,808569.6
4500091761,00010,SERV-6001,Ground Handling Labor Hr,2010,SERV,10.84,HR,3531.14,1,38277.56
4500091761,00020,MRO-1002,Landing Gear Bushing,2010,MRO,236.17,EA,5543.27,1,1309154.08
4500091761,00030,SPARE-5001,Turbine Blade Set,1020,SPARE,243.46,EA,7189.33,1,1750314.28
4500091762,00010,IT-3002,Network Switch 24-port,2010,IT,113.82,EA,3408.7,1,387978.23
4500091763,00010,SPARE-5001,Turbine Blade Set,1010,SPARE,42.54,EA,448.59,1,19083.02
4500091763,00020,MRO-1002,Landing Gear Bushing,1010,MRO,18.46,EA,6632.84,1,122442.23
4500091763,00030,MRO-1001,Hydraulic Pump Assembly,1010,MRO,338.47,EA,426.95,1,144509.77
4500091764,00010,FUEL-2001,Jet A-1 Fuel,1020,FUEL,174.66,L,2326.7,1,406381.42
4500091765,00010,SERV-6002,Cleaning Service Cycle,2010,SERV,450.71,EA,3775.93,1,1701849.41
4500091765,00020,SERV-6002,Cleaning Service Cycle,2010,SERV,237.21,EA,5194.41,1,1232166.0
4500091766,00010,IT-3002,Network Switch 24-port,1010,IT,415.88,EA,1352.65,1,562540.08
4500091766,00020,SPARE-5001,Turbine Blade Set,2010,SPARE,331.89,EA,5450.05,1,1808817.09
4500091766,00030,IT-3002,Network Switch 24-port,1020,IT,334.81,EA,1342.79,1,449579.52
4500091767,00010,OFFC-4001,Printer Toner Cartridge,1010,OFFC,47.36,EA,7186.61,1,340357.85
4500091768,00010,SERV-6001,Ground Handling Labor Hr,1020,SERV,58.49,HR,5414.96,1,316721.01
4500091768,00020,MRO-1001,Hydraulic Pump Assembly,1020,MRO,418.9,EA,2575.44,1,1078851.82
4500091768,00030,MRO-1002,Landing Gear Bushing,2010,MRO,404.36,EA,3673.28,1,1485327.5
4500091768,00040,MRO-1001,Hydraulic Pump Assembly,2010,MRO,400.17,EA,4177.3,1,1671630.14
4500091769,00010,IT-3001,Ruggedized Laptop,2010,IT,478.05,EA,6379.77,1,3049849.05
4500091770,00010,OFFC-4001,Printer Toner Cartridge,2010,OFFC,14.38,EA,4945.28,1,71113.13
4500091770,00020,SPARE-5001,Turbine Blade Set,1010,SPARE,105.34,EA,2082.33,1,219352.64
4500091770,00030,OFFC-4001,Printer Toner Cartridge,2010,OFFC,73.53,EA,3542.15,1,260454.29
4500091771,00010,SPARE-5001,Turbine Blade Set,2010,SPARE,339.04,EA,7178.6,1,2433832.54
4500091771,00020,SERV-6001,Ground Handling Labor Hr,2010,SERV,334.49,HR,5820.63,1,1946942.53
4500091771,00030,IT-3001,Ruggedized Laptop,1020,IT,409.43,EA,629.47,1,257723.9
4500091772,00010,IT-3002,Network Switch 24-port,1010,IT,346.9,EA,6814.34,1,2363894.55
4500091772,00020,MRO-1001,Hydraulic Pump Assembly,1020,MRO,442.49,EA,1199.42,1,530731.36
4500091773,00010,IT-3002,Network Switch 24-port,2010,IT,273.78,EA,1328.44,1,363700.3
4500091773,00020,SERV-6001,Ground Handling Labor Hr,2010,SERV,435.0,HR,7419.3,1,3227395.5
4500091773,00030,MRO-1002,Landing Gear Bushing,1010,MRO,359.41,EA,1144.43,1,411319.59
4500091774,00010,MRO-1001,Hydraulic Pump Assembly,1020,MRO,148.05,EA,4679.32,1,692773.33
4500091774,00020,MRO-1002,Landing Gear Bushing,1020,MRO,241.41,EA,4390.19,1,1059835.77
4500091774,00030,SPARE-5002,Brake Disc Assembly,1010,SPARE,493.35,EA,7039.04,1,3472710.38
4500091774,00040,IT-3002,Network Switch 24-port,1020,IT,215.46,EA,3674.93,1,791800.42
4500091775,00010,SPARE-5002,Brake Disc Assembly,2010,SPARE,432.27,EA,6714.63,1,2902533.11
4500091775,00020,SERV-6001,Ground Handling Labor Hr,2010,SERV,259.72,HR,4956.9,1,1287406.07
4500091775,00030,SERV-6001,Ground Handling Labor Hr,1020,SERV,262.84,HR,7526.85,1,1978357.25
4500091775,00040,IT-3002,Network Switch 24-port,1020,IT,140.11,EA,4111.51,1,576063.67
4500091776,00010,SPARE-5001,Turbine Blade Set,2010,SPARE,497.37,EA,7337.17,1,3649288.24
4500091776,00020,OFFC-4001,Printer Toner Cartridge,2010,OFFC,481.32,EA,3491.01,1,1680292.93
4500091777,00010,MRO-1002,Landing Gear Bushing,2010,MRO,77.44,EA,2244.82,1,173838.86
4500091778,00010,MRO-1002,Landing Gear Bushing,1020,MRO,460.64,EA,577.85,1,266180.82
4500091778,00020,SPARE-5001,Turbine Blade Set,2010,SPARE,277.64,EA,3228.46,1,896349.63
4500091778,00030,FUEL-2001,Jet A-1 Fuel,1010,FUEL,350.91,L,1935.14,1,679059.98
4500091778,00040,SPARE-5002,Brake Disc Assembly,2010,SPARE,15.08,EA,3362.71,1,50709.67
4500091779,00010,FUEL-2001,Jet A-1 Fuel,1010,FUEL,225.31,L,7391.95,1,1665480.25
4500091779,00020,IT-3001,Ruggedized Laptop,2010,IT,27.38,EA,6699.23,1,183424.92
4500091780,00010,IT-3002,Network Switch 24-port,1020,IT,228.83,EA,6997.22,1,1601173.85
4500091780,00020,IT-3001,Ruggedized Laptop,1010,IT,430.93,EA,6402.41,1,2758990.54
4500091780,00030,FUEL-2001,Jet A-1 Fuel,2010,FUEL,313.15,L,1693.46,1,530307.0
4500091781,00010,OFFC-4001,Printer Toner Cartridge,2010,OFFC,348.78,EA,2404.49,1,838638.02
4500091782,00010,OFFC-4001,Printer Toner Cartridge,2010,OFFC,354.62,EA,2385.69,1,846013.39
4500091782,00020,MRO-1001,Hydraulic Pump Assembly,2010,MRO,83.46,EA,6839.02,1,570784.61
4500091782,00030,SERV-6001,Ground Handling Labor Hr,1010,SERV,88.83,HR,1133.29,1,100670.15
4500091782,00040,SERV-6001,Ground Handling Labor Hr,2010,SERV,352.74,HR,3062.18,1,1080153.37
4500091783,00010,SPARE-5002,Brake Disc Assembly,1010,SPARE,441.83,EA,2640.14,1,1166493.06
4500091783,00020,IT-3001,Ruggedized Laptop,2010,IT,40.54,EA,1777.35,1,72053.77
4500091783,00030,FUEL-2001,Jet A-1 Fuel,1020,FUEL,407.43,L,4332.34,1,1765125.29
4500091784,00010,SERV-6001,Ground Handling Labor Hr,1020,SERV,218.8,HR,2357.98,1,515926.02
4500091784,00020,SPARE-5002,Brake Disc Assembly,2010,SPARE,273.02,EA,1106.75,1,302164.88
4500091784,00030,OFFC-4001,Printer Toner Cartridge,1020,OFFC,93.89,EA,1169.32,1,109787.45
4500091784,00040,SPARE-5001,Turbine Blade Set,1010,SPARE,490.8,EA,5784.55,1,2839057.14
4500091785,00010,SPARE-5001,Turbine Blade Set,1010,SPARE,91.82,EA,4304.81,1,395267.65
4500091786,00010,FUEL-2001,Jet A-1 Fuel,1020,FUEL,97.25,L,5209.99,1,506671.53
4500091786,00020,SPARE-5002,Brake Disc Assembly,1010,SPARE,322.51,EA,6141.49,1,1980691.94
4500091786,00030,IT-3002,Network Switch 24-port,1020,IT,165.97,EA,2730.46,1,453174.45
4500091786,00040,SERV-6002,Cleaning Service Cycle,1010,SERV,235.44,EA,505.95,1,119120.87
4500091787,00010,MRO-1001,Hydraulic Pump Assembly,1020,MRO,156.77,EA,1322.47,1,207323.62
4500091787,00020,MRO-1001,Hydraulic Pump Assembly,1020,MRO,381.89,EA,7768.25,1,2966616.99
4500091787,00030,OFFC-4001,Printer Toner Cartridge,2010,OFFC,169.54,EA,7267.77,1,1232177.73
4500091787,00040,SERV-6002,Cleaning Service Cycle,1010,SERV,363.5,EA,5608.86,1,2038820.61
4500091788,00010,SPARE-5002,Brake Disc Assembly,1010,SPARE,485.56,EA,4308.75,1,2092156.65
4500091788,00020,OFFC-4001,Printer Toner Cartridge,1020,OFFC,394.57,EA,3382.18,1,1334506.76
4500091788,00030,SPARE-5001,Turbine Blade Set,2010,SPARE,434.85,EA,3692.67,1,1605757.55
4500091788,00040,SPARE-5001,Turbine Blade Set,1020,SPARE,420.86,EA,7892.23,1,3321523.92
4500091789,00010,IT-3001,Ruggedized Laptop,2010,IT,104.41,EA,5699.17,1,595050.34
4500091789,00020,MRO-1002,Landing Gear Bushing,2010,MRO,482.46,EA,1321.02,1,637339.31
4500091789,00030,SERV-6002,Cleaning Service Cycle,2010,SERV,165.82,EA,4286.58,1,710800.7
4500091789,00040,SPARE-5002,Brake Disc Assembly,1020,SPARE,15.47,EA,5280.7,1,81692.43
4500091790,00010,SPARE-5001,Turbine Blade Set,1010,SPARE,138.02,EA,3915.75,1,540451.82
4500091790,00020,SERV-6001,Ground Handling Labor Hr,1010,SERV,297.73,HR,1666.51,1,496170.02
4500091791,00010,SPARE-5001,Turbine Blade Set,1020,SPARE,72.75,EA,1806.29,1,131407.6
4500091792,00010,OFFC-4001,Printer Toner Cartridge,1020,OFFC,409.49,EA,1669.51,1,683647.65
4500091793,00010,FUEL-2001,Jet A-1 Fuel,1020,FUEL,256.24,L,3697.24,1,947380.78
4500091793,00020,SPARE-5001,Turbine Blade Set,2010,SPARE,183.54,EA,3463.32,1,635657.75
4500091793,00030,OFFC-4001,Printer Toner Cartridge,2010,OFFC,231.88,EA,7333.82,1,1700566.18
4500091793,00040,IT-3002,Network Switch 24-port,2010,IT,177.37,EA,3967.21,1,703664.04
4500091794,00010,SPARE-5001,Turbine Blade Set,1010,SPARE,67.87,EA,5686.39,1,385935.29
4500091794,00020,SPARE-5002,Brake Disc Assembly,1020,SPARE,58.25,EA,4121.29,1,240065.14
4500091795,00010,OFFC-4001,Printer Toner Cartridge,1020,OFFC,72.56,EA,7465.57,1,541701.76
4500091795,00020,SERV-6001,Ground Handling Labor Hr,1010,SERV,322.97,HR,4014.98,1,1296718.09
4500091796,00010,SPARE-5002,Brake Disc Assembly,1010,SPARE,148.4,EA,2380.9,1,353325.56
4500091796,00020,MRO-1001,Hydraulic Pump Assembly,2010,MRO,402.11,EA,342.07,1,137549.77
4500091796,00030,FUEL-2001,Jet A-1 Fuel,2010,FUEL,237.32,L,3098.02,1,735222.11
4500091797,00010,OFFC-4001,Printer Toner Cartridge,2010,OFFC,341.92,EA,1950.94,1,667065.4
4500091797,00020,MRO-1002,Landing Gear Bushing,1020,MRO,393.1,EA,5907.86,1,2322379.77
4500091798,00010,MRO-1001,Hydraulic Pump Assembly,2010,MRO,288.36,EA,740.23,1,213452.72
4500091798,00020,MRO-1002,Landing Gear Bushing,1020,MRO,411.55,EA,7211.4,1,2967851.67
4500091798,00030,FUEL-2001,Jet A-1 Fuel,2010,FUEL,177.44,L,4581.96,1,813022.98
4500091799,00010,FUEL-2001,Jet A-1 Fuel,1010,FUEL,400.44,L,5250.15,1,2102370.07
4500091800,00010,IT-3001,Ruggedized Laptop,1020,IT,131.73,EA,4028.67,1,530696.7
4500091800,00020,SPARE-5002,Brake Disc Assembly,2010,SPARE,35.26,EA,1730.43,1,61014.96
4500091800,00030,SERV-6002,Cleaning Service Cycle,1020,SERV,216.77,EA,1423.69,1,308613.28
4500091801,00010,MRO-1002,Landing Gear Bushing,1010,MRO,384.23,EA,1222.88,1,469867.18
4500091801,00020,SERV-6002,Cleaning Service Cycle,1010,SERV,44.07,EA,5572.53,1,245581.4
4500091802,00010,FUEL-2001,Jet A-1 Fuel,1010,FUEL,309.42,L,7607.29,1,2353847.67
4500091803,00010,OFFC-4001,Printer Toner Cartridge,2010,OFFC,79.73,EA,953.8,1,76046.47
4500091803,00020,MRO-1002,Landing Gear Bushing,1010,MRO,338.37,EA,6953.5,1,2352855.79
4500091803,00030,SERV-6001,Ground Handling Labor Hr,1010,SERV,77.89,HR,5372.2,1,418440.66
4500091804,00010,SPARE-5001,Turbine Blade Set,1020,SPARE,440.62,EA,5015.76,1,2210044.17
4500091804,00020,MRO-1001,Hydraulic Pump Assembly,2010,MRO,495.86,EA,7790.92,1,3863205.59
4500091805,00010,SERV-6002,Cleaning Service Cycle,1020,SERV,58.46,EA,4059.3,1,237306.68
4500091806,00010,MRO-1001,Hydraulic Pump Assembly,1020,MRO,381.96,EA,7889.1,1,3013320.64
4500091806,00020,IT-3002,Network Switch 24-port,1020,IT,296.62,EA,3450.26,1,1023416.12
4500091807,00010,OFFC-4001,Printer Toner Cartridge,2010,OFFC,375.81,EA,1244.9,1,467845.87
4500091807,00020,SPARE-5002,Brake Disc Assembly,1020,SPARE,76.86,EA,620.43,1,47686.25
4500091807,00030,IT-3001,Ruggedized Laptop,1010,IT,59.72,EA,228.26,1,13631.69
4500091807,00040,SPARE-5002,Brake Disc Assembly,1010,SPARE,479.88,EA,4040.55,1,1938979.13
4500091808,00010,IT-3001,Ruggedized Laptop,1020,IT,380.09,EA,4595.18,1,1746581.97
4500091809,00010,SERV-6002,Cleaning Service Cycle,2010,SERV,304.16,EA,3232.7,1,983258.03
4500091809,00020,SPARE-5001,Turbine Blade Set,2010,SPARE,199.21,EA,4844.68,1,965108.7
4500091809,00030,FUEL-2001,Jet A-1 Fuel,2010,FUEL,493.42,L,1997.59,1,985650.86
4500091810,00010,SERV-6002,Cleaning Service Cycle,1020,SERV,248.24,EA,7306.31,1,1813718.39
4500091811,00010,IT-3001,Ruggedized Laptop,1020,IT,422.35,EA,6396.67,1,2701633.57
4500091811,00020,OFFC-4001,Printer Toner Cartridge,1020,OFFC,444.89,EA,6230.96,1,2772091.79
4500091811,00030,IT-3002,Network Switch 24-port,2010,IT,440.96,EA,4342.86,1,1915027.55
4500091812,00010,SERV-6002,Cleaning Service Cycle,1020,SERV,246.95,EA,1154.28,1,285049.45
4500091813,00010,OFFC-4001,Printer Toner Cartridge,2010,OFFC,499.47,EA,918.31,1,458668.3
4500091813,00020,MRO-1002,Landing Gear Bushing,1010,MRO,447.19,EA,7639.43,1,3416276.7
4500091813,00030,IT-3001,Ruggedized Laptop,1010,IT,459.75,EA,4164.65,1,1914697.84
4500091814,00010,FUEL-2001,Jet A-1 Fuel,1010,FUEL,476.47,L,4264.47,1,2031892.02
4500091814,00020,IT-3002,Network Switch 24-port,1020,IT,347.73,EA,3301.33,1,1147971.48
4500091815,00010,IT-3002,Network Switch 24-port,1010,IT,50.03,EA,1862.49,1,93180.37
4500091815,00020,FUEL-2001,Jet A-1 Fuel,1020,FUEL,20.26,L,1839.32,1,37264.62
4500091815,00030,OFFC-4001,Printer Toner Cartridge,1020,OFFC,173.26,EA,1365.88,1,236652.37
4500091815,00040,SPARE-5002,Brake Disc Assembly,1020,SPARE,200.42,EA,992.19,1,198854.72
4500091816,00010,MRO-1002,Landing Gear Bushing,1010,MRO,185.57,EA,1442.54,1,267692.15
4500091816,00020,IT-3002,Network Switch 24-port,1010,IT,355.96,EA,5630.32,1,2004168.71
4500091816,00030,MRO-1002,Landing Gear Bushing,1010,MRO,207.62,EA,3062.05,1,635742.82
4500091817,00010,MRO-1001,Hydraulic Pump Assembly,2010,MRO,391.56,EA,2746.73,1,1075509.6
4500091817,00020,IT-3002,Network Switch 24-port,1020,IT,190.16,EA,2818.06,1,535882.29
4500091817,00030,FUEL-2001,Jet A-1 Fuel,1010,FUEL,371.02,L,4016.19,1,1490086.81
4500091817,00040,SPARE-5001,Turbine Blade Set,1010,SPARE,253.77,EA,2058.79,1,522459.14
4500091818,00010,IT-3002,Network Switch 24-port,1020,IT,495.95,EA,6783.84,1,3364445.45
4500091818,00020,SPARE-5001,Turbine Blade Set,1010,SPARE,394.18,EA,248.72,1,98040.45
4500091818,00030,MRO-1001,Hydraulic Pump Assembly,1020,MRO,425.76,EA,759.87,1,323522.25
4500091819,00010,IT-3002,Network Switch 24-port,2010,IT,343.81,EA,5529.92,1,1901241.8
4500091819,00020,SPARE-5002,Brake Disc Assembly,1020,SPARE,372.13,EA,6427.31,1,2391794.87
4500091819,00030,SERV-6001,Ground Handling Labor Hr,1010,SERV,116.65,HR,2953.85,1,344566.6
4500091819,00040,SERV-6002,Cleaning Service Cycle,1020,SERV,163.1,EA,5439.86,1,887241.17
4500091820,00010,SERV-6001,Ground Handling Labor Hr,2010,SERV,57.64,HR,1528.03,1,88075.65
4500091821,00010,SPARE-5002,Brake Disc Assembly,2010,SPARE,406.66,EA,290.73,1,118228.26
4500091821,00020,SPARE-5001,Turbine Blade Set,2010,SPARE,87.19,EA,3906.37,1,340596.4
4500091822,00010,IT-3002,Network Switch 24-port,1020,IT,143.26,EA,5995.8,1,858958.31
4500091822,00020,SERV-6002,Cleaning Service Cycle,1010,SERV,165.32,EA,1122.74,1,185611.38
4500091822,00030,SPARE-5002,Brake Disc Assembly,1020,SPARE,421.44,EA,5591.35,1,2356418.54
4500091823,00010,MRO-1002,Landing Gear Bushing,2010,MRO,208.04,EA,7443.14,1,1548470.85
4500091824,00010,OFFC-4001,Printer Toner Cartridge,2010,OFFC,292.95,EA,1889.19,1,553438.21
4500091824,00020,MRO-1002,Landing Gear Bushing,2010,MRO,408.24,EA,5698.56,1,2326380.13
4500091824,00030,IT-3001,Ruggedized Laptop,2010,IT,411.83,EA,3392.05,1,1396947.95
4500091825,00010,MRO-1001,Hydraulic Pump Assembly,1010,MRO,233.1,EA,7728.33,1,1801473.72
4500091825,00020,FUEL-2001,Jet A-1 Fuel,2010,FUEL,341.86,L,4991.24,1,1706305.31
4500091825,00030,OFFC-4001,Printer Toner Cartridge,2010,OFFC,224.79,EA,7617.27,1,1712286.12
4500091825,00040,IT-3001,Ruggedized Laptop,2010,IT,21.44,EA,2179.26,1,46723.33
4500091826,00010,OFFC-4001,Printer Toner Cartridge,2010,OFFC,387.16,EA,6301.66,1,2439750.69
4500091826,00020,IT-3001,Ruggedized Laptop,2010,IT,320.31,EA,3877.48,1,1241995.62
4500091826,00030,SERV-6001,Ground Handling Labor Hr,1020,SERV,405.03,HR,5709.28,1,2312429.68
4500091827,00010,OFFC-4001,Printer Toner Cartridge,2010,OFFC,189.8,EA,5104.97,1,968923.31
4500091827,00020,SPARE-5002,Brake Disc Assembly,2010,SPARE,48.83,EA,680.65,1,33236.14
4500091827,00030,SERV-6001,Ground Handling Labor Hr,1010,SERV,65.82,HR,5835.5,1,384092.61
4500091827,00040,SERV-6001,Ground Handling Labor Hr,1010,SERV,432.79,HR,7681.87,1,3324636.52
4500091828,00010,SPARE-5001,Turbine Blade Set,1020,SPARE,60.51,EA,2419.56,1,146407.58
4500091829,00010,SERV-6002,Cleaning Service Cycle,1010,SERV,229.28,EA,6405.95,1,1468756.22
4500091830,00010,IT-3002,Network Switch 24-port,2010,IT,280.22,EA,6713.48,1,1881251.37
4500091830,00020,SPARE-5002,Brake Disc Assembly,2010,SPARE,229.79,EA,470.92,1,108212.71
4500091830,00030,SERV-6001,Ground Handling Labor Hr,1020,SERV,443.79,HR,5067.53,1,2248919.14
4500091830,00040,IT-3001,Ruggedized Laptop,1010,IT,87.12,EA,7452.74,1,649282.71
4500091831,00010,SERV-6002,Cleaning Service Cycle,1020,SERV,485.82,EA,502.01,1,243886.5
4500091831,00020,SPARE-5001,Turbine Blade Set,2010,SPARE,206.56,EA,175.84,1,36321.51
4500091831,00030,SPARE-5001,Turbine Blade Set,1010,SPARE,180.93,EA,5757.02,1,1041617.63
4500091831,00040,SERV-6001,Ground Handling Labor Hr,2010,SERV,496.38,HR,6634.98,1,3293471.37
4500091832,00010,MRO-1001,Hydraulic Pump Assembly,2010,MRO,414.73,EA,1527.52,1,633508.37
4500091833,00010,SERV-6001,Ground Handling Labor Hr,2010,SERV,388.58,HR,4231.28,1,1644190.78
4500091833,00020,SPARE-5001,Turbine Blade Set,1020,SPARE,459.61,EA,5646.29,1,2595091.35
4500091833,00030,SERV-6002,Cleaning Service Cycle,2010,SERV,113.17,EA,311.94,1,35302.25
4500091833,00040,MRO-1001,Hydraulic Pump Assembly,2010,MRO,285.75,EA,7116.63,1,2033577.02
4500091834,00010,SPARE-5001,Turbine Blade Set,1020,SPARE,467.0,EA,1424.5,1,665241.5
4500091834,00020,OFFC-4001,Printer Toner Cartridge,1020,OFFC,30.57,EA,3808.68,1,116431.35
4500091834,00030,IT-3002,Network Switch 24-port,1020,IT,406.22,EA,3171.84,1,1288464.84
4500091834,00040,FUEL-2001,Jet A-1 Fuel,2010,FUEL,214.11,L,3173.43,1,679463.1
4500091835,00010,SPARE-5002,Brake Disc Assembly,1010,SPARE,289.12,EA,47.87,1,13840.17
4500091835,00020,IT-3001,Ruggedized Laptop,1010,IT,154.36,EA,6122.42,1,945056.75
4500091835,00030,MRO-1001,Hydraulic Pump Assembly,1020,MRO,93.77,EA,7800.25,1,731429.44
4500091835,00040,SERV-6002,Cleaning Service Cycle,1010,SERV,495.86,EA,1821.63,1,903273.45
4500091836,00010,IT-3001,Ruggedized Laptop,1010,IT,6.04,EA,7285.95,1,44007.14
4500091836,00020,SPARE-5002,Brake Disc Assembly,1010,SPARE,376.99,EA,6563.74,1,2474464.34
4500091837,00010,FUEL-2001,Jet A-1 Fuel,1020,FUEL,136.61,L,3209.7,1,438477.12
4500091837,00020,OFFC-4001,Printer Toner Cartridge,2010,OFFC,61.96,EA,2753.93,1,170633.5
4500091838,00010,SPARE-5001,Turbine Blade Set,2010,SPARE,361.94,EA,6141.21,1,2222749.55
4500091838,00020,IT-3001,Ruggedized Laptop,1010,IT,97.87,EA,3950.68,1,386653.05
4500091839,00010,FUEL-2001,Jet A-1 Fuel,1010,FUEL,447.71,L,6666.54,1,2984676.62
4500091839,00020,SPARE-5002,Brake Disc Assembly,2010,SPARE,337.41,EA,1506.18,1,508200.19
4500091839,00030,IT-3001,Ruggedized Laptop,1010,IT,51.9,EA,1879.96,1,97569.92
4500091839,00040,SPARE-5002,Brake Disc Assembly,2010,SPARE,412.45,EA,5872.13,1,2421960.02
4500091840,00010,MRO-1001,Hydraulic Pump Assembly,1020,MRO,103.0,EA,3577.25,1,368456.75
4500091840,00020,IT-3001,Ruggedized Laptop,1010,IT,96.35,EA,7097.38,1,683832.56
4500091840,00030,MRO-1002,Landing Gear Bushing,2010,MRO,316.5,EA,4308.5,1,1363640.25
4500091841,00010,SERV-6001,Ground Handling Labor Hr,1020,SERV,313.34,HR,120.88,1,37876.54
4500091841,00020,IT-3001,Ruggedized Laptop,2010,IT,220.5,EA,4747.69,1,1046865.64
4500091841,00030,OFFC-4001,Printer Toner Cartridge,1010,OFFC,376.62,EA,5502.92,1,2072509.73
4500091841,00040,SPARE-5002,Brake Disc Assembly,1020,SPARE,474.79,EA,4579.51,1,2174305.55
4500091842,00010,IT-3002,Network Switch 24-port,1010,IT,364.23,EA,5535.46,1,2016180.6
4500091842,00020,OFFC-4001,Printer Toner Cartridge,1010,OFFC,245.24,EA,5579.89,1,1368412.22
4500091842,00030,SPARE-5002,Brake Disc Assembly,1020,SPARE,310.74,EA,1275.59,1,396376.84
4500091843,00010,SERV-6002,Cleaning Service Cycle,1010,SERV,102.88,EA,5812.11,1,597949.88
4500091843,00020,SERV-6001,Ground Handling Labor Hr,2010,SERV,496.03,HR,1722.81,1,854565.44
4500091843,00030,MRO-1001,Hydraulic Pump Assembly,2010,MRO,111.25,EA,3665.38,1,407773.53
4500091844,00010,IT-3001,Ruggedized Laptop,1020,IT,83.33,EA,4759.03,1,396569.97
4500091845,00010,OFFC-4001,Printer Toner Cartridge,2010,OFFC,6.83,EA,3498.58,1,23895.3
4500091845,00020,SERV-6001,Ground Handling Labor Hr,1010,SERV,202.99,HR,5375.33,1,1091138.24
4500091846,00010,IT-3002,Network Switch 24-port,2010,IT,414.59,EA,4624.51,1,1917275.6
4500091847,00010,SERV-6001,Ground Handling Labor Hr,1020,SERV,168.14,HR,2497.15,1,419870.8
4500091847,00020,SPARE-5001,Turbine Blade Set,1020,SPARE,85.28,EA,843.24,1,71911.51
4500091848,00010,SERV-6002,Cleaning Service Cycle,2010,SERV,302.25,EA,4928.39,1,1489605.88
4500091848,00020,IT-3002,Network Switch 24-port,1020,IT,4.6,EA,4459.52,1,20513.79
4500091849,00010,MRO-1001,Hydraulic Pump Assembly,1010,MRO,257.26,EA,1753.26,1,451043.67
4500091849,00020,FUEL-2001,Jet A-1 Fuel,2010,FUEL,369.43,L,746.5,1,275779.49
4500091849,00030,FUEL-2001,Jet A-1 Fuel,1010,FUEL,368.41,L,7560.37,1,2785315.91
4500091849,00040,SPARE-5001,Turbine Blade Set,2010,SPARE,336.07,EA,1787.15,1,600607.5
4500091850,00010,IT-3001,Ruggedized Laptop,1020,IT,143.26,EA,4049.84,1,580180.08
4500091850,00020,SERV-6002,Cleaning Service Cycle,1020,SERV,107.7,EA,7837.91,1,844142.91
4500091851,00010,SERV-6001,Ground Handling Labor Hr,2010,SERV,260.18,HR,3182.72,1,828080.09
4500091851,00020,MRO-1001,Hydraulic Pump Assembly,2010,MRO,374.15,EA,1678.82,1,628130.5
4500091851,00030,FUEL-2001,Jet A-1 Fuel,1020,FUEL,207.26,L,2447.57,1,507283.36
4500091852,00010,IT-3002,Network Switch 24-port,1010,IT,46.59,EA,7933.92,1,369641.33
4500091852,00020,SERV-6002,Cleaning Service Cycle,1020,SERV,335.78,EA,4803.77,1,1613009.89
4500091852,00030,MRO-1002,Landing Gear Bushing,2010,MRO,459.31,EA,2355.23,1,1081780.69
4500091853,00010,IT-3001,Ruggedized Laptop,2010,IT,358.17,EA,3359.37,1,1203225.55
4500091853,00020,IT-3002,Network Switch 24-port,1010,IT,128.22,EA,3960.19,1,507775.56
4500091853,00030,IT-3001,Ruggedized Laptop,1010,IT,270.24,EA,6149.55,1,1661854.39
4500091853,00040,OFFC-4001,Printer Toner Cartridge,1010,OFFC,66.25,EA,7548.21,1,500068.91
4500091854,00010,SERV-6001,Ground Handling Labor Hr,1020,SERV,399.62,HR,2437.48,1,974065.76
4500091854,00020,SPARE-5002,Brake Disc Assembly,2010,SPARE,46.19,EA,4238.75,1,195787.86
4500091854,00030,SERV-6001,Ground Handling Labor Hr,1010,SERV,118.96,HR,3571.58,1,424875.16
4500091854,00040,IT-3002,Network Switch 24-port,1020,IT,178.03,EA,4857.72,1,864819.89
4500091855,00010,FUEL-2001,Jet A-1 Fuel,2010,FUEL,120.63,L,4101.8,1,494800.13
4500091856,00010,IT-3001,Ruggedized Laptop,1020,IT,149.79,EA,7001.43,1,1048744.2
4500091856,00020,IT-3002,Network Switch 24-port,1010,IT,264.67,EA,4767.02,1,1261687.18
4500091856,00030,MRO-1002,Landing Gear Bushing,1020,MRO,94.15,EA,834.94,1,78609.6
4500091857,00010,OFFC-4001,Printer Toner Cartridge,1020,OFFC,434.02,EA,3368.47,1,1461983.35
4500091857,00020,SPARE-5001,Turbine Blade Set,2010,SPARE,214.16,EA,7239.59,1,1550430.59
4500091858,00010,SPARE-5001,Turbine Blade Set,2010,SPARE,367.59,EA,4671.05,1,1717031.27
4500091858,00020,MRO-1002,Landing Gear Bushing,1010,MRO,213.59,EA,1506.38,1,321747.7
4500091858,00030,OFFC-4001,Printer Toner Cartridge,2010,OFFC,23.1,EA,6041.38,1,139555.88
4500091858,00040,SERV-6002,Cleaning Service Cycle,1020,SERV,408.26,EA,3252.38,1,1327816.66
4500091859,00010,OFFC-4001,Printer Toner Cartridge,1010,OFFC,261.05,EA,1788.45,1,466874.87
4500091860,00010,OFFC-4001,Printer Toner Cartridge,1010,OFFC,374.85,EA,6136.03,1,2300090.85
4500091860,00020,FUEL-2001,Jet A-1 Fuel,1020,FUEL,293.47,L,6287.53,1,1845201.43
4500091860,00030,IT-3001,Ruggedized Laptop,1010,IT,395.12,EA,112.26,1,44356.17
4500091861,00010,SERV-6001,Ground Handling Labor Hr,2010,SERV,28.34,HR,5986.44,1,169655.71
4500091861,00020,MRO-1002,Landing Gear Bushing,2010,MRO,299.27,EA,4868.53,1,1457004.97
4500091861,00030,MRO-1002,Landing Gear Bushing,2010,MRO,95.66,EA,3221.35,1,308154.34
4500091862,00010,SERV-6001,Ground Handling Labor Hr,2010,SERV,219.57,HR,4023.3,1,883395.98
4500091862,00020,SPARE-5002,Brake Disc Assembly,1010,SPARE,39.32,EA,82.14,1,3229.74
4500091862,00030,IT-3002,Network Switch 24-port,1010,IT,305.55,EA,1197.87,1,366009.18
4500091862,00040,FUEL-2001,Jet A-1 Fuel,2010,FUEL,375.86,L,7582.85,1,2850090.0
4500091863,00010,IT-3001,Ruggedized Laptop,1010,IT,406.58,EA,612.32,1,248957.07
4500091863,00020,IT-3002,Network Switch 24-port,1010,IT,288.67,EA,1322.28,1,381702.57
4500091864,00010,SPARE-5002,Brake Disc Assembly,1020,SPARE,182.24,EA,4454.26,1,811744.34
4500091864,00020,FUEL-2001,Jet A-1 Fuel,1010,FUEL,358.46,L,2054.0,1,736276.84
4500091864,00030,SPARE-5001,Turbine Blade Set,1010,SPARE,200.31,EA,564.98,1,113171.14
4500091864,00040,SPARE-5001,Turbine Blade Set,2010,SPARE,394.71,EA,5930.44,1,2340803.97
4500091865,00010,SPARE-5002,Brake Disc Assembly,1010,SPARE,337.21,EA,1360.79,1,458872.0
4500091865,00020,SERV-6001,Ground Handling Labor Hr,1010,SERV,216.38,HR,6655.07,1,1440024.05
4500091865,00030,SERV-6001,Ground Handling Labor Hr,2010,SERV,41.85,HR,989.08,1,41393.0
4500091866,00010,OFFC-4001,Printer Toner Cartridge,2010,OFFC,179.23,EA,7001.04,1,1254796.4
4500091866,00020,SPARE-5002,Brake Disc Assembly,1010,SPARE,290.82,EA,7323.9,1,2129936.6
4500091867,00010,MRO-1001,Hydraulic Pump Assembly,2010,MRO,440.86,EA,5637.06,1,2485154.27
4500091868,00010,FUEL-2001,Jet A-1 Fuel,1010,FUEL,45.44,L,1145.03,1,52030.16
4500091868,00020,IT-3001,Ruggedized Laptop,1010,IT,396.51,EA,66.97,1,26554.27
4500091868,00030,SPARE-5001,Turbine Blade Set,2010,SPARE,393.23,EA,6212.27,1,2442850.93
4500091869,00010,MRO-1002,Landing Gear Bushing,2010,MRO,129.07,EA,6439.45,1,831139.81
4500091869,00020,IT-3001,Ruggedized Laptop,1020,IT,137.31,EA,4520.11,1,620656.3
4500091869,00030,IT-3002,Network Switch 24-port,1020,IT,283.45,EA,2832.13,1,802767.25
4500091869,00040,MRO-1001,Hydraulic Pump Assembly,2010,MRO,295.72,EA,6496.21,1,1921059.22
4500091870,00010,SPARE-5001,Turbine Blade Set,2010,SPARE,297.47,EA,1779.1,1,529228.88
4500091870,00020,SERV-6001,Ground Handling Labor Hr,2010,SERV,457.36,HR,2800.13,1,1280667.46
4500091870,00030,MRO-1001,Hydraulic Pump Assembly,1020,MRO,244.07,EA,1150.44,1,280787.89
4500091870,00040,MRO-1002,Landing Gear Bushing,2010,MRO,153.22,EA,5327.94,1,816346.97
4500091871,00010,IT-3001,Ruggedized Laptop,1020,IT,337.57,EA,5024.26,1,1696039.45
4500091871,00020,SPARE-5002,Brake Disc Assembly,1010,SPARE,203.71,EA,3136.46,1,638928.27
4500091871,00030,SERV-6002,Cleaning Service Cycle,1010,SERV,403.4,EA,1578.1,1,636605.54
4500091872,00010,SERV-6001,Ground Handling Labor Hr,1010,SERV,160.76,HR,7254.96,1,1166307.37
4500091872,00020,SPARE-5001,Turbine Blade Set,1020,SPARE,65.61,EA,6456.97,1,423641.8
4500091872,00030,MRO-1002,Landing Gear Bushing,1010,MRO,61.36,EA,3134.03,1,192304.08
4500091872,00040,SERV-6001,Ground Handling Labor Hr,1010,SERV,200.11,HR,82.87,1,16583.12
4500091873,00010,MRO-1001,Hydraulic Pump Assembly,1010,MRO,63.34,EA,2969.23,1,188071.03
4500091873,00020,SPARE-5002,Brake Disc Assembly,1020,SPARE,373.26,EA,6575.73,1,2454456.98
4500091873,00030,MRO-1001,Hydraulic Pump Assembly,1020,MRO,79.91,EA,7176.83,1,573500.49
4500091873,00040,FUEL-2001,Jet A-1 Fuel,1010,FUEL,103.93,L,5740.05,1,596563.4
4500091874,00010,MRO-1001,Hydraulic Pump Assembly,2010,MRO,1.34,EA,2581.81,1,3459.63
4500091874,00020,SERV-6002,Cleaning Service Cycle,1010,SERV,155.14,EA,3136.02,1,486522.14
4500091874,00030,SPARE-5002,Brake Disc Assembly,1010,SPARE,90.7,EA,2908.48,1,263799.14
4500091874,00040,OFFC-4001,Printer Toner Cartridge,1020,OFFC,386.58,EA,85.87,1,33195.62
4500091875,00010,OFFC-4001,Printer Toner Cartridge,2010,OFFC,459.35,EA,152.93,1,70248.4
4500091875,00020,SERV-6002,Cleaning Service Cycle,1010,SERV,115.74,EA,5317.78,1,615479.86
4500091875,00030,FUEL-2001,Jet A-1 Fuel,1010,FUEL,64.31,L,5748.27,1,369671.24
4500091876,00010,IT-3002,Network Switch 24-port,1010,IT,454.48,EA,5132.59,1,2332659.5
4500091877,00010,SPARE-5002,Brake Disc Assembly,2010,SPARE,296.28,EA,4361.05,1,1292091.89
4500091877,00020,IT-3002,Network Switch 24-port,1010,IT,23.52,EA,1205.73,1,28358.77
4500091877,00030,SPARE-5001,Turbine Blade Set,1010,SPARE,465.35,EA,1195.23,1,556200.28
4500091877,00040,IT-3001,Ruggedized Laptop,2010,IT,246.55,EA,7523.77,1,1854985.49
4500091878,00010,IT-3002,Network Switch 24-port,1020,IT,82.15,EA,3279.03,1,269372.31
4500091878,00020,SERV-6001,Ground Handling Labor Hr,1020,SERV,386.41,HR,6043.47,1,2335257.24
4500091879,00010,FUEL-2001,Jet A-1 Fuel,1020,FUEL,209.09,L,6142.61,1,1284358.32
4500091879,00020,SERV-6001,Ground Handling Labor Hr,1010,SERV,261.82,HR,4274.83,1,1119235.99
4500091879,00030,SPARE-5002,Brake Disc Assembly,1020,SPARE,412.16,EA,1209.77,1,498618.8
4500091880,00010,SPARE-5002,Brake Disc Assembly,1010,SPARE,485.03,EA,5442.92,1,2639979.49
4500091881,00010,SERV-6001,Ground Handling Labor Hr,1020,SERV,368.37,HR,1509.77,1,556153.97
4500091881,00020,FUEL-2001,Jet A-1 Fuel,1020,FUEL,4.55,L,2110.73,1,9603.82
4500091882,00010,OFFC-4001,Printer Toner Cartridge,1020,OFFC,353.68,EA,6625.81,1,2343416.48
4500091882,00020,MRO-1002,Landing Gear Bushing,2010,MRO,361.76,EA,1052.47,1,380741.55
4500091882,00030,SPARE-5002,Brake Disc Assembly,1010,SPARE,157.39,EA,596.6,1,93898.87
4500091883,00010,FUEL-2001,Jet A-1 Fuel,1020,FUEL,48.55,L,5245.62,1,254674.85
4500091883,00020,IT-3002,Network Switch 24-port,1020,IT,356.22,EA,7525.73,1,2680815.54
4500091883,00030,IT-3002,Network Switch 24-port,1010,IT,110.71,EA,5091.85,1,563718.71
4500091883,00040,MRO-1001,Hydraulic Pump Assembly,1020,MRO,402.83,EA,671.32,1,270427.84
4500091884,00010,IT-3002,Network Switch 24-port,2010,IT,465.86,EA,1724.0,1,803142.64
4500091884,00020,SERV-6002,Cleaning Service Cycle,1010,SERV,425.25,EA,791.54,1,336602.39
4500091884,00030,OFFC-4001,Printer Toner Cartridge,1020,OFFC,114.16,EA,6553.13,1,748105.32
4500091885,00010,MRO-1001,Hydraulic Pump Assembly,1020,MRO,373.41,EA,6338.75,1,2366952.64
4500091886,00010,MRO-1002,Landing Gear Bushing,1010,MRO,367.1,EA,4197.47,1,1540891.24
4500091886,00020,SPARE-5002,Brake Disc Assembly,2010,SPARE,256.36,EA,448.43,1,114959.51
4500091886,00030,FUEL-2001,Jet A-1 Fuel,1010,FUEL,58.69,L,4590.05,1,269390.03
4500091886,00040,SPARE-5002,Brake Disc Assembly,1020,SPARE,303.9,EA,1754.46,1,533180.39
4500091887,00010,IT-3001,Ruggedized Laptop,1010,IT,59.64,EA,1355.69,1,80853.35
4500091887,00020,SERV-6002,Cleaning Service Cycle,1020,SERV,161.43,EA,4462.85,1,720437.88
4500091888,00010,SERV-6001,Ground Handling Labor Hr,2010,SERV,232.2,HR,3689.46,1,856692.61
4500091888,00020,SPARE-5002,Brake Disc Assembly,1010,SPARE,128.66,EA,3683.16,1,473875.37
4500091888,00030,SPARE-5001,Turbine Blade Set,1020,SPARE,193.11,EA,6879.83,1,1328563.97
4500091888,00040,SPARE-5001,Turbine Blade Set,1020,SPARE,7.25,EA,5384.24,1,39035.74
4500091889,00010,SERV-6002,Cleaning Service Cycle,2010,SERV,414.67,EA,1715.96,1,711557.13
4500091890,00010,IT-3001,Ruggedized Laptop,1010,IT,299.75,EA,1596.54,1,478562.86
4500091890,00020,IT-3002,Network Switch 24-port,2010,IT,361.24,EA,2894.02,1,1045435.78
4500091890,00030,SPARE-5001,Turbine Blade Set,1010,SPARE,285.39,EA,5304.81,1,1513939.73
4500091891,00010,MRO-1002,Landing Gear Bushing,1020,MRO,91.67,EA,2033.95,1,186452.2
4500091891,00020,IT-3001,Ruggedized Laptop,2010,IT,499.24,EA,4177.99,1,2085819.73
4500091892,00010,FUEL-2001,Jet A-1 Fuel,1010,FUEL,483.47,L,1466.9,1,709202.14
4500091893,00010,SERV-6001,Ground Handling Labor Hr,1020,SERV,355.45,HR,7504.98,1,2667645.14
4500091893,00020,IT-3002,Network Switch 24-port,1010,IT,313.33,EA,4241.64,1,1329033.06
4500091893,00030,SPARE-5001,Turbine Blade Set,1020,SPARE,363.58,EA,4643.49,1,1688280.09
4500091894,00010,SPARE-5002,Brake Disc Assembly,1010,SPARE,287.33,EA,1594.72,1,458210.9
4500091894,00020,IT-3001,Ruggedized Laptop,2010,IT,381.77,EA,3292.7,1,1257054.08
4500091895,00010,SERV-6001,Ground Handling Labor Hr,2010,SERV,246.69,HR,3915.17,1,965833.29
4500091895,00020,IT-3001,Ruggedized Laptop,1010,IT,181.08,EA,4480.82,1,811386.89
4500091895,00030,IT-3001,Ruggedized Laptop,1020,IT,416.89,EA,2482.62,1,1034979.45
4500091895,00040,IT-3002,Network Switch 24-port,1020,IT,499.21,EA,602.33,1,300689.16
4500091896,00010,IT-3001,Ruggedized Laptop,2010,IT,101.04,EA,4863.32,1,491389.85
4500091896,00020,SPARE-5002,Brake Disc Assembly,1010,SPARE,424.91,EA,937.55,1,398374.37
4500091897,00010,IT-3002,Network Switch 24-port,1020,IT,142.25,EA,6000.08,1,853511.38
4500091898,00010,MRO-1001,Hydraulic Pump Assembly,1020,MRO,432.14,EA,4206.1,1,1817624.05
4500091899,00010,SPARE-5002,Brake Disc Assembly,1010,SPARE,112.86,EA,5298.61,1,598001.12
4500091899,00020,SPARE-5001,Turbine Blade Set,1020,SPARE,227.64,EA,7510.08,1,1709594.61
4500091899,00030,SPARE-5002,Brake Disc Assembly,1010,SPARE,333.49,EA,3109.09,1,1036850.42
4500091900,00010,FUEL-2001,Jet A-1 Fuel,1010,FUEL,216.74,L,1805.29,1,391278.55
4500091900,00020,MRO-1001,Hydraulic Pump Assembly,2010,MRO,182.55,EA,6391.54,1,1166775.63
4500091900,00030,SERV-6002,Cleaning Service Cycle,1020,SERV,219.98,EA,1282.69,1,282166.15
4500091900,00040,OFFC-4001,Printer Toner Cartridge,2010,OFFC,310.6,EA,3762.4,1,1168601.44
4500091901,00010,MRO-1001,Hydraulic Pump Assembly,1020,MRO,60.15,EA,5456.7,1,328220.51
4500091901,00020,SERV-6002,Cleaning Service Cycle,2010,SERV,48.84,EA,7721.2,1,377103.41
4500091901,00030,SPARE-5002,Brake Disc Assembly,2010,SPARE,103.6,EA,6470.83,1,670377.99
4500091901,00040,SPARE-5001,Turbine Blade Set,1020,SPARE,3.3,EA,7731.97,1,25515.5
4500091902,00010,IT-3001,Ruggedized Laptop,1020,IT,470.94,EA,4017.62,1,1892057.96
4500091902,00020,SERV-6002,Cleaning Service Cycle,2010,SERV,147.38,EA,1716.05,1,252911.45
4500091902,00030,IT-3001,Ruggedized Laptop,1020,IT,496.44,EA,3297.56,1,1637040.69
4500091902,00040,SPARE-5002,Brake Disc Assembly,1010,SPARE,26.48,EA,3073.78,1,81393.69
4500091903,00010,OFFC-4001,Printer Toner Cartridge,1020,OFFC,259.6,EA,5253.46,1,1363798.22
4500091903,00020,SPARE-5001,Turbine Blade Set,2010,SPARE,309.89,EA,6557.73,1,2032174.95
4500091903,00030,IT-3002,Network Switch 24-port,1020,IT,486.25,EA,5961.76,1,2898905.8
4500091904,00010,FUEL-2001,Jet A-1 Fuel,1010,FUEL,127.34,L,6201.73,1,789728.3
4500091905,00010,IT-3001,Ruggedized Laptop,1010,IT,321.2,EA,2084.41,1,669512.49
4500091905,00020,IT-3001,Ruggedized Laptop,1020,IT,221.02,EA,6521.64,1,1441412.87
4500091905,00030,SERV-6001,Ground Handling Labor Hr,1020,SERV,433.58,HR,279.65,1,121250.65
4500091906,00010,SERV-6002,Cleaning Service Cycle,1010,SERV,95.06,EA,5778.49,1,549303.26
4500091906,00020,IT-3001,Ruggedized Laptop,2010,IT,204.13,EA,3050.6,1,622718.98
4500091906,00030,SERV-6001,Ground Handling Labor Hr,1010,SERV,22.41,HR,7352.05,1,164759.44
4500091906,00040,SPARE-5002,Brake Disc Assembly,1020,SPARE,111.48,EA,1688.07,1,188186.04
4500091907,00010,OFFC-4001,Printer Toner Cartridge,1010,OFFC,52.58,EA,6421.28,1,337630.9
4500091908,00010,SPARE-5001,Turbine Blade Set,1020,SPARE,234.17,EA,5188.8,1,1215061.3
4500091908,00020,SPARE-5001,Turbine Blade Set,1010,SPARE,432.02,EA,5969.62,1,2578995.23
4500091908,00030,IT-3001,Ruggedized Laptop,1020,IT,425.53,EA,7614.11,1,3240032.23
4500091909,00010,SERV-6002,Cleaning Service Cycle,1010,SERV,142.55,EA,6529.42,1,930768.82
4500091910,00010,SERV-6002,Cleaning Service Cycle,2010,SERV,164.62,EA,3146.09,1,517909.34
4500091911,00010,MRO-1001,Hydraulic Pump Assembly,1010,MRO,214.13,EA,2123.41,1,454685.78
4500091911,00020,OFFC-4001,Printer Toner Cartridge,1020,OFFC,224.15,EA,5249.3,1,1176630.59
4500091912,00010,SPARE-5001,Turbine Blade Set,1010,SPARE,16.82,EA,6089.0,1,102416.98
4500091912,00020,SPARE-5001,Turbine Blade Set,1020,SPARE,430.5,EA,3773.56,1,1624517.58
4500091913,00010,SPARE-5001,Turbine Blade Set,2010,SPARE,461.3,EA,6904.31,1,3184958.2
4500091913,00020,MRO-1002,Landing Gear Bushing,1020,MRO,64.56,EA,3946.03,1,254755.7
4500091914,00010,SPARE-5002,Brake Disc Assembly,1010,SPARE,206.2,EA,4014.38,1,827765.16
4500091914,00020,OFFC-4001,Printer Toner Cartridge,1010,OFFC,458.42,EA,4050.09,1,1856642.26
4500091915,00010,IT-3002,Network Switch 24-port,1020,IT,21.37,EA,305.78,1,6534.52
4500091915,00020,SERV-6001,Ground Handling Labor Hr,2010,SERV,103.29,HR,4311.98,1,445384.41
4500091915,00030,IT-3002,Network Switch 24-port,2010,IT,221.24,EA,5851.39,1,1294561.52
4500091915,00040,IT-3001,Ruggedized Laptop,2010,IT,402.96,EA,1839.42,1,741212.68
4500091916,00010,IT-3002,Network Switch 24-port,1020,IT,438.94,EA,4969.12,1,2181145.53
4500091917,00010,SPARE-5001,Turbine Blade Set,2010,SPARE,401.99,EA,2065.5,1,830310.34
4500091917,00020,MRO-1002,Landing Gear Bushing,1020,MRO,214.58,EA,5958.76,1,1278630.72
4500091918,00010,MRO-1001,Hydraulic Pump Assembly,2010,MRO,100.75,EA,1505.8,1,151709.35
4500091918,00020,MRO-1001,Hydraulic Pump Assembly,1020,MRO,231.12,EA,7101.97,1,1641407.31
4500091919,00010,IT-3001,Ruggedized Laptop,1010,IT,416.87,EA,5198.81,1,2167227.92
4500091919,00020,SERV-6002,Cleaning Service Cycle,1020,SERV,473.84,EA,5274.0,1,2499032.16
4500091920,00010,IT-3002,Network Switch 24-port,1010,IT,484.56,EA,7828.2,1,3793232.59
4500091920,00020,SPARE-5002,Brake Disc Assembly,1020,SPARE,299.02,EA,4753.49,1,1421388.58
4500091920,00030,IT-3002,Network Switch 24-port,1010,IT,402.74,EA,6735.87,1,2712804.28
4500091921,00010,MRO-1002,Landing Gear Bushing,1010,MRO,279.65,EA,7372.66,1,2061764.37
4500091921,00020,MRO-1001,Hydraulic Pump Assembly,2010,MRO,146.81,EA,1619.81,1,237804.31
4500091922,00010,MRO-1001,Hydraulic Pump Assembly,1010,MRO,283.74,EA,7282.18,1,2066245.75
4500091923,00010,SPARE-5002,Brake Disc Assembly,2010,SPARE,300.4,EA,7082.11,1,2127465.84
4500091923,00020,SERV-6001,Ground Handling Labor Hr,2010,SERV,470.64,HR,1219.88,1,574124.32
4500091923,00030,OFFC-4001,Printer Toner Cartridge,2010,OFFC,319.4,EA,2632.79,1,840913.13
4500091923,00040,MRO-1002,Landing Gear Bushing,1010,MRO,188.0,EA,695.47,1,130748.36
4500091924,00010,MRO-1002,Landing Gear Bushing,1020,MRO,252.72,EA,1493.63,1,377470.17
4500091924,00020,OFFC-4001,Printer Toner Cartridge,2010,OFFC,323.61,EA,5490.78,1,1776871.32
4500091924,00030,SERV-6001,Ground Handling Labor Hr,1020,SERV,331.03,HR,652.54,1,216010.32
4500091925,00010,IT-3002,Network Switch 24-port,1010,IT,371.13,EA,3638.79,1,1350464.13
4500091925,00020,OFFC-4001,Printer Toner Cartridge,1020,OFFC,8.43,EA,5674.69,1,47837.64
4500091925,00030,SERV-6001,Ground Handling Labor Hr,1010,SERV,277.65,HR,4689.92,1,1302156.29
4500091926,00010,SPARE-5001,Turbine Blade Set,1020,SPARE,356.21,EA,347.75,1,123872.03
4500091926,00020,MRO-1001,Hydraulic Pump Assembly,2010,MRO,222.37,EA,6808.38,1,1513979.46
4500091926,00030,OFFC-4001,Printer Toner Cartridge,2010,OFFC,173.99,EA,2831.33,1,492623.11
4500091927,00010,SPARE-5002,Brake Disc Assembly,1020,SPARE,219.88,EA,2651.29,1,582965.65
4500091927,00020,SPARE-5002,Brake Disc Assembly,1020,SPARE,314.17,EA,7471.5,1,2347321.16
4500091928,00010,FUEL-2001,Jet A-1 Fuel,1010,FUEL,425.91,L,5898.55,1,2512251.43
4500091928,00020,SPARE-5002,Brake Disc Assembly,1010,SPARE,298.47,EA,4933.25,1,1472427.13
4500091928,00030,SPARE-5002,Brake Disc Assembly,1020,SPARE,32.0,EA,2294.48,1,73423.36
4500091928,00040,OFFC-4001,Printer Toner Cartridge,1020,OFFC,300.32,EA,2287.98,1,687126.15
4500091929,00010,SPARE-5001,Turbine Blade Set,1020,SPARE,67.15,EA,5428.4,1,364517.06
4500091929,00020,SPARE-5001,Turbine Blade Set,1010,SPARE,329.84,EA,3918.86,1,1292596.78
4500091929,00030,OFFC-4001,Printer Toner Cartridge,1010,OFFC,182.64,EA,1783.55,1,325747.57
4500091929,00040,FUEL-2001,Jet A-1 Fuel,1020,FUEL,388.49,L,3458.79,1,1343705.33
4500091930,00010,SPARE-5002,Brake Disc Assembly,1010,SPARE,199.25,EA,1594.81,1,317765.89
4500091930,00020,IT-3002,Network Switch 24-port,2010,IT,408.7,EA,7588.52,1,3101428.12
4500091931,00010,OFFC-4001,Printer Toner Cartridge,1020,OFFC,168.86,EA,1940.46,1,327666.08
4500091931,00020,OFFC-4001,Printer Toner Cartridge,1020,OFFC,178.47,EA,7708.14,1,1375671.75
4500091931,00030,SPARE-5001,Turbine Blade Set,1020,SPARE,400.91,EA,7666.59,1,3073612.6
4500091932,00010,SERV-6001,Ground Handling Labor Hr,2010,SERV,27.93,HR,6566.57,1,183404.3
4500091932,00020,OFFC-4001,Printer Toner Cartridge,2010,OFFC,379.56,EA,2426.15,1,920869.49
4500091932,00030,SERV-6002,Cleaning Service Cycle,2010,SERV,46.74,EA,4031.88,1,188450.07
4500091932,00040,MRO-1001,Hydraulic Pump Assembly,1010,MRO,147.56,EA,654.07,1,96514.57
4500091933,00010,IT-3001,Ruggedized Laptop,1010,IT,196.09,EA,3082.05,1,604359.18
4500091933,00020,SERV-6002,Cleaning Service Cycle,1010,SERV,341.14,EA,1955.71,1,667170.91
4500091934,00010,OFFC-4001,Printer Toner Cartridge,2010,OFFC,395.24,EA,4423.91,1,1748506.19
4500091934,00020,MRO-1002,Landing Gear Bushing,1010,MRO,47.32,EA,2968.0,1,140445.76
4500091934,00030,FUEL-2001,Jet A-1 Fuel,1010,FUEL,22.81,L,3259.06,1,74339.16
4500091935,00010,SPARE-5002,Brake Disc Assembly,1010,SPARE,294.13,EA,1495.83,1,439968.48
4500091935,00020,IT-3001,Ruggedized Laptop,2010,IT,272.13,EA,5097.53,1,1387190.84
4500091936,00010,SPARE-5001,Turbine Blade Set,1010,SPARE,386.69,EA,3469.57,1,1341648.02
4500091937,00010,IT-3002,Network Switch 24-port,1020,IT,93.99,EA,6132.08,1,576354.2
4500091937,00020,IT-3002,Network Switch 24-port,1020,IT,240.89,EA,1208.22,1,291048.12
4500091938,00010,SERV-6002,Cleaning Service Cycle,1020,SERV,410.4,EA,3263.59,1,1339377.34
4500091938,00020,SERV-6002,Cleaning Service Cycle,1010,SERV,392.66,EA,2631.55,1,1033304.42
4500091938,00030,SERV-6001,Ground Handling Labor Hr,1020,SERV,237.71,HR,6601.81,1,1569316.26
4500091938,00040,IT-3002,Network Switch 24-port,1020,IT,305.08,EA,1366.74,1,416965.04
4500091939,00010,IT-3001,Ruggedized Laptop,1020,IT,46.83,EA,2629.75,1,123151.19
4500091939,00020,SPARE-5001,Turbine Blade Set,2010,SPARE,156.17,EA,1170.5,1,182796.98
4500091939,00030,IT-3002,Network Switch 24-port,1020,IT,6.11,EA,1237.72,1,7562.47
4500091940,00010,SPARE-5001,Turbine Blade Set,1010,SPARE,334.17,EA,6466.41,1,2160880.23
4500091940,00020,MRO-1002,Landing Gear Bushing,1010,MRO,330.98,EA,4311.44,1,1427000.41
4500091940,00030,SERV-6002,Cleaning Service Cycle,2010,SERV,390.97,EA,1184.23,1,462998.4
4500091940,00040,FUEL-2001,Jet A-1 Fuel,1010,FUEL,133.88,L,4490.28,1,601158.69
4500091941,00010,SPARE-5001,Turbine Blade Set,2010,SPARE,338.07,EA,533.29,1,180289.35
4500091942,00010,IT-3002,Network Switch 24-port,1020,IT,393.82,EA,2636.31,1,1038231.6
4500091943,00010,MRO-1001,Hydraulic Pump Assembly,2010,MRO,443.46,EA,2711.85,1,1202597.0
4500091944,00010,IT-3001,Ruggedized Laptop,1010,IT,484.09,EA,7325.6,1,3546249.7
4500091944,00020,SPARE-5002,Brake Disc Assembly,1020,SPARE,19.17,EA,3300.47,1,63270.01
4500091944,00030,SPARE-5001,Turbine Blade Set,1020,SPARE,178.21,EA,7064.83,1,1259023.35
4500091945,00010,IT-3002,Network Switch 24-port,1020,IT,228.5,EA,816.02,1,186460.57
4500091945,00020,FUEL-2001,Jet A-1 Fuel,2010,FUEL,26.3,L,2619.86,1,68902.32
4500091945,00030,SERV-6002,Cleaning Service Cycle,1020,SERV,47.25,EA,7768.67,1,367069.66
4500091945,00040,MRO-1001,Hydraulic Pump Assembly,2010,MRO,402.43,EA,3282.61,1,1321020.74
4500091946,00010,IT-3001,Ruggedized Laptop,2010,IT,456.31,EA,6666.99,1,3042214.21
4500091946,00020,SERV-6002,Cleaning Service Cycle,1020,SERV,250.85,EA,7434.44,1,1864929.27
4500091946,00030,SPARE-5001,Turbine Blade Set,1020,SPARE,355.4,EA,1654.4,1,587973.76
4500091947,00010,SERV-6001,Ground Handling Labor Hr,2010,SERV,48.8,HR,3229.65,1,157606.92
4500091947,00020,SERV-6001,Ground Handling Labor Hr,1020,SERV,308.19,HR,637.81,1,196566.66
4500091948,00010,SPARE-5002,Brake Disc Assembly,1020,SPARE,450.19,EA,5241.42,1,2359634.87
4500091948,00020,SERV-6002,Cleaning Service Cycle,2010,SERV,416.11,EA,3263.3,1,1357891.76
4500091948,00030,SERV-6002,Cleaning Service Cycle,1020,SERV,11.44,EA,6781.01,1,77574.75
4500091949,00010,OFFC-4001,Printer Toner Cartridge,1010,OFFC,451.88,EA,4040.33,1,1825744.32
4500091949,00020,MRO-1001,Hydraulic Pump Assembly,2010,MRO,156.74,EA,6941.43,1,1087999.74
4500091950,00010,MRO-1002,Landing Gear Bushing,1010,MRO,6.41,EA,6014.34,1,38551.92
4500091950,00020,MRO-1002,Landing Gear Bushing,1020,MRO,201.33,EA,4709.64,1,948191.82
4500091950,00030,OFFC-4001,Printer Toner Cartridge,1020,OFFC,401.98,EA,1625.31,1,653342.11
4500091950,00040,MRO-1002,Landing Gear Bushing,1010,MRO,141.98,EA,3587.15,1,509303.56
4500091951,00010,FUEL-2001,Jet A-1 Fuel,1020,FUEL,207.47,L,3301.64,1,684991.25
4500091952,00010,OFFC-4001,Printer Toner Cartridge,1010,OFFC,255.59,EA,3359.79,1,858728.73
4500091952,00020,IT-3002,Network Switch 24-port,1010,IT,227.39,EA,2667.42,1,606544.63
4500091952,00030,SPARE-5001,Turbine Blade Set,1010,SPARE,228.99,EA,1127.99,1,258298.43
4500091953,00010,MRO-1002,Landing Gear Bushing,1020,MRO,4.85,EA,7116.29,1,34514.01
4500091953,00020,SPARE-5001,Turbine Blade Set,2010,SPARE,275.38,EA,352.52,1,97076.96
4500091953,00030,MRO-1001,Hydraulic Pump Assembly,1010,MRO,160.28,EA,7656.32,1,1227154.97
4500091954,00010,IT-3001,Ruggedized Laptop,2010,IT,183.12,EA,6370.01,1,1166476.23
4500091954,00020,IT-3001,Ruggedized Laptop,1010,IT,380.36,EA,7353.97,1,2797156.03
4500091955,00010,SPARE-5002,Brake Disc Assembly,2010,SPARE,409.03,EA,7173.15,1,2934033.54
4500091955,00020,IT-3002,Network Switch 24-port,2010,IT,94.98,EA,6888.28,1,654248.83
4500091955,00030,SERV-6001,Ground Handling Labor Hr,1010,SERV,114.37,HR,1200.29,1,137277.17
4500091956,00010,FUEL-2001,Jet A-1 Fuel,2010,FUEL,360.65,L,2450.61,1,883812.5
4500091957,00010,SERV-6002,Cleaning Service Cycle,1020,SERV,111.46,EA,2289.78,1,255218.88
4500091958,00010,OFFC-4001,Printer Toner Cartridge,2010,OFFC,350.25,EA,1564.19,1,547857.55
4500091958,00020,MRO-1001,Hydraulic Pump Assembly,1020,MRO,2.45,EA,6560.66,1,16073.62
4500091958,00030,MRO-1002,Landing Gear Bushing,1010,MRO,203.4,EA,7927.01,1,1612353.83
4500091958,00040,SPARE-5002,Brake Disc Assembly,2010,SPARE,464.61,EA,283.38,1,131661.18
4500091959,00010,OFFC-4001,Printer Toner Cartridge,1010,OFFC,352.18,EA,6993.11,1,2462833.48
4500091959,00020,SERV-6001,Ground Handling Labor Hr,1010,SERV,449.36,HR,6680.7,1,3002039.35
4500091960,00010,SERV-6001,Ground Handling Labor Hr,1020,SERV,55.11,HR,3041.16,1,167598.33
4500091960,00020,OFFC-4001,Printer Toner Cartridge,1020,OFFC,19.37,EA,4842.37,1,93796.71
4500091960,00030,IT-3001,Ruggedized Laptop,1010,IT,483.97,EA,6198.36,1,2999820.29
4500091960,00040,MRO-1001,Hydraulic Pump Assembly,1010,MRO,381.97,EA,572.13,1,218536.5
4500091961,00010,MRO-1002,Landing Gear Bushing,1020,MRO,244.57,EA,1710.82,1,418415.25
4500091961,00020,IT-3002,Network Switch 24-port,2010,IT,322.15,EA,242.88,1,78243.79
4500091962,00010,FUEL-2001,Jet A-1 Fuel,1010,FUEL,489.58,L,2685.71,1,1314869.9
4500091962,00020,OFFC-4001,Printer Toner Cartridge,1020,OFFC,234.08,EA,5318.3,1,1244907.66
4500091962,00030,OFFC-4001,Printer Toner Cartridge,1010,OFFC,4.35,EA,2102.46,1,9145.7
4500091963,00010,MRO-1002,Landing Gear Bushing,1020,MRO,290.9,EA,6553.83,1,1906509.15
4500091963,00020,MRO-1001,Hydraulic Pump Assembly,2010,MRO,380.28,EA,7825.98,1,2976063.67
4500091963,00030,SPARE-5001,Turbine Blade Set,1010,SPARE,394.03,EA,6556.28,1,2583371.01
4500091963,00040,MRO-1002,Landing Gear Bushing,1010,MRO,281.0,EA,4110.01,1,1154912.81
4500091964,00010,SERV-6002,Cleaning Service Cycle,2010,SERV,2.74,EA,4454.86,1,12206.32
4500091964,00020,SPARE-5002,Brake Disc Assembly,1010,SPARE,25.43,EA,6981.41,1,177537.26
4500091964,00030,SPARE-5002,Brake Disc Assembly,2010,SPARE,345.46,EA,5340.84,1,1845046.59
4500091965,00010,MRO-1002,Landing Gear Bushing,1010,MRO,139.49,EA,4717.58,1,658055.23
4500091966,00010,SERV-6002,Cleaning Service Cycle,1010,SERV,454.47,EA,2461.15,1,1118518.84
4500091966,00020,SPARE-5002,Brake Disc Assembly,2010,SPARE,225.35,EA,5093.2,1,1147752.62
4500091966,00030,OFFC-4001,Printer Toner Cartridge,2010,OFFC,195.78,EA,6389.29,1,1250895.2
4500091966,00040,MRO-1002,Landing Gear Bushing,1010,MRO,495.25,EA,6543.13,1,3240485.13
4500091967,00010,SERV-6001,Ground Handling Labor Hr,1020,SERV,391.44,HR,4886.3,1,1912693.27
4500091967,00020,MRO-1001,Hydraulic Pump Assembly,1020,MRO,25.31,EA,2868.26,1,72595.66
4500091967,00030,SPARE-5002,Brake Disc Assembly,2010,SPARE,373.76,EA,7036.66,1,2630022.04
4500091968,00010,MRO-1002,Landing Gear Bushing,2010,MRO,245.54,EA,3983.17,1,978027.56
4500091968,00020,SPARE-5002,Brake Disc Assembly,1020,SPARE,471.99,EA,2271.58,1,1072163.04
4500091969,00010,SPARE-5001,Turbine Blade Set,1010,SPARE,302.6,EA,4730.23,1,1431367.6
4500091969,00020,FUEL-2001,Jet A-1 Fuel,1010,FUEL,175.98,L,6188.71,1,1089089.19
4500091969,00030,SERV-6002,Cleaning Service Cycle,1020,SERV,100.87,EA,5582.29,1,563085.59
4500091970,00010,SERV-6002,Cleaning Service Cycle,1010,SERV,210.69,EA,4690.44,1,988228.8
4500091971,00010,SERV-6001,Ground Handling Labor Hr,1020,SERV,239.72,HR,1749.66,1,419428.5
4500091971,00020,SPARE-5001,Turbine Blade Set,2010,SPARE,265.65,EA,4134.48,1,1098324.61
4500091972,00010,FUEL-2001,Jet A-1 Fuel,1020,FUEL,27.58,L,4793.82,1,132213.56
4500091972,00020,SERV-6001,Ground Handling Labor Hr,2010,SERV,478.1,HR,2043.58,1,977035.6
4500091972,00030,MRO-1002,Landing Gear Bushing,1020,MRO,57.75,EA,4477.07,1,258550.79
4500091972,00040,SERV-6002,Cleaning Service Cycle,1020,SERV,427.39,EA,4722.09,1,2018174.05
4500091973,00010,MRO-1002,Landing Gear Bushing,1020,MRO,220.81,EA,3691.52,1,815124.53
4500091973,00020,OFFC-4001,Printer Toner Cartridge,1010,OFFC,452.93,EA,84.44,1,38245.41
4500091974,00010,OFFC-4001,Printer Toner Cartridge,1020,OFFC,482.75,EA,5547.93,1,2678263.21
4500091974,00020,SPARE-5002,Brake Disc Assembly,1020,SPARE,390.71,EA,4509.1,1,1761750.46
4500091974,00030,IT-3002,Network Switch 24-port,2010,IT,102.72,EA,7318.73,1,751779.95
4500091975,00010,MRO-1002,Landing Gear Bushing,1010,MRO,345.28,EA,3969.73,1,1370668.37
4500091976,00010,IT-3001,Ruggedized Laptop,1020,IT,190.89,EA,5620.6,1,1072916.33
4500091977,00010,SPARE-5001,Turbine Blade Set,1020,SPARE,268.38,EA,7121.5,1,1911268.17
4500091978,00010,SERV-6002,Cleaning Service Cycle,1010,SERV,321.96,EA,2195.24,1,706779.47
4500091978,00020,MRO-1001,Hydraulic Pump Assembly,1020,MRO,393.14,EA,558.32,1,219497.92
4500091979,00010,IT-3002,Network Switch 24-port,1010,IT,420.91,EA,1219.02,1,513097.71
4500091979,00020,MRO-1002,Landing Gear Bushing,2010,MRO,425.55,EA,6401.58,1,2724192.37
4500091979,00030,SERV-6001,Ground Handling Labor Hr,2010,SERV,438.77,HR,4927.32,1,2161960.2
4500091980,00010,SPARE-5002,Brake Disc Assembly,2010,SPARE,485.59,EA,2581.26,1,1253434.04
4500091980,00020,IT-3002,Network Switch 24-port,1010,IT,398.49,EA,7104.16,1,2830936.72
4500091980,00030,MRO-1002,Landing Gear Bushing,1010,MRO,45.49,EA,5738.78,1,261057.1
4500091981,00010,IT-3002,Network Switch 24-port,1010,IT,420.94,EA,7032.74,1,2960361.58
4500091981,00020,SPARE-5001,Turbine Blade Set,1020,SPARE,94.5,EA,6660.71,1,629437.09
4500091981,00030,OFFC-4001,Printer Toner Cartridge,1010,OFFC,142.63,EA,7913.36,1,1128682.54
4500091981,00040,FUEL-2001,Jet A-1 Fuel,1020,FUEL,480.8,L,6647.62,1,3196175.7
4500091982,00010,MRO-1001,Hydraulic Pump Assembly,1020,MRO,245.61,EA,6883.57,1,1690673.63
4500091982,00020,IT-3001,Ruggedized Laptop,1020,IT,333.54,EA,1848.01,1,616385.26
4500091982,00030,SPARE-5001,Turbine Blade Set,2010,SPARE,456.62,EA,7348.25,1,3355357.92
4500091983,00010,SERV-6002,Cleaning Service Cycle,1010,SERV,263.22,EA,7882.55,1,2074844.81
4500091983,00020,SPARE-5002,Brake Disc Assembly,1010,SPARE,289.47,EA,6194.85,1,1793223.23
4500091984,00010,MRO-1001,Hydraulic Pump Assembly,2010,MRO,456.4,EA,1340.35,1,611735.74
4500091984,00020,MRO-1002,Landing Gear Bushing,1020,MRO,244.31,EA,3206.89,1,783475.3
4500091985,00010,IT-3002,Network Switch 24-port,1010,IT,61.8,EA,1762.29,1,108909.52
4500091985,00020,SPARE-5001,Turbine Blade Set,1010,SPARE,196.64,EA,5851.94,1,1150725.48
4500091985,00030,FUEL-2001,Jet A-1 Fuel,2010,FUEL,259.43,L,7844.58,1,2035119.39
4500091986,00010,SPARE-5002,Brake Disc Assembly,2010,SPARE,274.85,EA,4535.24,1,1246510.71
4500091986,00020,OFFC-4001,Printer Toner Cartridge,2010,OFFC,89.66,EA,6427.89,1,576324.62
4500091986,00030,FUEL-2001,Jet A-1 Fuel,1010,FUEL,85.92,L,6519.23,1,560132.24
4500091987,00010,IT-3002,Network Switch 24-port,1010,IT,55.97,EA,74.58,1,4174.24
4500091988,00010,FUEL-2001,Jet A-1 Fuel,1010,FUEL,206.68,L,1247.61,1,257856.03
4500091988,00020,FUEL-2001,Jet A-1 Fuel,1020,FUEL,410.57,L,263.62,1,108234.46
4500091988,00030,IT-3002,Network Switch 24-port,2010,IT,445.12,EA,1234.13,1,549335.95
4500091989,00010,OFFC-4001,Printer Toner Cartridge,2010,OFFC,312.5,EA,4359.2,1,1362250.0
4500091989,00020,SERV-6001,Ground Handling Labor Hr,2010,SERV,74.29,HR,1509.21,1,112119.21
4500091989,00030,MRO-1002,Landing Gear Bushing,2010,MRO,124.4,EA,3096.97,1,385263.07
4500091989,00040,OFFC-4001,Printer Toner Cartridge,1020,OFFC,474.76,EA,7614.14,1,3614889.11
4500091990,00010,SERV-6001,Ground Handling Labor Hr,1010,SERV,327.66,HR,7141.59,1,2340013.38
4500091991,00010,SERV-6001,Ground Handling Labor Hr,1010,SERV,383.98,HR,7099.95,1,2726238.8
4500091991,00020,IT-3002,Network Switch 24-port,2010,IT,92.33,EA,2020.63,1,186564.77
4500091991,00030,MRO-1001,Hydraulic Pump Assembly,2010,MRO,363.91,EA,1197.46,1,435767.67
4500091991,00040,IT-3002,Network Switch 24-port,1020,IT,197.87,EA,7542.5,1,1492434.48
4500091992,00010,IT-3002,Network Switch 24-port,1020,IT,80.3,EA,4304.43,1,345645.73
4500091992,00020,MRO-1001,Hydraulic Pump Assembly,1010,MRO,406.96,EA,3803.21,1,1547754.34
4500091993,00010,SPARE-5002,Brake Disc Assembly,2010,SPARE,151.89,EA,7771.3,1,1180382.76
4500091993,00020,SPARE-5002,Brake Disc Assembly,1010,SPARE,243.91,EA,1090.07,1,265878.97
4500091993,00030,SPARE-5002,Brake Disc Assembly,1020,SPARE,325.49,EA,1444.26,1,470092.19
4500091993,00040,MRO-1001,Hydraulic Pump Assembly,2010,MRO,11.21,EA,6663.83,1,74701.53
4500091994,00010,OFFC-4001,Printer Toner Cartridge,1020,OFFC,138.98,EA,3469.44,1,482182.77
4500091994,00020,MRO-1002,Landing Gear Bushing,2010,MRO,219.0,EA,6490.37,1,1421391.03
4500091995,00010,FUEL-2001,Jet A-1 Fuel,2010,FUEL,110.55,L,5267.36,1,582306.65
4500091995,00020,FUEL-2001,Jet A-1 Fuel,1010,FUEL,397.72,L,4100.09,1,1630687.79
4500091995,00030,SPARE-5001,Turbine Blade Set,2010,SPARE,324.4,EA,7762.57,1,2518177.71
4500091996,00010,FUEL-2001,Jet A-1 Fuel,1020,FUEL,325.71,L,1873.35,1,610168.83
4500091996,00020,IT-3001,Ruggedized Laptop,1020,IT,40.46,EA,4921.28,1,199114.99
4500091996,00030,SERV-6002,Cleaning Service Cycle,2010,SERV,118.4,EA,6568.54,1,777715.14
4500091997,00010,IT-3001,Ruggedized Laptop,1010,IT,156.92,EA,3751.28,1,588650.86
4500091997,00020,OFFC-4001,Printer Toner Cartridge,2010,OFFC,4.41,EA,3764.88,1,16603.12
4500091997,00030,MRO-1001,Hydraulic Pump Assembly,2010,MRO,248.31,EA,3012.15,1,747946.97
4500091998,00010,SPARE-5001,Turbine Blade Set,1020,SPARE,252.78,EA,5640.71,1,1425858.67
4500091998,00020,FUEL-2001,Jet A-1 Fuel,1010,FUEL,384.58,L,1916.69,1,737120.64
4500091998,00030,OFFC-4001,Printer Toner Cartridge,2010,OFFC,456.06,EA,2880.06,1,1313480.16
4500091998,00040,IT-3002,Network Switch 24-port,1020,IT,276.67,EA,5923.99,1,1638990.31
4500091999,00010,MRO-1001,Hydraulic Pump Assembly,1020,MRO,371.51,EA,4906.42,1,1822784.09
4500091999,00020,IT-3002,Network Switch 24-port,2010,IT,49.04,EA,3319.49,1,162787.79
