MBLNR,MJAHR,ZEILE,BWART,MATNR,MENGE,MEINS,WERKS,LIFNR,EBELN,EBELP
5000000000,2024,0001,101,SPARE-5001,1.7,EA,1020,100009,4500090495,00020
5000000000,2024,0002,261,SPARE-5001,81.76,EA,1020,100009,4500090495,00020
5000000001,2024,0001,101,MRO-1001,145.11,EA,2010,100055,4500090520,00040
5000000001,2024,0002,102,MRO-1001,84.46,EA,2010,100055,4500090520,00040
5000000001,2024,0003,102,MRO-1001,90.83,EA,1010,100055,4500090520,00040
5000000002,2024,0001,101,SERV-6001,198.27,HR,1010,100046,4500091441,00010
5000000002,2024,0002,261,SERV-6001,115.02,HR,1020,100046,4500091441,00010
5000000002,2024,0003,261,SERV-6001,168.05,HR,2010,100046,4500091441,00010
5000000003,2025,0001,101,OFFC-4001,85.07,EA,1020,100057,4500090632,00010
5000000003,2025,0002,101,OFFC-4001,80.0,EA,2010,100057,4500090632,00010
5000000003,2025,0003,102,OFFC-4001,182.17,EA,1010,100057,4500090632,00010
5000000004,2025,0001,261,MRO-1001,70.9,EA,1010,100031,4500091097,00010
5000000004,2025,0002,102,MRO-1001,50.76,EA,1020,100031,4500091097,00010
5000000005,2024,0001,101,SERV-6002,7.6,EA,2010,100014,4500090234,00020
5000000005,2024,0002,102,SERV-6002,98.84,EA,2010,100014,4500090234,00020
5000000005,2024,0003,101,SERV-6002,60.2,EA,1020,100014,4500090234,00020
5000000006,2024,0001,101,SERV-6001,139.61,HR,1020,100037,4500090464,00020
5000000006,2024,0002,102,SERV-6001,25.8,HR,1020,100037,4500090464,00020
5000000007,2025,0001,102,MRO-1001,105.08,EA,1020,100053,4500091547,00010
5000000008,2024,0001,101,OFFC-4001,36.72,EA,1020,100001,4500090750,00030
5000000008,2024,0002,101,OFFC-4001,180.51,EA,1010,100001,4500090750,00030
5000000009,2025,0001,101,MRO-1002,34.03,EA,2010,100044,4500090254,00020
5000000009,2025,0002,102,MRO-1002,51.51,EA,2010,100044,4500090254,00020
5000000010,2025,0001,102,OFFC-4001,97.84,EA,1020,100056,4500091088,00010
5000000010,2025,0002,101,OFFC-4001,108.61,EA,1020,100056,4500091088,00010
5000000010,2025,0003,101,OFFC-4001,17.33,EA,1020,100056,4500091088,00010
5000000011,2025,0001,261,SERV-6002,152.83,EA,2010,100001,4500091541,00010
5000000012,2024,0001,261,IT-3002,70.66,EA,2010,100035,4500090188,00020
5000000013,2024,0001,101,IT-3002,30.44,EA,1020,100002,4500091897,00010
5000000013,2024,0002,102,IT-3002,67.75,EA,1020,100002,4500091897,00010
5000000014,2025,0001,101,SPARE-5001,126.21,EA,1020,100024,4500090928,00010
5000000014,2025,0002,102,SPARE-5001,110.5,EA,2010,100024,4500090928,00010
5000000014,2025,0003,102,SPARE-5001,110.23,EA,1020,100024,4500090928,00010
5000000015,2024,0001,101,IT-3001,79.81,EA,2010,100009,4500090111,00010
5000000015,2024,0002,102,IT-3001,65.65,EA,1020,100009,4500090111,00010
5000000016,2024,0001,261,SPARE-5001,114.59,EA,1010,100047,4500090421,00030
5000000016,2024,0002,101,SPARE-5001,25.03,EA,1020,100047,4500090421,00030
5000000016,2024,0003,261,SPARE-5001,76.79,EA,2010,100047,4500090421,00030
5000000017,2025,0001,261,OFFC-4001,76.63,EA,1010,100042,4500091260,00020
5000000017,2025,0002,101,OFFC-4001,193.07,EA,1020,100042,4500091260,00020
5000000018,2024,0001,101,SPARE-5002,98.37,EA,1010,100020,4500091200,00020
5000000018,2024,0002,101,SPARE-5002,123.97,EA,1020,100020,4500091200,00020
5000000019,2025,0001,101,OFFC-4001,64.96,EA,1010,100001,4500091499,00020
5000000020,2025,0001,261,OFFC-4001,54.44,EA,1020,100011,4500090759,00040
5000000020,2025,0002,102,OFFC-4001,2.91,EA,2010,100011,4500090759,00040
5000000021,2025,0001,102,SERV-6001,150.79,HR,2010,100026,4500091164,00020
5000000021,2025,0002,101,SERV-6001,36.01,HR,1010,100026,4500091164,00020
5000000022,2024,0001,102,SPARE-5002,102.23,EA,1010,100024,4500091319,00010
5000000023,2024,0001,102,SPARE-5002,36.53,EA,2010,100003,4500090581,00030
5000000023,2024,0002,101,SPARE-5002,81.68,EA,1020,100003,4500090581,00030
5000000023,2024,0003,101,SPARE-5002,152.79,EA,1010,100003,4500090581,00030
5000000024,2024,0001,102,SPARE-5002,15.07,EA,1020,100059,4500091983,00020
5000000024,2024,0002,102,SPARE-5002,158.34,EA,1020,100059,4500091983,00020
5000000024,2024,0003,102,SPARE-5002,18.24,EA,1020,100059,4500091983,00020
5000000025,2025,0001,102,MRO-1001,172.7,EA,1020,100007,4500091222,00030
5000000025,2025,0002,261,MRO-1001,179.73,EA,2010,100007,4500091222,00030
5000000025,2025,0003,101,MRO-1001,87.76,EA,1010,100007,4500091222,00030
5000000026,2025,0001,102,MRO-1001,10.48,EA,1010,100034,4500091632,00040
5000000026,2025,0002,261,MRO-1001,162.91,EA,1010,100034,4500091632,00040
5000000026,2025,0003,102,MRO-1001,102.74,EA,1020,100034,4500091632,00040
5000000027,2024,0001,102,OFFC-4001,104.97,EA,1020,100010,4500090358,00020
5000000027,2024,0002,261,OFFC-4001,104.02,EA,2010,100010,4500090358,00020
5000000028,2024,0001,101,OFFC-4001,11.12,EA,1010,100005,4500090071,00030
5000000028,2024,0002,101,OFFC-4001,162.5,EA,1020,100005,4500090071,00030
5000000029,2024,0001,101,SPARE-5001,56.9,EA,1010,100053,4500091191,00010
5000000029,2024,0002,261,SPARE-5001,31.92,EA,1010,100053,4500091191,00010
5000000029,2024,0003,101,SPARE-5001,179.06,EA,1020,100053,4500091191,00010
5000000030,2024,0001,102,MRO-1002,58.45,EA,1010,100003,4500090281,00010
5000000031,2025,0001,101,MRO-1001,137.36,EA,2010,100000,4500091630,00020
5000000031,2025,0002,261,MRO-1001,101.16,EA,1020,100000,4500091630,00020
5000000031,2025,0003,261,MRO-1001,66.22,EA,1010,100000,4500091630,00020
5000000032,2025,0001,261,MRO-1002,152.41,EA,1020,100000,4500091630,00010
5000000032,2025,0002,261,MRO-1002,115.25,EA,2010,100000,4500091630,00010
5000000032,2025,0003,101,MRO-1002,29.12,EA,1020,100000,4500091630,00010
5000000033,2025,0001,102,MRO-1001,122.73,EA,1010,100017,4500090097,00010
5000000033,2025,0002,261,MRO-1001,182.09,EA,1020,100017,4500090097,00010
5000000033,2025,0003,101,MRO-1001,133.29,EA,1010,100017,4500090097,00010
5000000034,2025,0001,101,FUEL-2001,125.37,L,1010,100023,4500091928,00010
5000000034,2025,0002,102,FUEL-2001,144.91,L,1020,100023,4500091928,00010
5000000035,2025,0001,101,SPARE-5001,97.3,EA,2010,100056,4500090473,00020
5000000036,2024,0001,261,OFFC-4001,141.04,EA,2010,100055,4500090836,00040
5000000037,2024,0001,102,SPARE-5002,48.38,EA,1020,100046,4500091587,00010
5000000037,2024,0002,101,SPARE-5002,155.65,EA,1020,100046,4500091587,00010
5000000038,2024,0001,102,IT-3001,20.22,EA,2010,100026,4500091890,00010
5000000038,2024,0002,261,IT-3001,79.53,EA,2010,100026,4500091890,00010
5000000039,2024,0001,102,SPARE-5001,166.82,EA,1020,100025,4500090222,00010
5000000040,2024,0001,261,IT-3001,1.93,EA,2010,100055,4500090341,00010
5000000040,2024,0002,102,IT-3001,165.76,EA,1020,100055,4500090341,00010
5000000041,2025,0001,102,OFFC-4001,181.45,EA,1020,100011,4500090479,00040
5000000041,2025,0002,101,OFFC-4001,195.26,EA,1010,100011,4500090479,00040
5000000041,2025,0003,261,OFFC-4001,18.06,EA,1010,100011,4500090479,00040
5000000042,2024,0001,261,SERV-6001,18.37,HR,1020,100033,4500090011,00010
5000000042,2024,0002,102,SERV-6001,66.59,HR,1020,100033,4500090011,00010
5000000042,2024,0003,101,SERV-6001,155.28,HR,1010,100033,4500090011,00010
5000000043,2025,0001,102,SERV-6001,92.17,HR,2010,100059,4500091418,00010
5000000044,2025,0001,261,SERV-6001,187.87,HR,2010,100042,4500091374,00020
5000000044,2025,0002,101,SERV-6001,188.37,HR,2010,100042,4500091374,00020
5000000044,2025,0003,102,SERV-6001,199.64,HR,1020,100042,4500091374,00020
5000000045,2024,0001,101,MRO-1002,76.27,EA,1020,100048,4500091913,00020
5000000046,2025,0001,101,SPARE-5002,90.61,EA,1010,100001,4500091871,00020
5000000046,2025,0002,261,SPARE-5002,54.52,EA,2010,100001,4500091871,00020
5000000047,2025,0001,101,FUEL-2001,86.54,L,1010,100041,4500090808,00020
5000000047,2025,0002,102,FUEL-2001,94.12,L,1020,100041,4500090808,00020
5000000048,2024,0001,261,IT-3001,61.0,EA,2010,100043,4500090883,00010
5000000049,2025,0001,261,IT-3001,19.44,EA,2010,100005,4500090344,00030
5000000050,2024,0001,101,IT-3002,21.69,EA,1020,100045,4500091883,00030
5000000050,2024,0002,101,IT-3002,7.22,EA,1010,100045,4500091883,00030
5000000051,2025,0001,261,OFFC-4001,66.06,EA,2010,100040,4500091931,00020
5000000051,2025,0002,261,OFFC-4001,41.95,EA,1010,100040,4500091931,00020
5000000051,2025,0003,102,OFFC-4001,21.12,EA,1020,100040,4500091931,00020
5000000052,2024,0001,102,SERV-6001,130.39,HR,2010,100050,4500091023,00010
5000000053,2025,0001,101,FUEL-2001,139.66,L,1010,100047,4500090652,00010
5000000054,2025,0001,101,SERV-6001,186.02,HR,1010,100009,4500091979,00030
5000000054,2025,0002,102,SERV-6001,52.98,HR,2010,100009,4500091979,00030
5000000055,2025,0001,261,SERV-6002,127.12,EA,1010,100024,4500090274,00010
5000000056,2024,0001,261,MRO-1001,192.82,EA,2010,100042,4500091054,00020
5000000056,2024,0002,261,MRO-1001,30.28,EA,1020,100042,4500091054,00020
5000000056,2024,0003,261,MRO-1001,27.46,EA,2010,100042,4500091054,00020
5000000057,2025,0001,261,OFFC-4001,9.27,EA,2010,100042,4500091934,00010
5000000057,2025,0002,102,OFFC-4001,69.97,EA,1010,100042,4500091934,00010
5000000057,2025,0003,261,OFFC-4001,111.77,EA,2010,100042,4500091934,00010
5000000058,2025,0001,261,OFFC-4001,36.02,EA,1020,100030,4500090322,00010
5000000058,2025,0002,261,OFFC-4001,121.4,EA,1010,100030,4500090322,00010
5000000059,2024,0001,101,SERV-6002,44.18,EA,2010,100033,4500090980,00020
5000000060,2024,0001,261,SPARE-5001,58.87,EA,1020,100007,4500091420,00020
5000000060,2024,0002,101,SPARE-5001,86.78,EA,1020,100007,4500091420,00020
5000000061,2024,0001,261,SPARE-5002,4.95,EA,2010,100035,4500090033,00020
5000000061,2024,0002,261,SPARE-5002,166.41,EA,1020,100035,4500090033,00020
5000000062,2024,0001,101,SPARE-5002,84.1,EA,1020,100044,4500091536,00040
5000000062,2024,0002,101,SPARE-5002,161.11,EA,1010,100044,4500091536,00040
5000000063,2024,0001,261,IT-3002,137.81,EA,2010,100055,4500090345,00010
5000000064,2024,0001,101,OFFC-4001,170.96,EA,1020,100009,4500091474,00040
5000000064,2024,0002,101,OFFC-4001,111.37,EA,1010,100009,4500091474,00040
5000000065,2024,0001,261,IT-3002,185.2,EA,2010,100038,4500090633,00020
5000000065,2024,0002,102,IT-3002,63.39,EA,2010,100038,4500090633,00020
5000000066,2024,0001,101,IT-3001,177.84,EA,1010,100046,4500091830,00040
5000000066,2024,0002,261,IT-3001,164.31,EA,2010,100046,4500091830,00040
5000000067,2024,0001,102,MRO-1002,160.05,EA,1020,100022,4500091187,00010
5000000067,2024,0002,102,MRO-1002,167.75,EA,1020,100022,4500091187,00010
5000000068,2024,0001,101,FUEL-2001,121.0,L,1020,100010,4500090358,00010
5000000069,2025,0001,102,MRO-1002,88.56,EA,2010,100028,4500090406,00010
5000000069,2025,0002,261,MRO-1002,12.43,EA,1020,100028,4500090406,00010
5000000070,2024,0001,102,IT-3001,79.07,EA,1020,100045,4500090287,00010
5000000070,2024,0002,261,IT-3001,146.52,EA,1010,100045,4500090287,00010
5000000070,2024,0003,261,IT-3001,66.69,EA,1020,100045,4500090287,00010
5000000071,2025,0001,101,FUEL-2001,188.17,L,1010,100007,4500090516,00010
5000000072,2024,0001,102,SPARE-5001,107.62,EA,2010,100015,4500091399,00010
5000000073,2025,0001,102,MRO-1001,50.2,EA,1020,100057,4500091193,00010
5000000073,2025,0002,261,MRO-1001,186.3,EA,2010,100057,4500091193,00010
5000000074,2024,0001,102,FUEL-2001,138.77,L,1010,100035,4500091881,00020
5000000075,2024,0001,101,SERV-6002,92.83,EA,1010,100018,4500091376,00010
5000000076,2024,0001,102,MRO-1001,70.07,EA,1010,100029,4500091434,00040
5000000076,2024,0002,261,MRO-1001,54.6,EA,1020,100029,4500091434,00040
5000000076,2024,0003,101,MRO-1001,85.57,EA,2010,100029,4500091434,00040
5000000077,2025,0001,102,SERV-6002,108.09,EA,1010,100040,4500091710,00010
5000000077,2025,0002,101,SERV-6002,121.74,EA,2010,100040,4500091710,00010
5000000077,2025,0003,102,SERV-6002,141.07,EA,2010,100040,4500091710,00010
5000000078,2024,0001,102,MRO-1001,116.5,EA,2010,100014,4500091090,00040
5000000079,2025,0001,261,IT-3001,24.62,EA,1010,100016,4500090970,00030
5000000079,2025,0002,101,IT-3001,71.89,EA,1020,100016,4500090970,00030
5000000079,2025,0003,261,IT-3001,174.77,EA,1010,100016,4500090970,00030
5000000080,2024,0001,101,SERV-6001,110.5,HR,1020,100025,4500091895,00010
5000000080,2024,0002,102,SERV-6001,53.08,HR,1020,100025,4500091895,00010
5000000081,2025,0001,261,SPARE-5001,138.66,EA,2010,100029,4500090074,00020
5000000081,2025,0002,261,SPARE-5001,93.58,EA,1010,100029,4500090074,00020
5000000081,2025,0003,101,SPARE-5001,74.27,EA,1020,100029,4500090074,00020
5000000082,2024,0001,261,SPARE-5001,176.42,EA,2010,100019,4500091412,00010
5000000082,2024,0002,261,SPARE-5001,98.21,EA,1010,100019,4500091412,00010
5000000083,2025,0001,261,MRO-1002,170.32,EA,1010,100059,4500090001,00030
5000000084,2024,0001,101,SPARE-5001,73.15,EA,1010,100025,4500091596,00010
5000000084,2024,0002,102,SPARE-5001,24.55,EA,2010,100025,4500091596,00010
5000000085,2024,0001,101,IT-3001,28.69,EA,2010,100000,4500090202,00010
5000000085,2024,0002,101,IT-3001,164.76,EA,1010,100000,4500090202,00010
5000000085,2024,0003,261,IT-3001,42.91,EA,1010,100000,4500090202,00010
5000000086,2024,0001,101,IT-3001,156.83,EA,1010,100017,4500090012,00010
5000000087,2024,0001,261,OFFC-4001,114.87,EA,2010,100019,4500090985,00020
5000000088,2025,0001,102,MRO-1002,101.3,EA,2010,100023,4500091137,00030
5000000089,2024,0001,261,IT-3002,154.23,EA,1020,100013,4500090090,00020
5000000089,2024,0002,102,IT-3002,185.72,EA,1020,100013,4500090090,00020
5000000090,2024,0001,101,IT-3001,164.85,EA,1010,100013,4500090915,00030
5000000091,2025,0001,101,SERV-6001,114.58,HR,1010,100046,4500091830,00030
5000000091,2025,0002,101,SERV-6001,142.88,HR,2010,100046,4500091830,00030
5000000092,2025,0001,101,MRO-1002,42.48,EA,1010,100017,4500090646,00010
5000000092,2025,0002,102,MRO-1002,159.14,EA,1020,100017,4500090646,00010
5000000093,2025,0001,102,SPARE-5001,128.13,EA,2010,100023,4500090819,00030
5000000094,2025,0001,261,MRO-1001,97.32,EA,2010,100059,4500090778,00010
5000000094,2025,0002,101,MRO-1001,41.57,EA,2010,100059,4500090778,00010
5000000095,2025,0001,102,SERV-6002,23.1,EA,2010,100028,4500090748,00030
5000000095,2025,0002,101,SERV-6002,166.56,EA,1010,100028,4500090748,00030
5000000095,2025,0003,261,SERV-6002,170.28,EA,1010,100028,4500090748,00030
5000000096,2025,0001,261,IT-3001,38.48,EA,1010,100047,4500090297,00040
5000000096,2025,0002,101,IT-3001,14.34,EA,1020,100047,4500090297,00040
5000000097,2025,0001,101,MRO-1002,132.62,EA,1010,100043,4500091507,00030
5000000097,2025,0002,261,MRO-1002,160.68,EA,1010,100043,4500091507,00030
5000000097,2025,0003,101,MRO-1002,185.16,EA,1010,100043,4500091507,00030
5000000098,2025,0001,261,MRO-1002,28.95,EA,2010,100018,4500091778,00010
5000000099,2024,0001,102,SERV-6002,62.61,EA,2010,100059,4500091160,00020
5000000099,2024,0002,101,SERV-6002,180.8,EA,2010,100059,4500091160,00020
5000000100,2024,0001,102,SERV-6002,50.55,EA,2010,100058,4500090611,00010
5000000100,2024,0002,261,SERV-6002,79.04,EA,1020,100058,4500090611,00010
5000000100,2024,0003,101,SERV-6002,133.05,EA,1010,100058,4500090611,00010
5000000101,2025,0001,101,SERV-6001,14.99,HR,2010,100057,4500091640,00020
5000000102,2025,0001,261,SERV-6002,9.83,EA,2010,100007,4500091127,00040
5000000103,2025,0001,101,OFFC-4001,104.72,EA,1020,100056,4500090077,00020
5000000103,2025,0002,261,OFFC-4001,49.06,EA,1020,100056,4500090077,00020
5000000104,2025,0001,102,MRO-1001,170.18,EA,1020,100034,4500090754,00020
5000000105,2024,0001,102,OFFC-4001,194.07,EA,1020,100019,4500090727,00020
5000000105,2024,0002,101,OFFC-4001,189.66,EA,1020,100019,4500090727,00020
5000000106,2025,0001,102,MRO-1002,78.85,EA,2010,100016,4500091773,00030
5000000106,2025,0002,261,MRO-1002,141.16,EA,1010,100016,4500091773,00030
5000000106,2025,0003,261,MRO-1002,73.08,EA,1020,100016,4500091773,00030
5000000107,2025,0001,261,FUEL-2001,184.64,L,2010,100058,4500091083,00030
5000000108,2025,0001,102,MRO-1002,98.77,EA,1010,100047,4500091190,00010
5000000108,2025,0002,101,MRO-1002,89.87,EA,1010,100047,4500091190,00010
5000000108,2025,0003,102,MRO-1002,21.86,EA,2010,100047,4500091190,00010
5000000109,2025,0001,261,SERV-6002,27.8,EA,1010,100027,4500091801,00020
5000000110,2024,0001,102,SERV-6001,155.7,HR,2010,100039,4500091478,00030
5000000111,2025,0001,101,MRO-1002,6.18,EA,1010,100030,4500091950,00040
5000000111,2025,0002,101,MRO-1002,2.24,EA,1020,100030,4500091950,00040
5000000111,2025,0003,101,MRO-1002,144.9,EA,1010,100030,4500091950,00040
5000000112,2024,0001,261,FUEL-2001,91.32,L,2010,100053,4500091594,00010
5000000113,2025,0001,101,IT-3002,32.0,EA,1010,100016,4500091115,00020
5000000113,2025,0002,102,IT-3002,12.11,EA,1010,100016,4500091115,00020
5000000114,2025,0001,261,MRO-1002,5.6,EA,1010,100004,4500091616,00010
5000000115,2024,0001,102,IT-3002,167.3,EA,2010,100045,4500090509,00030
5000000115,2024,0002,261,IT-3002,35.68,EA,1010,100045,4500090509,00030
5000000116,2024,0001,101,SERV-6002,61.28,EA,2010,100023,4500091601,00020
5000000117,2025,0001,102,MRO-1001,80.15,EA,1010,100023,4500091137,00040
5000000117,2025,0002,261,MRO-1001,190.92,EA,2010,100023,4500091137,00040
5000000118,2025,0001,101,SPARE-5001,150.39,EA,1020,100058,4500091066,00010
5000000118,2025,0002,102,SPARE-5001,183.79,EA,1020,100058,4500091066,00010
5000000119,2025,0001,102,SPARE-5001,187.1,EA,2010,100015,4500091399,00010
5000000119,2025,0002,102,SPARE-5001,109.14,EA,1020,100015,4500091399,00010
5000000120,2024,0001,102,OFFC-4001,135.72,EA,1020,100000,4500091626,00020
5000000120,2024,0002,261,OFFC-4001,1.89,EA,1010,100000,4500091626,00020
5000000120,2024,0003,261,OFFC-4001,81.96,EA,1020,100000,4500091626,00020
5000000121,2024,0001,102,SPARE-5002,14.26,EA,1020,100036,4500090171,00010
5000000121,2024,0002,261,SPARE-5002,128.59,EA,1020,100036,4500090171,00010
5000000122,2025,0001,102,MRO-1001,1.55,EA,1010,100043,4500090447,00040
5000000122,2025,0002,102,MRO-1001,53.21,EA,2010,100043,4500090447,00040
5000000122,2025,0003,102,MRO-1001,123.85,EA,1010,100043,4500090447,00040
5000000123,2024,0001,101,OFFC-4001,138.83,EA,2010,100037,4500091788,00020
5000000123,2024,0002,102,OFFC-4001,44.85,EA,2010,100037,4500091788,00020
5000000124,2025,0001,102,MRO-1001,29.3,EA,1020,100018,4500090592,00010
5000000125,2024,0001,261,SERV-6002,123.29,EA,1010,100054,4500091081,00020
5000000126,2024,0001,101,IT-3001,35.74,EA,2010,100014,4500091094,00020
5000000126,2024,0002,261,IT-3001,57.06,EA,2010,100014,4500091094,00020
5000000126,2024,0003,102,IT-3001,195.83,EA,1010,100014,4500091094,00020
5000000127,2024,0001,261,SERV-6001,93.34,HR,2010,100051,4500091611,00030
5000000127,2024,0002,102,SERV-6001,126.38,HR,1020,100051,4500091611,00030
5000000128,2024,0001,102,FUEL-2001,151.0,L,2010,100055,4500090314,00040
5000000128,2024,0002,261,FUEL-2001,48.84,L,2010,100055,4500090314,00040
5000000129,2024,0001,261,SPARE-5002,172.88,EA,1020,100019,4500091019,00020
5000000129,2024,0002,261,SPARE-5002,122.21,EA,2010,100019,4500091019,00020
5000000130,2024,0001,261,SPARE-5001,129.9,EA,2010,100035,4500090215,00010
5000000130,2024,0002,102,SPARE-5001,29.49,EA,2010,100035,4500090215,00010
5000000131,2025,0001,101,OFFC-4001,114.7,EA,1010,100028,4500091549,00010
5000000132,2025,0001,102,OFFC-4001,50.64,EA,1010,100047,4500090212,00020
5000000132,2025,0002,101,OFFC-4001,16.83,EA,2010,100047,4500090212,00020
5000000132,2025,0003,102,OFFC-4001,48.52,EA,1020,100047,4500090212,00020
5000000133,2025,0001,102,FUEL-2001,134.22,L,1020,100011,4500090082,00020
5000000134,2025,0001,261,FUEL-2001,91.0,L,2010,100054,4500091048,00040
5000000134,2025,0002,102,FUEL-2001,13.26,L,2010,100054,4500091048,00040
5000000134,2025,0003,102,FUEL-2001,123.78,L,1020,100054,4500091048,00040
5000000135,2024,0001,261,SPARE-5001,147.34,EA,1010,100000,4500091705,00020
5000000135,2024,0002,101,SPARE-5001,4.28,EA,1020,100000,4500091705,00020
5000000136,2024,0001,261,SERV-6001,38.21,HR,2010,100022,4500090524,00010
5000000137,2024,0001,261,SPARE-5001,89.15,EA,1020,100013,4500091329,00010
5000000137,2024,0002,102,SPARE-5001,7.93,EA,1020,100013,4500091329,00010
5000000138,2024,0001,101,MRO-1001,92.14,EA,1020,100003,4500091009,00020
5000000138,2024,0002,102,MRO-1001,196.3,EA,1020,100003,4500091009,00020
5000000138,2024,0003,261,MRO-1001,199.07,EA,2010,100003,4500091009,00020
5000000139,2025,0001,261,OFFC-4001,85.33,EA,1020,100021,4500090096,00030
5000000140,2024,0001,261,MRO-1001,53.25,EA,2010,100048,4500090359,00020
5000000141,2024,0001,261,MRO-1002,166.12,EA,2010,100016,4500090660,00020
5000000141,2024,0002,101,MRO-1002,97.39,EA,2010,100016,4500090660,00020
5000000142,2025,0001,102,MRO-1001,120.21,EA,2010,100016,4500090199,00020
5000000143,2025,0001,101,MRO-1002,87.56,EA,1010,100000,4500090351,00040
5000000143,2025,0002,261,MRO-1002,129.36,EA,1020,100000,4500090351,00040
5000000143,2025,0003,102,MRO-1002,25.76,EA,1010,100000,4500090351,00040
5000000144,2025,0001,101,IT-3001,6.4,EA,2010,100037,4500090546,00020
5000000144,2025,0002,102,IT-3001,73.72,EA,2010,100037,4500090546,00020
5000000144,2025,0003,261,IT-3001,155.75,EA,2010,100037,4500090546,00020
5000000145,2024,0001,102,SPARE-5002,120.58,EA,1010,100011,4500090350,00010
5000000145,2024,0002,261,SPARE-5002,69.87,EA,2010,100011,4500090350,00010
5000000145,2024,0003,261,SPARE-5002,85.2,EA,1010,100011,4500090350,00010
5000000146,2024,0001,261,MRO-1002,17.92,EA,2010,100029,4500091560,00040
5000000146,2024,0002,261,MRO-1002,147.36,EA,2010,100029,4500091560,00040
5000000146,2024,0003,261,MRO-1002,100.1,EA,1010,100029,4500091560,00040
5000000147,2025,0001,261,MRO-1002,46.87,EA,1020,100013,4500090360,00010
5000000148,2024,0001,101,SPARE-5002,19.66,EA,1010,100019,4500091993,00030
5000000149,2024,0001,261,MRO-1002,93.6,EA,1010,100039,4500090535,00010
5000000150,2024,0001,101,SPARE-5002,149.39,EA,1020,100026,4500090467,00010
5000000151,2025,0001,101,MRO-1001,35.36,EA,1010,100035,4500090134,00010
5000000151,2025,0002,261,MRO-1001,187.71,EA,1010,100035,4500090134,00010
5000000151,2025,0003,101,MRO-1001,61.74,EA,2010,100035,4500090134,00010
5000000152,2025,0001,261,MRO-1002,98.67,EA,2010,100053,4500090954,00010
5000000153,2024,0001,101,SERV-6002,160.82,EA,1010,100009,4500090315,00040
5000000153,2024,0002,102,SERV-6002,194.51,EA,2010,100009,4500090315,00040
5000000154,2025,0001,261,SPARE-5001,156.57,EA,2010,100002,4500091113,00010
5000000155,2025,0001,101,SPARE-5002,100.21,EA,2010,100000,4500090602,00010
5000000155,2025,0002,101,SPARE-5002,108.3,EA,2010,100000,4500090602,00010
5000000156,2025,0001,102,IT-3001,135.52,EA,1010,100012,4500090715,00010
5000000156,2025,0002,102,IT-3001,7.95,EA,1010,100012,4500090715,00010
5000000157,2025,0001,261,IT-3002,161.56,EA,1010,100046,4500091114,00030
5000000157,2025,0002,102,IT-3002,45.42,EA,1010,100046,4500091114,00030
5000000158,2025,0001,101,MRO-1002,152.25,EA,1010,100023,4500091137,00030
5000000158,2025,0002,101,MRO-1002,126.01,EA,1020,100023,4500091137,00030
5000000158,2025,0003,101,MRO-1002,123.03,EA,2010,100023,4500091137,00030
5000000159,2025,0001,102,MRO-1001,35.96,EA,1010,100049,4500091593,00010
5000000159,2025,0002,102,MRO-1001,190.66,EA,1010,100049,4500091593,00010
5000000160,2024,0001,101,MRO-1002,54.3,EA,1020,100040,4500090176,00010
5000000161,2024,0001,101,OFFC-4001,78.39,EA,2010,100047,4500091232,00020
5000000161,2024,0002,101,OFFC-4001,24.14,EA,2010,100047,4500091232,00020
5000000161,2024,0003,101,OFFC-4001,177.84,EA,1020,100047,4500091232,00020
5000000162,2025,0001,102,SPARE-5002,52.0,EA,2010,100040,4500090142,00010
5000000163,2025,0001,261,IT-3001,27.38,EA,2010,100053,4500091230,00010
5000000164,2025,0001,261,FUEL-2001,186.15,L,1020,100046,4500090265,00030
5000000164,2025,0002,102,FUEL-2001,55.04,L,2010,100046,4500090265,00030
5000000164,2025,0003,261,FUEL-2001,56.32,L,2010,100046,4500090265,00030
5000000165,2024,0001,261,SERV-6001,179.96,HR,1010,100046,4500091441,00010
5000000166,2024,0001,101,IT-3001,90.11,EA,1020,100042,4500090935,00010
5000000166,2024,0002,102,IT-3001,46.96,EA,1020,100042,4500090935,00010
5000000166,2024,0003,261,IT-3001,1.38,EA,1020,100042,4500090935,00010
5000000167,2024,0001,102,MRO-1002,84.71,EA,1020,100001,4500091256,00010
5000000167,2024,0002,102,MRO-1002,62.58,EA,1010,100001,4500091256,00010
5000000168,2025,0001,261,FUEL-2001,177.59,L,2010,100059,4500090949,00010
5000000169,2025,0001,102,IT-3001,173.05,EA,2010,100021,4500091750,00030
5000000169,2025,0002,261,IT-3001,46.64,EA,1010,100021,4500091750,00030
5000000170,2024,0001,102,MRO-1001,31.9,EA,1010,100031,4500090801,00030
5000000170,2024,0002,261,MRO-1001,20.49,EA,1020,100031,4500090801,00030
5000000170,2024,0003,261,MRO-1001,122.26,EA,1020,100031,4500090801,00030
5000000171,2024,0001,102,MRO-1001,97.26,EA,1010,100042,4500091111,00010
5000000171,2024,0002,261,MRO-1001,155.66,EA,1020,100042,4500091111,00010
5000000172,2025,0001,102,SPARE-5001,24.0,EA,1020,100041,4500090393,00010
5000000173,2025,0001,101,SPARE-5001,38.02,EA,1020,100057,4500090004,00020
5000000173,2025,0002,101,SPARE-5001,36.91,EA,1020,100057,4500090004,00020
5000000174,2024,0001,102,IT-3001,69.76,EA,1020,100014,4500090471,00030
5000000174,2024,0002,101,IT-3001,188.65,EA,1010,100014,4500090471,00030
5000000174,2024,0003,102,IT-3001,48.01,EA,1010,100014,4500090471,00030
5000000175,2025,0001,101,SERV-6001,46.0,HR,1020,100042,4500091947,00010
5000000175,2025,0002,101,SERV-6001,20.3,HR,1010,100042,4500091947,00010
5000000176,2024,0001,102,OFFC-4001,73.78,EA,2010,100045,4500091740,00010
5000000176,2024,0002,261,OFFC-4001,178.62,EA,1010,100045,4500091740,00010
5000000176,2024,0003,102,OFFC-4001,188.89,EA,1010,100045,4500091740,00010
5000000177,2025,0001,261,IT-3001,13.13,EA,2010,100034,4500090282,00030
5000000178,2025,0001,101,SPARE-5001,182.47,EA,2010,100013,4500091134,00010
5000000178,2025,0002,261,SPARE-5001,54.78,EA,2010,100013,4500091134,00010
5000000178,2025,0003,101,SPARE-5001,99.89,EA,2010,100013,4500091134,00010
5000000179,2024,0001,102,SERV-6002,38.75,EA,2010,100017,4500091835,00040
5000000179,2024,0002,261,SERV-6002,149.3,EA,1020,100017,4500091835,00040
5000000180,2024,0001,102,IT-3002,113.2,EA,1020,100042,4500091109,00010
5000000181,2025,0001,101,IT-3002,54.81,EA,2010,100005,4500090317,00030
5000000181,2025,0002,261,IT-3002,188.74,EA,1010,100005,4500090317,00030
5000000181,2025,0003,102,IT-3002,30.52,EA,1010,100005,4500090317,00030
5000000182,2025,0001,261,MRO-1002,193.19,EA,1020,100048,4500090105,00010
5000000182,2025,0002,101,MRO-1002,23.21,EA,1010,100048,4500090105,00010
5000000182,2025,0003,101,MRO-1002,27.62,EA,2010,100048,4500090105,00010
5000000183,2024,0001,102,MRO-1002,51.64,EA,2010,100054,4500090729,00040
5000000184,2025,0001,101,IT-3002,17.63,EA,1010,100040,4500090763,00010
5000000185,2024,0001,101,MRO-1001,10.92,EA,1020,100048,4500091197,00010
5000000185,2024,0002,101,MRO-1001,114.21,EA,2010,100048,4500091197,00010
5000000185,2024,0003,261,MRO-1001,36.65,EA,1010,100048,4500091197,00010
5000000186,2024,0001,101,SPARE-5001,88.69,EA,2010,100023,4500090908,00020
5000000187,2025,0001,261,FUEL-2001,42.89,L,1010,100022,4500091904,00010
5000000188,2024,0001,102,MRO-1002,81.73,EA,1010,100049,4500091852,00030
5000000189,2025,0001,102,MRO-1001,60.05,EA,1010,100002,4500090342,00020
5000000189,2025,0002,101,MRO-1001,93.89,EA,1020,100002,4500090342,00020
5000000190,2024,0001,102,SPARE-5001,28.39,EA,1020,100040,4500090193,00020
5000000191,2024,0001,102,MRO-1001,172.19,EA,2010,100033,4500091205,00010
5000000192,2024,0001,102,SERV-6001,198.75,HR,1010,100049,4500091140,00020
5000000192,2024,0002,261,SERV-6001,54.76,HR,1020,100049,4500091140,00020
5000000192,2024,0003,261,SERV-6001,163.59,HR,1010,100049,4500091140,00020
5000000193,2024,0001,101,FUEL-2001,172.34,L,1010,100053,4500091793,00010
5000000193,2024,0002,101,FUEL-2001,35.63,L,1010,100053,4500091793,00010
5000000194,2024,0001,101,SPARE-5001,66.71,EA,1010,100029,4500091757,00010
5000000194,2024,0002,101,SPARE-5001,28.73,EA,2010,100029,4500091757,00010
5000000195,2025,0001,101,SERV-6001,76.75,HR,1010,100033,4500091709,00020
5000000196,2024,0001,261,IT-3001,59.67,EA,2010,100037,4500091444,00010
5000000196,2024,0002,101,IT-3001,135.62,EA,1010,100037,4500091444,00010
5000000197,2025,0001,102,MRO-1002,190.79,EA,2010,100044,4500090491,00020
5000000197,2025,0002,261,MRO-1002,56.44,EA,1020,100044,4500090491,00020
5000000198,2025,0001,102,MRO-1001,71.43,EA,2010,100054,4500090713,00030
5000000198,2025,0002,101,MRO-1001,42.05,EA,1020,100054,4500090713,00030
5000000199,2024,0001,102,SERV-6002,32.68,EA,1020,100014,4500090723,00020
5000000200,2024,0001,102,SPARE-5002,182.39,EA,1020,100029,4500091434,00020
5000000201,2024,0001,101,FUEL-2001,56.22,L,1020,100019,4500091274,00020
5000000201,2024,0002,102,FUEL-2001,188.0,L,1010,100019,4500091274,00020
5000000201,2024,0003,102,FUEL-2001,145.09,L,1010,100019,4500091274,00020
5000000202,2024,0001,102,IT-3001,58.51,EA,1020,100022,4500090140,00010
5000000203,2024,0001,101,FUEL-2001,123.86,L,2010,100031,4500091744,00020
5000000203,2024,0002,102,FUEL-2001,8.96,L,2010,100031,4500091744,00020
5000000204,2024,0001,101,OFFC-4001,22.6,EA,1010,100032,4500090610,00020
5000000205,2024,0001,261,SERV-6002,74.73,EA,1010,100005,4500090395,00030
5000000205,2024,0002,101,SERV-6002,154.68,EA,2010,100005,4500090395,00030
5000000205,2024,0003,261,SERV-6002,189.72,EA,1020,100005,4500090395,00030
5000000206,2025,0001,102,MRO-1002,5.56,EA,2010,100026,4500090905,00010
5000000207,2024,0001,101,IT-3001,141.05,EA,1020,100010,4500090842,00020
5000000207,2024,0002,261,IT-3001,6.32,EA,2010,100010,4500090842,00020
5000000207,2024,0003,101,IT-3001,68.34,EA,2010,100010,4500090842,00020
5000000208,2025,0001,102,MRO-1001,64.82,EA,2010,100005,4500091208,00030
5000000208,2025,0002,261,MRO-1001,90.22,EA,2010,100005,4500091208,00030
5000000209,2025,0001,101,MRO-1002,70.54,EA,1020,100003,4500091467,00010
5000000209,2025,0002,101,MRO-1002,126.78,EA,2010,100003,4500091467,00010
5000000210,2025,0001,261,MRO-1001,34.35,EA,1020,100025,4500090189,00020
5000000210,2025,0002,102,MRO-1001,81.31,EA,1020,100025,4500090189,00020
5000000211,2025,0001,261,SPARE-5001,178.08,EA,1020,100048,4500091913,00010
5000000212,2025,0001,102,OFFC-4001,47.28,EA,2010,100051,4500091713,00020
5000000213,2024,0001,261,FUEL-2001,135.26,L,2010,100029,4500090343,00010
5000000213,2024,0002,102,FUEL-2001,75.25,L,1010,100029,4500090343,00010
5000000214,2025,0001,102,MRO-1002,96.98,EA,2010,100033,4500091968,00010
5000000214,2025,0002,261,MRO-1002,128.86,EA,2010,100033,4500091968,00010
5000000215,2024,0001,102,SPARE-5001,180.05,EA,1010,100033,4500091939,00020
5000000216,2025,0001,261,MRO-1002,77.74,EA,1020,100005,4500090026,00030
5000000216,2025,0002,101,MRO-1002,160.52,EA,2010,100005,4500090026,00030
5000000216,2025,0003,102,MRO-1002,70.82,EA,1010,100005,4500090026,00030
5000000217,2024,0001,261,SPARE-5002,49.89,EA,1010,100013,4500091198,00010
5000000217,2024,0002,101,SPARE-5002,137.12,EA,1010,100013,4500091198,00010
5000000217,2024,0003,101,SPARE-5002,58.41,EA,1020,100013,4500091198,00010
5000000218,2025,0001,261,MRO-1001,113.31,EA,2010,100043,4500090883,00030
5000000219,2024,0001,102,IT-3002,66.29,EA,1010,100042,4500090935,00020
5000000219,2024,0002,102,IT-3002,114.09,EA,2010,100042,4500090935,00020
5000000220,2024,0001,101,SERV-6002,192.1,EA,1020,100034,4500090711,00030
5000000221,2025,0001,102,OFFC-4001,6.56,EA,1020,100030,4500090251,00010
5000000221,2025,0002,101,OFFC-4001,106.28,EA,1020,100030,4500090251,00010
5000000221,2025,0003,102,OFFC-4001,118.62,EA,2010,100030,4500090251,00010
5000000222,2024,0001,101,SERV-6001,194.25,HR,1010,100013,4500091522,00010
5000000222,2024,0002,102,SERV-6001,160.59,HR,1010,100013,4500091522,00010
5000000223,2024,0001,102,OFFC-4001,185.37,EA,1010,100009,4500091462,00010
5000000223,2024,0002,101,OFFC-4001,4.23,EA,1020,100009,4500091462,00010
5000000224,2025,0001,101,MRO-1001,1.32,EA,2010,100012,4500091991,00030
5000000224,2025,0002,102,MRO-1001,11.95,EA,2010,100012,4500091991,00030
5000000225,2024,0001,261,SERV-6001,173.44,HR,2010,100015,4500090690,00030
5000000225,2024,0002,101,SERV-6001,76.21,HR,1010,100015,4500090690,00030
5000000226,2025,0001,101,IT-3002,100.43,EA,1010,100017,4500091726,00020
5000000227,2024,0001,261,SERV-6002,24.23,EA,2010,100030,4500090322,00030
5000000228,2025,0001,101,SERV-6001,169.13,HR,1010,100037,4500091291,00010
5000000228,2025,0002,101,SERV-6001,184.62,HR,1010,100037,4500091291,00010
5000000229,2025,0001,261,SERV-6002,118.02,EA,1010,100024,4500091789,00030
5000000229,2025,0002,102,SERV-6002,183.26,EA,1020,100024,4500091789,00030
5000000230,2025,0001,102,IT-3001,123.16,EA,1010,100028,4500091698,00010
5000000231,2025,0001,261,FUEL-2001,30.81,L,1010,100050,4500090263,00010
5000000232,2024,0001,261,SPARE-5001,187.44,EA,2010,100039,4500091184,00030
5000000233,2024,0001,101,SERV-6001,179.75,HR,1020,100040,4500091262,00010
5000000234,2025,0001,102,OFFC-4001,157.55,EA,2010,100055,4500090064,00030
5000000234,2025,0002,102,OFFC-4001,63.91,EA,1010,100055,4500090064,00030
5000000235,2025,0001,261,MRO-1002,192.92,EA,1010,100052,4500090506,00020
5000000235,2025,0002,102,MRO-1002,166.93,EA,1020,100052,4500090506,00020
5000000235,2025,0003,261,MRO-1002,105.45,EA,1020,100052,4500090506,00020
5000000236,2025,0001,101,MRO-1002,59.59,EA,1020,100057,4500091526,00010
5000000237,2024,0001,101,SPARE-5001,23.96,EA,1020,100040,4500090450,00020
5000000238,2024,0001,261,OFFC-4001,192.38,EA,1010,100051,4500091045,00010
5000000239,2024,0001,101,MRO-1001,123.51,EA,2010,100027,4500090007,00010
5000000239,2024,0002,101,MRO-1001,3.85,EA,1010,100027,4500090007,00010
5000000239,2024,0003,261,MRO-1001,83.65,EA,1020,100027,4500090007,00010
5000000240,2024,0001,261,SPARE-5002,149.37,EA,2010,100003,4500091510,00020
5000000241,2024,0001,102,IT-3001,122.82,EA,1010,100035,4500090033,00030
5000000242,2025,0001,102,IT-3002,151.77,EA,1020,100054,4500090102,00020
5000000242,2025,0002,101,IT-3002,113.96,EA,1010,100054,4500090102,00020
5000000243,2025,0001,102,MRO-1002,169.02,EA,2010,100016,4500090505,00020
5000000243,2025,0002,101,MRO-1002,181.48,EA,2010,100016,4500090505,00020
5000000243,2025,0003,101,MRO-1002,52.15,EA,2010,100016,4500090505,00020
5000000244,2024,0001,102,OFFC-4001,173.12,EA,1020,100029,4500091612,00010
5000000244,2024,0002,261,OFFC-4001,100.92,EA,1020,100029,4500091612,00010
5000000244,2024,0003,261,OFFC-4001,61.63,EA,1020,100029,4500091612,00010
5000000245,2024,0001,261,FUEL-2001,90.59,L,1020,100050,4500091125,00010
5000000245,2024,0002,101,FUEL-2001,51.68,L,1020,100050,4500091125,00010
5000000245,2024,0003,261,FUEL-2001,149.53,L,1010,100050,4500091125,00010
5000000246,2025,0001,101,SERV-6002,161.36,EA,1020,100052,4500090562,00010
5000000247,2025,0001,102,SPARE-5001,172.39,EA,2010,100048,4500091394,00020
5000000248,2025,0001,261,SERV-6001,55.75,HR,1010,100040,4500090938,00020
5000000248,2025,0002,101,SERV-6001,178.55,HR,1010,100040,4500090938,00020
5000000249,2024,0001,102,IT-3002,83.73,EA,2010,100013,4500090090,00020
5000000250,2024,0001,101,IT-3001,196.06,EA,1020,100053,4500090954,00020
5000000251,2025,0001,102,FUEL-2001,103.42,L,1010,100041,4500091089,00010
5000000251,2025,0002,101,FUEL-2001,155.06,L,2010,100041,4500091089,00010
5000000252,2025,0001,261,SERV-6002,74.35,EA,2010,100057,4500091957,00010
5000000252,2025,0002,261,SERV-6002,30.6,EA,1010,100057,4500091957,00010
5000000253,2025,0001,101,SERV-6001,47.32,HR,2010,100055,4500090707,00020
5000000254,2025,0001,261,SPARE-5001,91.93,EA,1010,100057,4500091526,00020
5000000254,2025,0002,101,SPARE-5001,182.93,EA,1010,100057,4500091526,00020
5000000255,2025,0001,102,FUEL-2001,167.71,L,1010,100054,4500090370,00040
5000000255,2025,0002,101,FUEL-2001,71.38,L,2010,100054,4500090370,00040
5000000255,2025,0003,102,FUEL-2001,32.93,L,1010,100054,4500090370,00040
5000000256,2024,0001,101,IT-3002,115.79,EA,1010,100022,4500090361,00010
5000000256,2024,0002,102,IT-3002,41.2,EA,2010,100022,4500090361,00010
5000000257,2025,0001,102,SPARE-5002,164.23,EA,2010,100007,4500091466,00020
5000000257,2025,0002,101,SPARE-5002,25.03,EA,1020,100007,4500091466,00020
5000000258,2024,0001,101,SERV-6002,129.25,EA,1020,100053,4500090207,00020
5000000259,2024,0001,102,SPARE-5002,45.83,EA,1010,100032,4500090957,00010
5000000259,2024,0002,261,SPARE-5002,75.64,EA,1020,100032,4500090957,00010
5000000260,2024,0001,101,IT-3001,111.17,EA,2010,100042,4500091853,00030
5000000260,2024,0002,261,IT-3001,35.45,EA,1010,100042,4500091853,00030
5000000260,2024,0003,101,IT-3001,174.4,EA,1020,100042,4500091853,00030
5000000261,2025,0001,102,OFFC-4001,50.05,EA,2010,100037,4500091362,00010
5000000262,2024,0001,102,SPARE-5001,22.65,EA,1010,100016,4500090199,00010
5000000263,2025,0001,101,IT-3001,7.12,EA,1020,100030,4500091415,00010
5000000263,2025,0002,261,IT-3001,198.97,EA,1020,100030,4500091415,00010
5000000263,2025,0003,261,IT-3001,76.91,EA,1010,100030,4500091415,00010
5000000264,2025,0001,261,SPARE-5001,174.54,EA,1010,100043,4500090909,00010
5000000264,2025,0002,102,SPARE-5001,99.95,EA,2010,100043,4500090909,00010
5000000264,2025,0003,261,SPARE-5001,27.74,EA,2010,100043,4500090909,00010
5000000265,2025,0001,261,FUEL-2001,57.59,L,1020,100011,4500091945,00020
5000000265,2025,0002,102,FUEL-2001,49.98,L,2010,100011,4500091945,00020
5000000266,2024,0001,261,SERV-6001,97.38,HR,1010,100059,4500090950,00010
5000000266,2024,0002,261,SERV-6001,61.73,HR,2010,100059,4500090950,00010
5000000266,2024,0003,102,SERV-6001,182.59,HR,2010,100059,4500090950,00010
5000000267,2025,0001,102,SPARE-5002,138.69,EA,1010,100023,4500091928,00020
5000000267,2025,0002,261,SPARE-5002,130.59,EA,1020,100023,4500091928,00020
5000000268,2024,0001,261,SERV-6001,118.72,HR,1020,100046,4500090488,00020
5000000268,2024,0002,101,SERV-6001,22.79,HR,1020,100046,4500090488,00020
5000000269,2025,0001,261,IT-3002,148.04,EA,2010,100045,4500091457,00020
5000000270,2025,0001,101,IT-3002,195.32,EA,1020,100054,4500090102,00020
5000000270,2025,0002,261,IT-3002,36.17,EA,1010,100054,4500090102,00020
5000000271,2025,0001,261,SPARE-5001,134.66,EA,1010,100040,4500090757,00020
5000000272,2025,0001,101,SPARE-5001,173.4,EA,1020,100030,4500091132,00010
5000000272,2025,0002,102,SPARE-5001,138.95,EA,1020,100030,4500091132,00010
5000000272,2025,0003,102,SPARE-5001,133.97,EA,1010,100030,4500091132,00010
5000000273,2024,0001,102,SERV-6002,106.64,EA,1020,100057,4500090339,00010
5000000273,2024,0002,101,SERV-6002,25.48,EA,1010,100057,4500090339,00010
5000000274,2024,0001,101,SPARE-5002,133.74,EA,1020,100001,4500090376,00030
5000000274,2024,0002,261,SPARE-5002,40.03,EA,1010,100001,4500090376,00030
5000000275,2025,0001,102,SPARE-5001,18.22,EA,1020,100053,4500090954,00030
5000000276,2024,0001,102,SERV-6001,14.91,HR,1010,100055,4500091893,00010
5000000276,2024,0002,101,SERV-6001,65.41,HR,2010,100055,4500091893,00010
5000000276,2024,0003,261,SERV-6001,43.93,HR,2010,100055,4500091893,00010
5000000277,2025,0001,102,MRO-1002,108.16,EA,1010,100046,4500091680,00020
5000000277,2025,0002,102,MRO-1002,87.21,EA,2010,100046,4500091680,00020
5000000278,2024,0001,261,IT-3002,155.97,EA,1010,100053,4500091585,00010
5000000279,2024,0001,261,MRO-1002,123.66,EA,2010,100016,4500091409,00010
5000000279,2024,0002,102,MRO-1002,132.53,EA,2010,100016,4500091409,00010
5000000279,2024,0003,261,MRO-1002,141.03,EA,2010,100016,4500091409,00010
5000000280,2024,0001,102,SERV-6002,21.48,EA,1010,100035,4500090952,00020
5000000280,2024,0002,102,SERV-6002,131.8,EA,1010,100035,4500090952,00020
5000000281,2025,0001,102,SPARE-5002,75.72,EA,2010,100017,4500090154,00010
5000000282,2025,0001,261,MRO-1002,63.43,EA,2010,100015,4500090335,00010
5000000282,2025,0002,102,MRO-1002,104.08,EA,2010,100015,4500090335,00010
5000000282,2025,0003,102,MRO-1002,58.97,EA,1020,100015,4500090335,00010
5000000283,2025,0001,101,SPARE-5001,18.34,EA,1020,100039,4500090925,00020
5000000284,2024,0001,261,FUEL-2001,168.76,L,1010,100018,4500091778,00030
5000000284,2024,0002,261,FUEL-2001,9.22,L,2010,100018,4500091778,00030
5000000285,2025,0001,101,OFFC-4001,137.26,EA,2010,100053,4500090030,00030
5000000286,2025,0001,261,MRO-1001,18.7,EA,1020,100059,4500090394,00020
5000000286,2025,0002,102,MRO-1001,19.56,EA,2010,100059,4500090394,00020
5000000286,2025,0003,101,MRO-1001,167.47,EA,2010,100059,4500090394,00020
5000000287,2025,0001,261,FUEL-2001,134.36,L,2010,100024,4500090766,00020
5000000288,2025,0001,101,SPARE-5001,1.79,EA,2010,100010,4500090936,00010
5000000289,2025,0001,102,OFFC-4001,94.31,EA,1020,100039,4500090948,00020
5000000289,2025,0002,101,OFFC-4001,130.0,EA,1020,100039,4500090948,00020
5000000289,2025,0003,102,OFFC-4001,164.54,EA,2010,100039,4500090948,00020
5000000290,2025,0001,102,SPARE-5001,49.65,EA,1010,100030,4500091132,00010
5000000291,2024,0001,101,SPARE-5001,67.17,EA,2010,100020,4500091200,00030
5000000292,2024,0001,101,IT-3001,91.19,EA,1010,100002,4500091152,00020
5000000292,2024,0002,101,IT-3001,165.63,EA,1020,100002,4500091152,00020
5000000293,2024,0001,101,FUEL-2001,187.33,L,2010,100022,4500090076,00010
5000000293,2024,0002,261,FUEL-2001,135.08,L,1010,100022,4500090076,00010
5000000294,2025,0001,101,MRO-1002,189.77,EA,1020,100042,4500091688,00010
5000000294,2025,0002,261,MRO-1002,123.64,EA,1020,100042,4500091688,00010
5000000295,2025,0001,102,FUEL-2001,99.79,L,1010,100012,4500091131,00010
5000000295,2025,0002,261,FUEL-2001,142.12,L,1010,100012,4500091131,00010
5000000296,2025,0001,261,SPARE-5002,87.75,EA,1020,100022,4500090583,00020
5000000297,2025,0001,101,SPARE-5001,2.06,EA,1010,100051,4500091685,00020
5000000298,2025,0001,102,OFFC-4001,22.03,EA,2010,100058,4500091813,00010
5000000298,2025,0002,101,OFFC-4001,106.7,EA,2010,100058,4500091813,00010
5000000298,2025,0003,101,OFFC-4001,118.89,EA,2010,100058,4500091813,00010
5000000299,2025,0001,261,SERV-6002,19.92,EA,2010,100054,4500091901,00020
5000000300,2025,0001,261,OFFC-4001,96.1,EA,2010,100030,4500091882,00010
5000000300,2025,0002,101,OFFC-4001,20.17,EA,1020,100030,4500091882,00010
5000000300,2025,0003,101,OFFC-4001,20.37,EA,2010,100030,4500091882,00010
5000000301,2024,0001,261,SPARE-5002,2.58,EA,2010,100004,4500090240,00030
5000000301,2024,0002,101,SPARE-5002,193.08,EA,1020,100004,4500090240,00030
5000000302,2025,0001,102,IT-3002,27.1,EA,2010,100046,4500091441,00040
5000000303,2024,0001,261,FUEL-2001,22.36,L,1020,100039,4500090278,00020
5000000304,2024,0001,101,SERV-6001,16.46,HR,1010,100010,4500091433,00020
5000000304,2024,0002,261,SERV-6001,153.78,HR,1020,100010,4500091433,00020
5000000305,2025,0001,101,SERV-6001,142.93,HR,2010,100040,4500090938,00020
5000000305,2025,0002,102,SERV-6001,135.6,HR,1020,100040,4500090938,00020
5000000306,2025,0001,101,MRO-1002,190.54,EA,1020,100055,4500090587,00020
5000000306,2025,0002,261,MRO-1002,74.61,EA,1010,100055,4500090587,00020
5000000306,2025,0003,261,MRO-1002,175.75,EA,1020,100055,4500090587,00020
5000000307,2025,0001,102,FUEL-2001,43.69,L,1010,100003,4500091435,00010
5000000308,2024,0001,261,IT-3001,138.95,EA,1020,100012,4500091489,00020
5000000308,2024,0002,101,IT-3001,107.47,EA,2010,100012,4500091489,00020
5000000309,2024,0001,101,SPARE-5001,41.14,EA,1020,100038,4500090633,00010
5000000310,2025,0001,261,MRO-1001,88.75,EA,1020,100006,4500090037,00010
5000000310,2025,0002,102,MRO-1001,129.5,EA,1020,100006,4500090037,00010
5000000310,2025,0003,102,MRO-1001,140.27,EA,1020,100006,4500090037,00010
5000000311,2025,0001,261,SPARE-5001,196.14,EA,2010,100030,4500090814,00010
5000000312,2024,0001,261,IT-3002,109.12,EA,1020,100031,4500090572,00030
5000000312,2024,0002,102,IT-3002,56.62,EA,1010,100031,4500090572,00030
5000000313,2024,0001,101,FUEL-2001,62.76,L,2010,100015,4500091146,00040
5000000314,2024,0001,261,MRO-1001,84.21,EA,2010,100003,4500091239,00020
5000000314,2024,0002,102,MRO-1001,138.26,EA,1010,100003,4500091239,00020
5000000315,2024,0001,102,OFFC-4001,16.56,EA,1020,100037,4500091788,00020
5000000315,2024,0002,101,OFFC-4001,33.9,EA,2010,100037,4500091788,00020
5000000316,2025,0001,101,IT-3001,6.08,EA,1020,100035,4500090761,00030
5000000316,2025,0002,102,IT-3001,165.57,EA,1010,100035,4500090761,00030
5000000317,2025,0001,102,FUEL-2001,73.97,L,1010,100010,4500091996,00010
5000000317,2025,0002,261,FUEL-2001,154.89,L,1020,100010,4500091996,00010
5000000318,2025,0001,102,MRO-1001,88.68,EA,2010,100000,4500091630,00020
5000000319,2024,0001,261,IT-3001,179.3,EA,2010,100053,4500091594,00030
5000000320,2024,0001,261,SERV-6001,154.64,HR,1010,100005,4500091831,00040
5000000321,2024,0001,101,SERV-6002,134.58,EA,1020,100000,4500091705,00010
5000000322,2025,0001,261,SPARE-5001,37.45,EA,2010,100047,4500090113,00010
5000000322,2025,0002,261,SPARE-5001,23.56,EA,1020,100047,4500090113,00010
5000000322,2025,0003,101,SPARE-5001,137.81,EA,1010,100047,4500090113,00010
5000000323,2024,0001,102,SPARE-5001,79.52,EA,1020,100021,4500090174,00010
5000000323,2024,0002,261,SPARE-5001,72.57,EA,2010,100021,4500090174,00010
5000000324,2024,0001,261,FUEL-2001,124.82,L,2010,100032,4500090858,00030
5000000324,2024,0002,261,FUEL-2001,102.89,L,1020,100032,4500090858,00030
5000000324,2024,0003,102,FUEL-2001,170.86,L,2010,100032,4500090858,00030
5000000325,2025,0001,261,OFFC-4001,95.94,EA,1010,100006,4500091608,00020
5000000325,2025,0002,102,OFFC-4001,174.89,EA,1010,100006,4500091608,00020
5000000325,2025,0003,102,OFFC-4001,183.56,EA,2010,100006,4500091608,00020
5000000326,2024,0001,261,MRO-1002,141.99,EA,1010,100053,4500090954,00010
5000000326,2024,0002,101,MRO-1002,128.08,EA,2010,100053,4500090954,00010
5000000327,2024,0001,102,SPARE-5001,134.45,EA,1020,100007,4500091155,00010
5000000328,2025,0001,101,IT-3001,5.15,EA,1010,100026,4500091282,00040
5000000329,2025,0001,101,IT-3001,199.21,EA,1020,100030,4500091259,00020
5000000329,2025,0002,101,IT-3001,53.04,EA,1010,100030,4500091259,00020
5000000329,2025,0003,102,IT-3001,151.23,EA,1010,100030,4500091259,00020
5000000330,2025,0001,101,MRO-1002,68.12,EA,2010,100049,4500091450,00030
5000000331,2025,0001,101,IT-3001,142.69,EA,2010,100034,4500090912,00010
5000000332,2024,0001,261,SPARE-5001,54.82,EA,2010,100002,4500091864,00040
5000000333,2024,0001,102,SPARE-5001,154.78,EA,1010,100024,4500091857,00020
5000000334,2025,0001,101,MRO-1002,29.55,EA,2010,100035,4500091711,00010
5000000334,2025,0002,102,MRO-1002,82.82,EA,1020,100035,4500091711,00010
5000000335,2024,0001,102,IT-3001,126.57,EA,1020,100044,4500090491,00010
5000000335,2024,0002,101,IT-3001,198.61,EA,2010,100044,4500090491,00010
5000000336,2025,0001,101,FUEL-2001,186.97,L,2010,100055,4500090728,00010
5000000336,2025,0002,261,FUEL-2001,39.04,L,1020,100055,4500090728,00010
5000000336,2025,0003,261,FUEL-2001,164.8,L,2010,100055,4500090728,00010
5000000337,2025,0001,101,IT-3002,36.47,EA,1010,100045,4500091883,00030
5000000338,2025,0001,101,MRO-1002,194.5,EA,1010,100048,4500090105,00010
5000000338,2025,0002,101,MRO-1002,56.65,EA,2010,100048,4500090105,00010
5000000339,2024,0001,101,OFFC-4001,159.85,EA,2010,100009,4500091474,00040
5000000340,2024,0001,101,IT-3001,62.95,EA,1020,100025,4500090795,00010
5000000340,2024,0002,261,IT-3001,88.53,EA,2010,100025,4500090795,00010
5000000340,2024,0003,261,IT-3001,179.82,EA,1020,100025,4500090795,00010
5000000341,2025,0001,261,SERV-6002,163.1,EA,2010,100013,4500090521,00040
5000000341,2025,0002,102,SERV-6002,145.79,EA,2010,100013,4500090521,00040
5000000341,2025,0003,261,SERV-6002,36.35,EA,1010,100013,4500090521,00040
5000000342,2024,0001,101,MRO-1002,17.1,EA,1020,100027,4500090334,00020
5000000342,2024,0002,101,MRO-1002,180.68,EA,1020,100027,4500090334,00020
5000000342,2024,0003,101,MRO-1002,146.68,EA,1020,100027,4500090334,00020
5000000343,2024,0001,102,MRO-1002,137.8,EA,2010,100051,4500091858,00020
5000000344,2025,0001,261,SERV-6001,194.79,HR,1020,100047,4500090887,00010
5000000344,2025,0002,101,SERV-6001,122.46,HR,1020,100047,4500090887,00010
5000000344,2025,0003,101,SERV-6001,96.8,HR,1020,100047,4500090887,00010
5000000345,2024,0001,261,SERV-6001,180.45,HR,1020,100022,4500091145,00040
5000000345,2024,0002,261,SERV-6001,87.74,HR,1010,100022,4500091145,00040
5000000345,2024,0003,102,SERV-6001,102.79,HR,2010,100022,4500091145,00040
5000000346,2024,0001,101,SPARE-5002,14.1,EA,2010,100007,4500091466,00020
5000000347,2025,0001,102,IT-3001,144.54,EA,1020,100006,4500091868,00020
5000000347,2025,0002,101,IT-3001,133.51,EA,1020,100006,4500091868,00020
5000000348,2024,0001,102,SERV-6001,155.2,HR,2010,100021,4500090034,00020
5000000348,2024,0002,102,SERV-6001,61.91,HR,1010,100021,4500090034,00020
5000000348,2024,0003,102,SERV-6001,101.65,HR,1020,100021,4500090034,00020
5000000349,2024,0001,261,SPARE-5001,99.9,EA,2010,100023,4500090634,00030
5000000349,2024,0002,101,SPARE-5001,84.59,EA,1020,100023,4500090634,00030
5000000349,2024,0003,102,SPARE-5001,179.72,EA,1020,100023,4500090634,00030
5000000350,2024,0001,261,IT-3002,83.51,EA,2010,100036,4500091848,00020
5000000350,2024,0002,261,IT-3002,164.92,EA,1020,100036,4500091848,00020
5000000350,2024,0003,261,IT-3002,130.57,EA,1020,100036,4500091848,00020
5000000351,2025,0001,101,SERV-6002,144.62,EA,1010,100017,4500090873,00030
5000000352,2024,0001,261,OFFC-4001,137.32,EA,1020,100046,4500090536,00010
5000000353,2024,0001,102,SERV-6001,97.34,HR,2010,100058,4500091201,00010
5000000353,2024,0002,102,SERV-6001,177.48,HR,1010,100058,4500091201,00010
5000000354,2025,0001,101,SPARE-5002,4.6,EA,2010,100033,4500090011,00040
5000000354,2025,0002,101,SPARE-5002,45.28,EA,1010,100033,4500090011,00040
5000000355,2024,0001,102,SERV-6001,16.13,HR,1010,100044,4500090558,00010
5000000356,2024,0001,101,SERV-6002,114.83,EA,1020,100000,4500091377,00030
5000000356,2024,0002,102,SERV-6002,193.57,EA,2010,100000,4500091377,00030
5000000356,2024,0003,261,SERV-6002,89.26,EA,1010,100000,4500091377,00030
5000000357,2025,0001,101,FUEL-2001,29.95,L,2010,100053,4500090927,00030
5000000357,2025,0002,102,FUEL-2001,98.77,L,1020,100053,4500090927,00030
5000000358,2024,0001,261,MRO-1001,12.82,EA,1010,100027,4500090007,00010
5000000358,2024,0002,101,MRO-1001,10.74,EA,1020,100027,4500090007,00010
5000000358,2024,0003,102,MRO-1001,105.6,EA,2010,100027,4500090007,00010
5000000359,2025,0001,261,OFFC-4001,92.51,EA,2010,100004,4500091732,00010
5000000360,2025,0001,101,OFFC-4001,131.95,EA,2010,100040,4500090763,00030
5000000360,2025,0002,101,OFFC-4001,151.41,EA,2010,100040,4500090763,00030
5000000360,2025,0003,101,OFFC-4001,49.91,EA,1010,100040,4500090763,00030
5000000361,2025,0001,261,SERV-6002,159.5,EA,2010,100023,4500090634,00020
5000000361,2025,0002,261,SERV-6002,158.39,EA,1010,100023,4500090634,00020
5000000361,2025,0003,102,SERV-6002,103.03,EA,1020,100023,4500090634,00020
5000000362,2025,0001,102,SERV-6001,36.93,HR,1010,100010,4500090675,00030
5000000362,2025,0002,101,SERV-6001,67.19,HR,1020,100010,4500090675,00030
5000000363,2025,0001,261,SERV-6001,195.01,HR,1010,100013,4500091971,00010
5000000363,2025,0002,261,SERV-6001,126.73,HR,1010,100013,4500091971,00010
5000000364,2025,0001,261,OFFC-4001,51.87,EA,2010,100058,4500090366,00010
5000000364,2025,0002,102,OFFC-4001,7.07,EA,1010,100058,4500090366,00010
5000000365,2025,0001,261,SPARE-5001,79.53,EA,1010,100029,4500090671,00020
5000000366,2024,0001,261,OFFC-4001,18.55,EA,1010,100028,4500090497,00010
5000000367,2024,0001,102,FUEL-2001,192.4,L,2010,100008,4500091469,00010
5000000367,2024,0002,261,FUEL-2001,46.56,L,2010,100008,4500091469,00010
5000000367,2024,0003,102,FUEL-2001,15.97,L,1010,100008,4500091469,00010
5000000368,2024,0001,102,OFFC-4001,100.77,EA,2010,100057,4500091989,00040
5000000368,2024,0002,261,OFFC-4001,46.31,EA,1010,100057,4500091989,00040
5000000369,2024,0001,261,IT-3002,85.47,EA,1020,100058,4500091180,00030
5000000370,2024,0001,101,SERV-6002,56.65,EA,2010,100048,4500090455,00020
5000000371,2024,0001,261,SERV-6001,107.77,HR,2010,100046,4500091545,00020
5000000372,2025,0001,101,IT-3001,29.1,EA,1020,100051,4500090354,00010
5000000373,2024,0001,102,SPARE-5001,93.95,EA,1010,100028,4500090069,00030
5000000374,2025,0001,261,SERV-6001,140.23,HR,1020,100009,4500091959,00020
5000000374,2025,0002,101,SERV-6001,3.24,HR,1010,100009,4500091959,00020
5000000375,2025,0001,261,IT-3002,130.02,EA,2010,100023,4500091815,00010
5000000376,2025,0001,261,SERV-6002,162.55,EA,2010,100008,4500091156,00040
5000000376,2025,0002,102,SERV-6002,87.3,EA,2010,100008,4500091156,00040
5000000376,2025,0003,261,SERV-6002,114.12,EA,2010,100008,4500091156,00040
5000000377,2025,0001,101,IT-3002,174.38,EA,2010,100026,4500090861,00010
5000000377,2025,0002,101,IT-3002,62.78,EA,1020,100026,4500090861,00010
5000000378,2024,0001,102,MRO-1001,45.91,EA,1020,100013,4500090716,00010
5000000378,2024,0002,102,MRO-1001,47.74,EA,1020,100013,4500090716,00010
5000000379,2025,0001,101,SERV-6002,97.98,EA,2010,100019,4500090953,00020
5000000379,2025,0002,261,SERV-6002,121.43,EA,1020,100019,4500090953,00020
5000000379,2025,0003,102,SERV-6002,29.34,EA,1010,100019,4500090953,00020
5000000380,2025,0001,261,SERV-6002,17.83,EA,1020,100054,4500090459,00010
5000000380,2025,0002,101,SERV-6002,48.15,EA,1010,100054,4500090459,00010
5000000380,2025,0003,101,SERV-6002,30.4,EA,1010,100054,4500090459,00010
5000000381,2024,0001,102,SPARE-5001,161.18,EA,2010,100046,4500090442,00010
5000000381,2024,0002,102,SPARE-5001,153.03,EA,2010,100046,4500090442,00010
5000000382,2025,0001,101,SPARE-5002,51.18,EA,1010,100029,4500091434,00020
5000000382,2025,0002,261,SPARE-5002,76.09,EA,2010,100029,4500091434,00020
5000000383,2024,0001,101,OFFC-4001,100.09,EA,1010,100053,4500090030,00030
5000000384,2024,0001,102,IT-3001,106.42,EA,1020,100011,4500090179,00010
5000000384,2024,0002,261,IT-3001,44.59,EA,2010,100011,4500090179,00010
5000000385,2025,0001,102,IT-3001,188.83,EA,1020,100016,4500090505,00030
5000000385,2025,0002,101,IT-3001,43.21,EA,1010,100016,4500090505,00030
5000000386,2024,0001,101,SERV-6002,38.72,EA,2010,100032,4500090310,00020
5000000386,2024,0002,261,SERV-6002,75.35,EA,1010,100032,4500090310,00020
5000000387,2024,0001,101,SERV-6002,48.46,EA,1010,100013,4500091461,00030
5000000388,2024,0001,101,IT-3002,70.5,EA,2010,100047,4500091032,00020
5000000388,2024,0002,261,IT-3002,153.01,EA,2010,100047,4500091032,00020
5000000389,2025,0001,102,SERV-6002,180.79,EA,2010,100017,4500091209,00010
5000000390,2025,0001,101,OFFC-4001,141.28,EA,2010,100035,4500090204,00020
5000000390,2025,0002,261,OFFC-4001,23.5,EA,1020,100035,4500090204,00020
5000000391,2025,0001,261,IT-3002,46.61,EA,2010,100013,4500090615,00020
5000000391,2025,0002,101,IT-3002,14.78,EA,1020,100013,4500090615,00020
5000000391,2025,0003,101,IT-3002,109.5,EA,2010,100013,4500090615,00020
5000000392,2025,0001,261,FUEL-2001,115.68,L,1010,100022,4500091904,00010
5000000393,2025,0001,102,SERV-6001,29.76,HR,2010,100047,4500090023,00020
5000000394,2024,0001,101,SPARE-5001,149.07,EA,2010,100038,4500091171,00020
5000000394,2024,0002,101,SPARE-5001,30.8,EA,1020,100038,4500091171,00020
5000000394,2024,0003,101,SPARE-5001,53.27,EA,2010,100038,4500091171,00020
5000000395,2024,0001,102,SPARE-5001,123.04,EA,2010,100057,4500091790,00010
5000000395,2024,0002,101,SPARE-5001,110.04,EA,1020,100057,4500091790,00010
5000000396,2025,0001,102,SPARE-5002,71.29,EA,1020,100034,4500090877,00020
5000000396,2025,0002,102,SPARE-5002,14.81,EA,1010,100034,4500090877,00020
5000000396,2025,0003,102,SPARE-5002,128.65,EA,1010,100034,4500090877,00020
5000000397,2024,0001,102,IT-3002,8.35,EA,1020,100056,4500091217,00040
5000000397,2024,0002,102,IT-3002,31.48,EA,1010,100056,4500091217,00040
5000000397,2024,0003,261,IT-3002,10.41,EA,1020,100056,4500091217,00040
5000000398,2025,0001,261,IT-3001,78.88,EA,1010,100026,4500091282,00040
5000000398,2025,0002,102,IT-3001,3.09,EA,1010,100026,4500091282,00040
5000000399,2025,0001,101,SPARE-5002,83.99,EA,2010,100040,4500090450,00030
5000000399,2025,0002,102,SPARE-5002,172.09,EA,1020,100040,4500090450,00030
5000000400,2025,0001,261,MRO-1002,5.14,EA,2010,100050,4500090180,00020
5000000400,2025,0002,102,MRO-1002,129.14,EA,2010,100050,4500090180,00020
5000000401,2024,0001,261,SERV-6001,140.21,HR,1010,100002,4500091497,00010
5000000401,2024,0002,261,SERV-6001,20.15,HR,2010,100002,4500091497,00010
5000000402,2024,0001,261,MRO-1001,168.82,EA,1010,100032,4500091001,00030
5000000403,2024,0001,261,IT-3002,146.65,EA,1020,100013,4500090615,00020
5000000403,2024,0002,101,IT-3002,118.91,EA,1010,100013,4500090615,00020
5000000403,2024,0003,101,IT-3002,91.66,EA,1020,100013,4500090615,00020
5000000404,2024,0001,261,OFFC-4001,130.81,EA,1010,100025,4500091625,00010
5000000404,2024,0002,101,OFFC-4001,21.04,EA,2010,100025,4500091625,00010
5000000405,2024,0001,101,SPARE-5001,47.68,EA,1020,100006,4500091899,00020
5000000405,2024,0002,101,SPARE-5001,198.41,EA,2010,100006,4500091899,00020
5000000405,2024,0003,101,SPARE-5001,156.77,EA,1010,100006,4500091899,00020
5000000406,2025,0001,102,SERV-6001,74.63,HR,1010,100047,4500090023,00020
5000000407,2024,0001,102,IT-3001,44.16,EA,1010,100031,4500090801,00020
5000000407,2024,0002,261,IT-3001,176.53,EA,2010,100031,4500090801,00020
5000000408,2024,0001,102,MRO-1002,81.28,EA,2010,100049,4500091450,00030
5000000408,2024,0002,102,MRO-1002,83.37,EA,2010,100049,4500091450,00030
5000000409,2025,0001,101,SERV-6001,143.39,HR,2010,100033,4500090110,00010
5000000410,2025,0001,101,OFFC-4001,66.2,EA,1020,100030,4500091882,00010
5000000410,2025,0002,101,OFFC-4001,182.66,EA,1020,100030,4500091882,00010
5000000410,2025,0003,102,OFFC-4001,44.95,EA,2010,100030,4500091882,00010
5000000411,2024,0001,102,IT-3001,124.58,EA,2010,100041,4500091089,00020
5000000411,2024,0002,102,IT-3001,124.23,EA,2010,100041,4500091089,00020
5000000412,2025,0001,261,MRO-1001,151.78,EA,2010,100002,4500090342,00020
5000000412,2025,0002,101,MRO-1001,191.08,EA,1020,100002,4500090342,00020
5000000413,2024,0001,101,OFFC-4001,91.37,EA,1010,100015,4500091399,00020
5000000413,2024,0002,101,OFFC-4001,173.67,EA,1020,100015,4500091399,00020
5000000414,2024,0001,102,MRO-1001,107.73,EA,1020,100041,4500091186,00040
5000000414,2024,0002,102,MRO-1001,171.48,EA,1020,100041,4500091186,00040
5000000415,2024,0001,102,MRO-1002,186.3,EA,1020,100056,4500091088,00020
5000000416,2024,0001,261,MRO-1002,10.06,EA,2010,100041,4500091391,00030
5000000416,2024,0002,101,MRO-1002,55.83,EA,1010,100041,4500091391,00030
5000000416,2024,0003,101,MRO-1002,178.92,EA,2010,100041,4500091391,00030
5000000417,2025,0001,102,MRO-1002,194.53,EA,2010,100034,4500090329,00020
5000000417,2025,0002,102,MRO-1002,123.17,EA,1010,100034,4500090329,00020
5000000418,2025,0001,101,SERV-6002,110.18,EA,1010,100017,4500091726,00010
5000000418,2025,0002,102,SERV-6002,44.37,EA,1020,100017,4500091726,00010
5000000419,2025,0001,101,FUEL-2001,18.25,L,1020,100031,4500091764,00010
5000000420,2025,0001,102,SPARE-5002,23.62,EA,1010,100034,4500090264,00030
5000000420,2025,0002,102,SPARE-5002,179.44,EA,1010,100034,4500090264,00030
5000000421,2025,0001,102,SPARE-5002,91.79,EA,2010,100013,4500091590,00010
5000000421,2025,0002,101,SPARE-5002,89.68,EA,2010,100013,4500091590,00010
5000000422,2024,0001,102,FUEL-2001,16.15,L,2010,100043,4500090568,00010
5000000422,2024,0002,102,FUEL-2001,111.96,L,1010,100043,4500090568,00010
5000000423,2025,0001,101,SPARE-5001,24.9,EA,2010,100012,4500091131,00020
5000000423,2025,0002,261,SPARE-5001,150.5,EA,2010,100012,4500091131,00020
5000000423,2025,0003,261,SPARE-5001,136.48,EA,1020,100012,4500091131,00020
5000000424,2025,0001,101,IT-3001,173.19,EA,1010,100054,4500090047,00020
5000000424,2025,0002,261,IT-3001,95.86,EA,2010,100054,4500090047,00020
5000000425,2024,0001,102,MRO-1001,88.42,EA,2010,100014,4500091372,00020
5000000425,2024,0002,261,MRO-1001,162.19,EA,1010,100014,4500091372,00020
5000000426,2024,0001,101,MRO-1002,66.43,EA,1010,100009,4500091257,00030
5000000426,2024,0002,261,MRO-1002,8.48,EA,1020,100009,4500091257,00030
5000000427,2024,0001,101,IT-3002,74.46,EA,1010,100014,4500090840,00030
5000000427,2024,0002,261,IT-3002,191.68,EA,1010,100014,4500090840,00030
5000000428,2025,0001,101,IT-3002,134.5,EA,1010,100014,4500091012,00010
5000000428,2025,0002,261,IT-3002,133.83,EA,1020,100014,4500091012,00010
5000000429,2025,0001,101,SPARE-5002,199.87,EA,1020,100059,4500091983,00020
5000000429,2025,0002,261,SPARE-5002,192.11,EA,1010,100059,4500091983,00020
5000000430,2024,0001,101,OFFC-4001,55.94,EA,2010,100033,4500090065,00020
5000000430,2024,0002,101,OFFC-4001,76.54,EA,1020,100033,4500090065,00020
5000000430,2024,0003,101,OFFC-4001,70.79,EA,1020,100033,4500090065,00020
5000000431,2024,0001,261,MRO-1002,124.2,EA,1010,100037,4500090731,00020
5000000432,2024,0001,261,IT-3001,2.15,EA,1010,100046,4500090859,00030
5000000433,2024,0001,102,OFFC-4001,180.82,EA,1010,100058,4500091875,00010
5000000433,2024,0002,102,OFFC-4001,116.99,EA,1010,100058,4500091875,00010
5000000433,2024,0003,102,OFFC-4001,116.9,EA,2010,100058,4500091875,00010
5000000434,2024,0001,102,SPARE-5001,110.26,EA,1020,100038,4500091171,00020
5000000435,2025,0001,101,IT-3002,107.48,EA,1010,100011,4500090563,00020
5000000435,2025,0002,261,IT-3002,104.2,EA,1010,100011,4500090563,00020
5000000435,2025,0003,102,IT-3002,165.73,EA,1020,100011,4500090563,00020
5000000436,2024,0001,261,SPARE-5001,177.19,EA,2010,100017,4500091736,00020
5000000437,2024,0001,102,OFFC-4001,55.82,EA,1020,100036,4500091974,00010
5000000437,2024,0002,101,OFFC-4001,47.98,EA,2010,100036,4500091974,00010
5000000437,2024,0003,101,OFFC-4001,76.15,EA,1010,100036,4500091974,00010
5000000438,2024,0001,101,SPARE-5002,167.89,EA,1020,100029,4500090843,00030
5000000438,2024,0002,101,SPARE-5002,42.99,EA,1010,100029,4500090843,00030
5000000438,2024,0003,101,SPARE-5002,99.1,EA,1020,100029,4500090843,00030
5000000439,2025,0001,101,SERV-6001,42.14,HR,1020,100040,4500090763,00020
5000000440,2025,0001,102,FUEL-2001,166.4,L,1010,100034,4500090711,00020
5000000441,2025,0001,102,IT-3002,47.53,EA,1010,100046,4500091261,00020
5000000441,2025,0002,102,IT-3002,168.83,EA,1010,100046,4500091261,00020
5000000442,2025,0001,261,SPARE-5001,42.0,EA,1020,100002,4500091366,00010
5000000442,2025,0002,101,SPARE-5001,192.32,EA,2010,100002,4500091366,00010
5000000443,2025,0001,101,FUEL-2001,135.73,L,1020,100009,4500091533,00020
5000000444,2024,0001,261,MRO-1001,76.59,EA,1010,100043,4500091921,00020
5000000445,2025,0001,102,FUEL-2001,51.8,L,1010,100011,4500090082,00020
5000000446,2024,0001,102,OFFC-4001,58.9,EA,1010,100050,4500091023,00030
5000000447,2025,0001,102,IT-3002,84.56,EA,2010,100041,4500091987,00010
5000000447,2025,0002,101,IT-3002,194.72,EA,1010,100041,4500091987,00010
5000000448,2025,0001,101,OFFC-4001,83.14,EA,2010,100038,4500091178,00010
5000000449,2025,0001,102,SERV-6001,41.53,HR,1020,100051,4500091879,00020
5000000449,2025,0002,261,SERV-6001,182.73,HR,1010,100051,4500091879,00020
5000000449,2025,0003,261,SERV-6001,129.61,HR,1020,100051,4500091879,00020
5000000450,2024,0001,102,FUEL-2001,13.7,L,1020,100019,4500091873,00040
5000000451,2025,0001,102,MRO-1001,124.91,EA,1020,100037,4500090901,00020
5000000451,2025,0002,102,MRO-1001,80.23,EA,1020,100037,4500090901,00020
5000000451,2025,0003,101,MRO-1001,33.32,EA,2010,100037,4500090901,00020
5000000452,2025,0001,102,IT-3001,82.16,EA,1020,100041,4500091089,00020
5000000452,2025,0002,102,IT-3001,12.59,EA,1010,100041,4500091089,00020
5000000453,2024,0001,101,SERV-6002,129.16,EA,2010,100038,4500090009,00020
5000000454,2024,0001,101,FUEL-2001,60.96,L,2010,100042,4500091688,00030
5000000455,2024,0001,102,SERV-6002,151.15,EA,1020,100007,4500091673,00020
5000000455,2024,0002,102,SERV-6002,113.22,EA,2010,100007,4500091673,00020
5000000455,2024,0003,261,SERV-6002,126.11,EA,2010,100007,4500091673,00020
5000000456,2025,0001,101,MRO-1001,74.96,EA,1020,100030,4500091389,00040
5000000456,2025,0002,101,MRO-1001,8.15,EA,1010,100030,4500091389,00040
5000000457,2025,0001,102,IT-3002,13.57,EA,1010,100016,4500091115,00020
5000000458,2025,0001,261,SPARE-5001,145.03,EA,2010,100024,4500090928,00010
5000000458,2025,0002,261,SPARE-5001,162.03,EA,2010,100024,4500090928,00010
5000000459,2025,0001,102,SPARE-5001,95.69,EA,1020,100051,4500090489,00010
5000000460,2025,0001,101,SERV-6002,8.74,EA,1010,100033,4500091353,00040
5000000460,2025,0002,101,SERV-6002,33.3,EA,1010,100033,4500091353,00040
5000000460,2025,0003,261,SERV-6002,28.84,EA,2010,100033,4500091353,00040
5000000461,2025,0001,102,SPARE-5001,119.67,EA,1010,100025,4500091106,00010
5000000462,2024,0001,101,MRO-1002,53.09,EA,1010,100014,4500090444,00010
5000000462,2024,0002,101,MRO-1002,82.45,EA,1010,100014,4500090444,00010
5000000463,2024,0001,102,IT-3001,64.57,EA,1020,100003,4500090433,00020
5000000463,2024,0002,101,IT-3001,67.88,EA,1010,100003,4500090433,00020
5000000464,2024,0001,261,MRO-1001,172.51,EA,1020,100032,4500090858,00020
5000000464,2024,0002,261,MRO-1001,100.51,EA,1010,100032,4500090858,00020
5000000465,2025,0001,101,FUEL-2001,42.4,L,1020,100017,4500090253,00010
5000000465,2025,0002,261,FUEL-2001,60.4,L,1010,100017,4500090253,00010
5000000465,2025,0003,101,FUEL-2001,141.55,L,1020,100017,4500090253,00010
5000000466,2024,0001,261,SERV-6001,9.08,HR,1010,100044,4500090613,00030
5000000466,2024,0002,261,SERV-6001,77.99,HR,2010,100044,4500090613,00030
5000000466,2024,0003,261,SERV-6001,141.43,HR,1010,100044,4500090613,00030
5000000467,2025,0001,261,IT-3001,91.54,EA,1010,100046,4500090112,00010
5000000468,2025,0001,102,IT-3001,68.37,EA,1020,100012,4500090648,00010
5000000468,2025,0002,261,IT-3001,146.19,EA,1020,100012,4500090648,00010
5000000469,2025,0001,102,IT-3002,86.47,EA,1010,100055,4500090520,00020
5000000470,2024,0001,261,SERV-6001,195.67,HR,2010,100028,4500091905,00030
5000000470,2024,0002,261,SERV-6001,75.24,HR,1020,100028,4500091905,00030
5000000470,2024,0003,261,SERV-6001,112.58,HR,1020,100028,4500091905,00030
5000000471,2025,0001,261,FUEL-2001,190.19,L,2010,100023,4500091862,00040
5000000471,2025,0002,261,FUEL-2001,25.54,L,2010,100023,4500091862,00040
5000000471,2025,0003,261,FUEL-2001,58.79,L,2010,100023,4500091862,00040
5000000472,2024,0001,261,SERV-6001,17.61,HR,2010,100045,4500091504,00030
5000000473,2024,0001,102,MRO-1001,23.5,EA,1020,100035,4500090027,00010
5000000473,2024,0002,261,MRO-1001,152.34,EA,1010,100035,4500090027,00010
5000000474,2024,0001,102,SERV-6001,7.82,HR,2010,100048,4500091481,00020
5000000475,2025,0001,102,SERV-6001,162.05,HR,2010,100019,4500091938,00030
5000000475,2025,0002,102,SERV-6001,162.88,HR,2010,100019,4500091938,00030
5000000475,2025,0003,102,SERV-6001,43.29,HR,1010,100019,4500091938,00030
5000000476,2024,0001,261,MRO-1001,139.12,EA,1020,100030,4500091259,00010
5000000476,2024,0002,101,MRO-1001,61.63,EA,2010,100030,4500091259,00010
5000000476,2024,0003,102,MRO-1001,168.63,EA,1010,100030,4500091259,00010
5000000477,2025,0001,101,SERV-6002,16.56,EA,1020,100038,4500091312,00010
5000000477,2025,0002,102,SERV-6002,88.35,EA,1010,100038,4500091312,00010
5000000477,2025,0003,261,SERV-6002,9.99,EA,1010,100038,4500091312,00010
5000000478,2025,0001,261,IT-3002,83.46,EA,2010,100011,4500090179,00040
5000000478,2025,0002,261,IT-3002,109.61,EA,2010,100011,4500090179,00040
5000000479,2025,0001,101,SERV-6001,197.74,HR,2010,100046,4500091082,00020
5000000479,2025,0002,102,SERV-6001,41.56,HR,1010,100046,4500091082,00020
5000000479,2025,0003,101,SERV-6001,20.87,HR,2010,100046,4500091082,00020
5000000480,2025,0001,102,FUEL-2001,141.73,L,2010,100008,4500090895,00010
5000000481,2024,0001,261,MRO-1001,22.39,EA,1010,100058,4500091419,00030
5000000481,2024,0002,261,MRO-1001,55.23,EA,2010,100058,4500091419,00030
5000000481,2024,0003,261,MRO-1001,174.69,EA,2010,100058,4500091419,00030
5000000482,2024,0001,101,OFFC-4001,59.07,EA,1020,100016,4500091911,00020
5000000482,2024,0002,101,OFFC-4001,112.11,EA,1010,100016,4500091911,00020
5000000482,2024,0003,261,OFFC-4001,16.76,EA,1010,100016,4500091911,00020
5000000483,2024,0001,261,IT-3002,80.91,EA,1010,100006,4500090857,00030
5000000483,2024,0002,102,IT-3002,51.68,EA,1010,100006,4500090857,00030
5000000483,2024,0003,101,IT-3002,160.95,EA,1020,100006,4500090857,00030
5000000484,2024,0001,101,SPARE-5001,140.17,EA,2010,100039,4500091478,00040
5000000484,2024,0002,101,SPARE-5001,57.79,EA,1010,100039,4500091478,00040
5000000484,2024,0003,261,SPARE-5001,185.71,EA,1020,100039,4500091478,00040
5000000485,2025,0001,261,SPARE-5001,190.92,EA,1020,100004,4500090040,00040
5000000486,2025,0001,261,SPARE-5001,48.22,EA,2010,100007,4500090914,00030
5000000486,2025,0002,261,SPARE-5001,140.66,EA,2010,100007,4500090914,00030
5000000487,2025,0001,102,MRO-1002,101.12,EA,1010,100005,4500091304,00010
5000000487,2025,0002,101,MRO-1002,114.11,EA,2010,100005,4500091304,00010
5000000488,2024,0001,102,IT-3001,25.46,EA,1020,100020,4500091800,00010
5000000488,2024,0002,101,IT-3001,156.09,EA,2010,100020,4500091800,00010
5000000489,2025,0001,101,SPARE-5002,121.99,EA,1020,100024,4500090127,00010
5000000490,2025,0001,101,IT-3002,72.23,EA,1010,100024,4500091920,00010
5000000490,2025,0002,261,IT-3002,64.31,EA,1010,100024,4500091920,00010
5000000490,2025,0003,101,IT-3002,94.37,EA,2010,100024,4500091920,00010
5000000491,2024,0001,261,OFFC-4001,169.27,EA,1010,100005,4500090684,00030
5000000492,2024,0001,102,SERV-6001,11.23,HR,2010,100040,4500090763,00020
5000000492,2024,0002,101,SERV-6001,94.07,HR,1020,100040,4500090763,00020
5000000492,2024,0003,102,SERV-6001,110.52,HR,1010,100040,4500090763,00020
5000000493,2024,0001,101,IT-3001,137.25,EA,1020,100009,4500091204,00020
5000000494,2024,0001,101,SPARE-5001,68.0,EA,1020,100005,4500090740,00010
5000000495,2025,0001,102,SPARE-5002,183.32,EA,1010,100018,4500091880,00010
5000000495,2025,0002,101,SPARE-5002,184.87,EA,1010,100018,4500091880,00010
5000000496,2025,0001,102,SERV-6001,101.13,HR,2010,100013,4500090226,00020
5000000496,2025,0002,102,SERV-6001,197.4,HR,2010,100013,4500090226,00020
5000000496,2025,0003,102,SERV-6001,32.42,HR,1020,100013,4500090226,00020
5000000497,2024,0001,101,OFFC-4001,119.01,EA,2010,100013,4500091417,00020
5000000498,2025,0001,261,SERV-6001,24.38,HR,1010,100021,4500090096,00010
5000000498,2025,0002,102,SERV-6001,164.37,HR,2010,100021,4500090096,00010
5000000498,2025,0003,102,SERV-6001,40.0,HR,2010,100021,4500090096,00010
5000000499,2024,0001,102,MRO-1001,84.32,EA,2010,100003,4500091239,00020
5000000499,2024,0002,101,MRO-1001,66.41,EA,2010,100003,4500091239,00020
5000000500,2024,0001,101,SERV-6002,176.39,EA,2010,100046,4500090977,00010
5000000501,2025,0001,101,SPARE-5002,164.95,EA,2010,100036,4500090693,00010
5000000501,2025,0002,102,SPARE-5002,152.69,EA,2010,100036,4500090693,00010
5000000501,2025,0003,101,SPARE-5002,142.69,EA,2010,100036,4500090693,00010
5000000502,2024,0001,261,SPARE-5002,48.74,EA,2010,100033,4500091325,00020
5000000502,2024,0002,101,SPARE-5002,69.96,EA,1010,100033,4500091325,00020
5000000503,2024,0001,101,FUEL-2001,190.97,L,1020,100032,4500091985,00030
5000000503,2024,0002,101,FUEL-2001,29.59,L,2010,100032,4500091985,00030
5000000504,2024,0001,102,SPARE-5002,196.01,EA,2010,100039,4500090247,00040
5000000504,2024,0002,101,SPARE-5002,2.66,EA,1020,100039,4500090247,00040
5000000505,2024,0001,102,SERV-6001,127.24,HR,1010,100038,4500091092,00020
5000000506,2025,0001,261,SERV-6001,69.9,HR,1020,100050,4500090865,00020
5000000507,2025,0001,101,IT-3002,93.43,EA,1010,100009,4500091979,00010
5000000507,2025,0002,261,IT-3002,15.75,EA,1020,100009,4500091979,00010
5000000508,2025,0001,102,IT-3002,84.22,EA,2010,100029,4500090843,00020
5000000508,2025,0002,102,IT-3002,122.63,EA,1020,100029,4500090843,00020
5000000509,2025,0001,101,SPARE-5002,77.89,EA,2010,100034,4500091568,00020
5000000509,2025,0002,102,SPARE-5002,142.14,EA,1010,100034,4500091568,00020
5000000509,2025,0003,101,SPARE-5002,138.49,EA,1010,100034,4500091568,00020
5000000510,2024,0001,102,IT-3002,1.23,EA,2010,100015,4500090706,00010
5000000511,2025,0001,261,SERV-6001,77.58,HR,1020,100052,4500091361,00010
5000000511,2025,0002,261,SERV-6001,57.34,HR,1010,100052,4500091361,00010
5000000511,2025,0003,261,SERV-6001,71.02,HR,1020,100052,4500091361,00010
5000000512,2024,0001,101,SERV-6002,159.45,EA,2010,100050,4500091503,00030
5000000512,2024,0002,102,SERV-6002,117.05,EA,1020,100050,4500091503,00030
5000000512,2024,0003,261,SERV-6002,30.9,EA,1010,100050,4500091503,00030
5000000513,2025,0001,102,SPARE-5002,113.7,EA,2010,100053,4500091369,00010
5000000513,2025,0002,102,SPARE-5002,15.25,EA,1010,100053,4500091369,00010
5000000513,2025,0003,101,SPARE-5002,113.56,EA,1020,100053,4500091369,00010
5000000514,2024,0001,101,IT-3001,32.45,EA,1020,100048,4500091250,00010
5000000514,2024,0002,102,IT-3001,106.04,EA,1010,100048,4500091250,00010
5000000514,2024,0003,261,IT-3001,101.43,EA,1010,100048,4500091250,00010
5000000515,2025,0001,101,SERV-6001,57.84,HR,2010,100059,4500091385,00020
5000000515,2025,0002,102,SERV-6001,147.61,HR,2010,100059,4500091385,00020
5000000515,2025,0003,261,SERV-6001,15.17,HR,1010,100059,4500091385,00020
5000000516,2024,0001,101,SPARE-5002,180.89,EA,2010,100008,4500090160,00020
5000000516,2024,0002,261,SPARE-5002,163.22,EA,1020,100008,4500090160,00020
5000000516,2024,0003,261,SPARE-5002,115.08,EA,1020,100008,4500090160,00020
5000000517,2025,0001,102,SPARE-5002,31.34,EA,1010,100055,4500090314,00020
5000000518,2025,0001,261,IT-3002,30.87,EA,1010,100020,4500090148,00010
5000000518,2025,0002,261,IT-3002,108.65,EA,2010,100020,4500090148,00010
5000000518,2025,0003,102,IT-3002,14.46,EA,2010,100020,4500090148,00010
5000000519,2025,0001,102,IT-3002,183.95,EA,1010,100016,4500090386,00020
5000000519,2025,0002,261,IT-3002,164.92,EA,1020,100016,4500090386,00020
5000000519,2025,0003,261,IT-3002,32.31,EA,2010,100016,4500090386,00020
5000000520,2024,0001,102,OFFC-4001,2.53,EA,2010,100030,4500091532,00010
5000000521,2024,0001,102,IT-3001,21.71,EA,1020,100036,4500090951,00010
5000000521,2024,0002,261,IT-3001,52.78,EA,2010,100036,4500090951,00010
5000000522,2024,0001,102,IT-3001,31.89,EA,1010,100038,4500091229,00030
5000000523,2025,0001,261,SERV-6002,125.62,EA,2010,100036,4500091249,00010
5000000523,2025,0002,261,SERV-6002,140.9,EA,1010,100036,4500091249,00010
5000000523,2025,0003,101,SERV-6002,35.46,EA,2010,100036,4500091249,00010
5000000524,2024,0001,261,OFFC-4001,55.07,EA,2010,100041,4500091682,00010
5000000525,2025,0001,261,MRO-1002,110.39,EA,1010,100030,4500090698,00020
5000000525,2025,0002,261,MRO-1002,192.06,EA,1020,100030,4500090698,00020
5000000525,2025,0003,261,MRO-1002,82.63,EA,1010,100030,4500090698,00020
5000000526,2025,0001,261,SPARE-5002,191.94,EA,1010,100028,4500090069,00010
5000000526,2025,0002,102,SPARE-5002,57.29,EA,1010,100028,4500090069,00010
5000000527,2024,0001,261,IT-3001,177.48,EA,1010,100037,4500091444,00040
5000000527,2024,0002,101,IT-3001,141.53,EA,1020,100037,4500091444,00040
5000000527,2024,0003,261,IT-3001,53.48,EA,1010,100037,4500091444,00040
5000000528,2024,0001,102,FUEL-2001,161.97,L,1020,100035,4500091337,00010
5000000528,2024,0002,101,FUEL-2001,104.41,L,2010,100035,4500091337,00010
5000000528,2024,0003,102,FUEL-2001,196.37,L,1010,100035,4500091337,00010
5000000529,2024,0001,102,SPARE-5001,3.78,EA,2010,100015,4500091399,00030
5000000530,2024,0001,101,MRO-1002,49.34,EA,1020,100003,4500091044,00030
5000000531,2024,0001,261,MRO-1001,65.93,EA,1020,100035,4500090511,00020
5000000532,2024,0001,101,IT-3001,63.65,EA,2010,100021,4500091750,00030
5000000532,2024,0002,101,IT-3001,198.67,EA,1010,100021,4500091750,00030
5000000533,2024,0001,261,SPARE-5001,55.67,EA,1020,100051,4500091342,00020
5000000533,2024,0002,101,SPARE-5001,164.8,EA,1010,100051,4500091342,00020
5000000534,2025,0001,261,SERV-6001,130.13,HR,1020,100047,4500090191,00030
5000000535,2025,0001,101,SERV-6002,167.97,EA,2010,100040,4500091710,00010
5000000535,2025,0002,102,SERV-6002,105.6,EA,1010,100040,4500091710,00010
5000000535,2025,0003,101,SERV-6002,19.66,EA,1020,100040,4500091710,00010
5000000536,2024,0001,261,SERV-6002,157.3,EA,1020,100041,4500090147,00020
5000000536,2024,0002,261,SERV-6002,33.44,EA,2010,100041,4500090147,00020
5000000537,2024,0001,101,MRO-1002,169.97,EA,2010,100056,4500090046,00020
5000000537,2024,0002,101,MRO-1002,67.98,EA,1010,100056,4500090046,00020
5000000537,2024,0003,101,MRO-1002,80.42,EA,1020,100056,4500090046,00020
5000000538,2024,0001,261,MRO-1001,117.02,EA,1020,100032,4500091289,00010
5000000538,2024,0002,261,MRO-1001,179.33,EA,2010,100032,4500091289,00010
5000000539,2024,0001,261,MRO-1002,16.27,EA,2010,100055,4500091824,00020
5000000540,2025,0001,102,SPARE-5001,134.23,EA,1020,100032,4500090642,00010
5000000540,2025,0002,261,SPARE-5001,10.09,EA,1010,100032,4500090642,00010
5000000541,2025,0001,101,SPARE-5002,197.98,EA,2010,100031,4500090039,00010
5000000542,2024,0001,101,FUEL-2001,23.63,L,1010,100059,4500090099,00030
5000000543,2025,0001,101,FUEL-2001,166.37,L,1020,100054,4500090967,00020
5000000543,2025,0002,261,FUEL-2001,47.58,L,1020,100054,4500090967,00020
5000000543,2025,0003,102,FUEL-2001,62.52,L,2010,100054,4500090967,00020
5000000544,2025,0001,102,SPARE-5001,112.96,EA,1010,100029,4500091518,00020
5000000545,2025,0001,261,MRO-1002,90.87,EA,2010,100007,4500090974,00010
5000000546,2024,0001,101,SERV-6001,52.41,HR,2010,100012,4500091991,00010
5000000547,2024,0001,101,SERV-6002,43.68,EA,1020,100019,4500091189,00010
5000000547,2024,0002,102,SERV-6002,171.93,EA,1010,100019,4500091189,00010
5000000547,2024,0003,102,SERV-6002,1.83,EA,2010,100019,4500091189,00010
5000000548,2024,0001,102,IT-3001,159.44,EA,2010,100055,4500090341,00010
5000000548,2024,0002,261,IT-3001,182.42,EA,2010,100055,4500090341,00010
5000000549,2025,0001,261,FUEL-2001,62.59,L,2010,100033,4500090101,00020
5000000550,2025,0001,102,IT-3002,121.27,EA,1010,100016,4500090229,00020
5000000550,2025,0002,102,IT-3002,51.63,EA,1020,100016,4500090229,00020
5000000550,2025,0003,101,IT-3002,65.99,EA,1020,100016,4500090229,00020
5000000551,2025,0001,101,SERV-6001,17.51,HR,1010,100000,4500090461,00010
5000000551,2025,0002,261,SERV-6001,82.58,HR,1010,100000,4500090461,00010
5000000552,2024,0001,101,SPARE-5002,190.12,EA,1020,100010,4500091318,00010
5000000552,2024,0002,261,SPARE-5002,135.73,EA,1020,100010,4500091318,00010
5000000553,2024,0001,101,OFFC-4001,178.96,EA,1010,100011,4500090349,00010
5000000554,2024,0001,261,IT-3001,184.41,EA,1010,100000,4500090202,00010
5000000554,2024,0002,102,IT-3001,27.7,EA,2010,100000,4500090202,00010
5000000555,2025,0001,261,SPARE-5001,188.18,EA,2010,100037,4500091788,00030
5000000555,2025,0002,261,SPARE-5001,184.61,EA,2010,100037,4500091788,00030
5000000556,2025,0001,102,OFFC-4001,139.07,EA,1010,100050,4500090165,00010
5000000557,2025,0001,102,OFFC-4001,171.53,EA,2010,100035,4500090511,00030
5000000557,2025,0002,102,OFFC-4001,21.07,EA,1020,100035,4500090511,00030
5000000558,2024,0001,102,FUEL-2001,92.22,L,1010,100016,4500091026,00020
5000000559,2025,0001,101,SERV-6002,21.81,EA,2010,100002,4500090267,00010
5000000559,2025,0002,261,SERV-6002,4.52,EA,1020,100002,4500090267,00010
5000000560,2025,0001,102,IT-3001,98.62,EA,2010,100014,4500091725,00010
5000000560,2025,0002,101,IT-3001,161.0,EA,1020,100014,4500091725,00010
5000000560,2025,0003,101,IT-3001,72.95,EA,1020,100014,4500091725,00010
5000000561,2024,0001,101,SERV-6002,142.57,EA,1010,100043,4500090447,00030
5000000561,2024,0002,101,SERV-6002,70.1,EA,2010,100043,4500090447,00030
5000000562,2025,0001,102,IT-3002,14.05,EA,1020,100030,4500091679,00040
5000000562,2025,0002,261,IT-3002,152.24,EA,2010,100030,4500091679,00040
5000000562,2025,0003,261,IT-3002,103.79,EA,1010,100030,4500091679,00040
5000000563,2025,0001,101,SPARE-5001,118.94,EA,2010,100025,4500090031,00010
5000000564,2025,0001,261,IT-3002,138.3,EA,1010,100002,4500091622,00010
5000000565,2024,0001,261,FUEL-2001,3.72,L,1010,100024,4500090766,00020
5000000566,2024,0001,102,OFFC-4001,166.91,EA,2010,100058,4500090156,00010
5000000566,2024,0002,261,OFFC-4001,132.62,EA,1010,100058,4500090156,00010
5000000566,2024,0003,101,OFFC-4001,178.45,EA,1010,100058,4500090156,00010
5000000567,2024,0001,102,SERV-6002,110.11,EA,1010,100029,4500091108,00030
5000000567,2024,0002,261,SERV-6002,148.13,EA,2010,100029,4500091108,00030
5000000568,2025,0001,261,SPARE-5001,183.5,EA,2010,100019,4500090152,00010
5000000569,2025,0001,102,OFFC-4001,121.32,EA,1010,100044,4500091966,00030
5000000570,2025,0001,102,IT-3002,176.3,EA,2010,100011,4500091945,00010
5000000570,2025,0002,261,IT-3002,38.35,EA,1010,100011,4500091945,00010
5000000570,2025,0003,102,IT-3002,117.76,EA,1020,100011,4500091945,00010
5000000571,2024,0001,261,MRO-1001,193.38,EA,1010,100051,4500090256,00010
5000000571,2024,0002,102,MRO-1001,183.52,EA,1020,100051,4500090256,00010
5000000572,2024,0001,101,SPARE-5002,138.1,EA,2010,100036,4500091036,00030
5000000572,2024,0002,101,SPARE-5002,72.15,EA,1020,100036,4500091036,00030
5000000572,2024,0003,261,SPARE-5002,108.51,EA,2010,100036,4500091036,00030
5000000573,2025,0001,261,SPARE-5001,53.69,EA,2010,100003,4500091510,00010
5000000573,2025,0002,101,SPARE-5001,52.31,EA,1010,100003,4500091510,00010
5000000573,2025,0003,102,SPARE-5001,150.7,EA,1020,100003,4500091510,00010
5000000574,2024,0001,102,MRO-1002,9.15,EA,1020,100047,4500090113,00030
5000000574,2024,0002,101,MRO-1002,53.84,EA,2010,100047,4500090113,00030
5000000575,2025,0001,261,SERV-6002,192.23,EA,2010,100014,4500090258,00030
5000000575,2025,0002,102,SERV-6002,172.92,EA,1010,100014,4500090258,00030
5000000576,2025,0001,102,OFFC-4001,13.38,EA,1020,100040,4500090725,00020
5000000576,2025,0002,261,OFFC-4001,17.06,EA,1010,100040,4500090725,00020
5000000576,2025,0003,101,OFFC-4001,21.15,EA,1020,100040,4500090725,00020
5000000577,2025,0001,261,IT-3002,153.09,EA,1010,100044,4500091766,00010
5000000577,2025,0002,102,IT-3002,4.31,EA,1020,100044,4500091766,00010
5000000577,2025,0003,101,IT-3002,63.08,EA,2010,100044,4500091766,00010
5000000578,2025,0001,101,SERV-6001,43.92,HR,2010,100003,4500091435,00020
5000000578,2025,0002,101,SERV-6001,96.82,HR,1010,100003,4500091435,00020
5000000579,2024,0001,102,FUEL-2001,64.38,L,1020,100003,4500090746,00010
5000000580,2024,0001,101,SPARE-5001,167.18,EA,2010,100009,4500091005,00020
5000000581,2025,0001,261,OFFC-4001,78.02,EA,1020,100044,4500090137,00010
5000000581,2025,0002,101,OFFC-4001,97.95,EA,2010,100044,4500090137,00010
5000000582,2024,0001,261,MRO-1001,16.12,EA,2010,100008,4500090606,00040
5000000582,2024,0002,261,MRO-1001,122.56,EA,2010,100008,4500090606,00040
5000000582,2024,0003,261,MRO-1001,158.63,EA,2010,100008,4500090606,00040
5000000583,2024,0001,101,SPARE-5001,119.74,EA,1020,100037,4500090901,00030
5000000583,2024,0002,101,SPARE-5001,19.44,EA,1010,100037,4500090901,00030
5000000584,2025,0001,101,SERV-6001,64.38,HR,2010,100015,4500090690,00030
5000000584,2025,0002,102,SERV-6001,27.47,HR,1010,100015,4500090690,00030
5000000584,2025,0003,261,SERV-6001,125.54,HR,1010,100015,4500090690,00030
5000000585,2025,0001,261,SERV-6002,69.34,EA,1010,100000,4500090461,00040
5000000585,2025,0002,101,SERV-6002,161.03,EA,1020,100000,4500090461,00040
5000000585,2025,0003,102,SERV-6002,55.56,EA,1020,100000,4500090461,00040
5000000586,2025,0001,102,IT-3002,145.69,EA,1010,100010,4500091395,00020
5000000587,2024,0001,101,SERV-6002,23.61,EA,1020,100004,4500091624,00030
5000000588,2025,0001,261,IT-3002,5.36,EA,1010,100054,4500091774,00040
5000000588,2025,0002,102,IT-3002,6.82,EA,2010,100054,4500091774,00040
5000000588,2025,0003,101,IT-3002,128.77,EA,2010,100054,4500091774,00040
5000000589,2025,0001,101,SPARE-5001,134.68,EA,1010,100026,4500091282,00030
5000000590,2025,0001,101,IT-3001,129.96,EA,1020,100059,4500090492,00010
5000000591,2024,0001,102,MRO-1001,173.21,EA,1020,100031,4500091196,00040
5000000591,2024,0002,101,MRO-1001,166.32,EA,1020,100031,4500091196,00040
5000000592,2025,0001,102,MRO-1001,130.26,EA,2010,100001,4500090376,00010
5000000593,2025,0001,102,SPARE-5002,72.44,EA,2010,100036,4500091974,00020
5000000593,2025,0002,102,SPARE-5002,88.01,EA,1020,100036,4500091974,00020
5000000594,2024,0001,102,SERV-6001,73.97,HR,2010,100013,4500091737,00010
5000000594,2024,0002,261,SERV-6001,36.72,HR,1010,100013,4500091737,00010
5000000595,2025,0001,261,IT-3001,26.36,EA,2010,100007,4500091466,00010
5000000595,2025,0002,261,IT-3001,134.02,EA,1020,100007,4500091466,00010
5000000595,2025,0003,101,IT-3001,80.3,EA,1010,100007,4500091466,00010
5000000596,2025,0001,101,MRO-1001,18.21,EA,1020,100018,4500090592,00010
5000000596,2025,0002,102,MRO-1001,106.53,EA,1010,100018,4500090592,00010
5000000597,2025,0001,261,SPARE-5001,180.55,EA,2010,100045,4500090838,00010
5000000597,2025,0002,102,SPARE-5001,88.82,EA,1020,100045,4500090838,00010
5000000598,2025,0001,261,SERV-6002,16.39,EA,1010,100059,4500091331,00030
5000000598,2025,0002,101,SERV-6002,14.4,EA,2010,100059,4500091331,00030
5000000598,2025,0003,102,SERV-6002,170.66,EA,1010,100059,4500091331,00030
5000000599,2024,0001,102,SERV-6002,133.81,EA,2010,100025,4500091625,00020
5000000600,2025,0001,101,SPARE-5002,190.38,EA,1020,100038,4500091712,00010
5000000600,2025,0002,261,SPARE-5002,140.88,EA,2010,100038,4500091712,00010
5000000600,2025,0003,102,SPARE-5002,94.66,EA,1020,100038,4500091712,00010
5000000601,2024,0001,102,SPARE-5001,154.55,EA,1020,100053,4500091316,00010
5000000602,2025,0001,102,IT-3002,47.31,EA,1010,100002,4500090300,00010
5000000603,2024,0001,261,OFFC-4001,25.95,EA,2010,100035,4500090204,00020
5000000603,2024,0002,261,OFFC-4001,128.69,EA,1020,100035,4500090204,00020
5000000603,2024,0003,261,OFFC-4001,10.33,EA,2010,100035,4500090204,00020
5000000604,2025,0001,261,MRO-1001,51.44,EA,1020,100028,4500091406,00010
5000000605,2025,0001,261,SPARE-5001,70.64,EA,1010,100021,4500090174,00010
5000000606,2024,0001,261,MRO-1002,173.55,EA,1010,100037,4500091352,00020
5000000606,2024,0002,102,MRO-1002,62.34,EA,2010,100037,4500091352,00020
5000000607,2024,0001,101,SERV-6001,137.97,HR,2010,100017,4500090434,00040
5000000607,2024,0002,261,SERV-6001,72.9,HR,1020,100017,4500090434,00040
5000000608,2024,0001,102,SPARE-5002,109.06,EA,1010,100013,4500091839,00020
5000000609,2025,0001,261,MRO-1002,25.74,EA,1010,100008,4500090015,00040
5000000609,2025,0002,261,MRO-1002,17.06,EA,1010,100008,4500090015,00040
5000000610,2024,0001,261,MRO-1001,153.19,EA,2010,100027,4500090195,00010
5000000611,2024,0001,102,FUEL-2001,89.88,L,1020,100011,4500090817,00030
5000000611,2024,0002,101,FUEL-2001,58.73,L,2010,100011,4500090817,00030
5000000612,2024,0001,101,IT-3002,38.46,EA,2010,100036,4500090693,00030
5000000612,2024,0002,261,IT-3002,199.97,EA,2010,100036,4500090693,00030
5000000612,2024,0003,261,IT-3002,48.97,EA,1020,100036,4500090693,00030
5000000613,2025,0001,261,IT-3002,103.08,EA,1010,100025,4500091895,00040
5000000613,2025,0002,261,IT-3002,55.04,EA,2010,100025,4500091895,00040
5000000614,2025,0001,261,SERV-6002,196.12,EA,1020,100042,4500091688,00040
5000000615,2025,0001,102,FUEL-2001,22.3,L,2010,100035,4500091027,00010
5000000616,2024,0001,102,MRO-1002,79.08,EA,2010,100058,4500090611,00030
5000000616,2024,0002,261,MRO-1002,56.05,EA,2010,100058,4500090611,00030
5000000617,2025,0001,102,SPARE-5001,186.07,EA,1010,100018,4500091778,00020
5000000617,2025,0002,261,SPARE-5001,60.09,EA,2010,100018,4500091778,00020
5000000618,2025,0001,102,MRO-1002,81.69,EA,1020,100026,4500090641,00010
5000000618,2025,0002,261,MRO-1002,179.25,EA,2010,100026,4500090641,00010
5000000619,2025,0001,102,OFFC-4001,78.38,EA,1010,100036,4500091929,00030
5000000619,2025,0002,101,OFFC-4001,29.32,EA,2010,100036,4500091929,00030
5000000620,2025,0001,101,SPARE-5001,92.25,EA,2010,100026,4500090905,00020
5000000620,2025,0002,101,SPARE-5001,137.41,EA,1010,100026,4500090905,00020
5000000620,2025,0003,261,SPARE-5001,103.62,EA,2010,100026,4500090905,00020
5000000621,2024,0001,102,FUEL-2001,131.51,L,1010,100049,4500090257,00020
5000000622,2024,0001,102,FUEL-2001,7.38,L,1020,100030,4500091660,00030
5000000622,2024,0002,101,FUEL-2001,143.3,L,2010,100030,4500091660,00030
5000000622,2024,0003,102,FUEL-2001,33.87,L,1010,100030,4500091660,00030
5000000623,2024,0001,102,SPARE-5001,74.99,EA,2010,100031,4500091599,00010
5000000623,2024,0002,101,SPARE-5001,150.43,EA,1010,100031,4500091599,00010
5000000624,2024,0001,101,IT-3001,58.1,EA,1020,100032,4500090570,00010
5000000624,2024,0002,261,IT-3001,149.65,EA,1010,100032,4500090570,00010
5000000625,2024,0001,102,FUEL-2001,199.31,L,1010,100017,4500090517,00020
5000000625,2024,0002,101,FUEL-2001,155.51,L,1010,100017,4500090517,00020
5000000626,2024,0001,101,SERV-6002,89.87,EA,1020,100048,4500090455,00020
5000000626,2024,0002,102,SERV-6002,47.99,EA,2010,100048,4500090455,00020
5000000627,2025,0001,261,SERV-6002,85.14,EA,2010,100053,4500091159,00010
5000000628,2025,0001,101,SERV-6001,28.58,HR,1010,100012,4500090897,00020
5000000628,2025,0002,101,SERV-6001,182.39,HR,2010,100012,4500090897,00020
5000000628,2025,0003,261,SERV-6001,175.97,HR,1010,100012,4500090897,00020
5000000629,2025,0001,261,IT-3002,34.51,EA,1010,100059,4500091160,00010
5000000629,2025,0002,101,IT-3002,95.96,EA,1010,100059,4500091160,00010
5000000629,2025,0003,102,IT-3002,23.1,EA,1020,100059,4500091160,00010
5000000630,2024,0001,102,MRO-1002,100.15,EA,2010,100047,4500091528,00010
5000000631,2025,0001,102,SERV-6001,60.79,HR,1020,100000,4500090602,00020
5000000631,2025,0002,102,SERV-6001,131.16,HR,1020,100000,4500090602,00020
5000000631,2025,0003,101,SERV-6001,21.52,HR,1010,100000,4500090602,00020
5000000632,2025,0001,102,OFFC-4001,42.97,EA,2010,100055,4500091221,00010
5000000632,2025,0002,101,OFFC-4001,26.97,EA,1010,100055,4500091221,00010
5000000632,2025,0003,102,OFFC-4001,161.06,EA,1020,100055,4500091221,00010
5000000633,2025,0001,102,SPARE-5002,193.31,EA,2010,100047,4500091964,00030
5000000633,2025,0002,102,SPARE-5002,74.87,EA,1010,100047,4500091964,00030
5000000633,2025,0003,261,SPARE-5002,20.81,EA,1010,100047,4500091964,00030
5000000634,2024,0001,261,MRO-1002,95.77,EA,1020,100025,4500091872,00030
5000000634,2024,0002,101,MRO-1002,136.57,EA,2010,100025,4500091872,00030
5000000634,2024,0003,102,MRO-1002,70.64,EA,1010,100025,4500091872,00030
5000000635,2025,0001,102,SPARE-5002,37.67,EA,2010,100009,4500091606,00010
5000000635,2025,0002,101,SPARE-5002,35.43,EA,2010,100009,4500091606,00010
5000000636,2025,0001,101,SPARE-5002,87.51,EA,1020,100041,4500091440,00030
5000000636,2025,0002,261,SPARE-5002,178.28,EA,2010,100041,4500091440,00030
5000000637,2025,0001,261,SPARE-5001,125.37,EA,1020,100041,4500090999,00030
5000000637,2025,0002,261,SPARE-5001,142.37,EA,1010,100041,4500090999,00030
5000000638,2025,0001,261,SPARE-5002,132.76,EA,2010,100001,4500090376,00030
5000000639,2024,0001,102,SERV-6002,157.85,EA,1010,100029,4500090764,00020
5000000639,2024,0002,101,SERV-6002,178.05,EA,1010,100029,4500090764,00020
5000000639,2024,0003,261,SERV-6002,94.85,EA,2010,100029,4500090764,00020
5000000640,2025,0001,101,OFFC-4001,197.64,EA,1020,100040,4500090142,00030
5000000641,2024,0001,261,SPARE-5002,47.77,EA,2010,100034,4500090754,00040
5000000641,2024,0002,102,SPARE-5002,77.31,EA,1010,100034,4500090754,00040
5000000641,2024,0003,261,SPARE-5002,114.68,EA,1010,100034,4500090754,00040
5000000642,2024,0001,101,SPARE-5002,173.03,EA,1020,100059,4500090946,00010
5000000643,2025,0001,102,FUEL-2001,179.49,L,2010,100014,4500091538,00030
5000000643,2025,0002,261,FUEL-2001,20.82,L,1010,100014,4500091538,00030
5000000644,2024,0001,102,SPARE-5002,12.6,EA,1020,100053,4500091594,00040
5000000644,2024,0002,261,SPARE-5002,106.64,EA,2010,100053,4500091594,00040
5000000645,2024,0001,102,SERV-6002,189.68,EA,1010,100001,4500091641,00020
5000000646,2024,0001,101,IT-3001,138.06,EA,1020,100005,4500090389,00040
5000000647,2024,0001,102,SPARE-5002,157.13,EA,1010,100006,4500090050,00010
5000000647,2024,0002,261,SPARE-5002,139.3,EA,1020,100006,4500090050,00010
5000000647,2024,0003,101,SPARE-5002,169.02,EA,1020,100006,4500090050,00010
5000000648,2025,0001,261,FUEL-2001,63.48,L,1020,100039,4500090284,00020
5000000648,2025,0002,102,FUEL-2001,107.84,L,1020,100039,4500090284,00020
5000000648,2025,0003,102,FUEL-2001,79.91,L,2010,100039,4500090284,00020
5000000649,2024,0001,261,SPARE-5001,101.5,EA,1010,100014,4500090818,00020
5000000650,2024,0001,102,IT-3002,53.36,EA,1020,100043,4500090057,00010
5000000651,2024,0001,101,IT-3001,102.02,EA,1010,100020,4500091671,00020
5000000651,2024,0002,101,IT-3001,191.81,EA,1010,100020,4500091671,00020
5000000652,2025,0001,102,IT-3002,86.07,EA,1010,100011,4500091059,00020
5000000653,2025,0001,102,IT-3002,9.84,EA,1020,100005,4500090458,00020
5000000653,2025,0002,102,IT-3002,24.6,EA,1020,100005,4500090458,00020
5000000654,2024,0001,101,SPARE-5001,9.42,EA,2010,100019,4500091320,00020
5000000654,2024,0002,101,SPARE-5001,8.11,EA,1020,100019,4500091320,00020
5000000655,2024,0001,261,SERV-6001,146.61,HR,1020,100040,4500091955,00030
5000000656,2025,0001,101,IT-3002,191.46,EA,2010,100013,4500091988,00030
5000000656,2025,0002,261,IT-3002,116.0,EA,1020,100013,4500091988,00030
5000000656,2025,0003,101,IT-3002,26.55,EA,2010,100013,4500091988,00030
5000000657,2025,0001,261,SERV-6002,70.18,EA,1020,100017,4500091271,00020
5000000657,2025,0002,261,SERV-6002,105.61,EA,2010,100017,4500091271,00020
5000000658,2025,0001,102,OFFC-4001,66.37,EA,2010,100053,4500090060,00040
5000000658,2025,0002,101,OFFC-4001,22.82,EA,1010,100053,4500090060,00040
5000000659,2024,0001,261,SERV-6002,148.66,EA,1020,100029,4500091810,00010
5000000660,2024,0001,101,FUEL-2001,133.86,L,2010,100047,4500090887,00020
5000000661,2024,0001,261,MRO-1002,60.37,EA,1010,100018,4500091778,00010
5000000661,2024,0002,261,MRO-1002,188.26,EA,1010,100018,4500091778,00010
5000000661,2024,0003,261,MRO-1002,45.93,EA,1020,100018,4500091778,00010
5000000662,2025,0001,102,SERV-6001,172.5,HR,1020,100020,4500090904,00010
5000000663,2024,0001,101,IT-3002,85.02,EA,1010,100012,4500090800,00020
5000000664,2024,0001,101,SERV-6001,95.12,HR,1010,100058,4500091309,00010
5000000665,2025,0001,101,FUEL-2001,129.81,L,1020,100001,4500090255,00010
5000000665,2025,0002,102,FUEL-2001,63.4,L,2010,100001,4500090255,00010
5000000666,2025,0001,261,MRO-1001,5.39,EA,1010,100043,4500091953,00030
5000000666,2025,0002,261,MRO-1001,87.3,EA,1020,100043,4500091953,00030
5000000667,2025,0001,101,IT-3002,17.9,EA,2010,100035,4500090033,00010
5000000667,2025,0002,261,IT-3002,38.19,EA,2010,100035,4500090033,00010
5000000668,2025,0001,102,SERV-6002,101.03,EA,1020,100047,4500090421,00020
5000000668,2025,0002,101,SERV-6002,72.85,EA,1010,100047,4500090421,00020
5000000669,2025,0001,261,MRO-1001,76.11,EA,1010,100046,4500090073,00010
5000000670,2025,0001,101,IT-3001,103.69,EA,1020,100038,4500090844,00020
5000000670,2025,0002,101,IT-3001,132.19,EA,1020,100038,4500090844,00020
5000000670,2025,0003,261,IT-3001,79.54,EA,1020,100038,4500090844,00020
5000000671,2024,0001,102,SERV-6001,187.32,HR,2010,100011,4500090697,00010
5000000671,2024,0002,261,SERV-6001,34.75,HR,1010,100011,4500090697,00010
5000000671,2024,0003,102,SERV-6001,162.03,HR,2010,100011,4500090697,00010
5000000672,2025,0001,101,SERV-6002,11.84,EA,1010,100020,4500091874,00020
5000000672,2025,0002,102,SERV-6002,107.41,EA,2010,100020,4500091874,00020
5000000672,2025,0003,261,SERV-6002,141.89,EA,1020,100020,4500091874,00020
5000000673,2024,0001,102,SERV-6002,123.8,EA,2010,100005,4500091206,00030
5000000673,2024,0002,101,SERV-6002,101.88,EA,1020,100005,4500091206,00030
5000000673,2024,0003,101,SERV-6002,58.76,EA,2010,100005,4500091206,00030
5000000674,2024,0001,261,SPARE-5001,197.72,EA,1020,100057,4500091790,00010
5000000674,2024,0002,102,SPARE-5001,101.71,EA,1010,100057,4500091790,00010
5000000675,2024,0001,261,OFFC-4001,16.72,EA,2010,100001,4500090933,00020
5000000676,2024,0001,102,SPARE-5002,133.43,EA,1010,100059,4500090286,00030
5000000676,2024,0002,101,SPARE-5002,45.96,EA,1010,100059,4500090286,00030
5000000677,2024,0001,101,SERV-6002,100.12,EA,1020,100052,4500090562,00010
5000000677,2024,0002,102,SERV-6002,151.61,EA,1020,100052,4500090562,00010
5000000678,2024,0001,102,SERV-6002,128.13,EA,1010,100057,4500090339,00010
5000000678,2024,0002,101,SERV-6002,158.69,EA,1010,100057,4500090339,00010
5000000678,2024,0003,101,SERV-6002,175.42,EA,1010,100057,4500090339,00010
5000000679,2024,0001,101,MRO-1001,55.98,EA,2010,100037,4500090731,00010
5000000679,2024,0002,261,MRO-1001,4.67,EA,1010,100037,4500090731,00010
5000000679,2024,0003,101,MRO-1001,19.64,EA,1010,100037,4500090731,00010
5000000680,2024,0001,101,IT-3001,93.75,EA,1020,100006,4500091868,00020
5000000680,2024,0002,101,IT-3001,54.05,EA,1010,100006,4500091868,00020
5000000680,2024,0003,261,IT-3001,90.21,EA,1020,100006,4500091868,00020
5000000681,2024,0001,261,IT-3002,115.11,EA,1010,100042,4500090935,00020
5000000681,2024,0002,102,IT-3002,180.86,EA,2010,100042,4500090935,00020
5000000682,2025,0001,102,SPARE-5002,124.59,EA,1020,100037,4500091788,00010
5000000682,2025,0002,102,SPARE-5002,97.99,EA,1010,100037,4500091788,00010
5000000683,2024,0001,261,SPARE-5002,24.62,EA,1010,100039,4500091930,00010
5000000683,2024,0002,261,SPARE-5002,134.99,EA,1010,100039,4500091930,00010
5000000683,2024,0003,261,SPARE-5002,157.88,EA,1010,100039,4500091930,00010
5000000684,2025,0001,101,SERV-6002,113.75,EA,2010,100038,4500091712,00030
5000000684,2025,0002,261,SERV-6002,160.85,EA,2010,100038,4500091712,00030
5000000685,2025,0001,102,SPARE-5002,82.87,EA,2010,100001,4500091237,00040
5000000685,2025,0002,261,SPARE-5002,24.52,EA,2010,100001,4500091237,00040
5000000686,2025,0001,261,FUEL-2001,6.34,L,2010,100058,4500091875,00030
5000000686,2025,0002,261,FUEL-2001,85.44,L,1020,100058,4500091875,00030
5000000687,2024,0001,261,IT-3001,90.53,EA,2010,100059,4500091157,00010
5000000687,2024,0002,102,IT-3001,120.49,EA,1020,100059,4500091157,00010
5000000688,2024,0001,102,SERV-6001,64.3,HR,2010,100016,4500091605,00010
5000000689,2025,0001,101,IT-3001,167.73,EA,1010,100035,4500091343,00010
5000000689,2025,0002,261,IT-3001,48.52,EA,1020,100035,4500091343,00010
5000000690,2025,0001,102,MRO-1002,112.92,EA,1020,100034,4500090912,00030
5000000690,2025,0002,102,MRO-1002,90.31,EA,1020,100034,4500090912,00030
5000000691,2025,0001,102,SPARE-5002,1.6,EA,2010,100010,4500090786,00030
5000000691,2025,0002,102,SPARE-5002,31.93,EA,1020,100010,4500090786,00030
5000000692,2024,0001,261,SPARE-5001,67.12,EA,1020,100010,4500090675,00010
5000000693,2025,0001,261,SPARE-5002,155.37,EA,1010,100008,4500091836,00020
5000000694,2025,0001,102,SERV-6001,124.08,HR,1010,100031,4500091924,00030
5000000694,2025,0002,101,SERV-6001,102.9,HR,2010,100031,4500091924,00030
5000000695,2024,0001,261,SERV-6001,146.65,HR,2010,100015,4500090690,00020
5000000695,2024,0002,101,SERV-6001,166.67,HR,2010,100015,4500090690,00020
5000000696,2025,0001,101,SPARE-5002,137.31,EA,2010,100047,4500091964,00020
5000000697,2024,0001,102,MRO-1001,125.31,EA,2010,100034,4500090266,00030
5000000697,2024,0002,102,MRO-1001,62.75,EA,1020,100034,4500090266,00030
5000000698,2025,0001,101,FUEL-2001,23.25,L,1020,100038,4500090009,00010
5000000698,2025,0002,101,FUEL-2001,59.34,L,2010,100038,4500090009,00010
5000000699,2025,0001,101,SERV-6002,85.08,EA,2010,100017,4500091031,00010
5000000699,2025,0002,101,SERV-6002,194.01,EA,1020,100017,4500091031,00010
5000000700,2024,0001,101,SPARE-5001,53.93,EA,2010,100044,4500090336,00010
5000000700,2024,0002,261,SPARE-5001,76.51,EA,2010,100044,4500090336,00010
5000000701,2024,0001,101,OFFC-4001,75.06,EA,1020,100051,4500091611,00020
5000000702,2024,0001,102,SERV-6002,24.63,EA,1010,100053,4500091387,00010
5000000702,2024,0002,101,SERV-6002,54.28,EA,1020,100053,4500091387,00010
5000000702,2024,0003,261,SERV-6002,122.41,EA,2010,100053,4500091387,00010
5000000703,2025,0001,261,MRO-1001,173.42,EA,2010,100035,4500090511,00020
5000000704,2024,0001,261,MRO-1001,116.94,EA,1020,100046,4500090073,00010
5000000705,2024,0001,101,IT-3002,173.74,EA,2010,100013,4500090106,00020
5000000705,2024,0002,101,IT-3002,95.26,EA,1020,100013,4500090106,00020
5000000706,2025,0001,102,SPARE-5002,82.13,EA,1020,100049,4500090290,00010
5000000707,2024,0001,101,MRO-1002,186.79,EA,1020,100047,4500091190,00010
5000000708,2025,0001,261,MRO-1002,18.34,EA,2010,100047,4500091190,00010
5000000708,2025,0002,102,MRO-1002,81.83,EA,1010,100047,4500091190,00010
5000000708,2025,0003,261,MRO-1002,40.08,EA,1010,100047,4500091190,00010
5000000709,2025,0001,101,FUEL-2001,11.85,L,1020,100003,4500090746,00020
5000000709,2025,0002,102,FUEL-2001,42.55,L,1010,100003,4500090746,00020
5000000710,2025,0001,101,MRO-1002,83.23,EA,1010,100047,4500091032,00040
5000000710,2025,0002,102,MRO-1002,52.67,EA,1010,100047,4500091032,00040
5000000710,2025,0003,102,MRO-1002,130.61,EA,2010,100047,4500091032,00040
5000000711,2025,0001,261,FUEL-2001,125.39,L,1010,100023,4500091397,00010
5000000711,2025,0002,102,FUEL-2001,13.84,L,1020,100023,4500091397,00010
5000000712,2024,0001,261,IT-3002,13.9,EA,1020,100045,4500090482,00010
5000000712,2024,0002,101,IT-3002,69.87,EA,1010,100045,4500090482,00010
5000000713,2024,0001,261,IT-3001,151.62,EA,2010,100006,4500091868,00020
5000000713,2024,0002,102,IT-3001,8.82,EA,1020,100006,4500091868,00020
5000000714,2025,0001,261,SERV-6001,81.4,HR,1010,100029,4500090671,00030
5000000714,2025,0002,101,SERV-6001,29.81,HR,1020,100029,4500090671,00030
5000000714,2025,0003,101,SERV-6001,10.78,HR,1020,100029,4500090671,00030
5000000715,2024,0001,101,IT-3002,193.23,EA,1020,100031,4500091903,00030
5000000715,2024,0002,102,IT-3002,142.55,EA,2010,100031,4500091903,00030
5000000716,2025,0001,101,SPARE-5002,73.11,EA,2010,100019,4500091993,00030
5000000716,2025,0002,101,SPARE-5002,198.77,EA,1010,100019,4500091993,00030
5000000716,2025,0003,101,SPARE-5002,113.74,EA,2010,100019,4500091993,00030
5000000717,2025,0001,261,SERV-6001,199.35,HR,1010,100046,4500090488,00020
5000000717,2025,0002,261,SERV-6001,86.27,HR,1020,100046,4500090488,00020
5000000718,2024,0001,102,MRO-1001,195.74,EA,2010,100003,4500090385,00040
5000000718,2024,0002,101,MRO-1001,28.86,EA,2010,100003,4500090385,00040
5000000718,2024,0003,101,MRO-1001,1.52,EA,1010,100003,4500090385,00040
5000000719,2024,0001,101,SPARE-5001,182.37,EA,2010,100015,4500091399,00010
5000000719,2024,0002,261,SPARE-5001,34.82,EA,1020,100015,4500091399,00010
5000000719,2024,0003,101,SPARE-5001,83.47,EA,2010,100015,4500091399,00010
5000000720,2024,0001,261,IT-3001,115.04,EA,1010,100012,4500090288,00010
5000000720,2024,0002,102,IT-3001,124.41,EA,1010,100012,4500090288,00010
5000000720,2024,0003,101,IT-3001,95.0,EA,2010,100012,4500090288,00010
5000000721,2024,0001,101,IT-3001,50.53,EA,1010,100004,4500090480,00030
5000000721,2024,0002,102,IT-3001,42.05,EA,1020,100004,4500090480,00030
5000000721,2024,0003,101,IT-3001,71.09,EA,1010,100004,4500090480,00030
5000000722,2025,0001,261,SPARE-5002,165.97,EA,1010,100002,4500091783,00010
5000000722,2025,0002,102,SPARE-5002,144.03,EA,2010,100002,4500091783,00010
5000000723,2025,0001,261,MRO-1001,99.79,EA,1020,100013,4500090090,00030
5000000723,2025,0002,261,MRO-1001,33.99,EA,2010,100013,4500090090,00030
5000000724,2025,0001,102,SPARE-5002,77.85,EA,1010,100019,4500091993,00020
5000000724,2025,0002,101,SPARE-5002,80.64,EA,1020,100019,4500091993,00020
5000000725,2025,0001,102,SERV-6001,170.8,HR,1020,100053,4500090422,00030
5000000725,2025,0002,261,SERV-6001,173.45,HR,2010,100053,4500090422,00030
5000000725,2025,0003,261,SERV-6001,128.69,HR,1010,100053,4500090422,00030
5000000726,2025,0001,101,SERV-6001,51.19,HR,1020,100054,4500090459,00020
5000000727,2024,0001,261,SERV-6002,149.48,EA,1010,100026,4500090647,00010
5000000727,2024,0002,102,SERV-6002,51.02,EA,1020,100026,4500090647,00010
5000000728,2025,0001,102,IT-3002,95.89,EA,2010,100002,4500091117,00020
5000000728,2025,0002,101,IT-3002,56.23,EA,1020,100002,4500091117,00020
5000000728,2025,0003,102,IT-3002,139.62,EA,1020,100002,4500091117,00020
5000000729,2024,0001,101,MRO-1002,69.49,EA,2010,100053,4500091387,00040
5000000730,2025,0001,102,MRO-1002,37.32,EA,1020,100059,4500090971,00020
5000000730,2025,0002,101,MRO-1002,36.14,EA,1010,100059,4500090971,00020
5000000730,2025,0003,261,MRO-1002,26.51,EA,1020,100059,4500090971,00020
5000000731,2025,0001,102,MRO-1002,24.62,EA,2010,100012,4500090862,00040
5000000731,2025,0002,102,MRO-1002,64.53,EA,1010,100012,4500090862,00040
5000000731,2025,0003,261,MRO-1002,130.77,EA,2010,100012,4500090862,00040
5000000732,2024,0001,261,FUEL-2001,109.2,L,1010,100008,4500091469,00010
5000000733,2025,0001,101,FUEL-2001,69.91,L,2010,100054,4500091048,00040
5000000733,2025,0002,101,FUEL-2001,21.6,L,1020,100054,4500091048,00040
5000000734,2024,0001,102,SERV-6001,89.27,HR,1010,100044,4500090558,00010
5000000734,2024,0002,102,SERV-6001,122.91,HR,1020,100044,4500090558,00010
5000000734,2024,0003,261,SERV-6001,185.28,HR,1010,100044,4500090558,00010
5000000735,2025,0001,101,OFFC-4001,70.35,EA,2010,100044,4500090910,00020
5000000735,2025,0002,261,OFFC-4001,195.63,EA,1010,100044,4500090910,00020
5000000736,2024,0001,101,SERV-6002,172.15,EA,2010,100015,4500090016,00010
5000000736,2024,0002,101,SERV-6002,102.23,EA,1010,100015,4500090016,00010
5000000736,2024,0003,261,SERV-6002,95.31,EA,2010,100015,4500090016,00010
5000000737,2025,0001,101,IT-3001,116.47,EA,1010,100017,4500090012,00010
5000000738,2024,0001,261,IT-3002,160.51,EA,1020,100033,4500091162,00010
5000000738,2024,0002,101,IT-3002,39.91,EA,1020,100033,4500091162,00010
5000000738,2024,0003,261,IT-3002,52.59,EA,2010,100033,4500091162,00010
5000000739,2024,0001,101,FUEL-2001,117.91,L,2010,100034,4500090264,00020
5000000739,2024,0002,101,FUEL-2001,34.34,L,1010,100034,4500090264,00020
5000000739,2024,0003,101,FUEL-2001,4.08,L,2010,100034,4500090264,00020
5000000740,2024,0001,102,FUEL-2001,114.86,L,2010,100009,4500090540,00010
5000000740,2024,0002,261,FUEL-2001,180.15,L,1010,100009,4500090540,00010
5000000741,2025,0001,101,FUEL-2001,86.81,L,1010,100041,4500091089,00010
5000000742,2024,0001,261,OFFC-4001,1.88,EA,2010,100041,4500090744,00040
5000000743,2024,0001,102,OFFC-4001,154.67,EA,1010,100030,4500091532,00010
5000000744,2024,0001,261,SPARE-5002,66.22,EA,1020,100016,4500091605,00030
5000000744,2024,0002,102,SPARE-5002,3.69,EA,2010,100016,4500091605,00030
5000000745,2025,0001,101,IT-3001,108.73,EA,1010,100013,4500091841,00020
5000000745,2025,0002,102,IT-3001,17.77,EA,1010,100013,4500091841,00020
5000000745,2025,0003,101,IT-3001,129.58,EA,2010,100013,4500091841,00020
5000000746,2025,0001,261,SERV-6002,125.02,EA,1020,100005,4500091359,00020
5000000746,2025,0002,261,SERV-6002,58.66,EA,1020,100005,4500091359,00020
5000000746,2025,0003,101,SERV-6002,21.46,EA,1020,100005,4500091359,00020
5000000747,2024,0001,102,FUEL-2001,59.84,L,2010,100011,4500090350,00030
5000000748,2024,0001,261,OFFC-4001,160.55,EA,1010,100009,4500091598,00020
5000000748,2024,0002,101,OFFC-4001,30.05,EA,2010,100009,4500091598,00020
5000000748,2024,0003,261,OFFC-4001,85.79,EA,1020,100009,4500091598,00020
5000000749,2025,0001,101,IT-3001,197.18,EA,2010,100033,4500091709,00010
5000000749,2025,0002,261,IT-3001,88.88,EA,2010,100033,4500091709,00010
5000000749,2025,0003,102,IT-3001,126.11,EA,1010,100033,4500091709,00010
5000000750,2024,0001,261,IT-3001,138.29,EA,1020,100003,4500091096,00010
5000000750,2024,0002,261,IT-3001,124.55,EA,2010,100003,4500091096,00010
5000000750,2024,0003,102,IT-3001,160.84,EA,1010,100003,4500091096,00010
5000000751,2024,0001,101,OFFC-4001,94.08,EA,1010,100002,4500091900,00040
5000000752,2025,0001,102,IT-3002,38.54,EA,1020,100043,4500091961,00020
5000000753,2025,0001,261,IT-3002,186.76,EA,1010,100020,4500090714,00010
5000000754,2024,0001,102,SPARE-5001,107.08,EA,2010,100047,4500090652,00030
5000000754,2024,0002,261,SPARE-5001,129.5,EA,1020,100047,4500090652,00030
5000000755,2024,0001,101,SERV-6001,108.85,HR,1010,100042,4500091374,00020
5000000755,2024,0002,102,SERV-6001,22.87,HR,1020,100042,4500091374,00020
5000000755,2024,0003,102,SERV-6001,30.01,HR,1010,100042,4500091374,00020
5000000756,2025,0001,102,OFFC-4001,119.88,EA,1010,100010,4500090358,00020
5000000756,2025,0002,261,OFFC-4001,30.44,EA,2010,100010,4500090358,00020
5000000756,2025,0003,102,OFFC-4001,65.72,EA,2010,100010,4500090358,00020
5000000757,2024,0001,261,MRO-1001,78.61,EA,1020,100031,4500091097,00010
5000000757,2024,0002,261,MRO-1001,24.88,EA,1010,100031,4500091097,00010
5000000758,2024,0001,261,IT-3001,1.12,EA,1010,100039,4500090284,00030
5000000759,2025,0001,102,IT-3002,50.36,EA,1010,100041,4500091856,00020
5000000760,2024,0001,102,IT-3001,70.12,EA,1020,100045,4500090585,00010
5000000761,2025,0001,261,MRO-1002,121.96,EA,2010,100004,4500091861,00030
5000000761,2025,0002,261,MRO-1002,24.98,EA,2010,100004,4500091861,00030
5000000761,2025,0003,102,MRO-1002,100.62,EA,2010,100004,4500091861,00030
5000000762,2025,0001,101,SPARE-5001,69.92,EA,1010,100054,4500091081,00030
5000000762,2025,0002,102,SPARE-5001,116.24,EA,1010,100054,4500091081,00030
5000000762,2025,0003,261,SPARE-5001,179.75,EA,1020,100054,4500091081,00030
5000000763,2025,0001,102,SPARE-5001,123.79,EA,1010,100035,4500091202,00010
5000000764,2024,0001,102,SPARE-5001,117.72,EA,1020,100059,4500091718,00010
5000000765,2024,0001,101,SERV-6001,18.07,HR,1020,100021,4500091775,00020
5000000766,2025,0001,102,MRO-1001,4.42,EA,2010,100056,4500091926,00020
5000000766,2025,0002,101,MRO-1001,141.82,EA,1020,100056,4500091926,00020
5000000767,2024,0001,102,MRO-1002,56.34,EA,2010,100006,4500091136,00010
5000000767,2024,0002,101,MRO-1002,12.98,EA,1020,100006,4500091136,00010
5000000767,2024,0003,101,MRO-1002,12.42,EA,1010,100006,4500091136,00010
5000000768,2025,0001,102,IT-3002,121.46,EA,1010,100021,4500091446,00010
5000000769,2024,0001,261,MRO-1001,55.04,EA,2010,100054,4500091774,00010
5000000769,2024,0002,102,MRO-1001,142.85,EA,1010,100054,4500091774,00010
5000000770,2024,0001,102,SERV-6002,77.66,EA,2010,100050,4500091940,00030
5000000770,2024,0002,102,SERV-6002,51.96,EA,2010,100050,4500091940,00030
5000000770,2024,0003,101,SERV-6002,51.9,EA,1020,100050,4500091940,00030
5000000771,2024,0001,261,IT-3002,103.28,EA,1010,100044,4500091669,00020
5000000771,2024,0002,101,IT-3002,94.32,EA,2010,100044,4500091669,00020
5000000771,2024,0003,261,IT-3002,112.03,EA,1020,100044,4500091669,00020
5000000772,2024,0001,261,IT-3001,163.28,EA,1010,100035,4500090761,00030
5000000773,2025,0001,261,OFFC-4001,85.34,EA,1010,100016,4500091605,00020
5000000773,2025,0002,261,OFFC-4001,35.39,EA,1020,100016,4500091605,00020
5000000774,2025,0001,261,MRO-1002,88.54,EA,1020,100045,4500091740,00020
5000000775,2025,0001,261,SPARE-5002,172.07,EA,1020,100032,4500090316,00030
5000000775,2025,0002,101,SPARE-5002,53.39,EA,1020,100032,4500090316,00030
5000000776,2025,0001,261,MRO-1001,188.61,EA,1020,100038,4500091425,00010
5000000776,2025,0002,261,MRO-1001,89.31,EA,1020,100038,4500091425,00010
5000000777,2024,0001,102,FUEL-2001,175.03,L,2010,100035,4500091027,00010
5000000777,2024,0002,102,FUEL-2001,159.69,L,1020,100035,4500091027,00010
5000000778,2025,0001,102,IT-3001,13.69,EA,2010,100023,4500091860,00030
5000000778,2025,0002,261,IT-3001,4.55,EA,1010,100023,4500091860,00030
5000000778,2025,0003,261,IT-3001,141.03,EA,1010,100023,4500091860,00030
5000000779,2025,0001,102,MRO-1001,62.94,EA,2010,100043,4500091921,00020
5000000779,2025,0002,102,MRO-1001,34.82,EA,2010,100043,4500091921,00020
5000000779,2025,0003,102,MRO-1001,29.79,EA,1010,100043,4500091921,00020
5000000780,2024,0001,101,SERV-6002,159.04,EA,2010,100018,4500091376,00010
5000000780,2024,0002,101,SERV-6002,92.04,EA,1020,100018,4500091376,00010
5000000780,2024,0003,102,SERV-6002,148.86,EA,1020,100018,4500091376,00010
5000000781,2025,0001,101,SERV-6001,193.51,HR,1010,100033,4500091162,00030
5000000782,2025,0001,261,MRO-1002,99.27,EA,1020,100015,4500090335,00010
5000000782,2025,0002,102,MRO-1002,156.94,EA,1010,100015,4500090335,00010
5000000782,2025,0003,101,MRO-1002,199.6,EA,1020,100015,4500090335,00010
5000000783,2025,0001,101,IT-3002,87.68,EA,1020,100000,4500091207,00030
5000000783,2025,0002,101,IT-3002,135.45,EA,2010,100000,4500091207,00030
5000000783,2025,0003,102,IT-3002,147.25,EA,1010,100000,4500091207,00030
5000000784,2025,0001,102,MRO-1001,83.61,EA,1010,100002,4500090332,00010
5000000785,2025,0001,101,IT-3002,17.89,EA,2010,100032,4500091985,00010
5000000785,2025,0002,102,IT-3002,35.51,EA,1020,100032,4500091985,00010
5000000786,2024,0001,102,IT-3001,20.62,EA,1020,100023,4500091121,00030
5000000787,2025,0001,261,SERV-6001,197.47,HR,2010,100045,4500090838,00040
5000000788,2024,0001,261,SERV-6001,181.51,HR,1010,100035,4500090414,00010
5000000788,2024,0002,101,SERV-6001,65.53,HR,2010,100035,4500090414,00010
5000000788,2024,0003,101,SERV-6001,9.57,HR,2010,100035,4500090414,00010
5000000789,2024,0001,101,IT-3001,109.36,EA,2010,100003,4500091301,00010
5000000789,2024,0002,102,IT-3001,44.8,EA,1010,100003,4500091301,00010
5000000790,2024,0001,102,OFFC-4001,36.36,EA,2010,100030,4500090251,00010
5000000790,2024,0002,261,OFFC-4001,176.48,EA,1020,100030,4500090251,00010
5000000791,2025,0001,101,SPARE-5001,48.31,EA,1020,100016,4500090624,00030
5000000791,2025,0002,261,SPARE-5001,30.98,EA,1020,100016,4500090624,00030
5000000791,2025,0003,101,SPARE-5001,164.28,EA,2010,100016,4500090624,00030
5000000792,2024,0001,102,SERV-6002,77.42,EA,2010,100033,4500091353,00020
5000000793,2024,0001,101,MRO-1001,20.12,EA,2010,100027,4500091997,00030
5000000794,2024,0001,101,MRO-1002,174.0,EA,1010,100046,4500091680,00020
5000000794,2024,0002,261,MRO-1002,164.9,EA,1020,100046,4500091680,00020
5000000794,2024,0003,102,MRO-1002,98.38,EA,2010,100046,4500091680,00020
5000000795,2025,0001,101,IT-3001,109.4,EA,1010,100034,4500090282,00030
5000000796,2024,0001,261,FUEL-2001,142.95,L,2010,100047,4500090631,00010
5000000796,2024,0002,102,FUEL-2001,53.96,L,2010,100047,4500090631,00010
5000000797,2025,0001,102,MRO-1002,185.66,EA,2010,100010,4500091116,00020
5000000797,2025,0002,102,MRO-1002,30.96,EA,1010,100010,4500091116,00020
5000000797,2025,0003,102,MRO-1002,90.81,EA,1010,100010,4500091116,00020
5000000798,2024,0001,102,SPARE-5001,195.06,EA,2010,100041,4500090330,00010
5000000799,2025,0001,102,OFFC-4001,69.56,EA,2010,100034,4500091570,00030
5000000799,2025,0002,261,OFFC-4001,188.93,EA,1010,100034,4500091570,00030
5000000800,2024,0001,101,SERV-6002,26.68,EA,1020,100015,4500090016,00010
5000000800,2024,0002,101,SERV-6002,81.08,EA,1020,100015,4500090016,00010
5000000801,2024,0001,261,SERV-6002,71.76,EA,1010,100052,4500091011,00010
5000000801,2024,0002,261,SERV-6002,124.89,EA,1020,100052,4500091011,00010
5000000801,2024,0003,261,SERV-6002,149.0,EA,1010,100052,4500091011,00010
5000000802,2024,0001,101,MRO-1002,167.85,EA,2010,100023,4500090213,00010
5000000802,2024,0002,261,MRO-1002,116.1,EA,2010,100023,4500090213,00010
5000000803,2024,0001,102,OFFC-4001,26.01,EA,2010,100055,4500090181,00030
5000000803,2024,0002,261,OFFC-4001,139.98,EA,1010,100055,4500090181,00030
5000000803,2024,0003,261,OFFC-4001,154.85,EA,1020,100055,4500090181,00030
5000000804,2024,0001,101,SPARE-5001,7.15,EA,2010,100003,4500090785,00020
5000000804,2024,0002,102,SPARE-5001,79.08,EA,1010,100003,4500090785,00020
5000000804,2024,0003,102,SPARE-5001,38.0,EA,1010,100003,4500090785,00020
5000000805,2025,0001,102,FUEL-2001,142.3,L,1010,100014,4500091012,00020
5000000805,2025,0002,101,FUEL-2001,40.85,L,2010,100014,4500091012,00020
5000000805,2025,0003,102,FUEL-2001,42.9,L,2010,100014,4500091012,00020
5000000806,2024,0001,101,SPARE-5002,147.83,EA,1010,100045,4500090585,00040
5000000806,2024,0002,101,SPARE-5002,68.77,EA,1010,100045,4500090585,00040
5000000806,2024,0003,101,SPARE-5002,62.19,EA,2010,100045,4500090585,00040
5000000807,2025,0001,261,SERV-6001,163.6,HR,2010,100005,4500091784,00010
5000000807,2025,0002,102,SERV-6001,72.02,HR,1020,100005,4500091784,00010
5000000808,2024,0001,101,SERV-6002,111.27,EA,1010,100047,4500091299,00030
5000000808,2024,0002,102,SERV-6002,85.32,EA,1010,100047,4500091299,00030
5000000808,2024,0003,101,SERV-6002,174.84,EA,1020,100047,4500091299,00030
5000000809,2025,0001,261,FUEL-2001,140.98,L,1010,100019,4500091118,00010
5000000809,2025,0002,101,FUEL-2001,81.84,L,2010,100019,4500091118,00010
5000000810,2024,0001,101,MRO-1001,29.85,EA,1010,100020,4500091665,00010
5000000810,2024,0002,261,MRO-1001,143.02,EA,2010,100020,4500091665,00010
5000000810,2024,0003,102,MRO-1001,127.24,EA,1020,100020,4500091665,00010
5000000811,2024,0001,102,MRO-1001,105.53,EA,2010,100027,4500090900,00020
5000000811,2024,0002,102,MRO-1001,155.88,EA,2010,100027,4500090900,00020
5000000811,2024,0003,102,MRO-1001,60.94,EA,1020,100027,4500090900,00020
5000000812,2025,0001,102,SERV-6002,93.23,EA,2010,100014,4500090258,00030
5000000812,2025,0002,261,SERV-6002,117.7,EA,1020,100014,4500090258,00030
5000000812,2025,0003,101,SERV-6002,76.51,EA,1010,100014,4500090258,00030
5000000813,2024,0001,101,MRO-1002,180.8,EA,1010,100049,4500091571,00010
5000000813,2024,0002,102,MRO-1002,81.24,EA,1020,100049,4500091571,00010
5000000814,2024,0001,261,FUEL-2001,70.97,L,1020,100053,4500091292,00030
5000000814,2024,0002,102,FUEL-2001,148.22,L,2010,100053,4500091292,00030
5000000814,2024,0003,101,FUEL-2001,179.37,L,2010,100053,4500091292,00030
5000000815,2025,0001,101,IT-3001,165.0,EA,1020,100056,4500091869,00020
5000000816,2025,0001,261,SERV-6001,192.55,HR,1020,100009,4500091445,00030
5000000817,2024,0001,102,MRO-1001,112.3,EA,1010,100056,4500091840,00010
5000000817,2024,0002,101,MRO-1001,143.17,EA,1020,100056,4500091840,00010
5000000818,2025,0001,261,IT-3002,116.86,EA,1010,100023,4500090681,00020
5000000818,2025,0002,261,IT-3002,186.59,EA,2010,100023,4500090681,00020
5000000818,2025,0003,261,IT-3002,113.32,EA,1010,100023,4500090681,00020
5000000819,2025,0001,102,IT-3002,48.01,EA,2010,100044,4500091669,00020
5000000820,2025,0001,102,MRO-1002,8.32,EA,2010,100006,4500090984,00020
5000000821,2024,0001,102,SERV-6001,27.49,HR,2010,100057,4500090383,00020
5000000821,2024,0002,102,SERV-6001,79.66,HR,2010,100057,4500090383,00020
5000000822,2024,0001,261,OFFC-4001,92.95,EA,2010,100027,4500091328,00010
5000000823,2024,0001,102,OFFC-4001,174.48,EA,1020,100051,4500090573,00010
5000000823,2024,0002,102,OFFC-4001,17.57,EA,1020,100051,4500090573,00010
5000000824,2025,0001,101,IT-3002,14.87,EA,1020,100047,4500091937,00020
5000000824,2025,0002,102,IT-3002,150.17,EA,1010,100047,4500091937,00020
5000000824,2025,0003,261,IT-3002,53.06,EA,1020,100047,4500091937,00020
5000000825,2024,0001,261,FUEL-2001,29.31,L,1010,100015,4500090918,00010
5000000826,2025,0001,101,IT-3001,41.69,EA,1010,100033,4500091709,00010
5000000826,2025,0002,101,IT-3001,191.97,EA,2010,100033,4500091709,00010
5000000826,2025,0003,101,IT-3001,12.13,EA,2010,100033,4500091709,00010
5000000827,2025,0001,261,MRO-1002,31.25,EA,1010,100034,4500091706,00030
5000000827,2025,0002,101,MRO-1002,142.74,EA,1010,100034,4500091706,00030
5000000827,2025,0003,261,MRO-1002,190.95,EA,1020,100034,4500091706,00030
5000000828,2025,0001,102,IT-3001,10.08,EA,2010,100012,4500090223,00030
5000000828,2025,0002,102,IT-3001,174.29,EA,1010,100012,4500090223,00030
5000000828,2025,0003,261,IT-3001,109.95,EA,2010,100012,4500090223,00030
5000000829,2024,0001,101,FUEL-2001,137.05,L,1010,100027,4500090529,00010
5000000829,2024,0002,261,FUEL-2001,2.42,L,2010,100027,4500090529,00010
5000000830,2024,0001,261,OFFC-4001,82.49,EA,1020,100032,4500091575,00030
5000000830,2024,0002,261,OFFC-4001,166.0,EA,1020,100032,4500091575,00030
5000000830,2024,0003,261,OFFC-4001,4.63,EA,1010,100032,4500091575,00030
5000000831,2024,0001,101,OFFC-4001,24.51,EA,1020,100005,4500090458,00010
5000000832,2024,0001,102,SERV-6002,78.38,EA,2010,100032,4500090710,00010
5000000832,2024,0002,101,SERV-6002,93.54,EA,1020,100032,4500090710,00010
5000000832,2024,0003,102,SERV-6002,127.3,EA,1020,100032,4500090710,00010
5000000833,2024,0001,261,MRO-1002,35.92,EA,1010,100057,4500090968,00010
5000000833,2024,0002,101,MRO-1002,124.29,EA,1020,100057,4500090968,00010
5000000834,2025,0001,101,IT-3002,178.06,EA,1020,100046,4500091082,00010
5000000835,2024,0001,102,SERV-6002,162.28,EA,2010,100056,4500091224,00010
5000000836,2025,0001,101,SERV-6002,78.11,EA,2010,100029,4500091810,00010
5000000837,2025,0001,101,OFFC-4001,145.73,EA,1010,100025,4500090924,00020
5000000837,2025,0002,102,OFFC-4001,32.64,EA,2010,100025,4500090924,00020
5000000837,2025,0003,261,OFFC-4001,57.1,EA,2010,100025,4500090924,00020
5000000838,2024,0001,261,IT-3002,127.22,EA,2010,100022,4500091884,00010
5000000838,2024,0002,261,IT-3002,142.5,EA,1020,100022,4500091884,00010
5000000838,2024,0003,102,IT-3002,101.58,EA,2010,100022,4500091884,00010
5000000839,2024,0001,101,IT-3001,106.52,EA,1020,100056,4500090046,00010
5000000839,2024,0002,102,IT-3001,147.12,EA,1010,100056,4500090046,00010
5000000839,2024,0003,102,IT-3001,35.76,EA,1010,100056,4500090046,00010
5000000840,2024,0001,101,MRO-1001,130.87,EA,1010,100042,4500091390,00020
5000000840,2024,0002,102,MRO-1001,127.96,EA,1020,100042,4500091390,00020
5000000841,2025,0001,261,IT-3002,171.02,EA,1010,100014,4500090840,00030
5000000841,2025,0002,101,IT-3002,130.32,EA,1020,100014,4500090840,00030
5000000841,2025,0003,101,IT-3002,177.42,EA,1020,100014,4500090840,00030
5000000842,2025,0001,261,SERV-6001,112.63,HR,1010,100002,4500091865,00030
5000000842,2025,0002,101,SERV-6001,186.28,HR,2010,100002,4500091865,00030
5000000843,2025,0001,102,SPARE-5001,172.99,EA,1010,100017,4500091209,00020
5000000843,2025,0002,102,SPARE-5001,111.67,EA,1020,100017,4500091209,00020
5000000843,2025,0003,261,SPARE-5001,57.23,EA,1010,100017,4500091209,00020
5000000844,2024,0001,102,SERV-6001,2.26,HR,2010,100032,4500091001,00020
5000000845,2024,0001,102,SERV-6001,139.93,HR,1020,100028,4500091698,00020
5000000846,2025,0001,101,SPARE-5002,187.07,EA,1010,100019,4500091993,00020
5000000846,2025,0002,102,SPARE-5002,126.75,EA,2010,100019,4500091993,00020
5000000846,2025,0003,101,SPARE-5002,126.08,EA,1020,100019,4500091993,00020
5000000847,2025,0001,261,SPARE-5002,96.06,EA,1020,100041,4500091819,00020
5000000847,2025,0002,261,SPARE-5002,47.89,EA,1010,100041,4500091819,00020
5000000848,2024,0001,101,SPARE-5002,180.85,EA,2010,100054,4500091901,00030
5000000848,2024,0002,261,SPARE-5002,38.01,EA,2010,100054,4500091901,00030
5000000849,2024,0001,102,MRO-1001,21.39,EA,1020,100027,4500090979,00010
5000000849,2024,0002,101,MRO-1001,155.94,EA,1020,100027,4500090979,00010
5000000850,2025,0001,101,SERV-6002,137.09,EA,1010,100044,4500091333,00010
5000000850,2025,0002,102,SERV-6002,60.01,EA,1020,100044,4500091333,00010
5000000851,2025,0001,102,IT-3002,161.22,EA,1020,100037,4500090220,00010
5000000852,2025,0001,102,SPARE-5002,24.42,EA,2010,100058,4500091923,00010
5000000853,2024,0001,102,IT-3002,127.98,EA,1020,100036,4500091617,00010
5000000853,2024,0002,261,IT-3002,148.18,EA,1010,100036,4500091617,00010
5000000854,2024,0001,101,OFFC-4001,131.95,EA,2010,100019,4500091058,00020
5000000855,2024,0001,261,OFFC-4001,154.86,EA,1020,100044,4500091715,00020
5000000855,2024,0002,101,OFFC-4001,11.59,EA,1010,100044,4500091715,00020
5000000855,2024,0003,261,OFFC-4001,26.72,EA,1010,100044,4500091715,00020
5000000856,2025,0001,261,OFFC-4001,19.56,EA,1020,100048,4500091481,00040
5000000856,2025,0002,261,OFFC-4001,95.54,EA,1020,100048,4500091481,00040
5000000856,2025,0003,101,OFFC-4001,198.81,EA,1020,100048,4500091481,00040
5000000857,2024,0001,261,MRO-1001,14.48,EA,1020,100050,4500090420,00010
5000000858,2025,0001,102,OFFC-4001,150.16,EA,2010,100054,4500091048,00030
5000000858,2025,0002,101,OFFC-4001,150.14,EA,1010,100054,4500091048,00030
5000000859,2024,0001,102,MRO-1001,146.72,EA,1020,100016,4500091911,00010
5000000859,2024,0002,261,MRO-1001,58.33,EA,1020,100016,4500091911,00010
5000000860,2024,0001,101,SERV-6001,77.85,HR,1010,100047,4500090887,00010
5000000861,2025,0001,102,IT-3002,87.84,EA,2010,100042,4500091037,00010
5000000861,2025,0002,101,IT-3002,184.45,EA,1010,100042,4500091037,00010
5000000862,2025,0001,101,SPARE-5001,156.96,EA,1010,100046,4500091584,00010
5000000863,2025,0001,261,IT-3002,176.0,EA,2010,100034,4500090374,00020
5000000864,2024,0001,101,FUEL-2001,116.85,L,1020,100030,4500090769,00010
5000000864,2024,0002,101,FUEL-2001,110.24,L,2010,100030,4500090769,00010
5000000865,2025,0001,261,SERV-6002,171.54,EA,2010,100033,4500090065,00040
5000000865,2025,0002,101,SERV-6002,191.32,EA,2010,100033,4500090065,00040
5000000866,2024,0001,101,MRO-1002,84.56,EA,1010,100035,4500090983,00020
5000000866,2024,0002,261,MRO-1002,76.33,EA,2010,100035,4500090983,00020
5000000866,2024,0003,102,MRO-1002,123.97,EA,1020,100035,4500090983,00020
5000000867,2025,0001,261,IT-3001,11.99,EA,1020,100059,4500090347,00010
5000000867,2025,0002,102,IT-3001,65.93,EA,1020,100059,4500090347,00010
5000000868,2025,0001,261,IT-3001,4.56,EA,1020,100053,4500090751,00010
5000000868,2025,0002,101,IT-3001,179.28,EA,1010,100053,4500090751,00010
5000000869,2025,0001,101,SERV-6002,3.74,EA,2010,100032,4500090798,00020
5000000869,2025,0002,101,SERV-6002,119.22,EA,2010,100032,4500090798,00020
5000000869,2025,0003,101,SERV-6002,84.83,EA,1020,100032,4500090798,00020
5000000870,2024,0001,261,MRO-1002,63.39,EA,1010,100058,4500091813,00020
5000000870,2024,0002,261,MRO-1002,30.34,EA,1010,100058,4500091813,00020
5000000871,2024,0001,261,SERV-6001,5.15,HR,1020,100037,4500090546,00040
5000000871,2024,0002,261,SERV-6001,164.04,HR,1010,100037,4500090546,00040
5000000872,2024,0001,102,IT-3002,52.55,EA,1020,100040,4500090481,00010
5000000873,2025,0001,101,SERV-6001,111.68,HR,2010,100010,4500090232,00010
5000000873,2025,0002,261,SERV-6001,17.21,HR,2010,100010,4500090232,00010
5000000873,2025,0003,261,SERV-6001,129.99,HR,1020,100010,4500090232,00010
5000000874,2025,0001,261,FUEL-2001,191.16,L,1010,100018,4500091778,00030
5000000875,2025,0001,101,IT-3002,120.74,EA,2010,100022,4500090571,00030
5000000875,2025,0002,102,IT-3002,17.14,EA,2010,100022,4500090571,00030
5000000876,2025,0001,101,MRO-1001,48.74,EA,1010,100055,4500090303,00030
5000000877,2025,0001,261,SPARE-5002,171.23,EA,1010,100012,4500091458,00040
5000000877,2025,0002,102,SPARE-5002,69.6,EA,1020,100012,4500091458,00040
5000000877,2025,0003,102,SPARE-5002,52.21,EA,1010,100012,4500091458,00040
5000000878,2024,0001,261,FUEL-2001,183.76,L,2010,100050,4500090498,00010
5000000878,2024,0002,261,FUEL-2001,198.19,L,1020,100050,4500090498,00010
5000000878,2024,0003,102,FUEL-2001,33.89,L,1010,100050,4500090498,00010
5000000879,2025,0001,101,OFFC-4001,98.83,EA,2010,100023,4500091121,00020
5000000880,2025,0001,102,SERV-6002,169.48,EA,1010,100034,4500091192,00010
5000000880,2025,0002,261,SERV-6002,11.03,EA,1010,100034,4500091192,00010
5000000881,2025,0001,261,MRO-1002,190.23,EA,1020,100005,4500091304,00010
5000000882,2025,0001,102,SERV-6001,190.91,HR,1020,100059,4500090778,00020
5000000882,2025,0002,261,SERV-6001,104.24,HR,1020,100059,4500090778,00020
5000000883,2025,0001,101,IT-3001,47.29,EA,1010,100055,4500090303,00010
5000000884,2024,0001,101,SPARE-5001,107.3,EA,2010,100001,4500091637,00010
5000000885,2025,0001,102,FUEL-2001,119.23,L,1020,100042,4500091934,00030
5000000885,2025,0002,261,FUEL-2001,166.48,L,1020,100042,4500091934,00030
5000000886,2025,0001,261,OFFC-4001,24.84,EA,2010,100013,4500090337,00020
5000000886,2025,0002,261,OFFC-4001,180.39,EA,1020,100013,4500090337,00020
5000000886,2025,0003,261,OFFC-4001,126.76,EA,1010,100013,4500090337,00020
5000000887,2025,0001,101,SERV-6001,53.17,HR,1010,100020,4500090904,00010
5000000888,2024,0001,101,MRO-1001,179.69,EA,1020,100034,4500091486,00010
5000000888,2024,0002,101,MRO-1001,11.82,EA,1020,100034,4500091486,00010
5000000888,2024,0003,261,MRO-1001,138.97,EA,1010,100034,4500091486,00010
5000000889,2024,0001,261,OFFC-4001,78.9,EA,1020,100035,4500090204,00020
5000000889,2024,0002,102,OFFC-4001,96.5,EA,1020,100035,4500090204,00020
5000000890,2024,0001,102,SERV-6002,173.43,EA,1020,100026,4500090357,00020
5000000890,2024,0002,261,SERV-6002,121.37,EA,2010,100026,4500090357,00020
5000000890,2024,0003,261,SERV-6002,113.17,EA,1010,100026,4500090357,00020
5000000891,2025,0001,261,SPARE-5002,98.84,EA,2010,100009,4500091606,00010
5000000891,2025,0002,261,SPARE-5002,103.53,EA,1010,100009,4500091606,00010
5000000892,2025,0001,261,MRO-1002,135.6,EA,1010,100019,4500090058,00030
5000000893,2025,0001,261,SPARE-5002,96.48,EA,1010,100053,4500090030,00020
5000000894,2025,0001,261,MRO-1002,125.45,EA,1010,100003,4500091044,00030
5000000895,2025,0001,102,MRO-1002,41.95,EA,1010,100020,4500090738,00020
5000000895,2025,0002,102,MRO-1002,147.4,EA,1010,100020,4500090738,00020
5000000896,2025,0001,101,SERV-6002,159.16,EA,1020,100033,4500090487,00030
5000000896,2025,0002,261,SERV-6002,179.96,EA,2010,100033,4500090487,00030
5000000896,2025,0003,261,SERV-6002,109.55,EA,2010,100033,4500090487,00030
5000000897,2024,0001,101,SERV-6001,139.15,HR,2010,100021,4500091775,00030
5000000898,2024,0001,261,SERV-6001,29.51,HR,2010,100028,4500091905,00030
5000000898,2024,0002,101,SERV-6001,176.63,HR,2010,100028,4500091905,00030
5000000898,2024,0003,261,SERV-6001,115.43,HR,2010,100028,4500091905,00030
5000000899,2024,0001,101,MRO-1002,84.49,EA,1010,100037,4500091291,00030
5000000899,2024,0002,102,MRO-1002,190.3,EA,1020,100037,4500091291,00030
5000000899,2024,0003,261,MRO-1002,83.53,EA,1010,100037,4500091291,00030
5000000900,2025,0001,261,MRO-1002,14.41,EA,2010,100035,4500090132,00030
5000000900,2025,0002,102,MRO-1002,109.52,EA,1020,100035,4500090132,00030
5000000901,2024,0001,102,SPARE-5002,165.25,EA,2010,100024,4500090127,00010
5000000901,2024,0002,101,SPARE-5002,24.88,EA,1020,100024,4500090127,00010
5000000902,2024,0001,101,IT-3001,88.63,EA,1010,100034,4500090264,00010
5000000902,2024,0002,102,IT-3001,67.51,EA,1020,100034,4500090264,00010
5000000902,2024,0003,101,IT-3001,3.93,EA,1010,100034,4500090264,00010
5000000903,2025,0001,102,SERV-6001,101.13,HR,1010,100008,4500091646,00040
5000000904,2024,0001,102,FUEL-2001,138.57,L,1020,100055,4500090718,00020
5000000905,2024,0001,261,SERV-6001,194.26,HR,2010,100045,4500090509,00020
5000000905,2024,0002,101,SERV-6001,49.04,HR,1010,100045,4500090509,00020
5000000906,2024,0001,101,FUEL-2001,108.89,L,1020,100006,4500090857,00040
5000000906,2024,0002,102,FUEL-2001,88.39,L,1020,100006,4500090857,00040
5000000907,2024,0001,101,SPARE-5001,131.04,EA,2010,100031,4500091903,00020
5000000907,2024,0002,261,SPARE-5001,55.75,EA,1010,100031,4500091903,00020
5000000908,2024,0001,102,SPARE-5001,128.04,EA,1020,100029,4500091149,00010
5000000908,2024,0002,102,SPARE-5001,179.42,EA,1010,100029,4500091149,00010
5000000908,2024,0003,261,SPARE-5001,76.82,EA,2010,100029,4500091149,00010
5000000909,2024,0001,261,IT-3002,101.29,EA,1010,100016,4500090745,00020
5000000909,2024,0002,102,IT-3002,139.31,EA,1020,100016,4500090745,00020
5000000909,2024,0003,101,IT-3002,123.24,EA,2010,100016,4500090745,00020
5000000910,2025,0001,101,OFFC-4001,65.8,EA,2010,100003,4500090302,00020
5000000910,2025,0002,101,OFFC-4001,182.9,EA,2010,100003,4500090302,00020
5000000911,2024,0001,102,SERV-6002,170.08,EA,1020,100053,4500090207,00020
5000000912,2024,0001,102,MRO-1002,41.47,EA,2010,100054,4500091774,00020
5000000912,2024,0002,102,MRO-1002,15.07,EA,2010,100054,4500091774,00020
5000000912,2024,0003,102,MRO-1002,136.09,EA,1010,100054,4500091774,00020
5000000913,2025,0001,261,SPARE-5002,103.53,EA,2010,100057,4500090668,00010
5000000914,2024,0001,102,MRO-1001,194.59,EA,1020,100032,4500090642,00020
5000000915,2025,0001,102,MRO-1002,153.98,EA,1020,100051,4500090944,00030
5000000915,2025,0002,101,MRO-1002,89.29,EA,1020,100051,4500090944,00030
5000000915,2025,0003,261,MRO-1002,120.34,EA,1010,100051,4500090944,00030
5000000916,2024,0001,102,MRO-1001,63.05,EA,1020,100029,4500090940,00010
5000000917,2025,0001,101,SPARE-5001,136.53,EA,1020,100044,4500091280,00030
5000000918,2024,0001,102,SPARE-5001,75.79,EA,2010,100048,4500090388,00010
5000000919,2024,0001,261,SPARE-5001,98.98,EA,1020,100033,4500090424,00020
5000000920,2024,0001,101,SPARE-5001,36.06,EA,1010,100027,4500091847,00020
5000000920,2024,0002,101,SPARE-5001,179.76,EA,1010,100027,4500091847,00020
5000000920,2024,0003,102,SPARE-5001,159.81,EA,2010,100027,4500091847,00020
5000000921,2024,0001,101,IT-3002,35.42,EA,1020,100021,4500091822,00010
5000000922,2024,0001,101,SERV-6001,39.21,HR,1020,100054,4500090551,00020
5000000922,2024,0002,101,SERV-6001,159.6,HR,2010,100054,4500090551,00020
5000000922,2024,0003,102,SERV-6001,58.83,HR,1020,100054,4500090551,00020
5000000923,2025,0001,261,FUEL-2001,179.02,L,1010,100019,4500090591,00020
5000000924,2025,0001,102,FUEL-2001,49.87,L,1010,100008,4500091156,00030
5000000925,2025,0001,261,OFFC-4001,24.42,EA,1020,100034,4500091842,00020
5000000925,2025,0002,102,OFFC-4001,182.94,EA,1020,100034,4500091842,00020
5000000925,2025,0003,261,OFFC-4001,84.36,EA,2010,100034,4500091842,00020
5000000926,2025,0001,102,SERV-6001,34.73,HR,2010,100017,4500091525,00040
5000000927,2024,0001,102,IT-3001,16.99,EA,1020,100032,4500090858,00010
5000000927,2024,0002,102,IT-3001,177.42,EA,2010,100032,4500090858,00010
5000000928,2025,0001,261,SERV-6001,130.95,HR,2010,100026,4500091755,00010
5000000928,2025,0002,261,SERV-6001,147.52,HR,1020,100026,4500091755,00010
5000000929,2025,0001,101,SERV-6001,125.11,HR,1010,100048,4500091845,00020
5000000929,2025,0002,261,SERV-6001,144.63,HR,1020,100048,4500091845,00020
5000000930,2024,0001,261,SPARE-5001,53.21,EA,1020,100010,4500091395,00030
5000000931,2025,0001,261,IT-3002,169.65,EA,2010,100027,4500091314,00020
5000000931,2025,0002,102,IT-3002,11.85,EA,1010,100027,4500091314,00020
5000000931,2025,0003,101,IT-3002,167.3,EA,1020,100027,4500091314,00020
5000000932,2025,0001,101,SPARE-5001,172.88,EA,1020,100052,4500090562,00020
5000000933,2025,0001,101,IT-3002,181.94,EA,1020,100013,4500091546,00030
5000000934,2025,0001,102,FUEL-2001,34.58,L,1020,100014,4500090796,00020
5000000935,2025,0001,261,SPARE-5001,3.37,EA,2010,100039,4500090925,00010
5000000935,2025,0002,101,SPARE-5001,91.13,EA,1020,100039,4500090925,00010
5000000936,2024,0001,102,IT-3001,30.55,EA,2010,100024,4500091789,00010
5000000936,2024,0002,102,IT-3001,88.9,EA,1020,100024,4500091789,00010
5000000937,2024,0001,101,SPARE-5002,82.02,EA,2010,100034,4500091706,00010
5000000937,2024,0002,101,SPARE-5002,80.73,EA,1010,100034,4500091706,00010
5000000938,2025,0001,261,SPARE-5001,139.21,EA,1010,100024,4500091319,00020
5000000939,2024,0001,261,SPARE-5001,23.16,EA,1020,100051,4500091501,00040
5000000939,2024,0002,102,SPARE-5001,107.03,EA,1010,100051,4500091501,00040
5000000939,2024,0003,102,SPARE-5001,14.71,EA,2010,100051,4500091501,00040
5000000940,2024,0001,101,SERV-6002,182.66,EA,2010,100059,4500091160,00020
5000000940,2024,0002,102,SERV-6002,77.08,EA,1010,100059,4500091160,00020
5000000940,2024,0003,261,SERV-6002,165.92,EA,2010,100059,4500091160,00020
5000000941,2024,0001,102,OFFC-4001,114.56,EA,1010,100051,4500091713,00030
5000000941,2024,0002,261,OFFC-4001,45.56,EA,1020,100051,4500091713,00030
5000000941,2024,0003,261,OFFC-4001,80.91,EA,2010,100051,4500091713,00030
5000000942,2024,0001,101,SERV-6001,17.32,HR,1020,100017,4500090434,00040
5000000942,2024,0002,102,SERV-6001,175.75,HR,2010,100017,4500090434,00040
5000000943,2024,0001,261,SERV-6002,10.19,EA,2010,100033,4500091325,00010
5000000943,2024,0002,102,SERV-6002,78.94,EA,1010,100033,4500091325,00010
5000000943,2024,0003,102,SERV-6002,2.19,EA,1020,100033,4500091325,00010
5000000944,2024,0001,102,MRO-1001,121.64,EA,1010,100006,4500090736,00010
5000000944,2024,0002,102,MRO-1001,32.94,EA,1010,100006,4500090736,00010
5000000945,2025,0001,101,MRO-1002,184.93,EA,1010,100034,4500090108,00030
5000000945,2025,0002,102,MRO-1002,89.92,EA,2010,100034,4500090108,00030
5000000946,2024,0001,101,MRO-1001,105.99,EA,2010,100035,4500091294,00010
5000000946,2024,0002,261,MRO-1001,121.48,EA,1020,100035,4500091294,00010
5000000947,2025,0001,261,SERV-6002,120.61,EA,1020,100044,4500091095,00020
5000000947,2025,0002,261,SERV-6002,186.69,EA,1010,100044,4500091095,00020
5000000948,2025,0001,102,OFFC-4001,66.68,EA,1010,100009,4500091392,00020
5000000948,2025,0002,261,OFFC-4001,110.29,EA,2010,100009,4500091392,00020
5000000948,2025,0003,261,OFFC-4001,89.63,EA,2010,100009,4500091392,00020
5000000949,2025,0001,102,IT-3002,128.45,EA,2010,100036,4500090981,00030
5000000950,2024,0001,261,OFFC-4001,92.97,EA,1020,100044,4500091051,00020
5000000950,2024,0002,101,OFFC-4001,104.66,EA,2010,100044,4500091051,00020
5000000951,2025,0001,261,MRO-1002,158.48,EA,1020,100010,4500091116,00020
5000000951,2025,0002,102,MRO-1002,150.8,EA,2010,100010,4500091116,00020
5000000952,2025,0001,101,SERV-6002,194.85,EA,1010,100041,4500090744,00010
5000000952,2025,0002,261,SERV-6002,165.05,EA,1020,100041,4500090744,00010
5000000953,2024,0001,261,IT-3002,69.51,EA,1020,100004,4500091188,00010
5000000954,2024,0001,101,SPARE-5001,164.62,EA,1010,100055,4500090520,00030
5000000954,2024,0002,102,SPARE-5001,197.43,EA,2010,100055,4500090520,00030
5000000954,2024,0003,101,SPARE-5001,6.28,EA,2010,100055,4500090520,00030
5000000955,2024,0001,261,FUEL-2001,152.58,L,1020,100019,4500091063,00010
5000000955,2024,0002,261,FUEL-2001,185.32,L,1010,100019,4500091063,00010
5000000956,2025,0001,101,FUEL-2001,172.55,L,1010,100009,4500091302,00030
5000000956,2025,0002,102,FUEL-2001,67.61,L,2010,100009,4500091302,00030
5000000956,2025,0003,261,FUEL-2001,42.91,L,2010,100009,4500091302,00030
5000000957,2025,0001,101,SPARE-5001,53.42,EA,1010,100017,4500090651,00030
5000000957,2025,0002,261,SPARE-5001,31.78,EA,1020,100017,4500090651,00030
5000000957,2025,0003,261,SPARE-5001,65.61,EA,2010,100017,4500090651,00030
5000000958,2025,0001,101,FUEL-2001,188.22,L,1020,100027,4500090529,00010
5000000958,2025,0002,102,FUEL-2001,87.52,L,1010,100027,4500090529,00010
5000000958,2025,0003,102,FUEL-2001,100.5,L,1020,100027,4500090529,00010
5000000959,2024,0001,261,FUEL-2001,186.62,L,1010,100051,4500090283,00010
5000000960,2024,0001,102,IT-3002,169.97,EA,1020,100024,4500090127,00020
5000000960,2024,0002,261,IT-3002,3.6,EA,2010,100024,4500090127,00020
5000000961,2025,0001,261,SERV-6001,183.87,HR,2010,100007,4500091673,00030
5000000961,2025,0002,101,SERV-6001,78.9,HR,1010,100007,4500091673,00030
5000000961,2025,0003,102,SERV-6001,139.26,HR,1020,100007,4500091673,00030
5000000962,2024,0001,102,IT-3001,13.42,EA,1010,100043,4500091129,00010
5000000963,2024,0001,101,IT-3002,74.32,EA,1020,100044,4500090496,00010
5000000963,2024,0002,102,IT-3002,197.36,EA,1010,100044,4500090496,00010
5000000964,2024,0001,261,OFFC-4001,79.48,EA,1010,100018,4500091576,00020
5000000964,2024,0002,102,OFFC-4001,34.28,EA,1010,100018,4500091576,00020
5000000965,2025,0001,101,SPARE-5001,22.77,EA,2010,100054,4500091981,00020
5000000965,2025,0002,101,SPARE-5001,153.0,EA,1020,100054,4500091981,00020
5000000965,2025,0003,261,SPARE-5001,9.84,EA,1020,100054,4500091981,00020
5000000966,2025,0001,101,OFFC-4001,108.31,EA,1020,100011,4500091506,00030
5000000966,2025,0002,261,OFFC-4001,182.12,EA,1020,100011,4500091506,00030
5000000967,2024,0001,261,SPARE-5001,152.05,EA,1010,100017,4500091877,00030
5000000967,2024,0002,101,SPARE-5001,185.8,EA,1010,100017,4500091877,00030
5000000968,2024,0001,261,MRO-1001,100.23,EA,1010,100054,4500090713,00030
5000000968,2024,0002,101,MRO-1001,167.57,EA,1020,100054,4500090713,00030
5000000969,2025,0001,102,FUEL-2001,21.81,L,1010,100010,4500090232,00020
5000000969,2025,0002,102,FUEL-2001,56.76,L,2010,100010,4500090232,00020
5000000970,2025,0001,261,FUEL-2001,143.91,L,2010,100020,4500091334,00010
5000000971,2025,0001,102,SPARE-5002,7.39,EA,2010,100022,4500090622,00030
5000000971,2025,0002,102,SPARE-5002,139.46,EA,1020,100022,4500090622,00030
5000000971,2025,0003,101,SPARE-5002,177.54,EA,1020,100022,4500090622,00030
5000000972,2025,0001,101,IT-3002,131.88,EA,2010,100059,4500091160,00010
5000000973,2025,0001,102,IT-3001,39.07,EA,1020,100041,4500091856,00010
5000000974,2024,0001,102,SERV-6002,73.59,EA,2010,100022,4500091884,00020
5000000974,2024,0002,261,SERV-6002,98.11,EA,1020,100022,4500091884,00020
5000000974,2024,0003,261,SERV-6002,172.11,EA,1020,100022,4500091884,00020
5000000975,2025,0001,102,SPARE-5001,30.42,EA,1010,100005,4500091179,00010
5000000975,2025,0002,101,SPARE-5001,28.23,EA,2010,100005,4500091179,00010
5000000976,2025,0001,261,SPARE-5002,90.96,EA,1010,100012,4500090659,00030
5000000977,2024,0001,101,FUEL-2001,191.29,L,1010,100018,4500091404,00020
5000000978,2024,0001,102,SPARE-5001,71.38,EA,1010,100042,4500090019,00010
5000000978,2024,0002,101,SPARE-5001,179.68,EA,2010,100042,4500090019,00010
5000000978,2024,0003,102,SPARE-5001,110.69,EA,1020,100042,4500090019,00010
5000000979,2024,0001,102,FUEL-2001,188.26,L,2010,100059,4500090971,00030
5000000979,2024,0002,102,FUEL-2001,162.74,L,1010,100059,4500090971,00030
5000000979,2024,0003,101,FUEL-2001,123.85,L,2010,100059,4500090971,00030
5000000980,2025,0001,101,FUEL-2001,4.52,L,1020,100054,4500091048,00040
5000000980,2025,0002,102,FUEL-2001,43.75,L,2010,100054,4500091048,00040
5000000981,2025,0001,101,SPARE-5002,93.66,EA,1010,100037,4500090464,00010
5000000981,2025,0002,102,SPARE-5002,50.99,EA,2010,100037,4500090464,00010
5000000981,2025,0003,261,SPARE-5002,99.0,EA,2010,100037,4500090464,00010
5000000982,2024,0001,261,FUEL-2001,181.17,L,2010,100024,4500090766,00010
5000000982,2024,0002,261,FUEL-2001,177.19,L,1010,100024,4500090766,00010
5000000982,2024,0003,102,FUEL-2001,175.43,L,2010,100024,4500090766,00010
5000000983,2024,0001,101,OFFC-4001,61.93,EA,1010,100044,4500090451,00020
5000000984,2025,0001,102,MRO-1002,175.18,EA,1010,100047,4500090023,00010
5000000985,2024,0001,261,MRO-1002,62.09,EA,2010,100035,4500091182,00020
5000000985,2024,0002,101,MRO-1002,32.04,EA,1020,100035,4500091182,00020
5000000986,2025,0001,101,MRO-1002,61.51,EA,1010,100045,4500090519,00010
5000000986,2025,0002,102,MRO-1002,47.89,EA,2010,100045,4500090519,00010
5000000987,2025,0001,102,IT-3002,179.26,EA,1020,100058,4500090446,00010
5000000988,2024,0001,261,IT-3001,12.18,EA,2010,100037,4500090827,00040
5000000989,2025,0001,101,IT-3002,13.28,EA,2010,100038,4500091068,00010
5000000989,2025,0002,102,IT-3002,21.92,EA,1010,100038,4500091068,00010
5000000989,2025,0003,101,IT-3002,138.74,EA,1010,100038,4500091068,00010
5000000990,2025,0001,102,IT-3001,152.94,EA,2010,100001,4500090894,00010
5000000991,2024,0001,101,SPARE-5001,133.06,EA,1020,100006,4500091771,00010
5000000991,2024,0002,261,SPARE-5001,4.93,EA,2010,100006,4500091771,00010
5000000992,2025,0001,261,SERV-6001,79.07,HR,1020,100033,4500091734,00020
5000000992,2025,0002,261,SERV-6001,134.46,HR,1010,100033,4500091734,00020
5000000992,2025,0003,101,SERV-6001,70.96,HR,1020,100033,4500091734,00020
5000000993,2024,0001,102,FUEL-2001,138.93,L,1020,100039,4500091442,00030
5000000993,2024,0002,102,FUEL-2001,193.81,L,2010,100039,4500091442,00030
5000000994,2024,0001,261,MRO-1002,42.83,EA,1020,100049,4500090566,00010
5000000995,2025,0001,102,SPARE-5002,28.39,EA,1010,100043,4500090423,00010
5000000995,2025,0002,101,SPARE-5002,18.94,EA,1020,100043,4500090423,00010
5000000995,2025,0003,101,SPARE-5002,123.01,EA,1020,100043,4500090423,00010
5000000996,2024,0001,261,SERV-6001,90.57,HR,2010,100011,4500090563,00010
5000000996,2024,0002,102,SERV-6001,37.14,HR,1010,100011,4500090563,00010
5000000996,2024,0003,261,SERV-6001,183.2,HR,1010,100011,4500090563,00010
5000000997,2024,0001,101,OFFC-4001,24.92,EA,1020,100036,4500091036,00020
5000000997,2024,0002,101,OFFC-4001,58.69,EA,1010,100036,4500091036,00020
5000000997,2024,0003,261,OFFC-4001,77.27,EA,1010,100036,4500091036,00020
5000000998,2024,0001,102,OFFC-4001,128.22,EA,1010,100029,4500091225,00010
5000000998,2024,0002,101,OFFC-4001,146.53,EA,1010,100029,4500091225,00010
5000000999,2025,0001,101,SERV-6002,174.78,EA,2010,100053,4500090966,00020
5000001000,2024,0001,101,OFFC-4001,91.35,EA,1020,100017,4500091423,00010
5000001000,2024,0002,102,OFFC-4001,60.7,EA,2010,100017,4500091423,00010
5000001000,2024,0003,102,OFFC-4001,171.43,EA,2010,100017,4500091423,00010
5000001001,2025,0001,261,IT-3001,6.68,EA,1010,100000,4500091919,00010
5000001002,2025,0001,261,OFFC-4001,154.97,EA,2010,100006,4500091608,00020
5000001002,2025,0002,261,OFFC-4001,63.08,EA,1010,100006,4500091608,00020
5000001003,2025,0001,261,IT-3001,94.02,EA,1010,100041,4500091856,00010
5000001003,2025,0002,261,IT-3001,5.2,EA,1020,100041,4500091856,00010
5000001004,2024,0001,102,OFFC-4001,189.59,EA,1020,100056,4500090077,00020
5000001004,2024,0002,102,OFFC-4001,160.84,EA,1010,100056,4500090077,00020
5000001004,2024,0003,102,OFFC-4001,186.24,EA,2010,100056,4500090077,00020
5000001005,2024,0001,102,MRO-1001,177.23,EA,1010,100049,4500091787,00020
5000001005,2024,0002,102,MRO-1001,111.41,EA,2010,100049,4500091787,00020
5000001005,2024,0003,101,MRO-1001,13.76,EA,1010,100049,4500091787,00020
5000001006,2024,0001,101,SERV-6001,146.12,HR,1020,100025,4500091642,00010
5000001007,2024,0001,101,SPARE-5002,129.98,EA,1020,100059,4500091657,00030
5000001007,2024,0002,101,SPARE-5002,12.99,EA,1010,100059,4500091657,00030
5000001008,2025,0001,261,MRO-1001,153.88,EA,1020,100007,4500091222,00030
5000001008,2025,0002,102,MRO-1001,122.41,EA,1020,100007,4500091222,00030
5000001009,2024,0001,101,OFFC-4001,147.15,EA,1010,100002,4500090856,00010
5000001009,2024,0002,261,OFFC-4001,164.12,EA,1020,100002,4500090856,00010
5000001009,2024,0003,261,OFFC-4001,90.05,EA,2010,100002,4500090856,00010
5000001010,2025,0001,102,OFFC-4001,141.55,EA,1010,100000,4500090003,00040
5000001011,2025,0001,102,OFFC-4001,125.07,EA,1010,100036,4500091551,00020
5000001011,2025,0002,101,OFFC-4001,187.73,EA,1010,100036,4500091551,00020
5000001012,2025,0001,261,SPARE-5001,113.17,EA,2010,100058,4500090114,00020
5000001012,2025,0002,101,SPARE-5001,65.6,EA,2010,100058,4500090114,00020
5000001012,2025,0003,102,SPARE-5001,191.07,EA,1010,100058,4500090114,00020
5000001013,2024,0001,261,FUEL-2001,56.69,L,1020,100050,4500090263,00010
5000001013,2024,0002,101,FUEL-2001,154.4,L,1010,100050,4500090263,00010
5000001013,2024,0003,101,FUEL-2001,105.48,L,1020,100050,4500090263,00010
5000001014,2025,0001,261,IT-3001,99.49,EA,1010,100000,4500091487,00030
5000001014,2025,0002,102,IT-3001,4.98,EA,1020,100000,4500091487,00030
5000001014,2025,0003,102,IT-3001,184.49,EA,1020,100000,4500091487,00030
5000001015,2024,0001,101,MRO-1002,72.44,EA,1020,100058,4500090611,00030
5000001016,2025,0001,102,FUEL-2001,164.79,L,1010,100029,4500090010,00010
5000001017,2025,0001,261,OFFC-4001,2.25,EA,1020,100011,4500091165,00030
5000001017,2025,0002,102,OFFC-4001,150.49,EA,1020,100011,4500091165,00030
5000001018,2025,0001,101,OFFC-4001,126.36,EA,1020,100011,4500090349,00010
5000001018,2025,0002,101,OFFC-4001,82.4,EA,2010,100011,4500090349,00010
5000001018,2025,0003,101,OFFC-4001,38.7,EA,1020,100011,4500090349,00010
5000001019,2025,0001,261,IT-3001,2.66,EA,1020,100041,4500091089,00020
5000001019,2025,0002,101,IT-3001,156.43,EA,1020,100041,4500091089,00020
5000001019,2025,0003,261,IT-3001,170.19,EA,2010,100041,4500091089,00020
5000001020,2025,0001,261,SPARE-5001,60.96,EA,1010,100013,4500091134,00020
5000001020,2025,0002,101,SPARE-5001,33.16,EA,2010,100013,4500091134,00020
5000001021,2025,0001,101,MRO-1002,111.25,EA,1010,100044,4500091583,00020
5000001022,2025,0001,101,SERV-6001,90.3,HR,1010,100059,4500091385,00020
5000001022,2025,0002,261,SERV-6001,146.29,HR,1020,100059,4500091385,00020
5000001023,2025,0001,261,SERV-6001,8.61,HR,1020,100023,4500090819,00010
5000001023,2025,0002,102,SERV-6001,60.13,HR,1010,100023,4500090819,00010
5000001023,2025,0003,101,SERV-6001,146.78,HR,1010,100023,4500090819,00010
5000001024,2024,0001,102,OFFC-4001,59.76,EA,2010,100019,4500091826,00010
5000001024,2024,0002,102,OFFC-4001,21.46,EA,2010,100019,4500091826,00010
5000001024,2024,0003,261,OFFC-4001,104.25,EA,1010,100019,4500091826,00010
5000001025,2024,0001,101,FUEL-2001,92.58,L,1010,100014,4500091086,00010
5000001026,2024,0001,102,SPARE-5001,197.16,EA,1020,100026,4500091103,00010
5000001027,2025,0001,101,SPARE-5002,179.67,EA,1010,100034,4500091706,00010
5000001028,2024,0001,102,MRO-1001,130.56,EA,2010,100024,4500091100,00020
5000001028,2024,0002,261,MRO-1001,2.46,EA,1010,100024,4500091100,00020
5000001029,2024,0001,101,IT-3001,68.56,EA,1020,100028,4500091697,00020
5000001029,2024,0002,261,IT-3001,142.74,EA,2010,100028,4500091697,00020
5000001030,2024,0001,261,SERV-6002,133.89,EA,2010,100044,4500091095,00020
5000001030,2024,0002,101,SERV-6002,7.68,EA,1020,100044,4500091095,00020
5000001030,2024,0003,101,SERV-6002,127.15,EA,1010,100044,4500091095,00020
5000001031,2024,0001,261,IT-3001,165.68,EA,1020,100023,4500090908,00040
5000001032,2025,0001,101,SPARE-5001,158.97,EA,1010,100027,4500090676,00020
5000001032,2025,0002,101,SPARE-5001,63.46,EA,2010,100027,4500090676,00020
5000001033,2024,0001,102,SPARE-5001,113.6,EA,2010,100051,4500091342,00020
5000001033,2024,0002,101,SPARE-5001,82.01,EA,1020,100051,4500091342,00020
5000001034,2024,0001,101,FUEL-2001,121.55,L,1020,100030,4500091660,00030
5000001034,2024,0002,261,FUEL-2001,139.25,L,1020,100030,4500091660,00030
5000001034,2024,0003,261,FUEL-2001,23.73,L,1010,100030,4500091660,00030
5000001035,2024,0001,261,MRO-1001,33.16,EA,1020,100044,4500091004,00040
5000001036,2024,0001,102,IT-3001,174.47,EA,1010,100009,4500091627,00010
5000001036,2024,0002,261,IT-3001,42.59,EA,2010,100009,4500091627,00010
5000001036,2024,0003,261,IT-3001,109.18,EA,2010,100009,4500091627,00010
5000001037,2024,0001,101,IT-3002,162.89,EA,1010,100005,4500091285,00040
5000001038,2025,0001,102,IT-3002,52.66,EA,1010,100049,4500091675,00030
5000001039,2025,0001,101,SPARE-5002,151.48,EA,2010,100003,4500091239,00010
5000001039,2025,0002,102,SPARE-5002,133.71,EA,1010,100003,4500091239,00010
5000001040,2025,0001,102,SERV-6001,74.88,HR,1020,100014,4500090228,00030
5000001041,2024,0001,102,FUEL-2001,137.17,L,2010,100036,4500091617,00020
5000001041,2024,0002,261,FUEL-2001,55.43,L,2010,100036,4500091617,00020
5000001042,2024,0001,101,SPARE-5001,103.19,EA,1020,100043,4500090057,00020
5000001043,2024,0001,102,MRO-1001,133.68,EA,1020,100031,4500091196,00040
5000001044,2025,0001,261,MRO-1001,31.55,EA,2010,100031,4500091378,00030
5000001044,2025,0002,101,MRO-1001,169.33,EA,2010,100031,4500091378,00030
5000001044,2025,0003,102,MRO-1001,97.9,EA,1010,100031,4500091378,00030
5000001045,2025,0001,102,SPARE-5001,134.33,EA,1020,100010,4500091116,00040
5000001045,2025,0002,101,SPARE-5001,34.39,EA,2010,100010,4500091116,00040
5000001045,2025,0003,261,SPARE-5001,137.0,EA,1010,100010,4500091116,00040
5000001046,2024,0001,261,SERV-6002,168.82,EA,2010,100057,4500090968,00020
5000001046,2024,0002,261,SERV-6002,147.93,EA,1010,100057,4500090968,00020
5000001047,2025,0001,101,FUEL-2001,161.68,L,2010,100017,4500091664,00040
5000001047,2025,0002,261,FUEL-2001,45.52,L,1020,100017,4500091664,00040
5000001047,2025,0003,101,FUEL-2001,150.95,L,2010,100017,4500091664,00040
5000001048,2025,0001,261,IT-3002,16.97,EA,1020,100057,4500090514,00010
5000001049,2024,0001,102,SPARE-5002,105.31,EA,1020,100051,4500091685,00010
5000001049,2024,0002,261,SPARE-5002,183.45,EA,1010,100051,4500091685,00010
5000001050,2024,0001,102,SERV-6001,123.81,HR,1020,100033,4500090424,00040
5000001051,2025,0001,102,OFFC-4001,188.47,EA,2010,100005,4500090369,00010
5000001051,2025,0002,101,OFFC-4001,101.37,EA,1020,100005,4500090369,00010
5000001051,2025,0003,261,OFFC-4001,12.32,EA,1010,100005,4500090369,00010
5000001052,2024,0001,101,IT-3001,70.8,EA,1020,100025,4500091120,00010
5000001052,2024,0002,101,IT-3001,115.96,EA,2010,100025,4500091120,00010
5000001053,2025,0001,101,SERV-6001,169.46,HR,1020,100031,4500091915,00020
5000001053,2025,0002,102,SERV-6001,34.57,HR,1010,100031,4500091915,00020
5000001053,2025,0003,102,SERV-6001,27.08,HR,1020,100031,4500091915,00020
5000001054,2024,0001,101,SERV-6002,105.25,EA,1020,100042,4500091006,00030
5000001055,2025,0001,261,SERV-6002,23.94,EA,2010,100026,4500091636,00020
5000001056,2024,0001,101,FUEL-2001,111.76,L,1010,100002,4500090755,00010
5000001057,2024,0001,102,SERV-6002,8.26,EA,1010,100003,4500090119,00010
5000001057,2024,0002,101,SERV-6002,108.87,EA,1020,100003,4500090119,00010
5000001058,2025,0001,102,SPARE-5001,155.16,EA,1010,100045,4500090838,00010
5000001059,2025,0001,261,MRO-1002,87.53,EA,1020,100030,4500090322,00020
5000001060,2024,0001,261,SPARE-5002,72.45,EA,2010,100056,4500090173,00010
5000001060,2024,0002,102,SPARE-5002,120.16,EA,1010,100056,4500090173,00010
5000001060,2024,0003,102,SPARE-5002,56.46,EA,1010,100056,4500090173,00010
5000001061,2024,0001,102,SERV-6002,114.13,EA,2010,100000,4500091267,00010
5000001062,2025,0001,261,SERV-6001,132.9,HR,2010,100020,4500090904,00010
5000001062,2025,0002,261,SERV-6001,160.21,HR,1020,100020,4500090904,00010
5000001063,2025,0001,101,FUEL-2001,30.57,L,1020,100028,4500091699,00010
5000001064,2024,0001,101,FUEL-2001,141.5,L,1010,100002,4500091864,00020
5000001064,2024,0002,102,FUEL-2001,29.5,L,1020,100002,4500091864,00020
5000001065,2024,0001,101,IT-3002,23.07,EA,2010,100012,4500090452,00020
5000001065,2024,0002,261,IT-3002,95.37,EA,2010,100012,4500090452,00020
5000001066,2024,0001,261,OFFC-4001,56.76,EA,2010,100051,4500091045,00010
5000001066,2024,0002,102,OFFC-4001,183.34,EA,2010,100051,4500091045,00010
5000001066,2024,0003,102,OFFC-4001,192.82,EA,2010,100051,4500091045,00010
5000001067,2025,0001,102,SPARE-5001,75.69,EA,2010,100022,4500090172,00030
5000001068,2025,0001,261,FUEL-2001,9.78,L,1020,100038,4500090903,00020
5000001068,2025,0002,102,FUEL-2001,101.11,L,2010,100038,4500090903,00020
5000001069,2024,0001,261,IT-3002,28.29,EA,2010,100003,4500091349,00030
5000001070,2025,0001,101,MRO-1001,128.65,EA,1010,100024,4500091473,00010
5000001071,2025,0001,261,OFFC-4001,5.3,EA,2010,100035,4500091998,00030
5000001071,2025,0002,261,OFFC-4001,148.22,EA,1010,100035,4500091998,00030
5000001072,2025,0001,261,OFFC-4001,38.66,EA,1020,100041,4500091214,00010
5000001073,2024,0001,101,SERV-6001,90.97,HR,1020,100026,4500091755,00010
5000001073,2024,0002,101,SERV-6001,110.42,HR,1020,100026,4500091755,00010
5000001073,2024,0003,261,SERV-6001,176.18,HR,1010,100026,4500091755,00010
5000001074,2024,0001,101,MRO-1001,8.82,EA,1020,100018,4500091490,00030
5000001074,2024,0002,102,MRO-1001,61.19,EA,1020,100018,4500091490,00030
5000001074,2024,0003,102,MRO-1001,87.39,EA,1010,100018,4500091490,00030
5000001075,2025,0001,261,MRO-1002,110.83,EA,1010,100042,4500091260,00010
5000001076,2025,0001,101,IT-3001,172.35,EA,1020,100010,4500090672,00010
5000001077,2024,0001,261,SPARE-5001,194.4,EA,2010,100044,4500090590,00030
5000001077,2024,0002,261,SPARE-5001,163.2,EA,1010,100044,4500090590,00030
5000001077,2024,0003,102,SPARE-5001,128.89,EA,1020,100044,4500090590,00030
5000001078,2025,0001,101,SERV-6002,183.17,EA,1010,100001,4500091843,00010
5000001078,2025,0002,101,SERV-6002,47.12,EA,1020,100001,4500091843,00010
5000001078,2025,0003,102,SERV-6002,166.87,EA,2010,100001,4500091843,00010
5000001079,2025,0001,261,MRO-1002,70.06,EA,1010,100036,4500090696,00030
5000001079,2025,0002,101,MRO-1002,36.57,EA,1010,100036,4500090696,00030
5000001079,2025,0003,261,MRO-1002,166.75,EA,2010,100036,4500090696,00030
5000001080,2025,0001,101,SPARE-5001,89.34,EA,2010,100047,4500090421,00030
5000001081,2024,0001,101,IT-3001,132.75,EA,1020,100030,4500090926,00020
5000001081,2024,0002,101,IT-3001,184.88,EA,1020,100030,4500090926,00020
5000001081,2024,0003,261,IT-3001,60.04,EA,2010,100030,4500090926,00020
5000001082,2025,0001,101,IT-3002,108.17,EA,1010,100020,4500090252,00040
5000001082,2025,0002,102,IT-3002,116.38,EA,2010,100020,4500090252,00040
5000001082,2025,0003,102,IT-3002,125.02,EA,2010,100020,4500090252,00040
5000001083,2025,0001,101,MRO-1002,110.21,EA,2010,100015,4500090476,00020
5000001084,2025,0001,101,SPARE-5002,166.29,EA,1020,100043,4500090062,00010
5000001084,2025,0002,261,SPARE-5002,91.74,EA,1010,100043,4500090062,00010
5000001084,2025,0003,261,SPARE-5002,81.51,EA,1020,100043,4500090062,00010
5000001085,2024,0001,261,SPARE-5002,58.42,EA,1020,100043,4500090201,00020
5000001086,2024,0001,101,MRO-1002,101.52,EA,2010,100041,4500091375,00010
5000001086,2024,0002,101,MRO-1002,3.33,EA,2010,100041,4500091375,00010
5000001086,2024,0003,261,MRO-1002,120.87,EA,2010,100041,4500091375,00010
5000001087,2025,0001,101,MRO-1002,13.64,EA,2010,100033,4500090487,00040
5000001088,2025,0001,261,SERV-6001,105.0,HR,2010,100016,4500091605,00010
5000001088,2025,0002,101,SERV-6001,129.21,HR,1010,100016,4500091605,00010
5000001088,2025,0003,101,SERV-6001,13.79,HR,1010,100016,4500091605,00010
5000001089,2025,0001,102,OFFC-4001,32.5,EA,1010,100015,4500091834,00020
5000001090,2025,0001,261,IT-3001,88.52,EA,1010,100054,4500090459,00030
5000001090,2025,0002,101,IT-3001,19.04,EA,1020,100054,4500090459,00030
5000001091,2024,0001,102,SPARE-5001,50.82,EA,1020,100002,4500090860,00020
5000001091,2024,0002,101,SPARE-5001,97.67,EA,1010,100002,4500090860,00020
5000001092,2025,0001,261,MRO-1001,66.98,EA,1020,100032,4500090858,00020
5000001092,2025,0002,102,MRO-1001,150.0,EA,1010,100032,4500090858,00020
5000001093,2024,0001,101,SERV-6001,121.0,HR,1020,100030,4500090500,00020
5000001094,2025,0001,102,SERV-6001,128.61,HR,2010,100046,4500091441,00010
5000001095,2024,0001,102,IT-3002,180.15,EA,1010,100047,4500091937,00020
5000001096,2025,0001,101,SPARE-5002,65.08,EA,2010,100044,4500090491,00030
5000001096,2025,0002,102,SPARE-5002,41.47,EA,1010,100044,4500090491,00030
5000001097,2025,0001,101,MRO-1001,189.23,EA,1020,100038,4500091229,00010
5000001097,2025,0002,102,MRO-1001,157.73,EA,2010,100038,4500091229,00010
5000001098,2025,0001,261,IT-3002,107.11,EA,2010,100016,4500091773,00010
5000001098,2025,0002,101,IT-3002,113.04,EA,1020,100016,4500091773,00010
5000001099,2025,0001,261,SPARE-5002,98.99,EA,2010,100019,4500090404,00030
5000001100,2025,0001,102,SERV-6002,13.61,EA,2010,100024,4500091789,00030
5000001100,2025,0002,101,SERV-6002,105.89,EA,1010,100024,4500091789,00030
5000001100,2025,0003,102,SERV-6002,184.26,EA,2010,100024,4500091789,00030
5000001101,2024,0001,101,IT-3002,96.27,EA,2010,100056,4500090580,00010
5000001102,2025,0001,101,IT-3002,178.56,EA,2010,100018,4500090518,00010
5000001102,2025,0002,261,IT-3002,6.2,EA,1010,100018,4500090518,00010
5000001103,2025,0001,102,MRO-1002,84.36,EA,1010,100042,4500091006,00010
5000001103,2025,0002,102,MRO-1002,168.77,EA,2010,100042,4500091006,00010
5000001104,2025,0001,101,OFFC-4001,95.47,EA,1010,100007,4500090974,00030
5000001104,2025,0002,102,OFFC-4001,26.03,EA,1010,100007,4500090974,00030
5000001104,2025,0003,102,OFFC-4001,96.39,EA,1010,100007,4500090974,00030
5000001105,2025,0001,101,MRO-1002,77.92,EA,1010,100025,4500091716,00010
5000001105,2025,0002,101,MRO-1002,174.48,EA,2010,100025,4500091716,00010
5000001106,2024,0001,101,SPARE-5001,65.0,EA,2010,100014,4500090818,00020
5000001106,2024,0002,101,SPARE-5001,172.48,EA,2010,100014,4500090818,00020
5000001106,2024,0003,101,SPARE-5001,12.86,EA,1020,100014,4500090818,00020
5000001107,2024,0001,102,MRO-1002,109.0,EA,1010,100029,4500091560,00040
5000001108,2025,0001,102,SERV-6001,62.73,HR,1010,100046,4500091082,00020
5000001109,2024,0001,261,IT-3002,199.06,EA,1010,100046,4500091210,00040
5000001110,2024,0001,102,SERV-6002,168.01,EA,1010,100029,4500090851,00010
5000001111,2025,0001,102,FUEL-2001,133.2,L,1020,100038,4500090986,00020
5000001111,2025,0002,261,FUEL-2001,57.98,L,1020,100038,4500090986,00020
5000001112,2025,0001,102,SERV-6002,163.51,EA,1010,100027,4500090958,00010
5000001113,2025,0001,101,OFFC-4001,100.68,EA,1020,100040,4500090142,00030
5000001113,2025,0002,261,OFFC-4001,103.19,EA,1020,100040,4500090142,00030
5000001113,2025,0003,101,OFFC-4001,69.29,EA,1020,100040,4500090142,00030
5000001114,2025,0001,261,FUEL-2001,119.71,L,2010,100022,4500090405,00010
5000001114,2025,0002,102,FUEL-2001,122.84,L,2010,100022,4500090405,00010
5000001114,2025,0003,261,FUEL-2001,170.65,L,1020,100022,4500090405,00010
5000001115,2024,0001,101,FUEL-2001,36.06,L,2010,100023,4500090765,00040
5000001116,2025,0001,102,MRO-1001,155.37,EA,1020,100012,4500090659,00020
5000001116,2025,0002,261,MRO-1001,12.8,EA,1010,100012,4500090659,00020
5000001117,2024,0001,101,SPARE-5002,109.25,EA,1020,100015,4500090445,00010
5000001117,2024,0002,102,SPARE-5002,190.77,EA,2010,100015,4500090445,00010
5000001118,2025,0001,102,IT-3002,14.0,EA,1010,100022,4500091884,00010
5000001118,2025,0002,261,IT-3002,56.72,EA,1020,100022,4500091884,00010
5000001118,2025,0003,101,IT-3002,109.68,EA,2010,100022,4500091884,00010
5000001119,2025,0001,102,SERV-6002,23.55,EA,1010,100046,4500091210,00010
5000001119,2025,0002,101,SERV-6002,23.75,EA,1020,100046,4500091210,00010
5000001120,2025,0001,101,MRO-1001,2.1,EA,1020,100030,4500090133,00010
5000001120,2025,0002,101,MRO-1001,160.51,EA,2010,100030,4500090133,00010
5000001121,2025,0001,261,MRO-1002,161.08,EA,1010,100018,4500091376,00030
5000001121,2025,0002,101,MRO-1002,171.04,EA,1020,100018,4500091376,00030
5000001121,2025,0003,101,MRO-1002,62.49,EA,2010,100018,4500091376,00030
5000001122,2024,0001,102,SERV-6001,45.09,HR,1010,100042,4500091851,00010
5000001122,2024,0002,261,SERV-6001,157.44,HR,1020,100042,4500091851,00010
5000001123,2024,0001,102,IT-3002,20.91,EA,1010,100047,4500090652,00040
5000001123,2024,0002,261,IT-3002,32.55,EA,1010,100047,4500090652,00040
5000001123,2024,0003,261,IT-3002,134.48,EA,1010,100047,4500090652,00040
5000001124,2024,0001,102,FUEL-2001,171.46,L,1010,100021,4500090437,00020
5000001124,2024,0002,261,FUEL-2001,46.37,L,1010,100021,4500090437,00020
5000001124,2024,0003,261,FUEL-2001,9.98,L,1010,100021,4500090437,00020
5000001125,2024,0001,261,FUEL-2001,118.67,L,1020,100046,4500091837,00010
5000001125,2024,0002,261,FUEL-2001,98.17,L,2010,100046,4500091837,00010
5000001125,2024,0003,261,FUEL-2001,144.78,L,1010,100046,4500091837,00010
5000001126,2024,0001,101,SERV-6002,161.11,EA,1020,100006,4500090736,00020
5000001126,2024,0002,101,SERV-6002,23.0,EA,1020,100006,4500090736,00020
5000001126,2024,0003,261,SERV-6002,28.76,EA,2010,100006,4500090736,00020
5000001127,2024,0001,102,IT-3001,175.19,EA,1020,100020,4500091671,00020
5000001127,2024,0002,102,IT-3001,130.34,EA,1010,100020,4500091671,00020
5000001127,2024,0003,102,IT-3001,128.87,EA,1020,100020,4500091671,00020
5000001128,2025,0001,102,MRO-1001,74.37,EA,1010,100047,4500091999,00010
5000001129,2025,0001,102,SPARE-5001,173.63,EA,1010,100020,4500091200,00030
5000001129,2025,0002,261,SPARE-5001,148.21,EA,1010,100020,4500091200,00030
5000001130,2024,0001,101,SERV-6001,72.97,HR,2010,100040,4500090938,00010
5000001130,2024,0002,261,SERV-6001,183.64,HR,1010,100040,4500090938,00010
5000001130,2024,0003,261,SERV-6001,78.44,HR,1020,100040,4500090938,00010
5000001131,2024,0001,101,IT-3001,194.96,EA,2010,100059,4500090949,00030
5000001132,2024,0001,101,SERV-6001,109.45,HR,2010,100021,4500090034,00020
5000001133,2024,0001,261,SERV-6001,60.63,HR,1020,100047,4500090023,00020
5000001134,2024,0001,102,OFFC-4001,34.48,EA,1020,100050,4500091125,00020
5000001134,2024,0002,101,OFFC-4001,51.22,EA,1020,100050,4500091125,00020
5000001134,2024,0003,261,OFFC-4001,147.51,EA,1020,100050,4500091125,00020
5000001135,2025,0001,102,OFFC-4001,186.32,EA,2010,100001,4500090750,00030
5000001135,2025,0002,102,OFFC-4001,194.52,EA,1020,100001,4500090750,00030
5000001136,2025,0001,101,MRO-1001,106.12,EA,2010,100002,4500090068,00020
5000001136,2025,0002,261,MRO-1001,20.4,EA,1020,100002,4500090068,00020
5000001136,2025,0003,101,MRO-1001,47.37,EA,1020,100002,4500090068,00020
5000001137,2025,0001,101,SPARE-5001,158.46,EA,1010,100024,4500090274,00020
5000001137,2025,0002,102,SPARE-5001,25.29,EA,1020,100024,4500090274,00020
5000001138,2024,0001,102,IT-3001,87.52,EA,2010,100012,4500090715,00010
5000001138,2024,0002,102,IT-3001,43.73,EA,2010,100012,4500090715,00010
5000001138,2024,0003,261,IT-3001,181.83,EA,2010,100012,4500090715,00010
5000001139,2024,0001,261,OFFC-4001,45.36,EA,1010,100003,4500091452,00040
5000001140,2024,0001,101,SPARE-5002,95.91,EA,2010,100037,4500090410,00020
5000001141,2024,0001,261,SERV-6001,65.42,HR,1010,100059,4500090949,00020
5000001141,2024,0002,102,SERV-6001,73.97,HR,1010,100059,4500090949,00020
5000001142,2024,0001,261,SPARE-5002,20.79,EA,1020,100008,4500090531,00020
5000001143,2025,0001,261,MRO-1001,157.63,EA,1020,100041,4500090902,00040
5000001143,2025,0002,101,MRO-1001,132.22,EA,2010,100041,4500090902,00040
5000001143,2025,0003,261,MRO-1001,35.99,EA,1010,100041,4500090902,00040
5000001144,2025,0001,261,SERV-6002,52.58,EA,1020,100040,4500091597,00020
5000001144,2025,0002,102,SERV-6002,198.49,EA,2010,100040,4500091597,00020
5000001144,2025,0003,261,SERV-6002,155.63,EA,1010,100040,4500091597,00020
5000001145,2025,0001,102,SERV-6001,30.81,HR,1010,100047,4500090652,00020
5000001146,2025,0001,102,MRO-1002,52.87,EA,1010,100025,4500090924,00010
5000001147,2024,0001,102,SPARE-5002,151.23,EA,2010,100028,4500090792,00010
5000001147,2024,0002,102,SPARE-5002,39.01,EA,2010,100028,4500090792,00010
5000001148,2024,0001,102,SERV-6002,93.21,EA,1020,100027,4500091801,00020
5000001148,2024,0002,261,SERV-6002,23.04,EA,2010,100027,4500091801,00020
5000001148,2024,0003,101,SERV-6002,149.69,EA,1020,100027,4500091801,00020
5000001149,2024,0001,102,SPARE-5001,83.4,EA,1010,100020,4500091849,00040
5000001149,2024,0002,261,SPARE-5001,127.21,EA,2010,100020,4500091849,00040
5000001149,2024,0003,101,SPARE-5001,128.13,EA,1010,100020,4500091849,00040
5000001150,2024,0001,102,SPARE-5001,131.88,EA,1020,100033,4500091939,00020
5000001150,2024,0002,102,SPARE-5001,82.89,EA,2010,100033,4500091939,00020
5000001151,2024,0001,102,OFFC-4001,174.27,EA,1010,100047,4500091973,00020
5000001151,2024,0002,102,OFFC-4001,166.51,EA,1010,100047,4500091973,00020
5000001152,2024,0001,102,FUEL-2001,23.34,L,1010,100038,4500091355,00010
5000001153,2024,0001,261,OFFC-4001,172.93,EA,2010,100002,4500090947,00020
5000001154,2025,0001,261,SPARE-5001,184.74,EA,1020,100032,4500091075,00010
5000001155,2024,0001,102,OFFC-4001,72.44,EA,1020,100023,4500090694,00020
5000001156,2024,0001,101,OFFC-4001,79.77,EA,1020,100025,4500091625,00010
5000001156,2024,0002,101,OFFC-4001,65.82,EA,1010,100025,4500091625,00010
5000001156,2024,0003,101,OFFC-4001,80.61,EA,2010,100025,4500091625,00010
5000001157,2024,0001,101,OFFC-4001,123.92,EA,2010,100016,4500090791,00010
5000001157,2024,0002,261,OFFC-4001,41.5,EA,2010,100016,4500090791,00010
5000001158,2024,0001,101,SPARE-5001,124.56,EA,1020,100046,4500091278,00020
5000001158,2024,0002,102,SPARE-5001,33.6,EA,1010,100046,4500091278,00020
5000001159,2024,0001,102,OFFC-4001,91.46,EA,1010,100019,4500091058,00020
5000001160,2025,0001,261,SPARE-5001,96.05,EA,1010,100008,4500091721,00020
5000001160,2025,0002,101,SPARE-5001,86.8,EA,2010,100008,4500091721,00020
5000001161,2024,0001,101,SERV-6002,24.95,EA,2010,100040,4500090298,00020
5000001162,2025,0001,102,SERV-6001,162.46,HR,1020,100058,4500091496,00010
5000001162,2025,0002,102,SERV-6001,97.82,HR,2010,100058,4500091496,00010
5000001162,2025,0003,101,SERV-6001,5.8,HR,1020,100058,4500091496,00010
5000001163,2024,0001,102,IT-3002,118.17,EA,1020,100016,4500091115,00020
5000001163,2024,0002,261,IT-3002,21.14,EA,1020,100016,4500091115,00020
5000001163,2024,0003,101,IT-3002,92.58,EA,1010,100016,4500091115,00020
5000001164,2024,0001,101,OFFC-4001,8.68,EA,1020,100053,4500090882,00020
5000001164,2024,0002,261,OFFC-4001,106.6,EA,1010,100053,4500090882,00020
5000001165,2025,0001,261,SPARE-5002,98.64,EA,1010,100057,4500090668,00010
5000001165,2025,0002,261,SPARE-5002,125.83,EA,1020,100057,4500090668,00010
5000001166,2025,0001,102,SERV-6002,111.27,EA,1010,100055,4500090707,00010
5000001166,2025,0002,261,SERV-6002,77.42,EA,1020,100055,4500090707,00010
5000001166,2025,0003,261,SERV-6002,193.54,EA,2010,100055,4500090707,00010
5000001167,2024,0001,261,SPARE-5001,24.31,EA,1010,100002,4500091722,00010
5000001167,2024,0002,102,SPARE-5001,169.12,EA,2010,100002,4500091722,00010
5000001167,2024,0003,261,SPARE-5001,92.99,EA,1020,100002,4500091722,00010
5000001168,2025,0001,101,MRO-1002,124.42,EA,1020,100007,4500090973,00010
5000001169,2024,0001,101,SPARE-5002,170.74,EA,1020,100010,4500090842,00010
5000001169,2024,0002,261,SPARE-5002,20.74,EA,1020,100010,4500090842,00010
5000001169,2024,0003,101,SPARE-5002,181.64,EA,2010,100010,4500090842,00010
5000001170,2025,0001,101,IT-3002,114.33,EA,2010,100053,4500091992,00010
5000001170,2025,0002,102,IT-3002,47.23,EA,1020,100053,4500091992,00010
5000001170,2025,0003,261,IT-3002,149.15,EA,1020,100053,4500091992,00010
5000001171,2024,0001,102,OFFC-4001,26.49,EA,1010,100015,4500091399,00020
5000001172,2024,0001,101,IT-3001,52.11,EA,2010,100027,4500091314,00010
5000001172,2024,0002,261,IT-3001,55.86,EA,2010,100027,4500091314,00010
5000001173,2025,0001,101,MRO-1002,92.43,EA,1010,100023,4500090634,00010
5000001174,2025,0001,101,OFFC-4001,197.07,EA,1020,100005,4500091784,00030
5000001174,2025,0002,261,OFFC-4001,184.07,EA,2010,100005,4500091784,00030
5000001174,2025,0003,261,OFFC-4001,145.54,EA,2010,100005,4500091784,00030
5000001175,2024,0001,102,MRO-1001,141.54,EA,1020,100045,4500091311,00010
5000001175,2024,0002,102,MRO-1001,52.93,EA,1010,100045,4500091311,00010
5000001176,2025,0001,101,MRO-1002,181.25,EA,1010,100058,4500091813,00020
5000001177,2024,0001,261,SERV-6001,83.23,HR,1010,100013,4500090975,00010
5000001178,2025,0001,102,SPARE-5002,198.57,EA,1020,100013,4500091548,00010
5000001178,2025,0002,102,SPARE-5002,194.73,EA,1010,100013,4500091548,00010
5000001179,2025,0001,261,FUEL-2001,35.94,L,2010,100057,4500090968,00040
5000001180,2024,0001,102,FUEL-2001,178.13,L,1010,100038,4500091712,00020
5000001181,2024,0001,102,SERV-6002,195.12,EA,1020,100025,4500091488,00010
5000001181,2024,0002,101,SERV-6002,89.4,EA,1020,100025,4500091488,00010
5000001182,2025,0001,261,OFFC-4001,136.36,EA,1020,100023,4500091860,00010
5000001182,2025,0002,101,OFFC-4001,144.81,EA,1020,100023,4500091860,00010
5000001182,2025,0003,102,OFFC-4001,94.23,EA,1010,100023,4500091860,00010
5000001183,2024,0001,261,IT-3001,190.14,EA,1020,100017,4500090434,00010
5000001184,2025,0001,261,FUEL-2001,168.35,L,1010,100050,4500091940,00040
5000001184,2025,0002,261,FUEL-2001,86.45,L,2010,100050,4500091940,00040
5000001184,2025,0003,101,FUEL-2001,98.53,L,2010,100050,4500091940,00040
5000001185,2025,0001,102,OFFC-4001,114.25,EA,1020,100029,4500090368,00020
5000001186,2024,0001,101,SERV-6001,32.87,HR,1010,100058,4500091309,00010
5000001187,2025,0001,101,IT-3001,102.81,EA,1010,100031,4500090801,00020
5000001188,2024,0001,261,IT-3001,62.85,EA,1010,100025,4500090795,00010
5000001189,2025,0001,261,SERV-6001,125.52,HR,1010,100045,4500090838,00040
5000001190,2024,0001,102,SERV-6002,22.08,EA,1010,100050,4500090075,00030
5000001190,2024,0002,261,SERV-6002,157.62,EA,1020,100050,4500090075,00030
5000001190,2024,0003,102,SERV-6002,70.28,EA,1020,100050,4500090075,00030
5000001191,2024,0001,261,SPARE-5002,123.08,EA,1010,100019,4500091019,00020
5000001191,2024,0002,102,SPARE-5002,61.33,EA,2010,100019,4500091019,00020
5000001192,2024,0001,101,MRO-1001,102.74,EA,2010,100042,4500091054,00010
5000001192,2024,0002,102,MRO-1001,74.78,EA,1020,100042,4500091054,00010
5000001193,2024,0001,101,IT-3001,58.06,EA,1010,100059,4500090492,00010
5000001193,2024,0002,101,IT-3001,81.66,EA,1020,100059,4500090492,00010
5000001193,2024,0003,101,IT-3001,162.53,EA,2010,100059,4500090492,00010
5000001194,2025,0001,101,SPARE-5001,120.34,EA,2010,100032,4500091634,00020
5000001194,2025,0002,101,SPARE-5001,83.49,EA,2010,100032,4500091634,00020
5000001195,2024,0001,102,IT-3002,15.22,EA,1020,100053,4500091793,00040
5000001196,2025,0001,101,MRO-1002,45.49,EA,1020,100006,4500090984,00010
5000001196,2025,0002,102,MRO-1002,85.36,EA,2010,100006,4500090984,00010
5000001196,2025,0003,101,MRO-1002,175.44,EA,1020,100006,4500090984,00010
5000001197,2025,0001,101,IT-3002,38.69,EA,1010,100031,4500091744,00030
5000001197,2025,0002,101,IT-3002,129.25,EA,1020,100031,4500091744,00030
5000001197,2025,0003,102,IT-3002,123.96,EA,1010,100031,4500091744,00030
5000001198,2024,0001,101,SERV-6002,144.07,EA,2010,100017,4500091099,00010
5000001198,2024,0002,261,SERV-6002,166.6,EA,1020,100017,4500091099,00010
5000001199,2025,0001,102,SPARE-5001,128.64,EA,1010,100023,4500090681,00030
5000001199,2025,0002,101,SPARE-5001,114.11,EA,1020,100023,4500090681,00030
5000001199,2025,0003,261,SPARE-5001,152.56,EA,1020,100023,4500090681,00030
5000001200,2024,0001,102,SERV-6002,181.05,EA,1020,100046,4500090655,00010
5000001201,2024,0001,261,MRO-1002,129.36,EA,2010,100009,4500090625,00030
5000001201,2024,0002,102,MRO-1002,127.5,EA,1010,100009,4500090625,00030
5000001201,2024,0003,101,MRO-1002,164.67,EA,1010,100009,4500090625,00030
5000001202,2025,0001,261,MRO-1002,110.77,EA,1020,100016,4500090660,00040
5000001202,2025,0002,102,MRO-1002,109.73,EA,1010,100016,4500090660,00040
5000001202,2025,0003,261,MRO-1002,181.7,EA,1010,100016,4500090660,00040
5000001203,2024,0001,101,IT-3001,60.38,EA,1010,100012,4500090715,00010
5000001203,2024,0002,101,IT-3001,13.66,EA,1020,100012,4500090715,00010
5000001203,2024,0003,102,IT-3001,129.31,EA,1020,100012,4500090715,00010
5000001204,2024,0001,261,IT-3002,64.02,EA,2010,100057,4500091534,00030
5000001205,2024,0001,101,IT-3002,173.04,EA,1010,100010,4500090802,00010
5000001205,2024,0002,102,IT-3002,46.0,EA,1010,100010,4500090802,00010
5000001206,2024,0001,261,MRO-1001,140.36,EA,1010,100002,4500091900,00020
5000001206,2024,0002,102,MRO-1001,55.5,EA,1010,100002,4500091900,00020
5000001207,2025,0001,102,OFFC-4001,182.06,EA,2010,100017,4500091071,00010
5000001208,2024,0001,101,OFFC-4001,54.93,EA,1020,100035,4500090871,00030
5000001208,2024,0002,261,OFFC-4001,167.46,EA,1020,100035,4500090871,00030
5000001209,2024,0001,101,FUEL-2001,143.96,L,1010,100034,4500091079,00030
5000001209,2024,0002,261,FUEL-2001,187.01,L,1020,100034,4500091079,00030
5000001210,2025,0001,261,MRO-1002,101.37,EA,1010,100011,4500090179,00030
5000001211,2024,0001,102,SPARE-5002,7.08,EA,2010,100039,4500091930,00010
5000001212,2025,0001,261,OFFC-4001,82.52,EA,1010,100054,4500091048,00020
5000001212,2025,0002,102,OFFC-4001,33.71,EA,1020,100054,4500091048,00020
5000001212,2025,0003,101,OFFC-4001,7.94,EA,1010,100054,4500091048,00020
5000001213,2024,0001,101,IT-3001,115.12,EA,1010,100008,4500091646,00020
5000001214,2025,0001,261,IT-3002,77.34,EA,2010,100021,4500091446,00010
5000001214,2025,0002,261,IT-3002,49.16,EA,1020,100021,4500091446,00010
5000001215,2025,0001,102,IT-3002,40.05,EA,2010,100013,4500090129,00010
5000001215,2025,0002,261,IT-3002,59.89,EA,1020,100013,4500090129,00010
5000001215,2025,0003,102,IT-3002,155.86,EA,1020,100013,4500090129,00010
5000001216,2025,0001,101,SERV-6001,198.45,HR,1020,100025,4500091281,00010
5000001216,2025,0002,261,SERV-6001,168.06,HR,1020,100025,4500091281,00010
5000001216,2025,0003,102,SERV-6001,157.08,HR,1010,100025,4500091281,00010
5000001217,2024,0001,101,IT-3002,80.14,EA,1010,100040,4500090403,00020
5000001218,2024,0001,261,MRO-1002,137.29,EA,2010,100038,4500091092,00030
5000001218,2024,0002,102,MRO-1002,151.12,EA,1010,100038,4500091092,00030
5000001218,2024,0003,102,MRO-1002,15.46,EA,1010,100038,4500091092,00030
5000001219,2024,0001,102,SPARE-5002,34.54,EA,1010,100051,4500091986,00010
5000001220,2025,0001,102,SPARE-5002,124.38,EA,1020,100004,4500091807,00040
5000001220,2025,0002,261,SPARE-5002,166.98,EA,1020,100004,4500091807,00040
5000001221,2024,0001,102,IT-3001,108.61,EA,1020,100018,4500091158,00010
5000001221,2024,0002,261,IT-3001,103.34,EA,2010,100018,4500091158,00010
5000001222,2024,0001,261,SPARE-5002,157.07,EA,1020,100040,4500090142,00010
5000001223,2025,0001,261,SERV-6001,166.7,HR,1020,100051,4500091686,00010
5000001223,2025,0002,102,SERV-6001,169.13,HR,1020,100051,4500091686,00010
5000001223,2025,0003,101,SERV-6001,30.07,HR,1020,100051,4500091686,00010
5000001224,2025,0001,102,SERV-6001,10.65,HR,2010,100025,4500091895,00010
5000001224,2025,0002,261,SERV-6001,27.42,HR,2010,100025,4500091895,00010
5000001224,2025,0003,261,SERV-6001,115.19,HR,1010,100025,4500091895,00010
5000001225,2025,0001,101,IT-3001,11.17,EA,2010,100054,4500090604,00010
5000001225,2025,0002,101,IT-3001,66.61,EA,1010,100054,4500090604,00010
5000001226,2025,0001,102,SPARE-5001,159.71,EA,1020,100012,4500090523,00020
5000001227,2024,0001,101,IT-3002,71.33,EA,2010,100007,4500091466,00040
5000001227,2024,0002,102,IT-3002,21.12,EA,1010,100007,4500091466,00040
5000001227,2024,0003,261,IT-3002,90.33,EA,2010,100007,4500091466,00040
5000001228,2025,0001,101,SERV-6002,28.84,EA,1020,100015,4500090335,00020
5000001229,2025,0001,261,IT-3002,4.46,EA,1010,100000,4500091705,00040
5000001229,2025,0002,102,IT-3002,35.39,EA,1020,100000,4500091705,00040
5000001229,2025,0003,101,IT-3002,28.29,EA,1010,100000,4500091705,00040
5000001230,2024,0001,102,SERV-6001,62.7,HR,2010,100026,4500090357,00040
5000001230,2024,0002,102,SERV-6001,4.06,HR,2010,100026,4500090357,00040
5000001230,2024,0003,102,SERV-6001,151.54,HR,2010,100026,4500090357,00040
5000001231,2024,0001,261,SPARE-5001,19.63,EA,1010,100041,4500090237,00030
5000001231,2024,0002,102,SPARE-5001,21.36,EA,1020,100041,4500090237,00030
5000001232,2025,0001,261,SERV-6002,127.2,EA,1020,100046,4500091587,00030
5000001233,2025,0001,102,SPARE-5002,38.87,EA,1020,100045,4500090308,00010
5000001234,2024,0001,101,SPARE-5001,188.21,EA,1020,100013,4500090553,00020
5000001234,2024,0002,101,SPARE-5001,57.47,EA,1010,100013,4500090553,00020
5000001234,2024,0003,101,SPARE-5001,32.48,EA,1020,100013,4500090553,00020
5000001235,2024,0001,102,MRO-1002,40.8,EA,1010,100054,4500091823,00010
5000001235,2024,0002,102,MRO-1002,68.09,EA,1010,100054,4500091823,00010
5000001235,2024,0003,101,MRO-1002,32.12,EA,1010,100054,4500091823,00010
5000001236,2024,0001,102,FUEL-2001,86.14,L,1020,100042,4500090807,00010
5000001236,2024,0002,102,FUEL-2001,77.3,L,1020,100042,4500090807,00010
5000001236,2024,0003,261,FUEL-2001,193.44,L,2010,100042,4500090807,00010
5000001237,2024,0001,261,OFFC-4001,57.16,EA,2010,100006,4500090650,00040
5000001238,2024,0001,261,SERV-6001,179.82,HR,2010,100020,4500090306,00030
5000001239,2024,0001,101,MRO-1001,151.48,EA,1020,100001,4500091949,00020
5000001240,2025,0001,261,MRO-1002,33.56,EA,2010,100013,4500090360,00010
5000001240,2025,0002,101,MRO-1002,178.11,EA,1010,100013,4500090360,00010
5000001240,2025,0003,102,MRO-1002,160.04,EA,1020,100013,4500090360,00010
5000001241,2025,0001,102,IT-3002,56.76,EA,1020,100044,4500091766,00030
5000001241,2025,0002,101,IT-3002,102.13,EA,2010,100044,4500091766,00030
5000001241,2025,0003,261,IT-3002,35.97,EA,1010,100044,4500091766,00030
5000001242,2025,0001,102,SERV-6002,170.47,EA,2010,100056,4500090853,00020
5000001242,2025,0002,102,SERV-6002,194.92,EA,2010,100056,4500090853,00020
5000001242,2025,0003,102,SERV-6002,135.89,EA,1020,100056,4500090853,00020
5000001243,2025,0001,102,IT-3002,173.12,EA,2010,100005,4500090684,00010
5000001244,2025,0001,101,FUEL-2001,28.51,L,1010,100027,4500090529,00020
5000001245,2024,0001,101,SERV-6002,72.16,EA,2010,100048,4500091284,00040
5000001245,2024,0002,101,SERV-6002,182.38,EA,1020,100048,4500091284,00040
5000001246,2024,0001,102,FUEL-2001,133.59,L,1010,100015,4500091213,00010
5000001246,2024,0002,102,FUEL-2001,17.61,L,1020,100015,4500091213,00010
5000001246,2024,0003,261,FUEL-2001,117.02,L,1010,100015,4500091213,00010
5000001247,2025,0001,102,FUEL-2001,112.52,L,1010,100008,4500090895,00010
5000001248,2024,0001,261,MRO-1001,89.05,EA,1020,100000,4500090600,00010
5000001249,2024,0001,101,SPARE-5001,54.0,EA,1020,100036,4500091430,00010
5000001249,2024,0002,101,SPARE-5001,138.89,EA,1020,100036,4500091430,00010
5000001250,2024,0001,101,SPARE-5001,52.02,EA,1020,100036,4500091025,00030
5000001250,2024,0002,101,SPARE-5001,6.3,EA,2010,100036,4500091025,00030
5000001251,2024,0001,102,SERV-6002,194.39,EA,1010,100015,4500090087,00020
5000001251,2024,0002,102,SERV-6002,155.3,EA,1010,100015,4500090087,00020
5000001252,2025,0001,101,FUEL-2001,92.98,L,1020,100038,4500090233,00020
5000001252,2025,0002,102,FUEL-2001,76.59,L,2010,100038,4500090233,00020
5000001252,2025,0003,261,FUEL-2001,156.65,L,1020,100038,4500090233,00020
5000001253,2025,0001,101,SPARE-5002,179.02,EA,1010,100013,4500091546,00010
5000001253,2025,0002,102,SPARE-5002,102.48,EA,2010,100013,4500091546,00010
5000001253,2025,0003,101,SPARE-5002,36.06,EA,2010,100013,4500091546,00010
5000001254,2025,0001,261,IT-3001,29.78,EA,1010,100006,4500091608,00010
5000001254,2025,0002,101,IT-3001,56.64,EA,2010,100006,4500091608,00010
5000001254,2025,0003,261,IT-3001,122.9,EA,2010,100006,4500091608,00010
5000001255,2024,0001,261,IT-3001,15.58,EA,1020,100032,4500091508,00020
5000001255,2024,0002,261,IT-3001,170.96,EA,1020,100032,4500091508,00020
5000001255,2024,0003,261,IT-3001,110.73,EA,1010,100032,4500091508,00020
5000001256,2024,0001,101,MRO-1002,112.25,EA,1020,100049,4500091498,00010
5000001256,2024,0002,101,MRO-1002,29.5,EA,2010,100049,4500091498,00010
5000001257,2025,0001,102,FUEL-2001,170.31,L,1020,100032,4500091283,00020
5000001258,2024,0001,261,SERV-6001,39.65,HR,2010,100045,4500091504,00030
5000001258,2024,0002,261,SERV-6001,148.09,HR,1020,100045,4500091504,00030
5000001259,2025,0001,101,FUEL-2001,71.61,L,1010,100049,4500090225,00010
5000001259,2025,0002,261,FUEL-2001,6.24,L,1020,100049,4500090225,00010
5000001260,2024,0001,101,SERV-6002,23.6,EA,2010,100029,4500091635,00040
5000001260,2024,0002,102,SERV-6002,199.78,EA,1010,100029,4500091635,00040
5000001261,2025,0001,102,IT-3001,198.47,EA,1020,100033,4500090487,00020
5000001262,2025,0001,102,OFFC-4001,108.47,EA,1020,100041,4500091214,00010
5000001263,2025,0001,101,IT-3002,73.72,EA,1010,100011,4500091266,00010
5000001263,2025,0002,101,IT-3002,118.09,EA,1010,100011,4500091266,00010
5000001264,2024,0001,261,MRO-1001,110.71,EA,2010,100014,4500091012,00030
5000001265,2024,0001,101,IT-3002,56.23,EA,1020,100004,4500091188,00010
5000001266,2025,0001,102,FUEL-2001,153.06,L,1010,100051,4500090283,00010
5000001266,2025,0002,102,FUEL-2001,111.67,L,1010,100051,4500090283,00010
5000001266,2025,0003,261,FUEL-2001,63.83,L,1010,100051,4500090283,00010
5000001267,2024,0001,261,SPARE-5002,125.58,EA,1010,100010,4500090842,00010
5000001267,2024,0002,101,SPARE-5002,31.9,EA,1020,100010,4500090842,00010
5000001268,2024,0001,261,SERV-6002,150.05,EA,1020,100023,4500091601,00020
5000001268,2024,0002,261,SERV-6002,163.82,EA,1010,100023,4500091601,00020
5000001269,2025,0001,101,OFFC-4001,52.2,EA,2010,100025,4500091770,00010
5000001269,2025,0002,261,OFFC-4001,79.38,EA,1020,100025,4500091770,00010
5000001269,2025,0003,102,OFFC-4001,172.19,EA,2010,100025,4500091770,00010
5000001270,2025,0001,102,SERV-6001,135.47,HR,2010,100020,4500090306,00020
5000001270,2025,0002,261,SERV-6001,38.42,HR,1020,100020,4500090306,00020
5000001271,2025,0001,261,SERV-6001,44.86,HR,1020,100021,4500090279,00020
5000001272,2025,0001,101,SERV-6002,57.27,EA,2010,100047,4500091270,00020
5000001272,2025,0002,102,SERV-6002,46.51,EA,1010,100047,4500091270,00020
5000001272,2025,0003,102,SERV-6002,128.95,EA,1020,100047,4500091270,00020
5000001273,2025,0001,102,IT-3002,146.64,EA,1010,100013,4500091522,00040
5000001273,2025,0002,101,IT-3002,153.72,EA,1020,100013,4500091522,00040
5000001274,2025,0001,261,MRO-1001,196.04,EA,1020,100038,4500091300,00010
5000001275,2024,0001,102,MRO-1001,6.47,EA,2010,100035,4500090188,00040
5000001275,2024,0002,101,MRO-1001,94.73,EA,2010,100035,4500090188,00040
5000001276,2025,0001,102,OFFC-4001,150.05,EA,1020,100000,4500090507,00020
5000001277,2024,0001,102,OFFC-4001,120.11,EA,2010,100030,4500090730,00010
5000001278,2025,0001,101,SERV-6002,164.93,EA,2010,100034,4500090435,00010
5000001279,2025,0001,102,IT-3002,159.23,EA,1010,100023,4500091397,00030
5000001279,2025,0002,101,IT-3002,95.57,EA,1020,100023,4500091397,00030
5000001280,2024,0001,261,MRO-1001,85.32,EA,1020,100036,4500091279,00010
5000001281,2025,0001,102,MRO-1002,176.67,EA,1020,100006,4500090984,00010
5000001281,2025,0002,101,MRO-1002,165.23,EA,1020,100006,4500090984,00010
5000001281,2025,0003,102,MRO-1002,178.28,EA,1020,100006,4500090984,00010
5000001282,2025,0001,101,SERV-6001,69.12,HR,1020,100023,4500091137,00010
5000001282,2025,0002,261,SERV-6001,90.95,HR,2010,100023,4500091137,00010
5000001282,2025,0003,102,SERV-6001,128.99,HR,2010,100023,4500091137,00010
5000001283,2024,0001,261,SERV-6002,5.25,EA,2010,100014,4500090258,00030
5000001284,2025,0001,261,FUEL-2001,179.12,L,1020,100055,4500090728,00010
5000001285,2025,0001,102,SPARE-5001,79.26,EA,1020,100047,4500090920,00010
5000001285,2025,0002,261,SPARE-5001,139.18,EA,1020,100047,4500090920,00010
5000001285,2025,0003,261,SPARE-5001,181.58,EA,1020,100047,4500090920,00010
5000001286,2024,0001,101,SPARE-5002,53.98,EA,2010,100034,4500091632,00030
5000001286,2024,0002,102,SPARE-5002,22.44,EA,2010,100034,4500091632,00030
5000001287,2025,0001,102,SPARE-5002,23.58,EA,1020,100017,4500091877,00010
5000001287,2025,0002,102,SPARE-5002,84.42,EA,1010,100017,4500091877,00010
5000001287,2025,0003,102,SPARE-5002,164.39,EA,1010,100017,4500091877,00010
5000001288,2024,0001,101,SPARE-5001,177.39,EA,1010,100046,4500091346,00020
5000001288,2024,0002,102,SPARE-5001,123.37,EA,2010,100046,4500091346,00020
5000001288,2024,0003,102,SPARE-5001,184.77,EA,1010,100046,4500091346,00020
5000001289,2025,0001,101,IT-3001,162.12,EA,1010,100000,4500091487,00030
5000001290,2025,0001,261,OFFC-4001,83.2,EA,2010,100000,4500091240,00010
5000001291,2024,0001,101,FUEL-2001,9.89,L,1020,100019,4500090561,00010
5000001292,2025,0001,102,FUEL-2001,25.0,L,1020,100032,4500091825,00020
5000001292,2025,0002,102,FUEL-2001,117.39,L,2010,100032,4500091825,00020
5000001293,2025,0001,101,IT-3001,124.11,EA,2010,100012,4500090978,00010
5000001294,2025,0001,102,OFFC-4001,59.24,EA,1020,100057,4500090679,00010
5000001294,2025,0002,102,OFFC-4001,77.94,EA,1020,100057,4500090679,00010
5000001294,2025,0003,261,OFFC-4001,22.39,EA,1010,100057,4500090679,00010
5000001295,2024,0001,101,SERV-6001,110.18,HR,1010,100000,4500090003,00030
5000001295,2024,0002,101,SERV-6001,7.28,HR,1020,100000,4500090003,00030
5000001296,2024,0001,102,SPARE-5002,124.09,EA,1010,100007,4500091222,00040
5000001296,2024,0002,101,SPARE-5002,172.6,EA,2010,100007,4500091222,00040
5000001296,2024,0003,101,SPARE-5002,4.67,EA,1020,100007,4500091222,00040
5000001297,2025,0001,102,MRO-1002,61.85,EA,1010,100008,4500091133,00010
5000001297,2025,0002,102,MRO-1002,55.16,EA,2010,100008,4500091133,00010
5000001297,2025,0003,101,MRO-1002,17.51,EA,2010,100008,4500091133,00010
5000001298,2024,0001,261,IT-3001,76.33,EA,2010,100027,4500090007,00020
5000001299,2024,0001,101,FUEL-2001,56.84,L,2010,100032,4500091802,00010
5000001299,2024,0002,102,FUEL-2001,84.13,L,1020,100032,4500091802,00010
5000001300,2025,0001,261,OFFC-4001,78.17,EA,1010,100046,4500090088,00040
5000001300,2025,0002,101,OFFC-4001,191.17,EA,1020,100046,4500090088,00040
5000001301,2024,0001,261,MRO-1001,69.25,EA,1010,100051,4500090346,00030
5000001301,2024,0002,102,MRO-1001,161.5,EA,2010,100051,4500090346,00030
5000001302,2025,0001,261,IT-3002,83.61,EA,2010,100012,4500091991,00020
5000001302,2025,0002,261,IT-3002,21.25,EA,1010,100012,4500091991,00020
5000001303,2025,0001,101,MRO-1001,191.92,EA,1010,100031,4500091378,00030
5000001304,2024,0001,101,SERV-6001,48.28,HR,1010,100055,4500091782,00030
5000001305,2024,0001,261,MRO-1001,115.15,EA,1020,100041,4500091186,00040
5000001306,2024,0001,102,OFFC-4001,79.91,EA,2010,100004,4500091807,00010
5000001306,2024,0002,261,OFFC-4001,29.94,EA,2010,100004,4500091807,00010
5000001306,2024,0003,102,OFFC-4001,61.1,EA,2010,100004,4500091807,00010
5000001307,2025,0001,102,IT-3001,57.74,EA,1010,100057,4500091534,00010
5000001307,2025,0002,261,IT-3001,194.24,EA,1020,100057,4500091534,00010
5000001308,2024,0001,102,OFFC-4001,37.98,EA,1010,100038,4500091229,00020
5000001308,2024,0002,101,OFFC-4001,197.58,EA,1010,100038,4500091229,00020
5000001308,2024,0003,261,OFFC-4001,187.26,EA,2010,100038,4500091229,00020
5000001309,2024,0001,101,MRO-1002,8.93,EA,1010,100010,4500091219,00030
5000001309,2024,0002,101,MRO-1002,160.78,EA,1020,100010,4500091219,00030
5000001310,2025,0001,102,SERV-6002,30.86,EA,2010,100042,4500091109,00030
5000001310,2025,0002,102,SERV-6002,136.05,EA,2010,100042,4500091109,00030
5000001310,2025,0003,102,SERV-6002,132.1,EA,2010,100042,4500091109,00030
5000001311,2025,0001,101,OFFC-4001,120.94,EA,1020,100029,4500090368,00020
5000001311,2025,0002,102,OFFC-4001,125.71,EA,1010,100029,4500090368,00020
5000001311,2025,0003,102,OFFC-4001,133.42,EA,1020,100029,4500090368,00020
5000001312,2025,0001,102,SERV-6001,26.69,HR,1010,100000,4500090602,00030
5000001313,2025,0001,101,IT-3001,96.15,EA,1010,100034,4500090282,00030
5000001313,2025,0002,101,IT-3001,153.23,EA,1020,100034,4500090282,00030
5000001314,2024,0001,101,SPARE-5002,55.65,EA,1010,100005,4500091285,00020
5000001315,2024,0001,101,MRO-1001,192.18,EA,2010,100020,4500091671,00030
5000001315,2024,0002,102,MRO-1001,25.85,EA,1010,100020,4500091671,00030
5000001315,2024,0003,261,MRO-1001,113.83,EA,2010,100020,4500091671,00030
5000001316,2025,0001,102,IT-3002,117.48,EA,2010,100036,4500091974,00030
5000001317,2024,0001,261,MRO-1001,80.59,EA,1010,100008,4500090872,00020
5000001317,2024,0002,102,MRO-1001,115.16,EA,1010,100008,4500090872,00020
5000001317,2024,0003,261,MRO-1001,26.46,EA,1010,100008,4500090872,00020
5000001318,2024,0001,102,OFFC-4001,14.11,EA,1010,100040,4500091931,00020
5000001318,2024,0002,261,OFFC-4001,187.66,EA,1010,100040,4500091931,00020
5000001318,2024,0003,102,OFFC-4001,160.93,EA,1020,100040,4500091931,00020
5000001319,2024,0001,101,OFFC-4001,141.96,EA,1010,100058,4500091923,00030
5000001320,2024,0001,261,MRO-1001,35.8,EA,2010,100041,4500090902,00040
5000001321,2025,0001,101,MRO-1001,105.73,EA,1010,100050,4500090123,00010
5000001321,2025,0002,101,MRO-1001,68.69,EA,2010,100050,4500090123,00010
5000001321,2025,0003,261,MRO-1001,62.08,EA,1010,100050,4500090123,00010
5000001322,2025,0001,102,FUEL-2001,93.39,L,2010,100040,4500090481,00020
5000001322,2025,0002,101,FUEL-2001,86.73,L,2010,100040,4500090481,00020
5000001322,2025,0003,102,FUEL-2001,116.51,L,1020,100040,4500090481,00020
5000001323,2024,0001,261,OFFC-4001,115.48,EA,2010,100046,4500091565,00020
5000001323,2024,0002,101,OFFC-4001,140.24,EA,2010,100046,4500091565,00020
5000001323,2024,0003,102,OFFC-4001,149.43,EA,2010,100046,4500091565,00020
5000001324,2025,0001,102,SPARE-5001,29.54,EA,1010,100044,4500091766,00020
5000001324,2025,0002,261,SPARE-5001,197.73,EA,1020,100044,4500091766,00020
5000001324,2025,0003,101,SPARE-5001,37.03,EA,1020,100044,4500091766,00020
5000001325,2024,0001,102,SERV-6001,37.0,HR,1020,100010,4500090232,00010
5000001325,2024,0002,101,SERV-6001,31.06,HR,2010,100010,4500090232,00010
5000001325,2024,0003,102,SERV-6001,16.77,HR,1010,100010,4500090232,00010
5000001326,2024,0001,261,SERV-6002,42.09,EA,1010,100001,4500091364,00010
5000001327,2025,0001,261,SERV-6001,46.05,HR,1010,100053,4500090060,00030
5000001327,2025,0002,261,SERV-6001,48.32,HR,1020,100053,4500090060,00030
5000001328,2025,0001,101,SERV-6002,141.65,EA,2010,100016,4500090214,00020
5000001328,2025,0002,261,SERV-6002,34.33,EA,1010,100016,4500090214,00020
5000001328,2025,0003,102,SERV-6002,164.59,EA,1010,100016,4500090214,00020
5000001329,2025,0001,261,SPARE-5001,90.63,EA,1020,100005,4500090740,00010
5000001330,2024,0001,101,SERV-6002,101.99,EA,2010,100049,4500090236,00010
5000001331,2025,0001,261,IT-3001,187.76,EA,2010,100003,4500091301,00010
5000001332,2025,0001,102,FUEL-2001,175.37,L,2010,100051,4500091501,00030
5000001332,2025,0002,101,FUEL-2001,121.66,L,1020,100051,4500091501,00030
5000001332,2025,0003,261,FUEL-2001,156.8,L,1010,100051,4500091501,00030
5000001333,2024,0001,261,SPARE-5001,65.21,EA,1020,100009,4500091218,00030
5000001334,2024,0001,261,IT-3002,134.85,EA,1020,100037,4500090220,00010
5000001334,2024,0002,261,IT-3002,25.17,EA,2010,100037,4500090220,00010
5000001335,2024,0001,102,SPARE-5002,51.85,EA,1010,100010,4500091169,00010
5000001336,2025,0001,101,FUEL-2001,2.85,L,2010,100009,4500091218,00020
5000001336,2025,0002,261,FUEL-2001,31.29,L,1010,100009,4500091218,00020
5000001337,2024,0001,261,IT-3001,65.7,EA,1010,100003,4500091452,00020
5000001337,2024,0002,102,IT-3001,120.76,EA,2010,100003,4500091452,00020
5000001338,2024,0001,101,IT-3001,112.26,EA,1020,100006,4500091946,00010
5000001338,2024,0002,261,IT-3001,27.81,EA,1020,100006,4500091946,00010
5000001338,2024,0003,102,IT-3001,100.38,EA,1020,100006,4500091946,00010
5000001339,2024,0001,102,MRO-1002,158.99,EA,2010,100024,4500091629,00020
5000001339,2024,0002,101,MRO-1002,74.35,EA,1010,100024,4500091629,00020
5000001339,2024,0003,102,MRO-1002,94.84,EA,1010,100024,4500091629,00020
5000001340,2024,0001,101,SPARE-5002,23.72,EA,2010,100026,4500090357,00030
5000001340,2024,0002,261,SPARE-5002,114.26,EA,1020,100026,4500090357,00030
5000001341,2025,0001,101,SERV-6002,18.91,EA,2010,100054,4500090823,00010
5000001341,2025,0002,261,SERV-6002,18.68,EA,2010,100054,4500090823,00010
5000001341,2025,0003,102,SERV-6002,135.9,EA,1010,100054,4500090823,00010
5000001342,2024,0001,101,OFFC-4001,126.83,EA,1020,100015,4500091269,00040
5000001342,2024,0002,102,OFFC-4001,24.08,EA,2010,100015,4500091269,00040
5000001343,2024,0001,261,IT-3001,5.97,EA,2010,100038,4500091229,00030
5000001344,2024,0001,102,FUEL-2001,130.99,L,2010,100009,4500091392,00010
5000001345,2024,0001,102,IT-3002,168.82,EA,1020,100035,4500090952,00030
5000001345,2024,0002,101,IT-3002,120.3,EA,1010,100035,4500090952,00030
5000001346,2025,0001,101,SPARE-5001,137.82,EA,1010,100048,4500091250,00030
5000001346,2025,0002,261,SPARE-5001,96.38,EA,1010,100048,4500091250,00030
5000001347,2025,0001,261,SPARE-5002,55.37,EA,1010,100054,4500091110,00040
5000001348,2025,0001,101,SERV-6001,46.06,HR,2010,100050,4500091078,00010
5000001349,2025,0001,101,FUEL-2001,49.7,L,1020,100020,4500091334,00020
5000001350,2025,0001,102,IT-3001,123.81,EA,2010,100008,4500091354,00010
5000001351,2025,0001,102,IT-3002,159.54,EA,1010,100023,4500091691,00010
5000001351,2025,0002,102,IT-3002,46.77,EA,2010,100023,4500091691,00010
5000001352,2025,0001,102,OFFC-4001,169.31,EA,2010,100000,4500091626,00020
5000001353,2025,0001,102,IT-3002,185.91,EA,1020,100048,4500091226,00040
5000001353,2025,0002,261,IT-3002,44.37,EA,2010,100048,4500091226,00040
5000001354,2025,0001,102,OFFC-4001,87.09,EA,2010,100013,4500090521,00030
5000001354,2025,0002,102,OFFC-4001,60.66,EA,1020,100013,4500090521,00030
5000001355,2025,0001,102,FUEL-2001,104.03,L,2010,100006,4500090857,00040
5000001355,2025,0002,261,FUEL-2001,145.8,L,1010,100006,4500090857,00040
5000001356,2024,0001,261,OFFC-4001,47.21,EA,2010,100054,4500091110,00030
5000001356,2024,0002,261,OFFC-4001,6.99,EA,1010,100054,4500091110,00030
5000001357,2024,0001,261,SERV-6001,145.66,HR,2010,100021,4500091775,00020
5000001357,2024,0002,101,SERV-6001,184.13,HR,1010,100021,4500091775,00020
5000001357,2024,0003,261,SERV-6001,6.81,HR,1020,100021,4500091775,00020
5000001358,2025,0001,261,MRO-1002,41.39,EA,1020,100035,4500091400,00020
5000001359,2024,0001,102,SPARE-5002,14.9,EA,1010,100030,4500090397,00010
5000001359,2024,0002,101,SPARE-5002,188.54,EA,2010,100030,4500090397,00010
5000001359,2024,0003,102,SPARE-5002,135.77,EA,1010,100030,4500090397,00010
5000001360,2025,0001,261,SPARE-5002,182.38,EA,2010,100025,4500091348,00030
5000001360,2025,0002,102,SPARE-5002,10.24,EA,2010,100025,4500091348,00030
5000001361,2025,0001,101,IT-3002,161.69,EA,2010,100036,4500091617,00010
5000001362,2024,0001,102,MRO-1002,45.52,EA,1010,100033,4500091734,00010
5000001363,2024,0001,102,IT-3001,82.12,EA,2010,100014,4500091725,00010
5000001364,2025,0001,101,SPARE-5001,174.42,EA,2010,100019,4500090014,00020
5000001364,2025,0002,101,SPARE-5001,100.07,EA,2010,100019,4500090014,00020
5000001365,2025,0001,101,SERV-6002,191.61,EA,2010,100034,4500090435,00010
5000001365,2025,0002,101,SERV-6002,50.33,EA,2010,100034,4500090435,00010
5000001365,2025,0003,102,SERV-6002,15.77,EA,1010,100034,4500090435,00010
5000001366,2024,0001,261,SPARE-5001,18.42,EA,1020,100056,4500091482,00010
5000001366,2024,0002,261,SPARE-5001,115.4,EA,2010,100056,4500091482,00010
5000001366,2024,0003,101,SPARE-5001,141.92,EA,1020,100056,4500091482,00010
5000001367,2024,0001,102,SPARE-5001,92.28,EA,2010,100048,4500090455,00040
5000001367,2024,0002,261,SPARE-5001,193.33,EA,1020,100048,4500090455,00040
5000001367,2024,0003,261,SPARE-5001,105.81,EA,2010,100048,4500090455,00040
5000001368,2024,0001,102,FUEL-2001,101.69,L,2010,100002,4500090856,00030
5000001368,2024,0002,102,FUEL-2001,52.48,L,1010,100002,4500090856,00030
5000001369,2024,0001,101,SERV-6001,145.98,HR,1020,100041,4500091561,00020
5000001370,2024,0001,101,SPARE-5001,57.6,EA,2010,100050,4500091491,00020
5000001371,2024,0001,101,IT-3002,127.05,EA,2010,100022,4500090571,00040
5000001372,2025,0001,101,IT-3002,28.08,EA,1020,100045,4500090287,00020
5000001373,2024,0001,102,IT-3001,147.02,EA,1020,100034,4500090435,00040
5000001373,2024,0002,101,IT-3001,61.37,EA,1020,100034,4500090435,00040
5000001373,2024,0003,102,IT-3001,165.41,EA,2010,100034,4500090435,00040
5000001374,2024,0001,102,IT-3001,153.67,EA,1010,100043,4500090756,00020
5000001374,2024,0002,261,IT-3001,132.26,EA,1010,100043,4500090756,00020
5000001374,2024,0003,102,IT-3001,141.07,EA,1010,100043,4500090756,00020
5000001375,2024,0001,261,IT-3002,53.29,EA,2010,100025,4500090821,00010
5000001375,2024,0002,101,IT-3002,26.08,EA,2010,100025,4500090821,00010
5000001376,2025,0001,102,IT-3001,8.08,EA,2010,100028,4500091756,00010
5000001376,2025,0002,102,IT-3001,62.07,EA,2010,100028,4500091756,00010
5000001377,2025,0001,101,IT-3001,121.69,EA,1020,100057,4500090004,00010
5000001377,2025,0002,261,IT-3001,20.53,EA,1010,100057,4500090004,00010
5000001378,2024,0001,101,SERV-6002,62.85,EA,2010,100053,4500090966,00020
5000001379,2025,0001,261,SERV-6001,50.75,HR,2010,100009,4500091979,00030
5000001380,2024,0001,261,OFFC-4001,140.51,EA,2010,100005,4500091208,00010
5000001380,2024,0002,102,OFFC-4001,191.55,EA,1020,100005,4500091208,00010
5000001381,2024,0001,102,SERV-6002,4.44,EA,1010,100000,4500091207,00020
5000001382,2024,0001,101,SPARE-5001,126.15,EA,1020,100017,4500091071,00040
5000001382,2024,0002,101,SPARE-5001,97.06,EA,1010,100017,4500091071,00040
5000001383,2025,0001,101,IT-3002,30.41,EA,1010,100033,4500091939,00030
5000001384,2024,0001,102,SPARE-5001,45.27,EA,1010,100051,4500091501,00040
5000001384,2024,0002,101,SPARE-5001,5.86,EA,1010,100051,4500091501,00040
5000001384,2024,0003,102,SPARE-5001,193.02,EA,1010,100051,4500091501,00040
5000001385,2025,0001,261,MRO-1001,102.9,EA,1010,100046,4500091958,00020
5000001385,2025,0002,102,MRO-1001,22.97,EA,2010,100046,4500091958,00020
5000001386,2025,0001,261,SPARE-5002,140.87,EA,1010,100040,4500090763,00040
5000001387,2024,0001,261,SERV-6001,14.67,HR,1020,100016,4500091026,00010
5000001387,2024,0002,102,SERV-6001,51.56,HR,1020,100016,4500091026,00010
5000001388,2025,0001,261,OFFC-4001,173.53,EA,2010,100041,4500091682,00010
5000001389,2025,0001,102,MRO-1001,173.78,EA,1020,100041,4500091186,00040
5000001389,2025,0002,102,MRO-1001,127.45,EA,2010,100041,4500091186,00040
5000001389,2025,0003,261,MRO-1001,68.77,EA,1020,100041,4500091186,00040
5000001390,2024,0001,101,IT-3002,58.5,EA,2010,100011,4500090868,00030
5000001390,2024,0002,102,IT-3002,26.3,EA,1020,100011,4500090868,00030
5000001391,2024,0001,102,SERV-6001,146.39,HR,1020,100039,4500090753,00020
5000001391,2024,0002,102,SERV-6001,130.42,HR,1020,100039,4500090753,00020
5000001391,2024,0003,102,SERV-6001,147.89,HR,1020,100039,4500090753,00020
5000001392,2025,0001,101,OFFC-4001,50.4,EA,1020,100006,4500090162,00010
5000001392,2025,0002,102,OFFC-4001,140.21,EA,2010,100006,4500090162,00010
5000001392,2025,0003,261,OFFC-4001,10.7,EA,1020,100006,4500090162,00010
5000001393,2025,0001,101,SERV-6002,114.99,EA,2010,100053,4500091159,00010
5000001393,2025,0002,102,SERV-6002,67.13,EA,1020,100053,4500091159,00010
5000001394,2025,0001,102,SERV-6001,69.45,HR,1020,100031,4500090021,00020
5000001394,2025,0002,101,SERV-6001,169.42,HR,1020,100031,4500090021,00020
5000001394,2025,0003,102,SERV-6001,82.77,HR,2010,100031,4500090021,00020
5000001395,2025,0001,101,MRO-1001,182.06,EA,1010,100016,4500090199,00020
5000001395,2025,0002,102,MRO-1001,20.46,EA,2010,100016,4500090199,00020
5000001395,2025,0003,101,MRO-1001,56.01,EA,1010,100016,4500090199,00020
5000001396,2024,0001,102,MRO-1002,135.63,EA,1010,100055,4500090587,00020
5000001396,2024,0002,102,MRO-1002,36.3,EA,2010,100055,4500090587,00020
5000001396,2024,0003,102,MRO-1002,5.09,EA,2010,100055,4500090587,00020
5000001397,2024,0001,101,OFFC-4001,60.53,EA,1010,100006,4500090650,00040
5000001397,2024,0002,101,OFFC-4001,25.52,EA,1020,100006,4500090650,00040
5000001397,2024,0003,102,OFFC-4001,60.32,EA,2010,100006,4500090650,00040
5000001398,2024,0001,101,SERV-6002,79.53,EA,1010,100009,4500091704,00020
5000001398,2024,0002,102,SERV-6002,127.3,EA,1010,100009,4500091704,00020
5000001399,2025,0001,102,SERV-6001,121.08,HR,1020,100042,4500090066,00020
5000001400,2025,0001,102,IT-3002,192.71,EA,2010,100048,4500091226,00040
5000001400,2025,0002,261,IT-3002,8.94,EA,1020,100048,4500091226,00040
5000001401,2025,0001,101,FUEL-2001,39.4,L,2010,100024,4500091100,00010
5000001402,2024,0001,101,OFFC-4001,111.51,EA,1010,100057,4500090679,00030
5000001402,2024,0002,261,OFFC-4001,192.88,EA,1010,100057,4500090679,00030
5000001402,2024,0003,101,OFFC-4001,109.0,EA,1020,100057,4500090679,00030
5000001403,2025,0001,102,MRO-1001,148.41,EA,2010,100003,4500090618,00010
5000001404,2025,0001,261,SPARE-5002,81.19,EA,1020,100047,4500091964,00030
5000001404,2025,0002,101,SPARE-5002,139.02,EA,1020,100047,4500091964,00030
5000001404,2025,0003,102,SPARE-5002,188.35,EA,2010,100047,4500091964,00030
5000001405,2024,0001,102,SPARE-5002,64.77,EA,2010,100059,4500091657,00030
5000001406,2024,0001,101,OFFC-4001,98.59,EA,1020,100055,4500091782,00010
5000001406,2024,0002,261,OFFC-4001,149.48,EA,1010,100055,4500091782,00010
5000001406,2024,0003,102,OFFC-4001,11.84,EA,1020,100055,4500091782,00010
5000001407,2025,0001,261,OFFC-4001,103.82,EA,2010,100039,4500090643,00010
5000001407,2025,0002,102,OFFC-4001,96.21,EA,1010,100039,4500090643,00010
5000001408,2025,0001,102,IT-3001,36.41,EA,1020,100051,4500091686,00020
5000001409,2024,0001,102,FUEL-2001,104.72,L,2010,100045,4500091694,00020
5000001409,2024,0002,102,FUEL-2001,31.41,L,1010,100045,4500091694,00020
5000001409,2024,0003,101,FUEL-2001,41.69,L,1010,100045,4500091694,00020
5000001410,2024,0001,261,IT-3002,107.65,EA,1020,100047,4500090113,00020
5000001410,2024,0002,101,IT-3002,169.19,EA,1020,100047,4500090113,00020
5000001411,2025,0001,102,SPARE-5001,10.81,EA,1010,100006,4500090736,00030
5000001411,2025,0002,261,SPARE-5001,109.23,EA,2010,100006,4500090736,00030
5000001412,2025,0001,101,SERV-6001,77.85,HR,1020,100017,4500091525,00040
5000001412,2025,0002,101,SERV-6001,59.87,HR,1010,100017,4500091525,00040
5000001413,2024,0001,261,SPARE-5002,153.7,EA,1010,100033,4500091344,00020
5000001413,2024,0002,101,SPARE-5002,4.16,EA,1010,100033,4500091344,00020
5000001414,2025,0001,261,MRO-1001,21.52,EA,1020,100010,4500090175,00030
5000001414,2025,0002,261,MRO-1001,118.22,EA,1020,100010,4500090175,00030
5000001415,2025,0001,102,MRO-1001,30.87,EA,1020,100002,4500091722,00020
5000001416,2024,0001,102,SPARE-5002,155.44,EA,1020,100020,4500090688,00030
5000001417,2025,0001,101,IT-3002,178.96,EA,1020,100011,4500090563,00020
5000001417,2025,0002,101,IT-3002,191.09,EA,1010,100011,4500090563,00020
5000001418,2025,0001,101,SPARE-5001,6.02,EA,1010,100041,4500090999,00020
5000001418,2025,0002,101,SPARE-5001,34.53,EA,1010,100041,4500090999,00020
5000001418,2025,0003,101,SPARE-5001,182.83,EA,1010,100041,4500090999,00020
5000001419,2024,0001,102,SERV-6002,198.15,EA,1010,100057,4500090430,00010
5000001419,2024,0002,102,SERV-6002,134.29,EA,1020,100057,4500090430,00010
5000001420,2025,0001,101,MRO-1002,26.74,EA,2010,100019,4500091540,00020
5000001421,2025,0001,261,SERV-6001,35.91,HR,1020,100014,4500091008,00020
5000001421,2025,0002,102,SERV-6001,154.11,HR,2010,100014,4500091008,00020
5000001422,2024,0001,261,IT-3002,148.58,EA,1020,100023,4500090478,00020
5000001423,2025,0001,102,OFFC-4001,96.5,EA,1020,100053,4500091547,00020
5000001424,2025,0001,261,SERV-6002,169.98,EA,2010,100000,4500090227,00010
5000001424,2025,0002,261,SERV-6002,180.24,EA,2010,100000,4500090227,00010
5000001424,2025,0003,261,SERV-6002,15.99,EA,1010,100000,4500090227,00010
5000001425,2025,0001,261,MRO-1001,62.4,EA,1020,100015,4500091254,00030
5000001425,2025,0002,102,MRO-1001,129.42,EA,1020,100015,4500091254,00030
5000001426,2025,0001,101,SERV-6002,121.08,EA,2010,100038,4500090009,00020
5000001427,2024,0001,102,MRO-1002,168.39,EA,2010,100029,4500091560,00040
5000001427,2024,0002,261,MRO-1002,72.7,EA,1010,100029,4500091560,00040
5000001427,2024,0003,102,MRO-1002,12.84,EA,2010,100029,4500091560,00040
5000001428,2025,0001,102,IT-3001,188.86,EA,1020,100012,4500091458,00020
5000001428,2025,0002,101,IT-3001,161.38,EA,1020,100012,4500091458,00020
5000001429,2024,0001,261,SERV-6001,25.13,HR,1010,100022,4500091251,00010
5000001429,2024,0002,101,SERV-6001,3.88,HR,1020,100022,4500091251,00010
5000001430,2025,0001,261,SPARE-5002,71.72,EA,2010,100041,4500090411,00010
5000001430,2025,0002,261,SPARE-5002,15.38,EA,1010,100041,4500090411,00010
5000001431,2025,0001,101,MRO-1002,102.14,EA,2010,100041,4500091391,00030
5000001431,2025,0002,101,MRO-1002,47.21,EA,1010,100041,4500091391,00030
5000001432,2024,0001,101,FUEL-2001,35.36,L,2010,100041,4500091214,00030
5000001432,2024,0002,102,FUEL-2001,115.5,L,1020,100041,4500091214,00030
5000001432,2024,0003,102,FUEL-2001,90.47,L,1010,100041,4500091214,00030
5000001433,2024,0001,101,FUEL-2001,198.77,L,2010,100049,4500090257,00020
5000001434,2025,0001,102,SERV-6001,38.42,HR,2010,100020,4500090688,00010
5000001435,2024,0001,102,SERV-6002,72.26,EA,1020,100047,4500090318,00010
5000001436,2025,0001,101,IT-3001,151.78,EA,1010,100023,4500091121,00030
5000001436,2025,0002,101,IT-3001,14.37,EA,1020,100023,4500091121,00030
5000001437,2025,0001,102,OFFC-4001,106.61,EA,1020,100008,4500090845,00020
5000001437,2025,0002,261,OFFC-4001,113.12,EA,1020,100008,4500090845,00020
5000001438,2025,0001,261,IT-3002,185.75,EA,1020,100025,4500091277,00040
5000001438,2025,0002,101,IT-3002,156.84,EA,1020,100025,4500091277,00040
5000001438,2025,0003,102,IT-3002,31.68,EA,1010,100025,4500091277,00040
5000001439,2024,0001,102,SERV-6001,187.72,HR,1010,100026,4500091421,00020
5000001440,2025,0001,101,FUEL-2001,189.31,L,2010,100044,4500090558,00030
5000001440,2025,0002,102,FUEL-2001,141.53,L,1020,100044,4500090558,00030
5000001441,2024,0001,261,MRO-1002,4.1,EA,1020,100033,4500090262,00010
5000001441,2024,0002,102,MRO-1002,171.29,EA,1010,100033,4500090262,00010
5000001441,2024,0003,261,MRO-1002,65.71,EA,1010,100033,4500090262,00010
5000001442,2025,0001,101,SERV-6001,156.46,HR,1020,100028,4500091697,00010
5000001443,2025,0001,261,SERV-6001,93.15,HR,2010,100025,4500091296,00020
5000001443,2025,0002,261,SERV-6001,85.76,HR,2010,100025,4500091296,00020
5000001443,2025,0003,261,SERV-6001,139.39,HR,1010,100025,4500091296,00020
5000001444,2024,0001,261,MRO-1001,92.39,EA,2010,100037,4500090323,00020
5000001444,2024,0002,101,MRO-1001,67.37,EA,1020,100037,4500090323,00020
5000001444,2024,0003,261,MRO-1001,117.33,EA,2010,100037,4500090323,00020
5000001445,2024,0001,102,IT-3002,87.28,EA,1010,100050,4500090387,00020
5000001445,2024,0002,261,IT-3002,115.48,EA,1020,100050,4500090387,00020
5000001446,2024,0001,261,IT-3002,85.67,EA,1010,100013,4500091408,00010
5000001447,2024,0001,261,SERV-6002,103.66,EA,1020,100050,4500090075,00030
5000001448,2024,0001,102,IT-3002,186.78,EA,1010,100035,4500091998,00040
5000001448,2024,0002,261,IT-3002,74.17,EA,1010,100035,4500091998,00040
5000001449,2025,0001,101,MRO-1001,109.1,EA,2010,100038,4500091300,00010
5000001450,2024,0001,102,SERV-6002,40.74,EA,2010,100038,4500090294,00010
5000001450,2024,0002,101,SERV-6002,112.34,EA,1020,100038,4500090294,00010
5000001450,2024,0003,101,SERV-6002,139.84,EA,2010,100038,4500090294,00010
5000001451,2025,0001,261,SPARE-5002,20.93,EA,1020,100010,4500091318,00010
5000001451,2025,0002,261,SPARE-5002,63.98,EA,1010,100010,4500091318,00010
5000001452,2024,0001,261,SPARE-5001,77.61,EA,1010,100048,4500090455,00040
5000001453,2025,0001,101,SPARE-5001,162.82,EA,2010,100048,4500091250,00020
5000001454,2025,0001,101,FUEL-2001,85.06,L,1020,100035,4500091998,00020
5000001455,2024,0001,102,MRO-1001,177.02,EA,1010,100023,4500091137,00040
5000001455,2024,0002,101,MRO-1001,45.01,EA,1020,100023,4500091137,00040
5000001455,2024,0003,261,MRO-1001,123.22,EA,1010,100023,4500091137,00040
5000001456,2024,0001,102,SERV-6002,79.1,EA,1010,100013,4500090143,00010
5000001456,2024,0002,102,SERV-6002,1.52,EA,1020,100013,4500090143,00010
5000001456,2024,0003,261,SERV-6002,175.46,EA,2010,100013,4500090143,00010
5000001457,2024,0001,102,IT-3001,156.35,EA,2010,100050,4500091380,00010
5000001458,2024,0001,101,MRO-1001,145.13,EA,2010,100022,4500091163,00020
5000001459,2024,0001,101,SERV-6001,159.67,HR,1010,100009,4500091174,00010
5000001459,2024,0002,102,SERV-6001,79.98,HR,1020,100009,4500091174,00010
5000001460,2025,0001,261,SPARE-5002,100.06,EA,1010,100012,4500090885,00020
5000001460,2025,0002,101,SPARE-5002,91.91,EA,2010,100012,4500090885,00020
5000001461,2024,0001,101,MRO-1001,189.69,EA,2010,100023,4500090773,00010
5000001461,2024,0002,261,MRO-1001,41.55,EA,2010,100023,4500090773,00010
5000001461,2024,0003,102,MRO-1001,112.58,EA,1010,100023,4500090773,00010
5000001462,2024,0001,102,SERV-6001,188.69,HR,2010,100027,4500091847,00010
5000001463,2024,0001,102,SPARE-5001,144.31,EA,1010,100014,4500091372,00010
5000001464,2025,0001,261,IT-3001,123.54,EA,1010,100026,4500091908,00030
5000001464,2025,0002,101,IT-3001,54.61,EA,1020,100026,4500091908,00030
5000001465,2024,0001,261,IT-3001,89.1,EA,1020,100014,4500090471,00030
5000001466,2025,0001,101,IT-3002,63.89,EA,1010,100027,4500090007,00040
5000001467,2025,0001,101,MRO-1002,9.84,EA,1010,100007,4500090973,00010
5000001468,2024,0001,101,SPARE-5002,199.31,EA,1020,100020,4500091874,00030
5000001469,2025,0001,102,IT-3002,164.77,EA,2010,100029,4500090851,00020
5000001469,2025,0002,261,IT-3002,53.44,EA,1020,100029,4500090851,00020
5000001469,2025,0003,101,IT-3002,158.89,EA,2010,100029,4500090851,00020
5000001470,2024,0001,101,SERV-6001,48.2,HR,1020,100015,4500090690,00020
5000001470,2024,0002,101,SERV-6001,6.84,HR,1020,100015,4500090690,00020
5000001470,2024,0003,101,SERV-6001,61.05,HR,2010,100015,4500090690,00020
5000001471,2025,0001,102,SPARE-5002,69.71,EA,2010,100004,4500091807,00020
5000001471,2025,0002,101,SPARE-5002,184.97,EA,2010,100004,4500091807,00020
5000001471,2025,0003,102,SPARE-5002,137.42,EA,2010,100004,4500091807,00020
5000001472,2025,0001,101,IT-3002,119.39,EA,1020,100017,4500091786,00030
5000001472,2025,0002,102,IT-3002,101.75,EA,2010,100017,4500091786,00030
5000001472,2025,0003,261,IT-3002,158.13,EA,1020,100017,4500091786,00030
5000001473,2024,0001,101,SPARE-5002,158.39,EA,1020,100046,4500091441,00030
5000001474,2024,0001,102,FUEL-2001,56.45,L,1020,100011,4500090817,00030
5000001474,2024,0002,101,FUEL-2001,186.4,L,2010,100011,4500090817,00030
5000001475,2024,0001,261,SERV-6001,179.68,HR,1020,100013,4500091590,00030
5000001475,2024,0002,101,SERV-6001,193.57,HR,1020,100013,4500091590,00030
5000001475,2024,0003,102,SERV-6001,158.94,HR,1010,100013,4500091590,00030
5000001476,2024,0001,261,IT-3001,8.52,EA,1010,100019,4500090867,00010
5000001476,2024,0002,101,IT-3001,160.29,EA,1020,100019,4500090867,00010
5000001477,2025,0001,102,OFFC-4001,11.5,EA,1020,100005,4500090369,00010
5000001477,2025,0002,101,OFFC-4001,148.29,EA,1010,100005,4500090369,00010
5000001477,2025,0003,261,OFFC-4001,187.62,EA,1020,100005,4500090369,00010
5000001478,2025,0001,101,MRO-1002,19.38,EA,2010,100002,4500091994,00020
5000001478,2025,0002,102,MRO-1002,94.33,EA,2010,100002,4500091994,00020
5000001478,2025,0003,101,MRO-1002,32.14,EA,1020,100002,4500091994,00020
5000001479,2024,0001,261,SPARE-5001,27.03,EA,1020,100036,4500090630,00010
5000001480,2024,0001,261,SERV-6002,69.46,EA,1020,100024,4500090687,00020
5000001481,2025,0001,102,MRO-1002,149.27,EA,2010,100045,4500091740,00020
5000001481,2025,0002,102,MRO-1002,35.4,EA,1020,100045,4500091740,00020
5000001481,2025,0003,102,MRO-1002,181.58,EA,1010,100045,4500091740,00020
5000001482,2025,0001,102,SERV-6001,182.97,HR,1020,100029,4500091610,00010
5000001483,2024,0001,102,FUEL-2001,186.29,L,2010,100046,4500090859,00040
5000001483,2024,0002,102,FUEL-2001,95.63,L,2010,100046,4500090859,00040
5000001484,2025,0001,102,OFFC-4001,139.97,EA,2010,100039,4500090247,00030
5000001485,2024,0001,101,SPARE-5002,93.25,EA,2010,100004,4500090240,00030
5000001485,2024,0002,101,SPARE-5002,172.83,EA,1020,100004,4500090240,00030
5000001486,2025,0001,101,IT-3002,99.43,EA,1010,100049,4500091243,00040
5000001486,2025,0002,261,IT-3002,162.67,EA,2010,100049,4500091243,00040
5000001486,2025,0003,102,IT-3002,35.42,EA,1010,100049,4500091243,00040
5000001487,2025,0001,101,OFFC-4001,83.8,EA,1020,100053,4500090704,00040
5000001487,2025,0002,261,OFFC-4001,133.93,EA,1010,100053,4500090704,00040
5000001488,2025,0001,102,OFFC-4001,145.14,EA,1020,100006,4500090415,00010
5000001489,2025,0001,102,FUEL-2001,24.32,L,1010,100044,4500090161,00020
5000001490,2025,0001,102,MRO-1001,82.24,EA,1020,100023,4500090908,00010
5000001490,2025,0002,101,MRO-1001,121.1,EA,1010,100023,4500090908,00010
5000001491,2024,0001,101,SERV-6001,77.75,HR,1010,100032,4500091634,00030
5000001491,2024,0002,102,SERV-6001,186.87,HR,1020,100032,4500091634,00030
5000001491,2024,0003,102,SERV-6001,127.69,HR,2010,100032,4500091634,00030
5000001492,2025,0001,102,MRO-1001,92.66,EA,1020,100041,4500091562,00020
5000001492,2025,0002,102,MRO-1001,76.36,EA,1020,100041,4500091562,00020
5000001493,2024,0001,261,IT-3002,19.46,EA,1020,100002,4500091622,00010
5000001493,2024,0002,261,IT-3002,102.57,EA,1020,100002,4500091622,00010
5000001493,2024,0003,261,IT-3002,153.12,EA,2010,100002,4500091622,00010
5000001494,2025,0001,101,MRO-1001,33.12,EA,1020,100027,4500090900,00020
5000001494,2025,0002,261,MRO-1001,51.91,EA,1020,100027,4500090900,00020
5000001495,2025,0001,102,MRO-1001,138.55,EA,1010,100014,4500090644,00010
5000001495,2025,0002,101,MRO-1001,61.93,EA,1010,100014,4500090644,00010
5000001495,2025,0003,101,MRO-1001,4.25,EA,2010,100014,4500090644,00010
5000001496,2024,0001,102,IT-3001,168.71,EA,1010,100015,4500091681,00020
5000001497,2024,0001,102,FUEL-2001,116.67,L,1020,100046,4500091837,00010
5000001497,2024,0002,261,FUEL-2001,133.56,L,2010,100046,4500091837,00010
5000001498,2024,0001,102,FUEL-2001,115.75,L,1010,100055,4500090728,00030
5000001498,2024,0002,101,FUEL-2001,64.84,L,2010,100055,4500090728,00030
5000001498,2024,0003,101,FUEL-2001,153.36,L,1010,100055,4500090728,00030
5000001499,2025,0001,261,FUEL-2001,67.05,L,2010,100051,4500090055,00020
5000001500,2025,0001,101,OFFC-4001,182.24,EA,1020,100057,4500090679,00030
5000001501,2024,0001,261,SERV-6002,30.71,EA,1010,100043,4500090120,00010
5000001502,2024,0001,101,IT-3001,29.84,EA,2010,100012,4500091838,00020
5000001503,2024,0001,261,IT-3001,169.18,EA,2010,100005,4500090312,00020
5000001503,2024,0002,102,IT-3001,114.53,EA,1010,100005,4500090312,00020
5000001503,2024,0003,102,IT-3001,14.95,EA,2010,100005,4500090312,00020
5000001504,2024,0001,101,SPARE-5002,76.44,EA,1010,100046,4500091441,00030
5000001504,2024,0002,101,SPARE-5002,109.63,EA,1010,100046,4500091441,00030
5000001505,2025,0001,101,MRO-1002,134.45,EA,1010,100044,4500091539,00010
5000001505,2025,0002,261,MRO-1002,71.67,EA,2010,100044,4500091539,00010
5000001505,2025,0003,101,MRO-1002,79.99,EA,1020,100044,4500091539,00010
5000001506,2025,0001,261,SPARE-5001,32.06,EA,1010,100002,4500090860,00020
5000001506,2025,0002,261,SPARE-5001,84.27,EA,1010,100002,4500090860,00020
5000001507,2025,0001,101,FUEL-2001,173.01,L,1020,100038,4500091013,00010
5000001508,2025,0001,101,FUEL-2001,99.23,L,1020,100020,4500091334,00010
5000001509,2024,0001,102,SERV-6001,70.67,HR,1010,100007,4500090045,00020
5000001509,2024,0002,102,SERV-6001,65.83,HR,2010,100007,4500090045,00020
5000001509,2024,0003,261,SERV-6001,80.06,HR,1020,100007,4500090045,00020
5000001510,2024,0001,101,SPARE-5001,41.38,EA,1010,100013,4500090716,00030
5000001511,2024,0001,261,IT-3001,78.26,EA,2010,100059,4500090596,00030
5000001511,2024,0002,101,IT-3001,192.04,EA,2010,100059,4500090596,00030
5000001512,2025,0001,261,IT-3002,55.92,EA,1020,100033,4500091231,00010
5000001513,2025,0001,102,SERV-6001,145.84,HR,2010,100007,4500090045,00020
5000001513,2025,0002,101,SERV-6001,2.86,HR,2010,100007,4500090045,00020
5000001514,2024,0001,102,SPARE-5002,75.08,EA,2010,100023,4500091815,00040
5000001514,2024,0002,101,SPARE-5002,85.71,EA,1010,100023,4500091815,00040
5000001515,2024,0001,261,IT-3002,38.58,EA,1010,100013,4500090090,00020
5000001516,2025,0001,102,IT-3002,13.54,EA,1020,100043,4500090677,00020
5000001516,2025,0002,102,IT-3002,23.1,EA,1010,100043,4500090677,00020
5000001516,2025,0003,261,IT-3002,1.64,EA,2010,100043,4500090677,00020
5000001517,2024,0001,102,IT-3001,52.92,EA,2010,100017,4500091142,00040
5000001517,2024,0002,101,IT-3001,101.75,EA,2010,100017,4500091142,00040
5000001518,2024,0001,102,SPARE-5002,122.35,EA,1020,100048,4500091226,00020
5000001518,2024,0002,101,SPARE-5002,96.38,EA,1010,100048,4500091226,00020
5000001518,2024,0003,101,SPARE-5002,140.79,EA,2010,100048,4500091226,00020
5000001519,2024,0001,261,IT-3002,106.24,EA,1020,100017,4500090200,00010
5000001519,2024,0002,101,IT-3002,77.96,EA,1020,100017,4500090200,00010
5000001519,2024,0003,102,IT-3002,39.56,EA,1010,100017,4500090200,00010
5000001520,2025,0001,101,OFFC-4001,109.42,EA,1020,100044,4500091966,00030
5000001521,2024,0001,101,SERV-6001,37.14,HR,1020,100038,4500091092,00020
5000001521,2024,0002,101,SERV-6001,169.69,HR,1020,100038,4500091092,00020
5000001521,2024,0003,261,SERV-6001,165.16,HR,2010,100038,4500091092,00020
5000001522,2025,0001,102,MRO-1001,197.14,EA,2010,100013,4500090615,00030
5000001523,2025,0001,102,OFFC-4001,74.22,EA,2010,100004,4500090480,00010
5000001523,2025,0002,102,OFFC-4001,3.73,EA,1010,100004,4500090480,00010
5000001524,2025,0001,102,MRO-1002,93.49,EA,1010,100009,4500090567,00020
5000001524,2025,0002,102,MRO-1002,56.84,EA,1010,100009,4500090567,00020
5000001525,2024,0001,261,IT-3001,159.0,EA,1020,100046,4500090662,00010
5000001525,2024,0002,261,IT-3001,57.51,EA,1010,100046,4500090662,00010
5000001525,2024,0003,101,IT-3001,178.18,EA,1010,100046,4500090662,00010
5000001526,2025,0001,101,SERV-6001,118.52,HR,1010,100041,4500091323,00040
5000001526,2025,0002,261,SERV-6001,165.93,HR,2010,100041,4500091323,00040
5000001526,2025,0003,102,SERV-6001,6.28,HR,2010,100041,4500091323,00040
5000001527,2025,0001,261,FUEL-2001,22.82,L,1010,100025,4500090468,00030
5000001528,2024,0001,102,MRO-1002,158.27,EA,1020,100048,4500091913,00020
5000001528,2024,0002,102,MRO-1002,143.61,EA,2010,100048,4500091913,00020
5000001529,2025,0001,261,OFFC-4001,167.94,EA,2010,100056,4500090046,00030
5000001529,2025,0002,102,OFFC-4001,101.37,EA,1020,100056,4500090046,00030
5000001529,2025,0003,102,OFFC-4001,116.92,EA,1020,100056,4500090046,00030
5000001530,2025,0001,101,SPARE-5001,121.62,EA,1020,100054,4500091952,00030
5000001530,2025,0002,102,SPARE-5001,65.11,EA,1020,100054,4500091952,00030
5000001530,2025,0003,261,SPARE-5001,167.01,EA,1010,100054,4500091952,00030
5000001531,2024,0001,101,OFFC-4001,190.39,EA,1010,100041,4500091505,00030
5000001531,2024,0002,261,OFFC-4001,150.06,EA,1020,100041,4500091505,00030
5000001531,2024,0003,101,OFFC-4001,165.88,EA,1010,100041,4500091505,00030
5000001532,2024,0001,101,SERV-6002,116.11,EA,1010,100003,4500091301,00020
5000001532,2024,0002,261,SERV-6002,100.99,EA,1020,100003,4500091301,00020
5000001533,2024,0001,261,SPARE-5001,1.38,EA,1010,100014,4500091008,00010
5000001533,2024,0002,101,SPARE-5001,18.52,EA,2010,100014,4500091008,00010
5000001534,2024,0001,261,IT-3001,171.33,EA,1010,100053,4500091230,00010
5000001534,2024,0002,261,IT-3001,132.85,EA,1020,100053,4500091230,00010
5000001535,2025,0001,261,MRO-1001,161.52,EA,1010,100008,4500090845,00030
5000001536,2024,0001,261,FUEL-2001,173.54,L,2010,100042,4500090852,00040
5000001537,2024,0001,261,SERV-6002,198.28,EA,1020,100049,4500091852,00020
5000001537,2024,0002,261,SERV-6002,182.43,EA,1020,100049,4500091852,00020
5000001537,2024,0003,102,SERV-6002,191.62,EA,2010,100049,4500091852,00020
5000001538,2024,0001,101,FUEL-2001,61.31,L,1010,100006,4500090736,00040
5000001538,2024,0002,261,FUEL-2001,33.64,L,1020,100006,4500090736,00040
5000001539,2025,0001,102,SPARE-5002,157.44,EA,1010,100030,4500090397,00010
5000001540,2025,0001,102,IT-3001,103.36,EA,1010,100051,4500090354,00010
5000001541,2025,0001,261,MRO-1001,158.92,EA,2010,100052,4500091454,00030
5000001542,2025,0001,101,OFFC-4001,53.66,EA,1020,100013,4500091417,00040
5000001542,2025,0002,102,OFFC-4001,101.78,EA,1020,100013,4500091417,00040
5000001543,2024,0001,261,SPARE-5002,125.29,EA,2010,100005,4500090559,00010
5000001543,2024,0002,102,SPARE-5002,155.32,EA,1020,100005,4500090559,00010
5000001543,2024,0003,101,SPARE-5002,169.96,EA,2010,100005,4500090559,00010
5000001544,2025,0001,102,MRO-1002,126.51,EA,2010,100008,4500090502,00010
5000001545,2024,0001,101,IT-3001,32.39,EA,1010,100013,4500090915,00030
5000001545,2024,0002,102,IT-3001,59.59,EA,2010,100013,4500090915,00030
5000001546,2025,0001,261,SPARE-5001,101.29,EA,2010,100039,4500091478,00040
5000001547,2024,0001,102,IT-3001,135.56,EA,2010,100029,4500091844,00010
5000001547,2024,0002,101,IT-3001,91.73,EA,2010,100029,4500091844,00010
5000001547,2024,0003,102,IT-3001,149.53,EA,1010,100029,4500091844,00010
5000001548,2024,0001,101,SPARE-5002,122.07,EA,2010,100017,4500090663,00040
5000001548,2024,0002,102,SPARE-5002,193.3,EA,1020,100017,4500090663,00040
5000001549,2025,0001,102,IT-3002,130.18,EA,1010,100041,4500091561,00030
5000001549,2025,0002,102,IT-3002,170.88,EA,1010,100041,4500091561,00030
5000001549,2025,0003,101,IT-3002,175.25,EA,2010,100041,4500091561,00030
5000001550,2025,0001,261,SPARE-5002,75.91,EA,1020,100057,4500091384,00010
5000001550,2025,0002,102,SPARE-5002,163.5,EA,1010,100057,4500091384,00010
5000001550,2025,0003,101,SPARE-5002,128.95,EA,1010,100057,4500091384,00010
5000001551,2024,0001,261,SPARE-5002,11.73,EA,1020,100039,4500091350,00020
5000001551,2024,0002,261,SPARE-5002,102.76,EA,1010,100039,4500091350,00020
5000001551,2024,0003,261,SPARE-5002,91.82,EA,2010,100039,4500091350,00020
5000001552,2025,0001,101,SPARE-5001,106.75,EA,2010,100030,4500090832,00030
5000001553,2024,0001,261,SPARE-5002,103.33,EA,1020,100026,4500091326,00020
5000001554,2025,0001,102,SERV-6001,177.44,HR,1010,100027,4500091276,00010
5000001554,2025,0002,101,SERV-6001,49.94,HR,1020,100027,4500091276,00010
5000001555,2024,0001,102,SPARE-5002,6.58,EA,1010,100049,4500090290,00010
5000001555,2024,0002,102,SPARE-5002,18.66,EA,1010,100049,4500090290,00010
5000001555,2024,0003,261,SPARE-5002,118.06,EA,2010,100049,4500090290,00010
5000001556,2024,0001,261,IT-3002,95.87,EA,1020,100042,4500091853,00020
5000001557,2025,0001,102,SPARE-5002,132.34,EA,1010,100002,4500090860,00010
5000001557,2025,0002,261,SPARE-5002,35.55,EA,1020,100002,4500090860,00010
5000001557,2025,0003,101,SPARE-5002,160.16,EA,1020,100002,4500090860,00010
5000001558,2024,0001,102,FUEL-2001,126.26,L,1010,100055,4500090341,00020
5000001559,2025,0001,101,IT-3002,73.02,EA,1010,100046,4500091441,00020
5000001560,2024,0001,102,MRO-1002,38.92,EA,1010,100029,4500090368,00030
5000001560,2024,0002,102,MRO-1002,127.89,EA,1020,100029,4500090368,00030
5000001560,2024,0003,261,MRO-1002,137.79,EA,1010,100029,4500090368,00030
5000001561,2025,0001,102,SPARE-5002,158.63,EA,1010,100027,4500091148,00040
5000001561,2025,0002,261,SPARE-5002,113.39,EA,1010,100027,4500091148,00040
5000001562,2025,0001,102,SERV-6001,161.75,HR,1010,100037,4500091573,00010
5000001562,2025,0002,261,SERV-6001,174.98,HR,1010,100037,4500091573,00010
5000001563,2025,0001,261,SERV-6002,175.35,EA,2010,100052,4500091255,00020
5000001563,2025,0002,102,SERV-6002,58.66,EA,1020,100052,4500091255,00020
5000001564,2024,0001,261,MRO-1002,55.82,EA,2010,100030,4500090309,00020
5000001564,2024,0002,261,MRO-1002,20.35,EA,1020,100030,4500090309,00020
5000001564,2024,0003,261,MRO-1002,56.81,EA,1020,100030,4500090309,00020
5000001565,2024,0001,101,SERV-6002,21.15,EA,1010,100033,4500090065,00040
5000001565,2024,0002,261,SERV-6002,30.14,EA,1020,100033,4500090065,00040
5000001566,2024,0001,101,MRO-1001,58.77,EA,2010,100058,4500091419,00030
5000001567,2024,0001,261,MRO-1002,164.9,EA,1010,100014,4500090258,00020
5000001567,2024,0002,101,MRO-1002,83.55,EA,2010,100014,4500090258,00020
5000001568,2024,0001,261,SERV-6001,44.61,HR,2010,100042,4500091854,00030
5000001568,2024,0002,101,SERV-6001,94.87,HR,2010,100042,4500091854,00030
5000001568,2024,0003,101,SERV-6001,170.06,HR,2010,100042,4500091854,00030
5000001569,2025,0001,101,IT-3002,143.46,EA,1020,100032,4500091339,00010
5000001569,2025,0002,261,IT-3002,54.41,EA,1020,100032,4500091339,00010
5000001570,2025,0001,261,MRO-1001,170.56,EA,1010,100020,4500091671,00030
5000001571,2024,0001,261,SERV-6001,21.65,HR,2010,100058,4500091223,00030
5000001571,2024,0002,101,SERV-6001,119.28,HR,1020,100058,4500091223,00030
5000001572,2025,0001,101,SERV-6002,1.98,EA,2010,100012,4500090828,00010
5000001572,2025,0002,261,SERV-6002,111.05,EA,1020,100012,4500090828,00010
5000001572,2025,0003,102,SERV-6002,171.66,EA,2010,100012,4500090828,00010
5000001573,2024,0001,101,OFFC-4001,162.01,EA,1010,100008,4500090845,00020
5000001573,2024,0002,101,OFFC-4001,96.58,EA,1020,100008,4500090845,00020
5000001573,2024,0003,101,OFFC-4001,175.81,EA,1020,100008,4500090845,00020
5000001574,2025,0001,261,SERV-6001,186.17,HR,2010,100040,4500091262,00010
5000001574,2025,0002,102,SERV-6001,3.61,HR,1010,100040,4500091262,00010
5000001574,2025,0003,101,SERV-6001,102.02,HR,1020,100040,4500091262,00010
5000001575,2025,0001,101,FUEL-2001,157.23,L,2010,100020,4500091334,00030
5000001575,2025,0002,261,FUEL-2001,120.5,L,1010,100020,4500091334,00030
5000001575,2025,0003,261,FUEL-2001,129.95,L,1010,100020,4500091334,00030
5000001576,2025,0001,102,MRO-1001,92.35,EA,2010,100053,4500091547,00010
5000001577,2024,0001,101,FUEL-2001,155.16,L,2010,100002,4500090860,00030
5000001577,2024,0002,101,FUEL-2001,70.47,L,1020,100002,4500090860,00030
5000001578,2024,0001,261,SERV-6002,157.32,EA,1010,100034,4500090435,00010
5000001578,2024,0002,101,SERV-6002,2.51,EA,1020,100034,4500090435,00010
5000001578,2024,0003,102,SERV-6002,145.56,EA,2010,100034,4500090435,00010
5000001579,2024,0001,102,OFFC-4001,68.94,EA,1010,100048,4500090428,00010
5000001580,2025,0001,101,IT-3001,107.09,EA,2010,100047,4500090972,00030
5000001581,2025,0001,102,FUEL-2001,60.38,L,1010,100016,4500091779,00010
5000001581,2025,0002,102,FUEL-2001,48.75,L,1020,100016,4500091779,00010
5000001581,2025,0003,101,FUEL-2001,32.86,L,2010,100016,4500091779,00010
5000001582,2024,0001,102,IT-3002,113.17,EA,1020,100000,4500091207,00030
5000001583,2025,0001,102,MRO-1001,40.96,EA,1020,100003,4500090930,00010
5000001583,2025,0002,102,MRO-1001,172.47,EA,2010,100003,4500090930,00010
5000001583,2025,0003,101,MRO-1001,118.58,EA,2010,100003,4500090930,00010
5000001584,2024,0001,101,IT-3001,20.38,EA,1010,100030,4500090133,00030
5000001585,2025,0001,102,MRO-1002,171.75,EA,2010,100054,4500091039,00010
5000001585,2025,0002,101,MRO-1002,42.48,EA,2010,100054,4500091039,00010
5000001585,2025,0003,102,MRO-1002,23.75,EA,1020,100054,4500091039,00010
5000001586,2025,0001,261,IT-3002,4.98,EA,1020,100037,4500090220,00010
5000001587,2025,0001,261,IT-3002,92.16,EA,2010,100008,4500091414,00020
5000001588,2025,0001,261,IT-3002,29.75,EA,2010,100035,4500091711,00030
5000001588,2025,0002,101,IT-3002,88.41,EA,2010,100035,4500091711,00030
5000001588,2025,0003,101,IT-3002,65.51,EA,2010,100035,4500091711,00030
5000001589,2025,0001,102,MRO-1001,29.68,EA,1010,100041,4500091186,00040
5000001590,2025,0001,261,SERV-6002,50.67,EA,1020,100038,4500091436,00040
5000001590,2025,0002,102,SERV-6002,117.93,EA,1020,100038,4500091436,00040
5000001591,2025,0001,261,MRO-1001,127.21,EA,1010,100044,4500090098,00010
5000001592,2025,0001,102,SPARE-5002,24.24,EA,1010,100057,4500091620,00040
5000001592,2025,0002,101,SPARE-5002,81.21,EA,2010,100057,4500091620,00040
5000001593,2024,0001,261,SPARE-5001,153.89,EA,1010,100036,4500091430,00010
5000001593,2024,0002,102,SPARE-5001,46.54,EA,1010,100036,4500091430,00010
5000001593,2024,0003,261,SPARE-5001,113.19,EA,1010,100036,4500091430,00010
5000001594,2024,0001,261,FUEL-2001,58.96,L,1020,100020,4500090855,00020
5000001594,2024,0002,101,FUEL-2001,126.47,L,2010,100020,4500090855,00020
5000001594,2024,0003,261,FUEL-2001,191.08,L,1020,100020,4500090855,00020
5000001595,2025,0001,101,SERV-6002,125.07,EA,2010,100030,4500091654,00010
5000001596,2024,0001,101,SPARE-5002,19.9,EA,2010,100018,4500090737,00020
5000001596,2024,0002,102,SPARE-5002,199.13,EA,1020,100018,4500090737,00020
5000001597,2025,0001,261,FUEL-2001,3.81,L,1020,100059,4500091743,00020
5000001597,2025,0002,102,FUEL-2001,34.5,L,1010,100059,4500091743,00020
5000001598,2025,0001,102,MRO-1002,186.42,EA,1010,100044,4500091004,00010
5000001599,2025,0001,102,SERV-6001,11.94,HR,1010,100030,4500091389,00020
5000001600,2024,0001,102,MRO-1002,53.89,EA,1010,100015,4500090706,00020
5000001600,2024,0002,101,MRO-1002,27.4,EA,1010,100015,4500090706,00020
5000001601,2025,0001,102,FUEL-2001,174.55,L,2010,100009,4500091392,00010
5000001602,2025,0001,261,SERV-6001,185.05,HR,1010,100030,4500090084,00040
5000001602,2025,0002,261,SERV-6001,112.27,HR,2010,100030,4500090084,00040
5000001603,2025,0001,101,IT-3001,55.83,EA,1010,100005,4500090312,00020
5000001603,2025,0002,102,IT-3001,66.57,EA,1010,100005,4500090312,00020
5000001604,2025,0001,101,SPARE-5002,76.47,EA,2010,100013,4500091839,00040
5000001605,2025,0001,102,MRO-1002,124.24,EA,2010,100058,4500091386,00010
5000001606,2025,0001,101,FUEL-2001,9.92,L,1020,100010,4500091433,00010
5000001606,2025,0002,261,FUEL-2001,65.2,L,1020,100010,4500091433,00010
5000001606,2025,0003,261,FUEL-2001,14.41,L,1020,100010,4500091433,00010
5000001607,2024,0001,101,SERV-6002,191.87,EA,1010,100017,4500091271,00020
5000001607,2024,0002,102,SERV-6002,13.97,EA,2010,100017,4500091271,00020
5000001607,2024,0003,102,SERV-6002,29.21,EA,1010,100017,4500091271,00020
5000001608,2024,0001,261,IT-3002,117.42,EA,2010,100001,4500091582,00020
5000001609,2025,0001,101,FUEL-2001,199.63,L,1020,100024,4500090766,00010
5000001610,2025,0001,101,FUEL-2001,50.04,L,1010,100055,4500090822,00010
5000001610,2025,0002,261,FUEL-2001,65.9,L,1010,100055,4500090822,00010
5000001611,2025,0001,101,SPARE-5001,46.4,EA,1010,100045,4500091912,00020
5000001611,2025,0002,102,SPARE-5001,136.37,EA,1010,100045,4500091912,00020
5000001611,2025,0003,102,SPARE-5001,175.84,EA,1020,100045,4500091912,00020
5000001612,2025,0001,261,IT-3002,129.06,EA,2010,100025,4500091277,00040
5000001613,2024,0001,102,IT-3001,138.88,EA,1010,100029,4500090764,00010
5000001613,2024,0002,102,IT-3001,1.66,EA,1020,100029,4500090764,00010
5000001613,2024,0003,102,IT-3001,19.38,EA,1010,100029,4500090764,00010
5000001614,2024,0001,102,SERV-6002,148.92,EA,1010,100009,4500090111,00040
5000001614,2024,0002,102,SERV-6002,19.22,EA,2010,100009,4500090111,00040
5000001614,2024,0003,101,SERV-6002,143.42,EA,2010,100009,4500090111,00040
5000001615,2024,0001,101,FUEL-2001,60.49,L,1010,100018,4500091778,00030
5000001615,2024,0002,261,FUEL-2001,16.29,L,1010,100018,4500091778,00030
5000001616,2024,0001,102,SPARE-5002,60.86,EA,2010,100013,4500091839,00040
5000001617,2024,0001,101,OFFC-4001,57.7,EA,2010,100004,4500090654,00030
5000001617,2024,0002,261,OFFC-4001,165.6,EA,1020,100004,4500090654,00030
5000001618,2025,0001,102,SPARE-5001,13.61,EA,2010,100055,4500090314,00030
5000001619,2024,0001,261,OFFC-4001,91.48,EA,1010,100026,4500090515,00010
5000001620,2025,0001,101,SPARE-5001,163.54,EA,2010,100042,4500090145,00040
5000001620,2025,0002,261,SPARE-5001,89.33,EA,2010,100042,4500090145,00040
5000001620,2025,0003,102,SPARE-5001,189.5,EA,1010,100042,4500090145,00040
5000001621,2025,0001,261,MRO-1002,149.02,EA,2010,100009,4500091533,00010
5000001621,2025,0002,102,MRO-1002,129.05,EA,1010,100009,4500091533,00010
5000001622,2025,0001,101,MRO-1001,96.27,EA,1020,100020,4500091804,00020
5000001623,2025,0001,102,SERV-6001,53.18,HR,1020,100012,4500091991,00010
5000001623,2025,0002,261,SERV-6001,16.84,HR,1010,100012,4500091991,00010
5000001624,2025,0001,102,MRO-1001,72.84,EA,2010,100022,4500090076,00020
5000001624,2025,0002,101,MRO-1001,164.74,EA,1020,100022,4500090076,00020
5000001624,2025,0003,102,MRO-1001,191.74,EA,2010,100022,4500090076,00020
5000001625,2025,0001,102,IT-3001,19.14,EA,1010,100046,4500090825,00010
5000001626,2025,0001,261,SERV-6001,155.07,HR,1010,100025,4500091281,00010
5000001626,2025,0002,101,SERV-6001,43.01,HR,1010,100025,4500091281,00010
5000001627,2024,0001,101,FUEL-2001,22.47,L,1010,100048,4500090685,00030
5000001627,2024,0002,261,FUEL-2001,131.59,L,1010,100048,4500090685,00030
5000001627,2024,0003,102,FUEL-2001,28.8,L,1010,100048,4500090685,00030
5000001628,2024,0001,101,SERV-6001,148.75,HR,1010,100042,4500091374,00020
5000001628,2024,0002,101,SERV-6001,148.51,HR,1020,100042,4500091374,00020
5000001628,2024,0003,261,SERV-6001,126.78,HR,2010,100042,4500091374,00020
5000001629,2024,0001,261,MRO-1002,117.58,EA,2010,100051,4500090489,00020
5000001630,2024,0001,261,MRO-1002,43.44,EA,1010,100027,4500091801,00010
5000001630,2024,0002,101,MRO-1002,10.3,EA,2010,100027,4500091801,00010
5000001630,2024,0003,101,MRO-1002,38.46,EA,2010,100027,4500091801,00010
5000001631,2024,0001,101,IT-3001,4.56,EA,2010,100054,4500091976,00010
5000001632,2025,0001,101,OFFC-4001,53.93,EA,1010,100037,4500090493,00020
5000001632,2025,0002,102,OFFC-4001,184.65,EA,2010,100037,4500090493,00020
5000001632,2025,0003,261,OFFC-4001,84.91,EA,2010,100037,4500090493,00020
5000001633,2025,0001,261,MRO-1002,105.41,EA,1020,100031,4500090794,00020
5000001633,2025,0002,102,MRO-1002,132.14,EA,2010,100031,4500090794,00020
5000001634,2025,0001,102,MRO-1001,114.2,EA,1010,100052,4500091429,00020
5000001634,2025,0002,102,MRO-1001,57.46,EA,1020,100052,4500091429,00020
5000001634,2025,0003,102,MRO-1001,32.54,EA,1010,100052,4500091429,00020
5000001635,2025,0001,261,SPARE-5002,55.4,EA,2010,100045,4500091126,00010
5000001635,2025,0002,261,SPARE-5002,189.36,EA,2010,100045,4500091126,00010
5000001636,2025,0001,261,SPARE-5002,9.04,EA,1020,100000,4500090600,00040
5000001637,2024,0001,102,SPARE-5001,111.33,EA,2010,100056,4500091217,00030
5000001637,2024,0002,101,SPARE-5001,19.04,EA,1020,100056,4500091217,00030
5000001637,2024,0003,102,SPARE-5001,108.64,EA,2010,100056,4500091217,00030
5000001638,2025,0001,261,IT-3001,78.94,EA,2010,100053,4500090666,00020
5000001638,2025,0002,102,IT-3001,83.9,EA,2010,100053,4500090666,00020
5000001639,2024,0001,102,MRO-1001,177.62,EA,1020,100002,4500090342,00020
5000001639,2024,0002,102,MRO-1001,49.09,EA,1020,100002,4500090342,00020
5000001639,2024,0003,261,MRO-1001,163.55,EA,1010,100002,4500090342,00020
5000001640,2025,0001,102,IT-3001,136.79,EA,1010,100057,4500090554,00010
5000001640,2025,0002,261,IT-3001,134.24,EA,1010,100057,4500090554,00010
5000001641,2024,0001,101,SPARE-5001,190.51,EA,1020,100036,4500091551,00030
5000001641,2024,0002,102,SPARE-5001,132.33,EA,1020,100036,4500091551,00030
5000001642,2025,0001,261,SPARE-5001,121.71,EA,2010,100009,4500091218,00030
5000001642,2025,0002,102,SPARE-5001,94.65,EA,1010,100009,4500091218,00030
5000001642,2025,0003,102,SPARE-5001,9.61,EA,1010,100009,4500091218,00030
5000001643,2024,0001,261,SERV-6002,43.6,EA,2010,100032,4500090310,00020
5000001644,2025,0001,102,IT-3002,184.42,EA,2010,100042,4500091109,00010
5000001645,2025,0001,102,FUEL-2001,5.55,L,2010,100014,4500091094,00030
5000001645,2025,0002,102,FUEL-2001,58.45,L,1020,100014,4500091094,00030
5000001645,2025,0003,101,FUEL-2001,160.58,L,1020,100014,4500091094,00030
5000001646,2025,0001,101,IT-3001,107.09,EA,1020,100021,4500091750,00030
5000001646,2025,0002,102,IT-3001,65.3,EA,2010,100021,4500091750,00030
5000001646,2025,0003,102,IT-3001,88.8,EA,2010,100021,4500091750,00030
5000001647,2024,0001,261,IT-3002,136.17,EA,2010,100053,4500090422,00010
5000001647,2024,0002,101,IT-3002,182.35,EA,2010,100053,4500090422,00010
5000001647,2024,0003,261,IT-3002,95.81,EA,1010,100053,4500090422,00010
5000001648,2024,0001,102,MRO-1001,55.72,EA,1020,100016,4500090155,00010
5000001648,2024,0002,102,MRO-1001,43.79,EA,1020,100016,4500090155,00010
5000001649,2025,0001,102,SERV-6002,68.25,EA,1010,100045,4500090020,00030
5000001650,2025,0001,101,FUEL-2001,163.27,L,1020,100000,4500090351,00020
5000001651,2025,0001,102,MRO-1002,140.23,EA,2010,100054,4500090729,00040
5000001651,2025,0002,102,MRO-1002,139.4,EA,1010,100054,4500090729,00040
5000001651,2025,0003,261,MRO-1002,195.92,EA,1020,100054,4500090729,00040
5000001652,2025,0001,101,IT-3001,165.42,EA,1010,100053,4500090751,00010
5000001652,2025,0002,101,IT-3001,67.01,EA,2010,100053,4500090751,00010
5000001653,2025,0001,101,SERV-6002,42.4,EA,1010,100003,4500091044,00010
5000001654,2024,0001,102,SERV-6001,103.35,HR,2010,100056,4500090150,00010
5000001654,2024,0002,102,SERV-6001,84.34,HR,1010,100056,4500090150,00010
5000001655,2025,0001,261,OFFC-4001,18.45,EA,2010,100006,4500091215,00020
5000001655,2025,0002,102,OFFC-4001,79.12,EA,2010,100006,4500091215,00020
5000001655,2025,0003,101,OFFC-4001,94.51,EA,1020,100006,4500091215,00020
5000001656,2025,0001,261,FUEL-2001,19.28,L,2010,100055,4500090728,00030
5000001656,2025,0002,102,FUEL-2001,162.29,L,1020,100055,4500090728,00030
5000001656,2025,0003,261,FUEL-2001,51.97,L,2010,100055,4500090728,00030
5000001657,2025,0001,101,FUEL-2001,129.7,L,2010,100022,4500090243,00010
5000001657,2025,0002,101,FUEL-2001,155.14,L,1010,100022,4500090243,00010
5000001658,2024,0001,102,OFFC-4001,140.03,EA,1020,100023,4500091928,00040
5000001658,2024,0002,101,OFFC-4001,159.28,EA,1020,100023,4500091928,00040
5000001659,2024,0001,261,SERV-6001,161.45,HR,1020,100013,4500091417,00010
5000001659,2024,0002,261,SERV-6001,107.94,HR,1010,100013,4500091417,00010
5000001659,2024,0003,102,SERV-6001,198.17,HR,1020,100013,4500091417,00010
5000001660,2025,0001,101,MRO-1001,62.93,EA,2010,100009,4500090741,00020
5000001660,2025,0002,102,MRO-1001,37.83,EA,1020,100009,4500090741,00020
5000001661,2025,0001,261,IT-3001,163.98,EA,2010,100025,4500091488,00020
5000001661,2025,0002,101,IT-3001,89.0,EA,1010,100025,4500091488,00020
5000001661,2025,0003,101,IT-3001,38.84,EA,1020,100025,4500091488,00020
5000001662,2024,0001,102,IT-3001,54.8,EA,1010,100027,4500091678,00010
5000001662,2024,0002,101,IT-3001,88.35,EA,2010,100027,4500091678,00010
5000001663,2024,0001,261,IT-3001,21.5,EA,2010,100023,4500091933,00010
5000001663,2024,0002,102,IT-3001,183.55,EA,2010,100023,4500091933,00010
5000001664,2025,0001,102,SPARE-5002,39.74,EA,1010,100027,4500091748,00010
5000001664,2025,0002,102,SPARE-5002,113.13,EA,1010,100027,4500091748,00010
5000001665,2024,0001,102,SERV-6001,151.74,HR,1020,100059,4500091298,00020
5000001665,2024,0002,261,SERV-6001,198.72,HR,1020,100059,4500091298,00020
5000001666,2025,0001,101,MRO-1002,195.33,EA,2010,100043,4500090120,00020
5000001667,2025,0001,102,OFFC-4001,142.29,EA,1010,100030,4500091950,00030
5000001667,2025,0002,261,OFFC-4001,114.69,EA,2010,100030,4500091950,00030
5000001668,2025,0001,101,SERV-6002,164.71,EA,2010,100001,4500091364,00010
5000001668,2025,0002,261,SERV-6002,38.27,EA,2010,100001,4500091364,00010
5000001668,2025,0003,261,SERV-6002,187.38,EA,1020,100001,4500091364,00010
5000001669,2025,0001,261,SERV-6001,119.86,HR,2010,100048,4500090105,00020
5000001669,2025,0002,261,SERV-6001,97.89,HR,2010,100048,4500090105,00020
5000001669,2025,0003,261,SERV-6001,189.49,HR,2010,100048,4500090105,00020
5000001670,2025,0001,101,FUEL-2001,104.55,L,1010,100044,4500090590,00020
5000001670,2025,0002,101,FUEL-2001,181.12,L,1010,100044,4500090590,00020
5000001670,2025,0003,102,FUEL-2001,175.98,L,1020,100044,4500090590,00020
5000001671,2025,0001,102,SPARE-5001,158.26,EA,1010,100008,4500090015,00020
5000001671,2025,0002,261,SPARE-5001,193.4,EA,1020,100008,4500090015,00020
5000001671,2025,0003,102,SPARE-5001,155.3,EA,1020,100008,4500090015,00020
5000001672,2025,0001,101,SERV-6002,145.75,EA,1010,100030,4500090926,00030
5000001672,2025,0002,101,SERV-6002,187.2,EA,2010,100030,4500090926,00030
5000001672,2025,0003,102,SERV-6002,5.47,EA,1020,100030,4500090926,00030
5000001673,2024,0001,261,FUEL-2001,168.65,L,1010,100037,4500091248,00020
5000001673,2024,0002,102,FUEL-2001,116.05,L,1020,100037,4500091248,00020
5000001673,2024,0003,102,FUEL-2001,58.08,L,1010,100037,4500091248,00020
5000001674,2024,0001,102,SPARE-5002,159.8,EA,1010,100020,4500090093,00010
5000001675,2025,0001,261,SPARE-5001,57.57,EA,2010,100013,4500091480,00040
5000001676,2025,0001,261,FUEL-2001,92.79,L,1010,100011,4500091644,00010
5000001677,2025,0001,261,SPARE-5002,159.02,EA,1020,100047,4500090878,00010
5000001678,2025,0001,261,SPARE-5002,137.73,EA,1020,100059,4500091983,00020
5000001679,2025,0001,101,SERV-6002,3.37,EA,1010,100028,4500090748,00030
5000001680,2025,0001,102,SERV-6001,2.09,HR,1010,100049,4500090276,00010
5000001680,2025,0002,101,SERV-6001,54.55,HR,2010,100049,4500090276,00010
5000001681,2024,0001,261,MRO-1002,171.61,EA,1020,100047,4500090113,00030
5000001682,2025,0001,261,FUEL-2001,62.45,L,2010,100039,4500091752,00010
5000001682,2025,0002,261,FUEL-2001,82.39,L,1010,100039,4500091752,00010
5000001683,2025,0001,102,SERV-6001,8.82,HR,2010,100025,4500091872,00010
5000001683,2025,0002,261,SERV-6001,38.58,HR,1010,100025,4500091872,00010
5000001684,2025,0001,101,SPARE-5001,160.45,EA,1020,100027,4500090122,00020
5000001684,2025,0002,102,SPARE-5001,136.6,EA,2010,100027,4500090122,00020
5000001684,2025,0003,261,SPARE-5001,25.11,EA,1010,100027,4500090122,00020
5000001685,2025,0001,261,IT-3001,162.06,EA,1010,100002,4500091253,00030
5000001685,2025,0002,102,IT-3001,25.12,EA,1010,100002,4500091253,00030
5000001686,2024,0001,102,SERV-6002,168.17,EA,1010,100059,4500091331,00030
5000001687,2024,0001,101,FUEL-2001,134.47,L,1010,100017,4500091664,00040
5000001688,2024,0001,101,MRO-1002,36.6,EA,2010,100014,4500091886,00010
5000001689,2025,0001,261,MRO-1001,127.87,EA,1010,100020,4500090508,00030
5000001689,2025,0002,261,MRO-1001,108.51,EA,2010,100020,4500090508,00030
5000001689,2025,0003,101,MRO-1001,57.34,EA,1010,100020,4500090508,00030
5000001690,2024,0001,101,IT-3001,142.93,EA,2010,100049,4500091619,00020
5000001691,2024,0001,101,IT-3002,120.34,EA,2010,100059,4500090272,00010
5000001691,2024,0002,102,IT-3002,45.51,EA,1010,100059,4500090272,00010
5000001691,2024,0003,101,IT-3002,1.01,EA,2010,100059,4500090272,00010
5000001692,2025,0001,261,MRO-1002,18.67,EA,1020,100034,4500091570,00020
5000001692,2025,0002,261,MRO-1002,173.13,EA,2010,100034,4500091570,00020
5000001692,2025,0003,102,MRO-1002,168.29,EA,2010,100034,4500091570,00020
5000001693,2025,0001,261,SERV-6001,173.9,HR,1020,100031,4500090988,00010
5000001693,2025,0002,102,SERV-6001,49.07,HR,2010,100031,4500090988,00010
5000001693,2025,0003,101,SERV-6001,119.32,HR,2010,100031,4500090988,00010
5000001694,2024,0001,101,SPARE-5002,162.96,EA,2010,100041,4500090330,00020
5000001694,2024,0002,102,SPARE-5002,199.9,EA,1010,100041,4500090330,00020
5000001694,2024,0003,261,SPARE-5002,59.18,EA,1010,100041,4500090330,00020
5000001695,2025,0001,102,IT-3001,53.21,EA,1020,100012,4500090978,00010
5000001696,2025,0001,101,IT-3002,123.61,EA,1010,100049,4500091243,00040
5000001696,2025,0002,261,IT-3002,36.11,EA,1020,100049,4500091243,00040
5000001696,2025,0003,101,IT-3002,87.25,EA,1020,100049,4500091243,00040
5000001697,2025,0001,102,IT-3002,27.03,EA,2010,100025,4500090468,00040
5000001697,2025,0002,261,IT-3002,140.89,EA,1010,100025,4500090468,00040
5000001697,2025,0003,261,IT-3002,199.75,EA,1020,100025,4500090468,00040
5000001698,2024,0001,261,IT-3001,19.82,EA,1020,100030,4500091238,00010
5000001698,2024,0002,102,IT-3001,189.28,EA,1010,100030,4500091238,00010
5000001698,2024,0003,101,IT-3001,93.32,EA,2010,100030,4500091238,00010
5000001699,2025,0001,101,IT-3002,5.33,EA,2010,100003,4500091009,00010
5000001700,2024,0001,261,MRO-1001,33.85,EA,2010,100024,4500091473,00010
5000001700,2024,0002,261,MRO-1001,91.47,EA,1010,100024,4500091473,00010
5000001700,2024,0003,102,MRO-1001,133.86,EA,1010,100024,4500091473,00010
5000001701,2025,0001,102,MRO-1002,165.66,EA,2010,100037,4500091291,00030
5000001701,2025,0002,101,MRO-1002,188.44,EA,1010,100037,4500091291,00030
5000001701,2025,0003,261,MRO-1002,134.77,EA,1010,100037,4500091291,00030
5000001702,2025,0001,102,IT-3002,3.78,EA,1020,100051,4500090457,00010
5000001703,2024,0001,261,SPARE-5002,13.09,EA,1020,100040,4500090298,00030
5000001703,2024,0002,102,SPARE-5002,149.95,EA,1010,100040,4500090298,00030
5000001704,2024,0001,101,MRO-1002,124.96,EA,1010,100058,4500090533,00020
5000001704,2024,0002,102,MRO-1002,3.62,EA,1020,100058,4500090533,00020
5000001704,2024,0003,261,MRO-1002,149.94,EA,2010,100058,4500090533,00020
5000001705,2025,0001,102,SPARE-5002,195.22,EA,1020,100009,4500090601,00010
5000001705,2025,0002,261,SPARE-5002,148.73,EA,1020,100009,4500090601,00010
5000001706,2025,0001,101,OFFC-4001,34.88,EA,2010,100011,4500091506,00030
5000001706,2025,0002,261,OFFC-4001,19.95,EA,1010,100011,4500091506,00030
5000001706,2025,0003,101,OFFC-4001,54.85,EA,1020,100011,4500091506,00030
5000001707,2024,0001,261,SERV-6002,127.73,EA,1020,100014,4500090723,00020
5000001708,2024,0001,101,SPARE-5002,11.03,EA,2010,100047,4500091964,00030
5000001709,2025,0001,101,FUEL-2001,9.61,L,1020,100022,4500090571,00020
5000001709,2025,0002,102,FUEL-2001,52.5,L,2010,100022,4500090571,00020
5000001709,2025,0003,261,FUEL-2001,2.94,L,1010,100022,4500090571,00020
5000001710,2024,0001,102,MRO-1002,147.11,EA,1020,100035,4500090834,00010
5000001710,2024,0002,101,MRO-1002,117.2,EA,1020,100035,4500090834,00010
5000001711,2025,0001,102,IT-3001,197.7,EA,1020,100034,4500090829,00010
5000001712,2025,0001,101,SERV-6001,119.0,HR,1020,100013,4500090975,00010
5000001712,2025,0002,102,SERV-6001,73.69,HR,2010,100013,4500090975,00010
5000001712,2025,0003,101,SERV-6001,37.33,HR,2010,100013,4500090975,00010
5000001713,2024,0001,261,SPARE-5001,170.83,EA,2010,100027,4500090676,00020
5000001713,2024,0002,102,SPARE-5001,180.83,EA,1010,100027,4500090676,00020
5000001713,2024,0003,101,SPARE-5001,168.09,EA,1010,100027,4500090676,00020
5000001714,2025,0001,261,SERV-6002,178.14,EA,1020,100016,4500090456,00010
5000001714,2025,0002,101,SERV-6002,88.22,EA,2010,100016,4500090456,00010
5000001714,2025,0003,102,SERV-6002,148.54,EA,1010,100016,4500090456,00010
5000001715,2025,0001,261,MRO-1001,193.17,EA,1020,100027,4500090900,00010
5000001716,2025,0001,102,SERV-6001,14.36,HR,1020,100009,4500091445,00040
5000001716,2025,0002,101,SERV-6001,109.72,HR,1010,100009,4500091445,00040
5000001716,2025,0003,261,SERV-6001,134.39,HR,1010,100009,4500091445,00040
5000001717,2025,0001,101,FUEL-2001,33.67,L,1010,100049,4500090041,00020
5000001717,2025,0002,261,FUEL-2001,118.62,L,1020,100049,4500090041,00020
5000001718,2024,0001,102,FUEL-2001,74.47,L,1020,100025,4500091246,00020
5000001718,2024,0002,102,FUEL-2001,45.33,L,2010,100025,4500091246,00020
5000001719,2025,0001,102,SERV-6002,164.27,EA,1010,100011,4500091393,00010
5000001719,2025,0002,101,SERV-6002,64.63,EA,1010,100011,4500091393,00010
5000001719,2025,0003,101,SERV-6002,70.33,EA,1020,100011,4500091393,00010
5000001720,2024,0001,261,IT-3002,81.26,EA,1020,100004,4500090040,00010
5000001720,2024,0002,101,IT-3002,53.66,EA,1020,100004,4500090040,00010
5000001721,2025,0001,261,SPARE-5002,39.84,EA,2010,100055,4500091451,00010
5000001721,2025,0002,261,SPARE-5002,77.24,EA,1010,100055,4500091451,00010
5000001721,2025,0003,102,SPARE-5002,151.17,EA,1020,100055,4500091451,00010
5000001722,2025,0001,102,SPARE-5002,184.15,EA,1020,100038,4500090844,00030
5000001723,2025,0001,102,SERV-6001,3.71,HR,1010,100044,4500091357,00020
5000001723,2025,0002,101,SERV-6001,77.19,HR,1020,100044,4500091357,00020
5000001724,2024,0001,101,IT-3001,85.06,EA,1020,100050,4500091663,00020
5000001725,2025,0001,101,IT-3001,56.86,EA,2010,100050,4500091503,00020
5000001725,2025,0002,261,IT-3001,81.93,EA,1010,100050,4500091503,00020
5000001725,2025,0003,101,IT-3001,62.93,EA,1010,100050,4500091503,00020
5000001726,2025,0001,102,SERV-6002,83.7,EA,2010,100027,4500091383,00020
5000001727,2024,0001,102,MRO-1001,126.54,EA,1010,100017,4500091726,00030
5000001727,2024,0002,102,MRO-1001,147.64,EA,1010,100017,4500091726,00030
5000001728,2024,0001,102,SPARE-5002,189.8,EA,1020,100028,4500090792,00010
5000001729,2024,0001,101,SPARE-5002,57.27,EA,1020,100005,4500091564,00020
5000001729,2024,0002,101,SPARE-5002,41.78,EA,2010,100005,4500091564,00020
5000001730,2024,0001,261,SPARE-5002,144.48,EA,2010,100013,4500090321,00010
5000001730,2024,0002,261,SPARE-5002,182.24,EA,1010,100013,4500090321,00010
5000001731,2024,0001,261,FUEL-2001,157.9,L,1020,100032,4500091283,00020
5000001731,2024,0002,102,FUEL-2001,2.24,L,2010,100032,4500091283,00020
5000001732,2025,0001,101,FUEL-2001,41.54,L,1020,100015,4500091213,00010
5000001732,2025,0002,101,FUEL-2001,132.58,L,1020,100015,4500091213,00010
5000001733,2025,0001,101,IT-3002,100.37,EA,2010,100053,4500090422,00040
5000001734,2024,0001,261,IT-3001,189.62,EA,1020,100054,4500090459,00040
5000001734,2024,0002,102,IT-3001,91.95,EA,2010,100054,4500090459,00040
5000001735,2024,0001,101,OFFC-4001,100.07,EA,1020,100019,4500090182,00010
5000001735,2024,0002,101,OFFC-4001,185.49,EA,2010,100019,4500090182,00010
5000001736,2024,0001,101,SPARE-5001,188.57,EA,1020,100038,4500090633,00010
5000001736,2024,0002,261,SPARE-5001,87.06,EA,1020,100038,4500090633,00010
5000001737,2025,0001,101,SPARE-5002,32.4,EA,1010,100044,4500091536,00030
5000001738,2025,0001,261,SPARE-5002,90.27,EA,1020,100041,4500090411,00010
5000001738,2025,0002,261,SPARE-5002,53.25,EA,1010,100041,4500090411,00010
5000001739,2024,0001,101,MRO-1002,60.95,EA,2010,100025,4500091488,00030
5000001739,2024,0002,261,MRO-1002,15.55,EA,2010,100025,4500091488,00030
5000001740,2025,0001,101,IT-3001,192.79,EA,1010,100006,4500091946,00010
5000001740,2025,0002,101,IT-3001,104.36,EA,1010,100006,4500091946,00010
5000001740,2025,0003,102,IT-3001,198.98,EA,1010,100006,4500091946,00010
5000001741,2025,0001,102,SERV-6001,2.88,HR,1010,100048,4500090762,00040
5000001741,2025,0002,101,SERV-6001,129.83,HR,2010,100048,4500090762,00040
5000001742,2025,0001,261,SPARE-5002,40.65,EA,2010,100035,4500090132,00020
5000001742,2025,0002,102,SPARE-5002,12.44,EA,2010,100035,4500090132,00020
5000001742,2025,0003,102,SPARE-5002,138.25,EA,1020,100035,4500090132,00020
5000001743,2025,0001,261,OFFC-4001,18.21,EA,1010,100057,4500091795,00010
5000001743,2025,0002,101,OFFC-4001,3.68,EA,2010,100057,4500091795,00010
5000001743,2025,0003,261,OFFC-4001,88.74,EA,1020,100057,4500091795,00010
5000001744,2024,0001,101,FUEL-2001,161.57,L,1020,100005,4500091730,00020
5000001744,2024,0002,101,FUEL-2001,186.42,L,1010,100005,4500091730,00020
5000001745,2024,0001,101,MRO-1002,80.08,EA,1020,100037,4500091291,00030
5000001746,2025,0001,261,SPARE-5001,161.98,EA,1010,100047,4500090920,00010
5000001747,2025,0001,261,FUEL-2001,96.22,L,1020,100048,4500090943,00010
5000001747,2025,0002,261,FUEL-2001,116.95,L,2010,100048,4500090943,00010
5000001748,2024,0001,101,SERV-6001,34.68,HR,2010,100026,4500091588,00020
5000001748,2024,0002,101,SERV-6001,100.84,HR,1010,100026,4500091588,00020
5000001748,2024,0003,101,SERV-6001,108.15,HR,2010,100026,4500091588,00020
5000001749,2024,0001,261,MRO-1001,56.97,EA,1020,100000,4500090461,00020
5000001749,2024,0002,261,MRO-1001,54.48,EA,2010,100000,4500090461,00020
5000001750,2024,0001,101,FUEL-2001,192.35,L,2010,100022,4500090076,00010
5000001750,2024,0002,261,FUEL-2001,120.49,L,1010,100022,4500090076,00010
5000001750,2024,0003,102,FUEL-2001,15.91,L,1020,100022,4500090076,00010
5000001751,2025,0001,102,SERV-6002,146.95,EA,1020,100029,4500091149,00020
5000001751,2025,0002,102,SERV-6002,46.43,EA,1010,100029,4500091149,00020
5000001752,2024,0001,101,MRO-1002,166.32,EA,2010,100042,4500090153,00030
5000001752,2024,0002,261,MRO-1002,87.65,EA,1010,100042,4500090153,00030
5000001753,2024,0001,261,OFFC-4001,126.23,EA,1020,100041,4500091505,00030
5000001753,2024,0002,261,OFFC-4001,153.05,EA,1020,100041,4500091505,00030
5000001754,2024,0001,102,OFFC-4001,135.66,EA,2010,100009,4500091462,00010
5000001755,2024,0001,261,SERV-6001,36.26,HR,2010,100002,4500090775,00020
5000001756,2024,0001,101,IT-3001,48.62,EA,1020,100003,4500091047,00040
5000001756,2024,0002,101,IT-3001,155.11,EA,1010,100003,4500091047,00040
5000001757,2025,0001,261,MRO-1002,26.63,EA,1010,100035,4500090054,00020
5000001757,2025,0002,101,MRO-1002,128.35,EA,1020,100035,4500090054,00020
5000001758,2024,0001,261,OFFC-4001,133.08,EA,1020,100027,4500090007,00030
5000001759,2024,0001,102,IT-3001,159.87,EA,1020,100034,4500090108,00020
5000001759,2024,0002,101,IT-3001,178.24,EA,2010,100034,4500090108,00020
5000001760,2024,0001,101,MRO-1001,3.99,EA,2010,100006,4500090162,00030
5000001760,2024,0002,261,MRO-1001,77.74,EA,2010,100006,4500090162,00030
5000001761,2024,0001,261,FUEL-2001,182.13,L,2010,100058,4500091875,00030
5000001762,2024,0001,102,OFFC-4001,140.5,EA,1010,100040,4500090725,00030
5000001763,2025,0001,101,MRO-1002,78.47,EA,1020,100039,4500091184,00020
5000001764,2024,0001,261,SPARE-5002,33.56,EA,1010,100024,4500090261,00010
5000001765,2024,0001,101,FUEL-2001,86.03,L,1020,100003,4500090581,00040
5000001765,2024,0002,102,FUEL-2001,46.53,L,1010,100003,4500090581,00040
5000001766,2024,0001,102,IT-3001,6.7,EA,2010,100011,4500091780,00020
5000001767,2025,0001,261,SERV-6002,144.1,EA,1020,100017,4500090873,00030
5000001768,2025,0001,261,FUEL-2001,66.69,L,1010,100039,4500091728,00020
5000001768,2025,0002,261,FUEL-2001,16.27,L,1020,100039,4500091728,00020
5000001769,2025,0001,101,SERV-6002,175.54,EA,1010,100008,4500091721,00010
5000001770,2024,0001,101,OFFC-4001,194.58,EA,2010,100047,4500091232,00020
5000001771,2024,0001,102,SPARE-5002,106.66,EA,2010,100042,4500090852,00020
5000001771,2024,0002,101,SPARE-5002,11.84,EA,1010,100042,4500090852,00020
5000001771,2024,0003,261,SPARE-5002,98.16,EA,1020,100042,4500090852,00020
5000001772,2024,0001,102,IT-3001,169.59,EA,1020,100056,4500090046,00010
5000001772,2024,0002,101,IT-3001,102.01,EA,1020,100056,4500090046,00010
5000001773,2025,0001,102,IT-3002,7.09,EA,1020,100051,4500090055,00010
5000001773,2025,0002,261,IT-3002,151.55,EA,1020,100051,4500090055,00010
5000001773,2025,0003,102,IT-3002,33.59,EA,1010,100051,4500090055,00010
5000001774,2025,0001,102,SERV-6001,35.22,HR,1010,100047,4500091203,00010
5000001774,2025,0002,261,SERV-6001,54.03,HR,2010,100047,4500091203,00010
5000001774,2025,0003,101,SERV-6001,70.32,HR,1020,100047,4500091203,00010
5000001775,2025,0001,261,IT-3001,118.42,EA,1010,100025,4500091488,00020
5000001775,2025,0002,101,IT-3001,175.56,EA,2010,100025,4500091488,00020
5000001775,2025,0003,102,IT-3001,164.67,EA,2010,100025,4500091488,00020
5000001776,2025,0001,101,MRO-1002,199.95,EA,1010,100020,4500090093,00020
5000001776,2025,0002,261,MRO-1002,140.93,EA,2010,100020,4500090093,00020
5000001776,2025,0003,261,MRO-1002,174.28,EA,1020,100020,4500090093,00020
5000001777,2025,0001,261,SERV-6001,51.17,HR,1020,100037,4500091477,00010
5000001778,2025,0001,102,IT-3001,147.58,EA,2010,100030,4500090130,00010
5000001778,2025,0002,261,IT-3001,117.37,EA,1020,100030,4500090130,00010
5000001779,2025,0001,102,OFFC-4001,44.2,EA,1020,100023,4500090637,00040
5000001779,2025,0002,101,OFFC-4001,51.1,EA,2010,100023,4500090637,00040
5000001779,2025,0003,101,OFFC-4001,187.23,EA,2010,100023,4500090637,00040
5000001780,2024,0001,261,SERV-6002,133.39,EA,2010,100011,4500091266,00020
5000001780,2024,0002,101,SERV-6002,69.6,EA,2010,100011,4500091266,00020
5000001781,2024,0001,261,MRO-1002,38.09,EA,1020,100042,4500091006,00010
5000001781,2024,0002,261,MRO-1002,22.4,EA,2010,100042,4500091006,00010
5000001782,2025,0001,101,SERV-6002,20.25,EA,2010,100031,4500090021,00010
5000001782,2025,0002,261,SERV-6002,41.29,EA,2010,100031,4500090021,00010
5000001782,2025,0003,101,SERV-6002,69.97,EA,1020,100031,4500090021,00010
5000001783,2025,0001,101,SERV-6002,110.41,EA,1020,100017,4500091271,00020
5000001783,2025,0002,101,SERV-6002,77.45,EA,2010,100017,4500091271,00020
5000001784,2024,0001,261,MRO-1001,91.06,EA,1020,100029,4500091628,00010
5000001784,2024,0002,261,MRO-1001,143.64,EA,1010,100029,4500091628,00010
5000001784,2024,0003,102,MRO-1001,80.83,EA,1010,100029,4500091628,00010
5000001785,2024,0001,101,SERV-6002,186.45,EA,1010,100047,4500090421,00020
5000001785,2024,0002,101,SERV-6002,187.84,EA,1020,100047,4500090421,00020
5000001786,2025,0001,102,MRO-1001,96.63,EA,1020,100029,4500091612,00020
5000001787,2024,0001,101,IT-3002,184.26,EA,1010,100016,4500091370,00010
5000001788,2025,0001,261,IT-3001,86.47,EA,1020,100005,4500090355,00010
5000001788,2025,0002,102,IT-3001,97.02,EA,2010,100005,4500090355,00010
5000001789,2025,0001,261,MRO-1002,21.16,EA,2010,100058,4500091658,00010
5000001789,2025,0002,102,MRO-1002,14.2,EA,2010,100058,4500091658,00010
5000001789,2025,0003,102,MRO-1002,103.03,EA,2010,100058,4500091658,00010
5000001790,2024,0001,261,MRO-1001,126.64,EA,2010,100035,4500090511,00010
5000001790,2024,0002,101,MRO-1001,183.27,EA,1020,100035,4500090511,00010
5000001790,2024,0003,101,MRO-1001,6.5,EA,2010,100035,4500090511,00010
5000001791,2024,0001,261,SPARE-5002,121.81,EA,1010,100053,4500091369,00010
5000001792,2024,0001,101,SPARE-5002,26.65,EA,1010,100001,4500090894,00020
5000001792,2024,0002,261,SPARE-5002,182.05,EA,1020,100001,4500090894,00020
5000001793,2025,0001,102,FUEL-2001,27.66,L,2010,100035,4500091027,00010
5000001794,2025,0001,261,SERV-6001,74.29,HR,1010,100025,4500091277,00010
5000001795,2025,0001,101,IT-3002,77.38,EA,1010,100012,4500090862,00020
5000001795,2025,0002,261,IT-3002,63.86,EA,1010,100012,4500090862,00020
5000001796,2024,0001,261,FUEL-2001,180.63,L,2010,100044,4500091715,00040
5000001796,2024,0002,102,FUEL-2001,176.22,L,1010,100044,4500091715,00040
5000001796,2024,0003,101,FUEL-2001,104.18,L,2010,100044,4500091715,00040
5000001797,2025,0001,261,SERV-6002,56.82,EA,2010,100017,4500090211,00020
5000001797,2025,0002,261,SERV-6002,54.43,EA,1010,100017,4500090211,00020
5000001797,2025,0003,102,SERV-6002,128.58,EA,1010,100017,4500090211,00020
5000001798,2025,0001,261,FUEL-2001,179.62,L,2010,100030,4500091679,00010
5000001798,2025,0002,261,FUEL-2001,113.75,L,1020,100030,4500091679,00010
5000001798,2025,0003,261,FUEL-2001,128.36,L,1020,100030,4500091679,00010
5000001799,2024,0001,102,SPARE-5002,32.67,EA,1010,100006,4500090991,00010
5000001799,2024,0002,102,SPARE-5002,122.59,EA,1020,100006,4500090991,00010
5000001799,2024,0003,261,SPARE-5002,50.96,EA,2010,100006,4500090991,00010
5000001800,2025,0001,102,MRO-1002,87.26,EA,1020,100056,4500090580,00020
5000001800,2025,0002,101,MRO-1002,150.26,EA,1020,100056,4500090580,00020
5000001800,2025,0003,102,MRO-1002,112.55,EA,1010,100056,4500090580,00020
5000001801,2025,0001,101,FUEL-2001,134.82,L,1010,100027,4500091014,00020
5000001801,2025,0002,101,FUEL-2001,148.83,L,1010,100027,4500091014,00020
5000001801,2025,0003,102,FUEL-2001,41.54,L,1010,100027,4500091014,00020
5000001802,2025,0001,261,MRO-1001,60.54,EA,1020,100032,4500091289,00010
5000001802,2025,0002,261,MRO-1001,114.54,EA,1010,100032,4500091289,00010
5000001802,2025,0003,101,MRO-1001,5.76,EA,1020,100032,4500091289,00010
5000001803,2025,0001,261,SPARE-5002,22.72,EA,1010,100048,4500090455,00030
5000001803,2025,0002,101,SPARE-5002,63.82,EA,2010,100048,4500090455,00030
5000001803,2025,0003,261,SPARE-5002,86.17,EA,1020,100048,4500090455,00030
5000001804,2025,0001,101,OFFC-4001,3.51,EA,1020,100002,4500090893,00030
5000001805,2025,0001,101,IT-3001,24.92,EA,1010,100053,4500090477,00030
5000001806,2024,0001,101,OFFC-4001,180.96,EA,1010,100038,4500091229,00020
5000001806,2024,0002,261,OFFC-4001,133.18,EA,1010,100038,4500091229,00020
5000001807,2024,0001,101,SERV-6001,92.76,HR,1010,100046,4500090488,00020
5000001807,2024,0002,261,SERV-6001,190.55,HR,2010,100046,4500090488,00020
5000001808,2024,0001,102,MRO-1002,176.41,EA,2010,100027,4500090122,00030
5000001808,2024,0002,102,MRO-1002,156.73,EA,1010,100027,4500090122,00030
5000001809,2024,0001,101,OFFC-4001,165.21,EA,2010,100058,4500090611,00040
5000001810,2025,0001,101,SPARE-5002,181.79,EA,2010,100058,4500091223,00020
5000001810,2025,0002,261,SPARE-5002,26.7,EA,1020,100058,4500091223,00020
5000001811,2025,0001,101,SERV-6001,195.1,HR,1020,100048,4500091481,00020
5000001811,2025,0002,261,SERV-6001,154.32,HR,2010,100048,4500091481,00020
5000001812,2024,0001,101,FUEL-2001,137.94,L,2010,100032,4500091825,00020
5000001812,2024,0002,261,FUEL-2001,95.01,L,2010,100032,4500091825,00020
5000001812,2024,0003,101,FUEL-2001,100.75,L,1020,100032,4500091825,00020
5000001813,2025,0001,261,IT-3001,118.33,EA,1010,100005,4500091076,00030
5000001813,2025,0002,261,IT-3001,126.48,EA,1020,100005,4500091076,00030
5000001814,2024,0001,102,SERV-6002,12.35,EA,2010,100044,4500090451,00040
5000001814,2024,0002,102,SERV-6002,14.47,EA,1020,100044,4500090451,00040
5000001814,2024,0003,102,SERV-6002,16.73,EA,1020,100044,4500090451,00040
5000001815,2025,0001,102,MRO-1002,180.85,EA,2010,100031,4500090572,00020
5000001816,2025,0001,261,SERV-6001,66.37,HR,1020,100013,4500090226,00020
5000001816,2025,0002,261,SERV-6001,68.5,HR,2010,100013,4500090226,00020
5000001817,2025,0001,261,MRO-1001,186.77,EA,1010,100006,4500090124,00010
5000001818,2024,0001,101,SPARE-5002,158.27,EA,1020,100036,4500090981,00010
5000001819,2024,0001,261,IT-3002,85.29,EA,1010,100035,4500090952,00030
5000001819,2024,0002,101,IT-3002,145.01,EA,1020,100035,4500090952,00030
5000001820,2024,0001,261,FUEL-2001,4.58,L,1020,100050,4500091543,00020
5000001820,2024,0002,102,FUEL-2001,180.88,L,2010,100050,4500091543,00020
5000001821,2025,0001,261,MRO-1001,33.31,EA,1010,100052,4500090506,00010
5000001821,2025,0002,102,MRO-1001,27.67,EA,1010,100052,4500090506,00010
5000001822,2024,0001,261,IT-3001,164.02,EA,1020,100016,4500090745,00010
5000001822,2024,0002,101,IT-3001,7.2,EA,2010,100016,4500090745,00010
5000001822,2024,0003,261,IT-3001,100.6,EA,1010,100016,4500090745,00010
5000001823,2024,0001,101,SERV-6001,118.03,HR,2010,100057,4500091640,00020
5000001824,2025,0001,101,MRO-1001,39.18,EA,1020,100047,4500091707,00020
5000001824,2025,0002,261,MRO-1001,38.15,EA,1020,100047,4500091707,00020
5000001824,2025,0003,101,MRO-1001,100.08,EA,2010,100047,4500091707,00020
5000001825,2024,0001,102,IT-3002,137.42,EA,1010,100044,4500090910,00030
5000001825,2024,0002,261,IT-3002,104.62,EA,2010,100044,4500090910,00030
5000001826,2025,0001,101,SPARE-5001,40.34,EA,1010,100048,4500090359,00030
5000001826,2025,0002,261,SPARE-5001,104.24,EA,2010,100048,4500090359,00030
5000001827,2025,0001,102,SPARE-5001,19.44,EA,1010,100012,4500090722,00010
5000001827,2025,0002,261,SPARE-5001,94.98,EA,1020,100012,4500090722,00010
5000001828,2024,0001,261,OFFC-4001,60.17,EA,1020,100038,4500091038,00030
5000001828,2024,0002,102,OFFC-4001,39.24,EA,1020,100038,4500091038,00030
5000001829,2025,0001,101,MRO-1001,159.51,EA,1010,100048,4500090359,00020
5000001829,2025,0002,261,MRO-1001,128.55,EA,2010,100048,4500090359,00020
5000001830,2024,0001,102,SERV-6001,173.13,HR,1020,100031,4500090377,00020
5000001830,2024,0002,261,SERV-6001,92.37,HR,2010,100031,4500090377,00020
5000001830,2024,0003,102,SERV-6001,99.65,HR,1020,100031,4500090377,00020
5000001831,2025,0001,102,SPARE-5001,150.42,EA,1020,100042,4500090657,00010
5000001831,2025,0002,102,SPARE-5001,100.12,EA,1020,100042,4500090657,00010
5000001832,2024,0001,101,OFFC-4001,91.49,EA,1010,100021,4500090453,00030
5000001832,2024,0002,102,OFFC-4001,169.95,EA,2010,100021,4500090453,00030
5000001833,2025,0001,102,SERV-6001,63.15,HR,2010,100035,4500091881,00010
5000001834,2025,0001,102,IT-3002,181.66,EA,1020,100029,4500091560,00010
5000001835,2024,0001,261,SERV-6002,33.28,EA,1010,100041,4500090237,00020
5000001835,2024,0002,101,SERV-6002,116.38,EA,1010,100041,4500090237,00020
5000001836,2025,0001,102,MRO-1001,149.15,EA,1010,100032,4500091130,00010
5000001837,2025,0001,261,SERV-6002,199.09,EA,2010,100010,4500090436,00020
5000001838,2024,0001,101,IT-3002,41.86,EA,1020,100012,4500091991,00020
5000001839,2025,0001,101,IT-3001,86.26,EA,1010,100050,4500090865,00030
5000001839,2025,0002,102,IT-3001,76.67,EA,1010,100050,4500090865,00030
5000001839,2025,0003,102,IT-3001,80.14,EA,1010,100050,4500090865,00030
5000001840,2025,0001,261,OFFC-4001,181.67,EA,1020,100046,4500091082,00040
5000001841,2025,0001,102,MRO-1002,8.58,EA,2010,100007,4500090973,00010
5000001842,2025,0001,101,IT-3001,82.42,EA,1010,100052,4500091072,00020
5000001842,2025,0002,101,IT-3001,186.92,EA,1020,100052,4500091072,00020
5000001842,2025,0003,261,IT-3001,156.95,EA,1010,100052,4500091072,00020
5000001843,2025,0001,261,SPARE-5002,73.04,EA,1010,100043,4500091507,00020
5000001844,2024,0001,102,SPARE-5002,30.71,EA,1010,100046,4500091958,00040
5000001845,2024,0001,261,SPARE-5002,112.0,EA,1020,100043,4500091507,00020
5000001845,2024,0002,102,SPARE-5002,115.91,EA,1020,100043,4500091507,00020
5000001845,2024,0003,261,SPARE-5002,43.23,EA,2010,100043,4500091507,00020
5000001846,2024,0001,101,IT-3001,84.79,EA,1010,100036,4500090378,00020
5000001846,2024,0002,261,IT-3001,49.55,EA,2010,100036,4500090378,00020
5000001846,2024,0003,261,IT-3001,106.22,EA,2010,100036,4500090378,00020
5000001847,2024,0001,261,SPARE-5002,91.57,EA,1010,100057,4500091753,00010
5000001848,2025,0001,261,OFFC-4001,177.67,EA,1020,100058,4500091813,00010
5000001848,2025,0002,261,OFFC-4001,71.16,EA,1010,100058,4500091813,00010
5000001848,2025,0003,261,OFFC-4001,135.14,EA,2010,100058,4500091813,00010
5000001849,2024,0001,261,FUEL-2001,88.39,L,2010,100053,4500091793,00010
5000001850,2025,0001,101,MRO-1002,76.53,EA,2010,100006,4500091136,00010
5000001850,2025,0002,102,MRO-1002,20.96,EA,1010,100006,4500091136,00010
5000001850,2025,0003,101,MRO-1002,8.37,EA,2010,100006,4500091136,00010
5000001851,2025,0001,102,IT-3001,80.96,EA,1010,100044,4500090658,00020
5000001851,2025,0002,102,IT-3001,130.54,EA,1020,100044,4500090658,00020
5000001852,2025,0001,101,SPARE-5001,118.85,EA,1020,100013,4500090553,00020
5000001852,2025,0002,261,SPARE-5001,17.39,EA,1010,100013,4500090553,00020
5000001853,2025,0001,102,SPARE-5002,41.05,EA,2010,100045,4500090585,00040
5000001853,2025,0002,261,SPARE-5002,1.91,EA,1020,100045,4500090585,00040
5000001853,2025,0003,102,SPARE-5002,151.76,EA,2010,100045,4500090585,00040
5000001854,2025,0001,101,IT-3002,69.95,EA,2010,100031,4500090494,00030
5000001855,2024,0001,261,IT-3001,17.94,EA,1020,100018,4500090518,00020
5000001855,2024,0002,102,IT-3001,35.75,EA,2010,100018,4500090518,00020
5000001855,2024,0003,261,IT-3001,37.72,EA,1020,100018,4500090518,00020
5000001856,2024,0001,101,IT-3002,26.36,EA,1010,100045,4500091740,00030
5000001856,2024,0002,102,IT-3002,138.43,EA,1010,100045,4500091740,00030
5000001856,2024,0003,102,IT-3002,28.54,EA,1010,100045,4500091740,00030
5000001857,2024,0001,101,MRO-1002,183.55,EA,1020,100030,4500090133,00020
5000001858,2025,0001,261,SPARE-5002,29.21,EA,1010,100038,4500090682,00020
5000001859,2024,0001,101,SPARE-5002,190.0,EA,1010,100054,4500090443,00030
5000001859,2024,0002,101,SPARE-5002,16.41,EA,1020,100054,4500090443,00030
5000001860,2024,0001,101,SPARE-5001,7.85,EA,2010,100018,4500090879,00010
5000001860,2024,0002,101,SPARE-5001,14.3,EA,2010,100018,4500090879,00010
5000001860,2024,0003,261,SPARE-5001,92.84,EA,1020,100018,4500090879,00010
5000001861,2024,0001,261,FUEL-2001,13.58,L,1020,100000,4500091647,00030
5000001862,2025,0001,101,FUEL-2001,145.35,L,1020,100022,4500090076,00010
5000001863,2025,0001,102,FUEL-2001,155.7,L,1020,100043,4500090194,00020
5000001863,2025,0002,101,FUEL-2001,197.72,L,1010,100043,4500090194,00020
5000001863,2025,0003,102,FUEL-2001,94.04,L,1010,100043,4500090194,00020
5000001864,2025,0001,261,OFFC-4001,2.65,EA,2010,100057,4500090632,00010
5000001865,2024,0001,101,SPARE-5002,120.46,EA,1010,100051,4500091927,00020
5000001865,2024,0002,102,SPARE-5002,74.61,EA,1020,100051,4500091927,00020
5000001866,2024,0001,102,SPARE-5001,150.62,EA,1010,100059,4500090394,00010
5000001866,2024,0002,101,SPARE-5001,113.64,EA,2010,100059,4500090394,00010
5000001867,2025,0001,261,MRO-1002,14.02,EA,1010,100054,4500090729,00040
5000001867,2025,0002,102,MRO-1002,67.8,EA,1010,100054,4500090729,00040
5000001868,2025,0001,261,SERV-6001,148.92,HR,1020,100052,4500091361,00010
5000001868,2025,0002,101,SERV-6001,153.24,HR,2010,100052,4500091361,00010
5000001868,2025,0003,101,SERV-6001,188.32,HR,2010,100052,4500091361,00010
5000001869,2024,0001,261,FUEL-2001,39.46,L,2010,100024,4500091000,00030
5000001869,2024,0002,102,FUEL-2001,39.1,L,2010,100024,4500091000,00030
5000001870,2025,0001,261,IT-3002,134.22,EA,2010,100033,4500091231,00010
5000001870,2025,0002,102,IT-3002,101.69,EA,1010,100033,4500091231,00010
5000001870,2025,0003,101,IT-3002,109.52,EA,1020,100033,4500091231,00010
5000001871,2024,0001,102,MRO-1002,72.81,EA,1020,100042,4500091472,00020
5000001871,2024,0002,102,MRO-1002,181.97,EA,1020,100042,4500091472,00020
5000001872,2024,0001,101,SERV-6001,57.73,HR,1010,100010,4500090232,00010
5000001873,2024,0001,261,IT-3001,78.71,EA,1010,100031,4500090801,00020
5000001874,2024,0001,101,SERV-6001,2.86,HR,1020,100032,4500091634,00030
5000001874,2024,0002,261,SERV-6001,170.61,HR,1020,100032,4500091634,00030
5000001874,2024,0003,101,SERV-6001,183.91,HR,1020,100032,4500091634,00030
5000001875,2024,0001,102,SERV-6002,143.11,EA,1020,100000,4500091978,00010
5000001876,2024,0001,101,SERV-6001,52.45,HR,1020,100013,4500091024,00030
5000001876,2024,0002,101,SERV-6001,152.78,HR,1020,100013,4500091024,00030
5000001876,2024,0003,102,SERV-6001,82.73,HR,2010,100013,4500091024,00030
5000001877,2024,0001,261,FUEL-2001,178.87,L,1010,100025,4500090542,00010
5000001878,2025,0001,101,SPARE-5001,107.32,EA,1010,100048,4500091913,00010
5000001878,2025,0002,101,SPARE-5001,56.58,EA,2010,100048,4500091913,00010
5000001878,2025,0003,261,SPARE-5001,129.32,EA,1010,100048,4500091913,00010
5000001879,2025,0001,102,OFFC-4001,94.73,EA,2010,100038,4500091038,00030
5000001879,2025,0002,102,OFFC-4001,18.71,EA,1020,100038,4500091038,00030
5000001880,2025,0001,102,SPARE-5002,5.64,EA,1010,100027,4500091748,00010
5000001881,2024,0001,102,MRO-1002,14.43,EA,2010,100016,4500090660,00020
5000001881,2024,0002,102,MRO-1002,132.03,EA,1020,100016,4500090660,00020
5000001881,2024,0003,261,MRO-1002,141.96,EA,2010,100016,4500090660,00020
5000001882,2024,0001,101,FUEL-2001,184.61,L,1020,100017,4500091892,00010
5000001882,2024,0002,102,FUEL-2001,29.01,L,1020,100017,4500091892,00010
5000001882,2024,0003,261,FUEL-2001,60.46,L,1010,100017,4500091892,00010
5000001883,2025,0001,102,OFFC-4001,6.16,EA,1020,100054,4500091981,00030
5000001883,2025,0002,102,OFFC-4001,141.25,EA,2010,100054,4500091981,00030
5000001883,2025,0003,102,OFFC-4001,1.74,EA,1010,100054,4500091981,00030
5000001884,2025,0001,261,MRO-1001,74.56,EA,1010,100010,4500091358,00010
5000001884,2025,0002,261,MRO-1001,104.66,EA,2010,100010,4500091358,00010
5000001885,2024,0001,102,SERV-6002,132.13,EA,1020,100025,4500091488,00010
5000001886,2025,0001,102,MRO-1002,193.62,EA,1010,100054,4500090370,00030
5000001887,2024,0001,261,SERV-6001,126.99,HR,1010,100049,4500091621,00030
5000001887,2024,0002,101,SERV-6001,114.07,HR,1010,100049,4500091621,00030
5000001888,2025,0001,261,SPARE-5001,118.6,EA,1020,100032,4500091075,00010
5000001889,2025,0001,102,FUEL-2001,4.89,L,2010,100025,4500090401,00020
5000001889,2025,0002,102,FUEL-2001,148.43,L,1020,100025,4500090401,00020
5000001890,2024,0001,261,IT-3002,59.46,EA,1020,100020,4500090148,00010
5000001890,2024,0002,102,IT-3002,24.93,EA,1020,100020,4500090148,00010
5000001891,2024,0001,102,MRO-1002,193.27,EA,2010,100001,4500091237,00020
5000001892,2024,0001,101,SERV-6002,87.8,EA,1010,100033,4500090101,00030
5000001892,2024,0002,101,SERV-6002,17.29,EA,1010,100033,4500090101,00030
5000001892,2024,0003,101,SERV-6002,143.78,EA,1010,100033,4500090101,00030
5000001893,2025,0001,102,IT-3002,132.21,EA,2010,100038,4500091038,00010
5000001894,2025,0001,102,MRO-1002,63.29,EA,1020,100041,4500091391,00030
5000001894,2025,0002,101,MRO-1002,146.27,EA,2010,100041,4500091391,00030
5000001894,2025,0003,102,MRO-1002,177.14,EA,1020,100041,4500091391,00030
5000001895,2024,0001,102,SERV-6002,49.69,EA,1020,100016,4500090456,00010
5000001895,2024,0002,261,SERV-6002,90.21,EA,2010,100016,4500090456,00010
5000001895,2024,0003,261,SERV-6002,141.9,EA,1020,100016,4500090456,00010
5000001896,2025,0001,261,SPARE-5002,69.98,EA,1010,100051,4500091927,00020
5000001897,2025,0001,261,SPARE-5001,40.39,EA,1010,100018,4500090025,00030
5000001897,2025,0002,102,SPARE-5001,169.3,EA,1010,100018,4500090025,00030
5000001898,2025,0001,261,IT-3002,22.98,EA,1020,100047,4500090191,00040
5000001898,2025,0002,102,IT-3002,101.91,EA,2010,100047,4500090191,00040
5000001899,2025,0001,102,SPARE-5001,195.55,EA,1020,100034,4500090275,00040
5000001899,2025,0002,101,SPARE-5001,130.36,EA,1020,100034,4500090275,00040
5000001900,2024,0001,101,IT-3002,178.52,EA,1020,100012,4500090250,00030
5000001900,2024,0002,261,IT-3002,53.86,EA,1010,100012,4500090250,00030
5000001900,2024,0003,261,IT-3002,24.22,EA,2010,100012,4500090250,00030
5000001901,2025,0001,101,IT-3001,157.04,EA,1010,100034,4500091568,00010
5000001901,2025,0002,102,IT-3001,186.29,EA,1020,100034,4500091568,00010
5000001902,2024,0001,261,FUEL-2001,67.64,L,1020,100025,4500090997,00010
5000001902,2024,0002,261,FUEL-2001,119.28,L,1010,100025,4500090997,00010
5000001902,2024,0003,101,FUEL-2001,102.73,L,1020,100025,4500090997,00010
5000001903,2024,0001,261,SERV-6001,50.15,HR,1020,100055,4500090345,00030
5000001903,2024,0002,261,SERV-6001,1.2,HR,1010,100055,4500090345,00030
5000001903,2024,0003,261,SERV-6001,102.0,HR,2010,100055,4500090345,00030
5000001904,2025,0001,101,IT-3001,94.07,EA,2010,100053,4500091387,00030
5000001905,2025,0001,102,FUEL-2001,47.43,L,1010,100042,4500090657,00030
5000001905,2025,0002,101,FUEL-2001,25.38,L,1020,100042,4500090657,00030
5000001906,2025,0001,101,IT-3002,27.55,EA,2010,100011,4500091945,00010
5000001906,2025,0002,102,IT-3002,82.09,EA,2010,100011,4500091945,00010
5000001906,2025,0003,261,IT-3002,44.6,EA,2010,100011,4500091945,00010
5000001907,2024,0001,101,FUEL-2001,45.14,L,1010,100051,4500091618,00020
5000001908,2025,0001,101,FUEL-2001,16.79,L,1010,100059,4500091747,00010
5000001908,2025,0002,102,FUEL-2001,151.13,L,1010,100059,4500091747,00010
5000001909,2025,0001,101,MRO-1001,173.4,EA,1010,100049,4500091787,00020
5000001910,2024,0001,102,MRO-1001,72.11,EA,1020,100058,4500090029,00020
5000001910,2024,0002,102,MRO-1001,108.81,EA,1010,100058,4500090029,00020
5000001911,2024,0001,101,IT-3001,43.79,EA,1020,100013,4500090915,00030
5000001911,2024,0002,102,IT-3001,117.04,EA,1020,100013,4500090915,00030
5000001911,2024,0003,101,IT-3001,85.44,EA,1020,100013,4500090915,00030
5000001912,2024,0001,261,SERV-6002,33.2,EA,2010,100033,4500091353,00020
5000001913,2025,0001,102,MRO-1002,15.88,EA,1020,100058,4500091813,00020
5000001913,2025,0002,102,MRO-1002,165.99,EA,2010,100058,4500091813,00020
5000001913,2025,0003,261,MRO-1002,28.1,EA,2010,100058,4500091813,00020
5000001914,2025,0001,261,MRO-1002,196.44,EA,2010,100031,4500090794,00010
5000001915,2025,0001,261,MRO-1001,32.81,EA,1020,100023,4500090773,00010
5000001916,2024,0001,102,MRO-1002,162.17,EA,1010,100058,4500091419,00010
5000001917,2024,0001,261,OFFC-4001,46.27,EA,1020,100020,4500090248,00030
5000001917,2024,0002,102,OFFC-4001,104.35,EA,2010,100020,4500090248,00030
5000001917,2024,0003,102,OFFC-4001,164.01,EA,1020,100020,4500090248,00030
5000001918,2024,0001,102,SPARE-5001,96.78,EA,1020,100028,4500091977,00010
5000001918,2024,0002,102,SPARE-5001,38.32,EA,1020,100028,4500091977,00010
5000001919,2024,0001,102,FUEL-2001,113.56,L,1020,100014,4500091086,00010
5000001919,2024,0002,261,FUEL-2001,51.36,L,1010,100014,4500091086,00010
5000001920,2025,0001,261,FUEL-2001,35.64,L,2010,100042,4500091492,00010
5000001921,2024,0001,102,SERV-6001,196.38,HR,2010,100002,4500090300,00020
5000001922,2024,0001,102,IT-3001,43.42,EA,1010,100024,4500090928,00020
5000001922,2024,0002,102,IT-3001,99.11,EA,1010,100024,4500090928,00020
5000001922,2024,0003,102,IT-3001,34.34,EA,2010,100024,4500090928,00020
5000001923,2025,0001,101,IT-3001,33.88,EA,1010,100041,4500091214,00040
5000001923,2025,0002,102,IT-3001,47.16,EA,1010,100041,4500091214,00040
5000001924,2025,0001,261,SPARE-5002,37.07,EA,1010,100048,4500091250,00040
5000001924,2025,0002,101,SPARE-5002,124.12,EA,2010,100048,4500091250,00040
5000001925,2025,0001,101,SPARE-5001,26.31,EA,2010,100036,4500091551,00030
5000001925,2025,0002,261,SPARE-5001,113.74,EA,1010,100036,4500091551,00030
5000001926,2024,0001,261,IT-3001,11.2,EA,2010,100058,4500091887,00010
5000001926,2024,0002,261,IT-3001,60.82,EA,1010,100058,4500091887,00010
5000001926,2024,0003,261,IT-3001,152.55,EA,2010,100058,4500091887,00010
5000001927,2025,0001,261,SPARE-5001,183.01,EA,1010,100009,4500091005,00020
5000001927,2025,0002,101,SPARE-5001,173.61,EA,2010,100009,4500091005,00020
5000001928,2025,0001,101,SERV-6002,140.73,EA,1020,100033,4500090011,00020
5000001928,2025,0002,101,SERV-6002,150.48,EA,2010,100033,4500090011,00020
5000001929,2025,0001,261,SPARE-5002,15.51,EA,2010,100020,4500090688,00030
5000001930,2024,0001,101,IT-3001,112.85,EA,1010,100053,4500091292,00010
5000001931,2024,0001,101,IT-3001,62.04,EA,1020,100012,4500091838,00020
5000001931,2024,0002,102,IT-3001,78.56,EA,2010,100012,4500091838,00020
5000001932,2025,0001,102,OFFC-4001,70.1,EA,1010,100051,4500091659,00020
5000001933,2024,0001,102,SERV-6002,73.07,EA,1020,100044,4500091004,00020
5000001933,2024,0002,261,SERV-6002,133.38,EA,1020,100044,4500091004,00020
5000001934,2025,0001,102,SPARE-5001,188.46,EA,1010,100005,4500091471,00010
5000001935,2025,0001,261,IT-3002,99.48,EA,1010,100015,4500090245,00040
5000001936,2024,0001,101,IT-3001,181.76,EA,1010,100046,4500091769,00010
5000001936,2024,0002,261,IT-3001,134.75,EA,2010,100046,4500091769,00010
5000001936,2024,0003,101,IT-3001,131.53,EA,1020,100046,4500091769,00010
5000001937,2025,0001,102,SPARE-5002,45.47,EA,1010,100015,4500090899,00020
5000001937,2025,0002,102,SPARE-5002,33.74,EA,2010,100015,4500090899,00020
5000001938,2024,0001,101,MRO-1002,191.47,EA,2010,100014,4500090810,00020
5000001938,2024,0002,101,MRO-1002,64.57,EA,1020,100014,4500090810,00020
5000001939,2025,0001,102,IT-3001,35.27,EA,1010,100044,4500090451,00010
5000001939,2025,0002,101,IT-3001,180.66,EA,1020,100044,4500090451,00010
5000001940,2024,0001,102,SPARE-5002,149.58,EA,1010,100034,4500091568,00020
5000001941,2024,0001,101,IT-3001,30.84,EA,1020,100030,4500091238,00010
5000001942,2024,0001,101,SERV-6002,61.74,EA,1020,100054,4500091081,00020
5000001942,2024,0002,261,SERV-6002,181.51,EA,1020,100054,4500091081,00020
5000001942,2024,0003,101,SERV-6002,6.04,EA,2010,100054,4500091081,00020
5000001943,2025,0001,261,MRO-1002,115.29,EA,1010,100051,4500090268,00030
5000001943,2025,0002,102,MRO-1002,146.58,EA,2010,100051,4500090268,00030
5000001943,2025,0003,101,MRO-1002,56.71,EA,1010,100051,4500090268,00030
5000001944,2024,0001,102,SERV-6001,74.73,HR,1010,100055,4500091960,00010
5000001944,2024,0002,261,SERV-6001,139.51,HR,1010,100055,4500091960,00010
5000001944,2024,0003,101,SERV-6001,7.2,HR,2010,100055,4500091960,00010
5000001945,2025,0001,261,SPARE-5002,36.06,EA,1010,100020,4500090705,00020
5000001946,2024,0001,102,SERV-6002,187.95,EA,1020,100059,4500091331,00030
5000001947,2025,0001,102,IT-3002,146.9,EA,1010,100041,4500090866,00010
5000001947,2025,0002,261,IT-3002,180.86,EA,1020,100041,4500090866,00010
5000001948,2024,0001,101,IT-3002,41.64,EA,1020,100054,4500090713,00020
5000001949,2024,0001,261,MRO-1001,90.03,EA,2010,100005,4500091746,00030
5000001949,2024,0002,101,MRO-1001,99.02,EA,1020,100005,4500091746,00030
5000001950,2024,0001,101,SPARE-5002,173.13,EA,1020,100040,4500090298,00030
5000001951,2024,0001,102,IT-3001,187.67,EA,2010,100029,4500091080,00010
5000001951,2024,0002,261,IT-3001,123.46,EA,1020,100029,4500091080,00010
5000001952,2025,0001,101,IT-3002,164.4,EA,1020,100027,4500091148,00010
5000001952,2025,0002,101,IT-3002,72.98,EA,2010,100027,4500091148,00010
5000001953,2025,0001,101,IT-3002,73.84,EA,1010,100044,4500090280,00010
5000001954,2024,0001,261,FUEL-2001,61.71,L,1010,100026,4500091216,00010
5000001954,2024,0002,261,FUEL-2001,146.34,L,2010,100026,4500091216,00010
5000001955,2024,0001,261,FUEL-2001,28.64,L,2010,100014,4500090840,00010
5000001956,2024,0001,261,SPARE-5002,199.68,EA,1010,100035,4500090414,00020
5000001957,2025,0001,102,MRO-1001,126.26,EA,2010,100028,4500091406,00010
5000001957,2025,0002,261,MRO-1001,149.37,EA,1020,100028,4500091406,00010
5000001957,2025,0003,102,MRO-1001,46.84,EA,1020,100028,4500091406,00010
5000001958,2025,0001,261,MRO-1002,82.1,EA,1010,100035,4500090054,00020
5000001958,2025,0002,261,MRO-1002,150.07,EA,2010,100035,4500090054,00020
5000001958,2025,0003,102,MRO-1002,63.24,EA,1020,100035,4500090054,00020
5000001959,2025,0001,261,OFFC-4001,152.48,EA,2010,100046,4500091837,00020
5000001959,2025,0002,101,OFFC-4001,18.2,EA,1010,100046,4500091837,00020
5000001959,2025,0003,101,OFFC-4001,124.04,EA,2010,100046,4500091837,00020
5000001960,2025,0001,101,SPARE-5001,163.29,EA,1010,100033,4500090990,00010
5000001960,2025,0002,101,SPARE-5001,186.8,EA,1020,100033,4500090990,00010
5000001961,2024,0001,261,IT-3002,79.87,EA,2010,100055,4500090614,00020
5000001961,2024,0002,261,IT-3002,25.98,EA,2010,100055,4500090614,00020
5000001961,2024,0003,101,IT-3002,168.91,EA,2010,100055,4500090614,00020
5000001962,2025,0001,101,SPARE-5001,48.19,EA,2010,100004,4500090040,00040
5000001963,2025,0001,261,SERV-6001,112.06,HR,1020,100025,4500091281,00010
5000001964,2025,0001,101,SPARE-5001,198.94,EA,1020,100021,4500091003,00040
5000001964,2025,0002,102,SPARE-5001,165.95,EA,2010,100021,4500091003,00040
5000001965,2025,0001,261,OFFC-4001,83.66,EA,1020,100032,4500090809,00010
5000001966,2024,0001,101,IT-3002,11.3,EA,1010,100011,4500091945,00010
5000001966,2024,0002,101,IT-3002,57.08,EA,1010,100011,4500091945,00010
5000001966,2024,0003,101,IT-3002,38.28,EA,1020,100011,4500091945,00010
5000001967,2025,0001,101,SERV-6002,182.62,EA,1010,100035,4500090132,00010
5000001967,2025,0002,101,SERV-6002,139.14,EA,1020,100035,4500090132,00010
5000001967,2025,0003,261,SERV-6002,92.44,EA,1010,100035,4500090132,00010
5000001968,2025,0001,101,SPARE-5001,125.01,EA,1010,100028,4500090069,00030
5000001969,2025,0001,101,OFFC-4001,48.4,EA,1020,100043,4500091010,00010
5000001969,2025,0002,101,OFFC-4001,86.84,EA,1010,100043,4500091010,00010
5000001969,2025,0003,101,OFFC-4001,133.1,EA,2010,100043,4500091010,00010
5000001970,2024,0001,261,MRO-1002,35.11,EA,1010,100038,4500091609,00010
5000001970,2024,0002,261,MRO-1002,163.7,EA,1010,100038,4500091609,00010
5000001970,2024,0003,101,MRO-1002,20.38,EA,1020,100038,4500091609,00010
5000001971,2024,0001,261,SPARE-5002,98.54,EA,2010,100009,4500090320,00030
5000001971,2024,0002,102,SPARE-5002,113.11,EA,2010,100009,4500090320,00030
5000001971,2024,0003,101,SPARE-5002,57.02,EA,2010,100009,4500090320,00030
5000001972,2025,0001,102,OFFC-4001,166.86,EA,1020,100050,4500090498,00020
5000001972,2025,0002,102,OFFC-4001,134.47,EA,1010,100050,4500090498,00020
5000001972,2025,0003,101,OFFC-4001,194.37,EA,1010,100050,4500090498,00020
5000001973,2025,0001,261,FUEL-2001,145.73,L,2010,100046,4500091972,00010
5000001974,2024,0001,261,OFFC-4001,161.87,EA,1010,100027,4500090900,00030
5000001974,2024,0002,102,OFFC-4001,16.82,EA,1020,100027,4500090900,00030
5000001975,2025,0001,102,SPARE-5001,162.43,EA,1010,100003,4500090577,00030
5000001975,2025,0002,101,SPARE-5001,164.07,EA,1020,100003,4500090577,00030
5000001976,2024,0001,102,MRO-1001,103.4,EA,1010,100056,4500091217,00020
5000001976,2024,0002,102,MRO-1001,186.86,EA,2010,100056,4500091217,00020
5000001977,2025,0001,101,FUEL-2001,80.25,L,1020,100053,4500090927,00030
5000001978,2024,0001,261,OFFC-4001,7.16,EA,1020,100027,4500091676,00030
5000001979,2024,0001,102,SERV-6001,109.5,HR,2010,100026,4500090647,00020
5000001979,2024,0002,101,SERV-6001,81.17,HR,2010,100026,4500090647,00020
5000001980,2024,0001,261,SERV-6001,123.31,HR,2010,100057,4500090383,00020
5000001981,2024,0001,261,MRO-1001,104.4,EA,1010,100049,4500090328,00020
5000001981,2024,0002,261,MRO-1001,42.53,EA,1010,100049,4500090328,00020
5000001982,2025,0001,101,MRO-1001,131.66,EA,1010,100024,4500091100,00030
5000001982,2025,0002,102,MRO-1001,181.81,EA,1010,100024,4500091100,00030
5000001983,2024,0001,102,MRO-1002,127.54,EA,1010,100044,4500090466,00010
5000001984,2025,0001,102,SPARE-5002,151.23,EA,1020,100018,4500090621,00030
5000001984,2025,0002,102,SPARE-5002,3.5,EA,1020,100018,4500090621,00030
5000001985,2025,0001,102,IT-3002,52.36,EA,1020,100055,4500090345,00010
5000001986,2024,0001,261,SERV-6001,107.77,HR,2010,100057,4500090554,00020
5000001987,2025,0001,261,SERV-6001,20.96,HR,2010,100001,4500091843,00020
5000001988,2024,0001,102,SPARE-5002,133.31,EA,2010,100033,4500091344,00020
5000001989,2024,0001,261,SERV-6001,125.69,HR,1020,100041,4500091819,00030
5000001990,2025,0001,101,IT-3001,56.79,EA,2010,100053,4500091387,00030
5000001991,2025,0001,261,SPARE-5002,91.77,EA,1020,100048,4500091226,00020
5000001991,2025,0002,102,SPARE-5002,157.18,EA,2010,100048,4500091226,00020
5000001991,2025,0003,101,SPARE-5002,184.0,EA,1020,100048,4500091226,00020
5000001992,2025,0001,261,IT-3001,190.83,EA,1020,100011,4500091954,00020
5000001993,2025,0001,261,IT-3001,37.47,EA,2010,100000,4500091487,00030
5000001993,2025,0002,102,IT-3001,160.88,EA,1020,100000,4500091487,00030
5000001993,2025,0003,102,IT-3001,49.4,EA,1020,100000,4500091487,00030
5000001994,2025,0001,101,SPARE-5001,39.12,EA,2010,100039,4500091478,00040
5000001995,2025,0001,261,IT-3001,135.12,EA,1010,100040,4500091262,00030
5000001995,2025,0002,101,IT-3001,97.53,EA,2010,100040,4500091262,00030
5000001995,2025,0003,102,IT-3001,35.4,EA,1010,100040,4500091262,00030
5000001996,2024,0001,101,IT-3002,14.23,EA,1020,100029,4500090931,00020
5000001996,2024,0002,261,IT-3002,13.29,EA,1020,100029,4500090931,00020
5000001997,2024,0001,261,SERV-6002,39.39,EA,1010,100031,4500091556,00040
5000001997,2024,0002,101,SERV-6002,29.86,EA,2010,100031,4500091556,00040
5000001997,2024,0003,101,SERV-6002,39.27,EA,1020,100031,4500091556,00040
5000001998,2024,0001,101,MRO-1001,144.73,EA,2010,100013,4500090615,00030
5000001998,2024,0002,101,MRO-1001,26.9,EA,1010,100013,4500090615,00030
5000001998,2024,0003,102,MRO-1001,176.43,EA,1010,100013,4500090615,00030
5000001999,2025,0001,261,SERV-6002,68.43,EA,1020,100044,4500090787,00020
5000001999,2025,0002,101,SERV-6002,185.83,EA,1020,100044,4500090787,00020
5000001999,2025,0003,101,SERV-6002,97.62,EA,2010,100044,4500090787,00020
